"Path","Bytes","Reason"
"C:\dev\ages-of-dominion-reborn\android\app\build\intermediates\annotation_processor_list\debug\javaPreCompileDebug\annotationProcessors.json","2","REGENERABLE_ANDROID_BUILD_INTERMEDIATE"
"C:\dev\ages-of-dominion-reborn\android\app\build\intermediates\annotation_processor_list\release\javaPreCompileRelease\annotationProcessors.json","2","REGENERABLE_ANDROID_BUILD_INTERMEDIATE"
"C:\dev\ages-of-dominion-reborn\android\app\build\intermediates\apk_ide_redirect_file\debug\createDebugApkListingFileRedirect\redirect.txt","83","REGENERABLE_ANDROID_BUILD_INTERMEDIATE"
"C:\dev\ages-of-dominion-reborn\android\app\build\intermediates\apk_ide_redirect_file\release\createReleaseApkListingFileRedirect\redirect.txt","85","REGENERABLE_ANDROID_BUILD_INTERMEDIATE"
"C:\dev\ages-of-dominion-reborn\android\app\build\intermediates\app_metadata\debug\writeDebugAppMetadata\app-metadata.properties","56","REGENERABLE_ANDROID_BUILD_INTERMEDIATE"
"C:\dev\ages-of-dominion-reborn\android\app\build\intermediates\app_metadata\release\writeReleaseAppMetadata\app-metadata.properties","56","REGENERABLE_ANDROID_BUILD_INTERMEDIATE"
"C:\dev\ages-of-dominion-reborn\android\app\build\intermediates\assets\debug\mergeDebugAssets\www\index.html","1174","REGENERABLE_ANDROID_BUILD_INTERMEDIATE"
"C:\dev\ages-of-dominion-reborn\android\app\build\intermediates\assets\debug\mergeDebugAssets\www\assets\delivery\stone-starter-20261003\derivatives\v2\farm-stone.png","1658576","REGENERABLE_ANDROID_BUILD_INTERMEDIATE"
"C:\dev\ages-of-dominion-reborn\android\app\build\intermediates\assets\debug\mergeDebugAssets\www\assets\delivery\stone-starter-20261003\derivatives\v2\lumber-stone.png","1666406","REGENERABLE_ANDROID_BUILD_INTERMEDIATE"
"C:\dev\ages-of-dominion-reborn\android\app\build\intermediates\assets\debug\mergeDebugAssets\www\assets\delivery\stone-starter-20261003\derivatives\v2\mine-stone.png","1541254","REGENERABLE_ANDROID_BUILD_INTERMEDIATE"
"C:\dev\ages-of-dominion-reborn\android\app\build\intermediates\assets\debug\mergeDebugAssets\www\assets\delivery\stone-starter-20261003\derivatives\v2\quarry-stone.png","1641522","REGENERABLE_ANDROID_BUILD_INTERMEDIATE"
"C:\dev\ages-of-dominion-reborn\android\app\build\intermediates\assets\debug\mergeDebugAssets\www\assets\delivery\stone-starter-20261003\derivatives\v2\resource-food.png","1666387","REGENERABLE_ANDROID_BUILD_INTERMEDIATE"
"C:\dev\ages-of-dominion-reborn\android\app\build\intermediates\assets\debug\mergeDebugAssets\www\assets\delivery\stone-starter-20261003\derivatives\v2\resource-stone.png","1515894","REGENERABLE_ANDROID_BUILD_INTERMEDIATE"
"C:\dev\ages-of-dominion-reborn\android\app\build\intermediates\assets\debug\mergeDebugAssets\www\assets\delivery\stone-starter-20261003\derivatives\v2\resource-wood.png","1495643","REGENERABLE_ANDROID_BUILD_INTERMEDIATE"
"C:\dev\ages-of-dominion-reborn\android\app\build\intermediates\assets\debug\mergeDebugAssets\www\assets\delivery\stone-starter-20261003\derivatives\v2\skill-offense.png","1462106","REGENERABLE_ANDROID_BUILD_INTERMEDIATE"
"C:\dev\ages-of-dominion-reborn\android\app\build\intermediates\assets\debug\mergeDebugAssets\www\assets\delivery\stone-starter-20261003\derivatives\v3\resource-gold.png","1385638","REGENERABLE_ANDROID_BUILD_INTERMEDIATE"
"C:\dev\ages-of-dominion-reborn\android\app\build\intermediates\assets\debug\mergeDebugAssets\www\assets\delivery\stone-starter-20261003\derivatives\v3\townhall-stone.png","2152224","REGENERABLE_ANDROID_BUILD_INTERMEDIATE"
"C:\dev\ages-of-dominion-reborn\android\app\build\intermediates\assets\debug\mergeDebugAssets\www\assets\delivery\stone-starter-20261003\derivatives\v4-ui\resource-food.png","1184828","REGENERABLE_ANDROID_BUILD_INTERMEDIATE"
"C:\dev\ages-of-dominion-reborn\android\app\build\intermediates\assets\debug\mergeDebugAssets\www\assets\delivery\stone-starter-20261003\derivatives\v4-ui\resource-gold.png","839259","REGENERABLE_ANDROID_BUILD_INTERMEDIATE"
"C:\dev\ages-of-dominion-reborn\android\app\build\intermediates\assets\debug\mergeDebugAssets\www\assets\delivery\stone-starter-20261003\derivatives\v4-ui\resource-stone.png","1023600","REGENERABLE_ANDROID_BUILD_INTERMEDIATE"
"C:\dev\ages-of-dominion-reborn\android\app\build\intermediates\assets\debug\mergeDebugAssets\www\assets\delivery\stone-starter-20261003\derivatives\v4-ui\resource-wood.png","1045584","REGENERABLE_ANDROID_BUILD_INTERMEDIATE"
"C:\dev\ages-of-dominion-reborn\android\app\build\intermediates\assets\debug\mergeDebugAssets\www\assets\delivery\stone-starter-20261003\derivatives\v4-ui\skill-offense.png","964059","REGENERABLE_ANDROID_BUILD_INTERMEDIATE"
"C:\dev\ages-of-dominion-reborn\android\app\build\intermediates\assets\debug\mergeDebugAssets\www\assets\production\production-01-20261003\images\01-kingdom-terrain-stone.png","2163972","REGENERABLE_ANDROID_BUILD_INTERMEDIATE"
"C:\dev\ages-of-dominion-reborn\android\app\build\intermediates\assets\debug\mergeDebugAssets\www\assets\production\production-01-20261003\images\02-kingdom-terrain-bronze.png","2109981","REGENERABLE_ANDROID_BUILD_INTERMEDIATE"
"C:\dev\ages-of-dominion-reborn\android\app\build\intermediates\assets\debug\mergeDebugAssets\www\assets\production\production-01-20261003\images\03-kingdom-terrain-iron.png","2293053","REGENERABLE_ANDROID_BUILD_INTERMEDIATE"
"C:\dev\ages-of-dominion-reborn\android\app\build\intermediates\assets\debug\mergeDebugAssets\www\assets\production\production-01-20261003\images\04-kingdom-terrain-medieval.png","2169075","REGENERABLE_ANDROID_BUILD_INTERMEDIATE"
"C:\dev\ages-of-dominion-reborn\android\app\build\intermediates\assets\debug\mergeDebugAssets\www\assets\production\production-01-20261003\images\05-kingdom-terrain-gunpowder.png","2180694","REGENERABLE_ANDROID_BUILD_INTERMEDIATE"
"C:\dev\ages-of-dominion-reborn\android\app\build\intermediates\assets\debug\mergeDebugAssets\www\assets\production\production-01-20261003\images\06-kingdom-terrain-industrial.png","2240590","REGENERABLE_ANDROID_BUILD_INTERMEDIATE"
"C:\dev\ages-of-dominion-reborn\android\app\build\intermediates\assets\debug\mergeDebugAssets\www\assets\production\production-01-20261003\images\07-kingdom-terrain-modern.png","2337763","REGENERABLE_ANDROID_BUILD_INTERMEDIATE"
"C:\dev\ages-of-dominion-reborn\android\app\build\intermediates\assets\debug\mergeDebugAssets\www\assets\production\production-01-20261003\images\08-kingdom-terrain-future.png","2158708","REGENERABLE_ANDROID_BUILD_INTERMEDIATE"
"C:\dev\ages-of-dominion-reborn\android\app\build\intermediates\assets\debug\mergeDebugAssets\www\src\client\audio.js","687","REGENERABLE_ANDROID_BUILD_INTERMEDIATE"
"C:\dev\ages-of-dominion-reborn\android\app\build\intermediates\assets\debug\mergeDebugAssets\www\src\client\game.css","2658","REGENERABLE_ANDROID_BUILD_INTERMEDIATE"
"C:\dev\ages-of-dominion-reborn\android\app\build\intermediates\assets\debug\mergeDebugAssets\www\src\client\main.js","27887","REGENERABLE_ANDROID_BUILD_INTERMEDIATE"
"C:\dev\ages-of-dominion-reborn\android\app\build\intermediates\assets\debug\mergeDebugAssets\www\src\client\projection.js","716","REGENERABLE_ANDROID_BUILD_INTERMEDIATE"
"C:\dev\ages-of-dominion-reborn\android\app\build\intermediates\assets\debug\mergeDebugAssets\www\src\client\rig.js","2649","REGENERABLE_ANDROID_BUILD_INTERMEDIATE"
"C:\dev\ages-of-dominion-reborn\android\app\build\intermediates\assets\debug\mergeDebugAssets\www\src\core\battle.js","27300","REGENERABLE_ANDROID_BUILD_INTERMEDIATE"
"C:\dev\ages-of-dominion-reborn\android\app\build\intermediates\assets\debug\mergeDebugAssets\www\src\core\campaign.js","33963","REGENERABLE_ANDROID_BUILD_INTERMEDIATE"
"C:\dev\ages-of-dominion-reborn\android\app\build\intermediates\assets\debug\mergeDebugAssets\www\src\core\defense.js","8429","REGENERABLE_ANDROID_BUILD_INTERMEDIATE"
"C:\dev\ages-of-dominion-reborn\android\app\build\intermediates\assets\debug\mergeDebugAssets\www\src\core\mechanics.js","14637","REGENERABLE_ANDROID_BUILD_INTERMEDIATE"
"C:\dev\ages-of-dominion-reborn\android\app\build\intermediates\assets\debug\mergeDebugAssets\www\src\core\navigation.js","2720","REGENERABLE_ANDROID_BUILD_INTERMEDIATE"
"C:\dev\ages-of-dominion-reborn\android\app\build\intermediates\assets\debug\mergeDebugAssets\www\src\core\rng.js","680","REGENERABLE_ANDROID_BUILD_INTERMEDIATE"
"C:\dev\ages-of-dominion-reborn\android\app\build\intermediates\assets\debug\mergeDebugAssets\www\src\core\rules.js","5105","REGENERABLE_ANDROID_BUILD_INTERMEDIATE"
"C:\dev\ages-of-dominion-reborn\android\app\build\intermediates\assets\debug\mergeDebugAssets\www\src\core\save.js","2748","REGENERABLE_ANDROID_BUILD_INTERMEDIATE"
"C:\dev\ages-of-dominion-reborn\android\app\build\intermediates\assets\debug\mergeDebugAssets\www\src\data\implementation-contract.json","23160","REGENERABLE_ANDROID_BUILD_INTERMEDIATE"
"C:\dev\ages-of-dominion-reborn\android\app\build\intermediates\assets\debug\mergeDebugAssets\www\src\data\reference-data.json","29462","REGENERABLE_ANDROID_BUILD_INTERMEDIATE"
"C:\dev\ages-of-dominion-reborn\android\app\build\intermediates\assets\debug\mergeDebugAssets\www\src\data\reviewed-source-selection.json","8858","REGENERABLE_ANDROID_BUILD_INTERMEDIATE"
"C:\dev\ages-of-dominion-reborn\android\app\build\intermediates\assets\debug\mergeDebugAssets\www\src\data\stone-scene.json","835","REGENERABLE_ANDROID_BUILD_INTERMEDIATE"
"C:\dev\ages-of-dominion-reborn\android\app\build\intermediates\assets\release\mergeReleaseAssets\www\index.html","1398","REGENERABLE_ANDROID_BUILD_INTERMEDIATE"
"C:\dev\ages-of-dominion-reborn\android\app\build\intermediates\assets\release\mergeReleaseAssets\www\assets\consumers\code-20261004\portrait-ancient-knight-pending.png","697623","REGENERABLE_ANDROID_BUILD_INTERMEDIATE"
"C:\dev\ages-of-dominion-reborn\android\app\build\intermediates\assets\release\mergeReleaseAssets\www\assets\delivery\stone-starter-20261003\derivatives\v2\barracks-stone.png","1615262","REGENERABLE_ANDROID_BUILD_INTERMEDIATE"
"C:\dev\ages-of-dominion-reborn\android\app\build\intermediates\assets\release\mergeReleaseAssets\www\assets\delivery\stone-starter-20261003\derivatives\v2\creature-wolf.png","1596367","REGENERABLE_ANDROID_BUILD_INTERMEDIATE"
"C:\dev\ages-of-dominion-reborn\android\app\build\intermediates\assets\release\mergeReleaseAssets\www\assets\delivery\stone-starter-20261003\derivatives\v2\farm-stone.png","1658576","REGENERABLE_ANDROID_BUILD_INTERMEDIATE"
"C:\dev\ages-of-dominion-reborn\android\app\build\intermediates\assets\release\mergeReleaseAssets\www\assets\delivery\stone-starter-20261003\derivatives\v2\lumber-stone.png","1666406","REGENERABLE_ANDROID_BUILD_INTERMEDIATE"
"C:\dev\ages-of-dominion-reborn\android\app\build\intermediates\assets\release\mergeReleaseAssets\www\assets\delivery\stone-starter-20261003\derivatives\v2\mine-stone.png","1541254","REGENERABLE_ANDROID_BUILD_INTERMEDIATE"
"C:\dev\ages-of-dominion-reborn\android\app\build\intermediates\assets\release\mergeReleaseAssets\www\assets\delivery\stone-starter-20261003\derivatives\v2\quarry-stone.png","1641522","REGENERABLE_ANDROID_BUILD_INTERMEDIATE"
"C:\dev\ages-of-dominion-reborn\android\app\build\intermediates\assets\release\mergeReleaseAssets\www\assets\delivery\stone-starter-20261003\derivatives\v2\resource-food.png","1666387","REGENERABLE_ANDROID_BUILD_INTERMEDIATE"
"C:\dev\ages-of-dominion-reborn\android\app\build\intermediates\assets\release\mergeReleaseAssets\www\assets\delivery\stone-starter-20261003\derivatives\v2\resource-stone.png","1515894","REGENERABLE_ANDROID_BUILD_INTERMEDIATE"
"C:\dev\ages-of-dominion-reborn\android\app\build\intermediates\assets\release\mergeReleaseAssets\www\assets\delivery\stone-starter-20261003\derivatives\v2\resource-wood.png","1495643","REGENERABLE_ANDROID_BUILD_INTERMEDIATE"
"C:\dev\ages-of-dominion-reborn\android\app\build\intermediates\assets\release\mergeReleaseAssets\www\assets\delivery\stone-starter-20261003\derivatives\v2\rig-knight.png","1673766","REGENERABLE_ANDROID_BUILD_INTERMEDIATE"
"C:\dev\ages-of-dominion-reborn\android\app\build\intermediates\assets\release\mergeReleaseAssets\www\assets\delivery\stone-starter-20261003\derivatives\v2\skill-offense.png","1462106","REGENERABLE_ANDROID_BUILD_INTERMEDIATE"
"C:\dev\ages-of-dominion-reborn\android\app\build\intermediates\assets\release\mergeReleaseAssets\www\assets\delivery\stone-starter-20261003\derivatives\v2\live\buildings\armory-bronze.png","1277734","REGENERABLE_ANDROID_BUILD_INTERMEDIATE"
"C:\dev\ages-of-dominion-reborn\android\app\build\intermediates\assets\release\mergeReleaseAssets\www\assets\delivery\stone-starter-20261003\derivatives\v2\live\buildings\armory-future.png","1522974","REGENERABLE_ANDROID_BUILD_INTERMEDIATE"
"C:\dev\ages-of-dominion-reborn\android\app\build\intermediates\assets\release\mergeReleaseAssets\www\assets\delivery\stone-starter-20261003\derivatives\v2\live\buildings\armory-gunpowder.png","1440884","REGENERABLE_ANDROID_BUILD_INTERMEDIATE"
"C:\dev\ages-of-dominion-reborn\android\app\build\intermediates\assets\release\mergeReleaseAssets\www\assets\delivery\stone-starter-20261003\derivatives\v2\live\buildings\armory-industrial.png","1544805","REGENERABLE_ANDROID_BUILD_INTERMEDIATE"
"C:\dev\ages-of-dominion-reborn\android\app\build\intermediates\assets\release\mergeReleaseAssets\www\assets\delivery\stone-starter-20261003\derivatives\v2\live\buildings\armory-iron.png","1382228","REGENERABLE_ANDROID_BUILD_INTERMEDIATE"
"C:\dev\ages-of-dominion-reborn\android\app\build\intermediates\assets\release\mergeReleaseAssets\www\assets\delivery\stone-starter-20261003\derivatives\v2\live\buildings\armory-medieval.png","1262285","REGENERABLE_ANDROID_BUILD_INTERMEDIATE"
"C:\dev\ages-of-dominion-reborn\android\app\build\intermediates\assets\release\mergeReleaseAssets\www\assets\delivery\stone-starter-20261003\derivatives\v2\live\buildings\armory-modern.png","1309126","REGENERABLE_ANDROID_BUILD_INTERMEDIATE"
"C:\dev\ages-of-dominion-reborn\android\app\build\intermediates\assets\release\mergeReleaseAssets\www\assets\delivery\stone-starter-20261003\derivatives\v2\live\buildings\armory-stone.png","1653622","REGENERABLE_ANDROID_BUILD_INTERMEDIATE"
"C:\dev\ages-of-dominion-reborn\android\app\build\intermediates\assets\release\mergeReleaseAssets\www\assets\delivery\stone-starter-20261003\derivatives\v2\live\buildings\barracks-bronze.png","1507578","REGENERABLE_ANDROID_BUILD_INTERMEDIATE"
"C:\dev\ages-of-dominion-reborn\android\app\build\intermediates\assets\release\mergeReleaseAssets\www\assets\delivery\stone-starter-20261003\derivatives\v2\live\buildings\barracks-future.png","1113366","REGENERABLE_ANDROID_BUILD_INTERMEDIATE"
"C:\dev\ages-of-dominion-reborn\android\app\build\intermediates\assets\release\mergeReleaseAssets\www\assets\delivery\stone-starter-20261003\derivatives\v2\live\buildings\barracks-gunpowder.png","1491830","REGENERABLE_ANDROID_BUILD_INTERMEDIATE"
"C:\dev\ages-of-dominion-reborn\android\app\build\intermediates\assets\release\mergeReleaseAssets\www\assets\delivery\stone-starter-20261003\derivatives\v2\live\buildings\barracks-industrial.png","1594966","REGENERABLE_ANDROID_BUILD_INTERMEDIATE"
"C:\dev\ages-of-dominion-reborn\android\app\build\intermediates\assets\release\mergeReleaseAssets\www\assets\delivery\stone-starter-20261003\derivatives\v2\live\buildings\barracks-iron.png","1388496","REGENERABLE_ANDROID_BUILD_INTERMEDIATE"
"C:\dev\ages-of-dominion-reborn\android\app\build\intermediates\assets\release\mergeReleaseAssets\www\assets\delivery\stone-starter-20261003\derivatives\v2\live\buildings\barracks-medieval.png","1184201","REGENERABLE_ANDROID_BUILD_INTERMEDIATE"
"C:\dev\ages-of-dominion-reborn\android\app\build\intermediates\assets\release\mergeReleaseAssets\www\assets\delivery\stone-starter-20261003\derivatives\v2\live\buildings\barracks-modern.png","1237176","REGENERABLE_ANDROID_BUILD_INTERMEDIATE"
"C:\dev\ages-of-dominion-reborn\android\app\build\intermediates\assets\release\mergeReleaseAssets\www\assets\delivery\stone-starter-20261003\derivatives\v2\live\buildings\barracks-stone.png","1394272","REGENERABLE_ANDROID_BUILD_INTERMEDIATE"
"C:\dev\ages-of-dominion-reborn\android\app\build\intermediates\assets\release\mergeReleaseAssets\www\assets\delivery\stone-starter-20261003\derivatives\v2\live\buildings\farm-bronze.png","1697140","REGENERABLE_ANDROID_BUILD_INTERMEDIATE"
"C:\dev\ages-of-dominion-reborn\android\app\build\intermediates\assets\release\mergeReleaseAssets\www\assets\delivery\stone-starter-20261003\derivatives\v2\live\buildings\farm-future.png","1676852","REGENERABLE_ANDROID_BUILD_INTERMEDIATE"
"C:\dev\ages-of-dominion-reborn\android\app\build\intermediates\assets\release\mergeReleaseAssets\www\assets\delivery\stone-starter-20261003\derivatives\v2\live\buildings\farm-gunpowder.png","1085359","REGENERABLE_ANDROID_BUILD_INTERMEDIATE"
"C:\dev\ages-of-dominion-reborn\android\app\build\intermediates\assets\release\mergeReleaseAssets\www\assets\delivery\stone-starter-20261003\derivatives\v2\live\buildings\farm-industrial.png","2184423","REGENERABLE_ANDROID_BUILD_INTERMEDIATE"
"C:\dev\ages-of-dominion-reborn\android\app\build\intermediates\assets\release\mergeReleaseAssets\www\assets\delivery\stone-starter-20261003\derivatives\v2\live\buildings\farm-iron.png","2058631","REGENERABLE_ANDROID_BUILD_INTERMEDIATE"
"C:\dev\ages-of-dominion-reborn\android\app\build\intermediates\assets\release\mergeReleaseAssets\www\assets\delivery\stone-starter-20261003\derivatives\v2\live\buildings\farm-medieval.png","1740339","REGENERABLE_ANDROID_BUILD_INTERMEDIATE"
"C:\dev\ages-of-dominion-reborn\android\app\build\intermediates\assets\release\mergeReleaseAssets\www\assets\delivery\stone-starter-20261003\derivatives\v2\live\buildings\farm-modern.png","1584012","REGENERABLE_ANDROID_BUILD_INTERMEDIATE"
"C:\dev\ages-of-dominion-reborn\android\app\build\intermediates\assets\release\mergeReleaseAssets\www\assets\delivery\stone-starter-20261003\derivatives\v2\live\buildings\farm-stone.png","1355439","REGENERABLE_ANDROID_BUILD_INTERMEDIATE"
"C:\dev\ages-of-dominion-reborn\android\app\build\intermediates\assets\release\mergeReleaseAssets\www\assets\delivery\stone-starter-20261003\derivatives\v2\live\buildings\hall-bronze.png","1635801","REGENERABLE_ANDROID_BUILD_INTERMEDIATE"
"C:\dev\ages-of-dominion-reborn\android\app\build\intermediates\assets\release\mergeReleaseAssets\www\assets\delivery\stone-starter-20261003\derivatives\v2\live\buildings\hall-future.png","1436709","REGENERABLE_ANDROID_BUILD_INTERMEDIATE"
"C:\dev\ages-of-dominion-reborn\android\app\build\intermediates\assets\release\mergeReleaseAssets\www\assets\delivery\stone-starter-20261003\derivatives\v2\live\buildings\hall-gunpowder.png","1483861","REGENERABLE_ANDROID_BUILD_INTERMEDIATE"
"C:\dev\ages-of-dominion-reborn\android\app\build\intermediates\assets\release\mergeReleaseAssets\www\assets\delivery\stone-starter-20261003\derivatives\v2\live\buildings\hall-industrial.png","1261256","REGENERABLE_ANDROID_BUILD_INTERMEDIATE"
"C:\dev\ages-of-dominion-reborn\android\app\build\intermediates\assets\release\mergeReleaseAssets\www\assets\delivery\stone-starter-20261003\derivatives\v2\live\buildings\hall-iron.png","1270823","REGENERABLE_ANDROID_BUILD_INTERMEDIATE"
"C:\dev\ages-of-dominion-reborn\android\app\build\intermediates\assets\release\mergeReleaseAssets\www\assets\delivery\stone-starter-20261003\derivatives\v2\live\buildings\hall-medieval.png","1603398","REGENERABLE_ANDROID_BUILD_INTERMEDIATE"
"C:\dev\ages-of-dominion-reborn\android\app\build\intermediates\assets\release\mergeReleaseAssets\www\assets\delivery\stone-starter-20261003\derivatives\v2\live\buildings\hall-modern.png","1202975","REGENERABLE_ANDROID_BUILD_INTERMEDIATE"
"C:\dev\ages-of-dominion-reborn\android\app\build\intermediates\assets\release\mergeReleaseAssets\www\assets\delivery\stone-starter-20261003\derivatives\v2\live\buildings\hall-stone.png","1467766","REGENERABLE_ANDROID_BUILD_INTERMEDIATE"
"C:\dev\ages-of-dominion-reborn\android\app\build\intermediates\assets\release\mergeReleaseAssets\www\assets\delivery\stone-starter-20261003\derivatives\v2\live\buildings\lumber-bronze.png","1601184","REGENERABLE_ANDROID_BUILD_INTERMEDIATE"
"C:\dev\ages-of-dominion-reborn\android\app\build\intermediates\assets\release\mergeReleaseAssets\www\assets\delivery\stone-starter-20261003\derivatives\v2\live\buildings\lumber-future.png","1268888","REGENERABLE_ANDROID_BUILD_INTERMEDIATE"
"C:\dev\ages-of-dominion-reborn\android\app\build\intermediates\assets\release\mergeReleaseAssets\www\assets\delivery\stone-starter-20261003\derivatives\v2\live\buildings\lumber-gunpowder.png","1574031","REGENERABLE_ANDROID_BUILD_INTERMEDIATE"
"C:\dev\ages-of-dominion-reborn\android\app\build\intermediates\assets\release\mergeReleaseAssets\www\assets\delivery\stone-starter-20261003\derivatives\v2\live\buildings\lumber-industrial.png","1797324","REGENERABLE_ANDROID_BUILD_INTERMEDIATE"
"C:\dev\ages-of-dominion-reborn\android\app\build\intermediates\assets\release\mergeReleaseAssets\www\assets\delivery\stone-starter-20261003\derivatives\v2\live\buildings\lumber-iron.png","1738560","REGENERABLE_ANDROID_BUILD_INTERMEDIATE"
"C:\dev\ages-of-dominion-reborn\android\app\build\intermediates\assets\release\mergeReleaseAssets\www\assets\delivery\stone-starter-20261003\derivatives\v2\live\buildings\lumber-medieval.png","1420400","REGENERABLE_ANDROID_BUILD_INTERMEDIATE"
"C:\dev\ages-of-dominion-reborn\android\app\build\intermediates\assets\release\mergeReleaseAssets\www\assets\delivery\stone-starter-20261003\derivatives\v2\live\buildings\lumber-modern.png","1339728","REGENERABLE_ANDROID_BUILD_INTERMEDIATE"
"C:\dev\ages-of-dominion-reborn\android\app\build\intermediates\assets\release\mergeReleaseAssets\www\assets\delivery\stone-starter-20261003\derivatives\v2\live\buildings\lumber-stone.png","1441804","REGENERABLE_ANDROID_BUILD_INTERMEDIATE"
"C:\dev\ages-of-dominion-reborn\android\app\build\intermediates\assets\release\mergeReleaseAssets\www\assets\delivery\stone-starter-20261003\derivatives\v2\live\buildings\mine-bronze.png","1928496","REGENERABLE_ANDROID_BUILD_INTERMEDIATE"
"C:\dev\ages-of-dominion-reborn\android\app\build\intermediates\assets\release\mergeReleaseAssets\www\assets\delivery\stone-starter-20261003\derivatives\v2\live\buildings\mine-future.png","1372594","REGENERABLE_ANDROID_BUILD_INTERMEDIATE"
"C:\dev\ages-of-dominion-reborn\android\app\build\intermediates\assets\release\mergeReleaseAssets\www\assets\delivery\stone-starter-20261003\derivatives\v2\live\buildings\mine-gunpowder.png","1690440","REGENERABLE_ANDROID_BUILD_INTERMEDIATE"
"C:\dev\ages-of-dominion-reborn\android\app\build\intermediates\assets\release\mergeReleaseAssets\www\assets\delivery\stone-starter-20261003\derivatives\v2\live\buildings\mine-industrial.png","1445724","REGENERABLE_ANDROID_BUILD_INTERMEDIATE"
"C:\dev\ages-of-dominion-reborn\android\app\build\intermediates\assets\release\mergeReleaseAssets\www\assets\delivery\stone-starter-20261003\derivatives\v2\live\buildings\mine-iron.png","1743991","REGENERABLE_ANDROID_BUILD_INTERMEDIATE"
"C:\dev\ages-of-dominion-reborn\android\app\build\intermediates\assets\release\mergeReleaseAssets\www\assets\delivery\stone-starter-20261003\derivatives\v2\live\buildings\mine-medieval.png","1784089","REGENERABLE_ANDROID_BUILD_INTERMEDIATE"
"C:\dev\ages-of-dominion-reborn\android\app\build\intermediates\assets\release\mergeReleaseAssets\www\assets\delivery\stone-starter-20261003\derivatives\v2\live\buildings\mine-modern.png","1630766","REGENERABLE_ANDROID_BUILD_INTERMEDIATE"
"C:\dev\ages-of-dominion-reborn\android\app\build\intermediates\assets\release\mergeReleaseAssets\www\assets\delivery\stone-starter-20261003\derivatives\v2\live\buildings\mine-stone.png","1214442","REGENERABLE_ANDROID_BUILD_INTERMEDIATE"
"C:\dev\ages-of-dominion-reborn\android\app\build\intermediates\assets\release\mergeReleaseAssets\www\assets\delivery\stone-starter-20261003\derivatives\v2\live\buildings\quarry-bronze.png","1588455","REGENERABLE_ANDROID_BUILD_INTERMEDIATE"
"C:\dev\ages-of-dominion-reborn\android\app\build\intermediates\assets\release\mergeReleaseAssets\www\assets\delivery\stone-starter-20261003\derivatives\v2\live\buildings\quarry-future.png","1666377","REGENERABLE_ANDROID_BUILD_INTERMEDIATE"
"C:\dev\ages-of-dominion-reborn\android\app\build\intermediates\assets\release\mergeReleaseAssets\www\assets\delivery\stone-starter-20261003\derivatives\v2\live\buildings\quarry-gunpowder.png","1863375","REGENERABLE_ANDROID_BUILD_INTERMEDIATE"
"C:\dev\ages-of-dominion-reborn\android\app\build\intermediates\assets\release\mergeReleaseAssets\www\assets\delivery\stone-starter-20261003\derivatives\v2\live\buildings\quarry-industrial.png","1524380","REGENERABLE_ANDROID_BUILD_INTERMEDIATE"
"C:\dev\ages-of-dominion-reborn\android\app\build\intermediates\assets\release\mergeReleaseAssets\www\assets\delivery\stone-starter-20261003\derivatives\v2\live\buildings\quarry-iron.png","1689886","REGENERABLE_ANDROID_BUILD_INTERMEDIATE"
"C:\dev\ages-of-dominion-reborn\android\app\build\intermediates\assets\release\mergeReleaseAssets\www\assets\delivery\stone-starter-20261003\derivatives\v2\live\buildings\quarry-medieval.png","1360537","REGENERABLE_ANDROID_BUILD_INTERMEDIATE"
"C:\dev\ages-of-dominion-reborn\android\app\build\intermediates\assets\release\mergeReleaseAssets\www\assets\delivery\stone-starter-20261003\derivatives\v2\live\buildings\quarry-modern.png","1444479","REGENERABLE_ANDROID_BUILD_INTERMEDIATE"
"C:\dev\ages-of-dominion-reborn\android\app\build\intermediates\assets\release\mergeReleaseAssets\www\assets\delivery\stone-starter-20261003\derivatives\v2\live\buildings\quarry-stone.png","1499729","REGENERABLE_ANDROID_BUILD_INTERMEDIATE"
"C:\dev\ages-of-dominion-reborn\android\app\build\intermediates\assets\release\mergeReleaseAssets\www\assets\delivery\stone-starter-20261003\derivatives\v2\live\buildings\townhall-bronze.png","1786829","REGENERABLE_ANDROID_BUILD_INTERMEDIATE"
"C:\dev\ages-of-dominion-reborn\android\app\build\intermediates\assets\release\mergeReleaseAssets\www\assets\delivery\stone-starter-20261003\derivatives\v2\live\buildings\townhall-future.png","1524841","REGENERABLE_ANDROID_BUILD_INTERMEDIATE"
"C:\dev\ages-of-dominion-reborn\android\app\build\intermediates\assets\release\mergeReleaseAssets\www\assets\delivery\stone-starter-20261003\derivatives\v2\live\buildings\townhall-gunpowder.png","1201951","REGENERABLE_ANDROID_BUILD_INTERMEDIATE"
"C:\dev\ages-of-dominion-reborn\android\app\build\intermediates\assets\release\mergeReleaseAssets\www\assets\delivery\stone-starter-20261003\derivatives\v2\live\buildings\townhall-industrial.png","1416120","REGENERABLE_ANDROID_BUILD_INTERMEDIATE"
"C:\dev\ages-of-dominion-reborn\android\app\build\intermediates\assets\release\mergeReleaseAssets\www\assets\delivery\stone-starter-20261003\derivatives\v2\live\buildings\townhall-iron.png","1350932","REGENERABLE_ANDROID_BUILD_INTERMEDIATE"
"C:\dev\ages-of-dominion-reborn\android\app\build\intermediates\assets\release\mergeReleaseAssets\www\assets\delivery\stone-starter-20261003\derivatives\v2\live\buildings\townhall-medieval.png","1316334","REGENERABLE_ANDROID_BUILD_INTERMEDIATE"
"C:\dev\ages-of-dominion-reborn\android\app\build\intermediates\assets\release\mergeReleaseAssets\www\assets\delivery\stone-starter-20261003\derivatives\v2\live\buildings\townhall-modern.png","1288082","REGENERABLE_ANDROID_BUILD_INTERMEDIATE"
"C:\dev\ages-of-dominion-reborn\android\app\build\intermediates\assets\release\mergeReleaseAssets\www\assets\delivery\stone-starter-20261003\derivatives\v2\live\buildings\townhall-stone.png","2132204","REGENERABLE_ANDROID_BUILD_INTERMEDIATE"
"C:\dev\ages-of-dominion-reborn\android\app\build\intermediates\assets\release\mergeReleaseAssets\www\assets\delivery\stone-starter-20261003\derivatives\v2\live\buildings\walls-bronze.png","1271116","REGENERABLE_ANDROID_BUILD_INTERMEDIATE"
"C:\dev\ages-of-dominion-reborn\android\app\build\intermediates\assets\release\mergeReleaseAssets\www\assets\delivery\stone-starter-20261003\derivatives\v2\live\buildings\walls-future.png","1140613","REGENERABLE_ANDROID_BUILD_INTERMEDIATE"
"C:\dev\ages-of-dominion-reborn\android\app\build\intermediates\assets\release\mergeReleaseAssets\www\assets\delivery\stone-starter-20261003\derivatives\v2\live\buildings\walls-gunpowder.png","1507825","REGENERABLE_ANDROID_BUILD_INTERMEDIATE"
"C:\dev\ages-of-dominion-reborn\android\app\build\intermediates\assets\release\mergeReleaseAssets\www\assets\delivery\stone-starter-20261003\derivatives\v2\live\buildings\walls-industrial.png","1443919","REGENERABLE_ANDROID_BUILD_INTERMEDIATE"
"C:\dev\ages-of-dominion-reborn\android\app\build\intermediates\assets\release\mergeReleaseAssets\www\assets\delivery\stone-starter-20261003\derivatives\v2\live\buildings\walls-iron.png","1463514","REGENERABLE_ANDROID_BUILD_INTERMEDIATE"
"C:\dev\ages-of-dominion-reborn\android\app\build\intermediates\assets\release\mergeReleaseAssets\www\assets\delivery\stone-starter-20261003\derivatives\v2\live\buildings\walls-medieval.png","1200520","REGENERABLE_ANDROID_BUILD_INTERMEDIATE"
"C:\dev\ages-of-dominion-reborn\android\app\build\intermediates\assets\release\mergeReleaseAssets\www\assets\delivery\stone-starter-20261003\derivatives\v2\live\buildings\walls-modern.png","1324598","REGENERABLE_ANDROID_BUILD_INTERMEDIATE"
"C:\dev\ages-of-dominion-reborn\android\app\build\intermediates\assets\release\mergeReleaseAssets\www\assets\delivery\stone-starter-20261003\derivatives\v2\live\buildings\walls-stone.png","1643782","REGENERABLE_ANDROID_BUILD_INTERMEDIATE"
"C:\dev\ages-of-dominion-reborn\android\app\build\intermediates\assets\release\mergeReleaseAssets\www\assets\delivery\stone-starter-20261003\derivatives\v2\live\buildings\workshop-bronze.png","1459806","REGENERABLE_ANDROID_BUILD_INTERMEDIATE"
"C:\dev\ages-of-dominion-reborn\android\app\build\intermediates\assets\release\mergeReleaseAssets\www\assets\delivery\stone-starter-20261003\derivatives\v2\live\buildings\workshop-future.png","1259742","REGENERABLE_ANDROID_BUILD_INTERMEDIATE"
"C:\dev\ages-of-dominion-reborn\android\app\build\intermediates\assets\release\mergeReleaseAssets\www\assets\delivery\stone-starter-20261003\derivatives\v2\live\buildings\workshop-gunpowder.png","1416873","REGENERABLE_ANDROID_BUILD_INTERMEDIATE"
"C:\dev\ages-of-dominion-reborn\android\app\build\intermediates\assets\release\mergeReleaseAssets\www\assets\delivery\stone-starter-20261003\derivatives\v2\live\buildings\workshop-industrial.png","1398668","REGENERABLE_ANDROID_BUILD_INTERMEDIATE"
"C:\dev\ages-of-dominion-reborn\android\app\build\intermediates\assets\release\mergeReleaseAssets\www\assets\delivery\stone-starter-20261003\derivatives\v2\live\buildings\workshop-iron.png","1617499","REGENERABLE_ANDROID_BUILD_INTERMEDIATE"
"C:\dev\ages-of-dominion-reborn\android\app\build\intermediates\assets\release\mergeReleaseAssets\www\assets\delivery\stone-starter-20261003\derivatives\v2\live\buildings\workshop-medieval.png","1622822","REGENERABLE_ANDROID_BUILD_INTERMEDIATE"
"C:\dev\ages-of-dominion-reborn\android\app\build\intermediates\assets\release\mergeReleaseAssets\www\assets\delivery\stone-starter-20261003\derivatives\v2\live\buildings\workshop-modern.png","1721829","REGENERABLE_ANDROID_BUILD_INTERMEDIATE"
"C:\dev\ages-of-dominion-reborn\android\app\build\intermediates\assets\release\mergeReleaseAssets\www\assets\delivery\stone-starter-20261003\derivatives\v2\live\buildings\workshop-stone.png","2106665","REGENERABLE_ANDROID_BUILD_INTERMEDIATE"
"C:\dev\ages-of-dominion-reborn\android\app\build\intermediates\assets\release\mergeReleaseAssets\www\assets\delivery\stone-starter-20261003\derivatives\v2\live\mounts\horse-body.png","1459432","REGENERABLE_ANDROID_BUILD_INTERMEDIATE"
"C:\dev\ages-of-dominion-reborn\android\app\build\intermediates\assets\release\mergeReleaseAssets\www\assets\delivery\stone-starter-20261003\derivatives\v2\live\mounts\horse.png","1459534","REGENERABLE_ANDROID_BUILD_INTERMEDIATE"
"C:\dev\ages-of-dominion-reborn\android\app\build\intermediates\assets\release\mergeReleaseAssets\www\assets\delivery\stone-starter-20261003\derivatives\v2\live\plates\attacker-bronze-archer.png","830960","REGENERABLE_ANDROID_BUILD_INTERMEDIATE"
"C:\dev\ages-of-dominion-reborn\android\app\build\intermediates\assets\release\mergeReleaseAssets\www\assets\delivery\stone-starter-20261003\derivatives\v2\live\plates\attacker-bronze-brute.png","1113869","REGENERABLE_ANDROID_BUILD_INTERMEDIATE"
"C:\dev\ages-of-dominion-reborn\android\app\build\intermediates\assets\release\mergeReleaseAssets\www\assets\delivery\stone-starter-20261003\derivatives\v2\live\plates\attacker-bronze-runner.png","2254865","REGENERABLE_ANDROID_BUILD_INTERMEDIATE"
"C:\dev\ages-of-dominion-reborn\android\app\build\intermediates\assets\release\mergeReleaseAssets\www\assets\delivery\stone-starter-20261003\derivatives\v2\live\plates\attacker-bronze-sapper.png","1175376","REGENERABLE_ANDROID_BUILD_INTERMEDIATE"
"C:\dev\ages-of-dominion-reborn\android\app\build\intermediates\assets\release\mergeReleaseAssets\www\assets\delivery\stone-starter-20261003\derivatives\v2\live\plates\attacker-bronze-shaman.png","1003562","REGENERABLE_ANDROID_BUILD_INTERMEDIATE"
"C:\dev\ages-of-dominion-reborn\android\app\build\intermediates\assets\release\mergeReleaseAssets\www\assets\delivery\stone-starter-20261003\derivatives\v2\live\plates\attacker-future-archer.png","1343628","REGENERABLE_ANDROID_BUILD_INTERMEDIATE"
"C:\dev\ages-of-dominion-reborn\android\app\build\intermediates\assets\release\mergeReleaseAssets\www\assets\delivery\stone-starter-20261003\derivatives\v2\live\plates\attacker-future-brute.png","1287826","REGENERABLE_ANDROID_BUILD_INTERMEDIATE"
"C:\dev\ages-of-dominion-reborn\android\app\build\intermediates\assets\release\mergeReleaseAssets\www\assets\delivery\stone-starter-20261003\derivatives\v2\live\plates\attacker-future-runner.png","1048148","REGENERABLE_ANDROID_BUILD_INTERMEDIATE"
"C:\dev\ages-of-dominion-reborn\android\app\build\intermediates\assets\release\mergeReleaseAssets\www\assets\delivery\stone-starter-20261003\derivatives\v2\live\plates\attacker-future-sapper.png","825237","REGENERABLE_ANDROID_BUILD_INTERMEDIATE"
"C:\dev\ages-of-dominion-reborn\android\app\build\intermediates\assets\release\mergeReleaseAssets\www\assets\delivery\stone-starter-20261003\derivatives\v2\live\plates\attacker-future-shaman.png","1339936","REGENERABLE_ANDROID_BUILD_INTERMEDIATE"
"C:\dev\ages-of-dominion-reborn\android\app\build\intermediates\assets\release\mergeReleaseAssets\www\assets\delivery\stone-starter-20261003\derivatives\v2\live\plates\attacker-gunpowder-archer.png","711272","REGENERABLE_ANDROID_BUILD_INTERMEDIATE"
"C:\dev\ages-of-dominion-reborn\android\app\build\intermediates\assets\release\mergeReleaseAssets\www\assets\delivery\stone-starter-20261003\derivatives\v2\live\plates\attacker-gunpowder-brute.png","785657","REGENERABLE_ANDROID_BUILD_INTERMEDIATE"
"C:\dev\ages-of-dominion-reborn\android\app\build\intermediates\assets\release\mergeReleaseAssets\www\assets\delivery\stone-starter-20261003\derivatives\v2\live\plates\attacker-gunpowder-runner.png","574896","REGENERABLE_ANDROID_BUILD_INTERMEDIATE"
"C:\dev\ages-of-dominion-reborn\android\app\build\intermediates\assets\release\mergeReleaseAssets\www\assets\delivery\stone-starter-20261003\derivatives\v2\live\plates\attacker-gunpowder-sapper.png","1174467","REGENERABLE_ANDROID_BUILD_INTERMEDIATE"
"C:\dev\ages-of-dominion-reborn\android\app\build\intermediates\assets\release\mergeReleaseAssets\www\assets\delivery\stone-starter-20261003\derivatives\v2\live\plates\attacker-gunpowder-shaman.png","1107798","REGENERABLE_ANDROID_BUILD_INTERMEDIATE"
"C:\dev\ages-of-dominion-reborn\android\app\build\intermediates\assets\release\mergeReleaseAssets\www\assets\delivery\stone-starter-20261003\derivatives\v2\live\plates\attacker-industrial-archer.png","1118917","REGENERABLE_ANDROID_BUILD_INTERMEDIATE"
"C:\dev\ages-of-dominion-reborn\android\app\build\intermediates\assets\release\mergeReleaseAssets\www\assets\delivery\stone-starter-20261003\derivatives\v2\live\plates\attacker-industrial-brute.png","1165737","REGENERABLE_ANDROID_BUILD_INTERMEDIATE"
"C:\dev\ages-of-dominion-reborn\android\app\build\intermediates\assets\release\mergeReleaseAssets\www\assets\delivery\stone-starter-20261003\derivatives\v2\live\plates\attacker-industrial-runner.png","777581","REGENERABLE_ANDROID_BUILD_INTERMEDIATE"
"C:\dev\ages-of-dominion-reborn\android\app\build\intermediates\assets\release\mergeReleaseAssets\www\assets\delivery\stone-starter-20261003\derivatives\v2\live\plates\attacker-industrial-sapper.png","700334","REGENERABLE_ANDROID_BUILD_INTERMEDIATE"
"C:\dev\ages-of-dominion-reborn\android\app\build\intermediates\assets\release\mergeReleaseAssets\www\assets\delivery\stone-starter-20261003\derivatives\v2\live\plates\attacker-industrial-shaman.png","1015151","REGENERABLE_ANDROID_BUILD_INTERMEDIATE"
"C:\dev\ages-of-dominion-reborn\android\app\build\intermediates\assets\release\mergeReleaseAssets\www\assets\delivery\stone-starter-20261003\derivatives\v2\live\plates\attacker-iron-archer.png","828091","REGENERABLE_ANDROID_BUILD_INTERMEDIATE"
"C:\dev\ages-of-dominion-reborn\android\app\build\intermediates\assets\release\mergeReleaseAssets\www\assets\delivery\stone-starter-20261003\derivatives\v2\live\plates\attacker-iron-brute.png","953895","REGENERABLE_ANDROID_BUILD_INTERMEDIATE"
"C:\dev\ages-of-dominion-reborn\android\app\build\intermediates\assets\release\mergeReleaseAssets\www\assets\delivery\stone-starter-20261003\derivatives\v2\live\plates\attacker-iron-runner.png","859902","REGENERABLE_ANDROID_BUILD_INTERMEDIATE"
"C:\dev\ages-of-dominion-reborn\android\app\build\intermediates\assets\release\mergeReleaseAssets\www\assets\delivery\stone-starter-20261003\derivatives\v2\live\plates\attacker-iron-sapper.png","916042","REGENERABLE_ANDROID_BUILD_INTERMEDIATE"
"C:\dev\ages-of-dominion-reborn\android\app\build\intermediates\assets\release\mergeReleaseAssets\www\assets\delivery\stone-starter-20261003\derivatives\v2\live\plates\attacker-iron-shaman.png","517310","REGENERABLE_ANDROID_BUILD_INTERMEDIATE"
"C:\dev\ages-of-dominion-reborn\android\app\build\intermediates\assets\release\mergeReleaseAssets\www\assets\delivery\stone-starter-20261003\derivatives\v2\live\plates\attacker-medieval-archer.png","1682837","REGENERABLE_ANDROID_BUILD_INTERMEDIATE"
"C:\dev\ages-of-dominion-reborn\android\app\build\intermediates\assets\release\mergeReleaseAssets\www\assets\delivery\stone-starter-20261003\derivatives\v2\live\plates\attacker-medieval-brute.png","1041467","REGENERABLE_ANDROID_BUILD_INTERMEDIATE"
"C:\dev\ages-of-dominion-reborn\android\app\build\intermediates\assets\release\mergeReleaseAssets\www\assets\delivery\stone-starter-20261003\derivatives\v2\live\plates\attacker-medieval-runner.png","832252","REGENERABLE_ANDROID_BUILD_INTERMEDIATE"
"C:\dev\ages-of-dominion-reborn\android\app\build\intermediates\assets\release\mergeReleaseAssets\www\assets\delivery\stone-starter-20261003\derivatives\v2\live\plates\attacker-medieval-sapper.png","954874","REGENERABLE_ANDROID_BUILD_INTERMEDIATE"
"C:\dev\ages-of-dominion-reborn\android\app\build\intermediates\assets\release\mergeReleaseAssets\www\assets\delivery\stone-starter-20261003\derivatives\v2\live\plates\attacker-medieval-shaman.png","593860","REGENERABLE_ANDROID_BUILD_INTERMEDIATE"
"C:\dev\ages-of-dominion-reborn\android\app\build\intermediates\assets\release\mergeReleaseAssets\www\assets\delivery\stone-starter-20261003\derivatives\v2\live\plates\attacker-modern-archer.png","715511","REGENERABLE_ANDROID_BUILD_INTERMEDIATE"
"C:\dev\ages-of-dominion-reborn\android\app\build\intermediates\assets\release\mergeReleaseAssets\www\assets\delivery\stone-starter-20261003\derivatives\v2\live\plates\attacker-modern-brute.png","887856","REGENERABLE_ANDROID_BUILD_INTERMEDIATE"
"C:\dev\ages-of-dominion-reborn\android\app\build\intermediates\assets\release\mergeReleaseAssets\www\assets\delivery\stone-starter-20261003\derivatives\v2\live\plates\attacker-modern-runner.png","631665","REGENERABLE_ANDROID_BUILD_INTERMEDIATE"
"C:\dev\ages-of-dominion-reborn\android\app\build\intermediates\assets\release\mergeReleaseAssets\www\assets\delivery\stone-starter-20261003\derivatives\v2\live\plates\attacker-modern-sapper.png","615703","REGENERABLE_ANDROID_BUILD_INTERMEDIATE"
"C:\dev\ages-of-dominion-reborn\android\app\build\intermediates\assets\release\mergeReleaseAssets\www\assets\delivery\stone-starter-20261003\derivatives\v2\live\plates\attacker-modern-shaman.png","635834","REGENERABLE_ANDROID_BUILD_INTERMEDIATE"
"C:\dev\ages-of-dominion-reborn\android\app\build\intermediates\assets\release\mergeReleaseAssets\www\assets\delivery\stone-starter-20261003\derivatives\v2\live\plates\attacker-stone-archer.png","736518","REGENERABLE_ANDROID_BUILD_INTERMEDIATE"
"C:\dev\ages-of-dominion-reborn\android\app\build\intermediates\assets\release\mergeReleaseAssets\www\assets\delivery\stone-starter-20261003\derivatives\v2\live\plates\attacker-stone-brute.png","919808","REGENERABLE_ANDROID_BUILD_INTERMEDIATE"
"C:\dev\ages-of-dominion-reborn\android\app\build\intermediates\assets\release\mergeReleaseAssets\www\assets\delivery\stone-starter-20261003\derivatives\v2\live\plates\attacker-stone-runner.png","814145","REGENERABLE_ANDROID_BUILD_INTERMEDIATE"
"C:\dev\ages-of-dominion-reborn\android\app\build\intermediates\assets\release\mergeReleaseAssets\www\assets\delivery\stone-starter-20261003\derivatives\v2\live\plates\attacker-stone-sapper.png","1033222","REGENERABLE_ANDROID_BUILD_INTERMEDIATE"
"C:\dev\ages-of-dominion-reborn\android\app\build\intermediates\assets\release\mergeReleaseAssets\www\assets\delivery\stone-starter-20261003\derivatives\v2\live\plates\attacker-stone-shaman.png","934773","REGENERABLE_ANDROID_BUILD_INTERMEDIATE"
"C:\dev\ages-of-dominion-reborn\android\app\build\intermediates\assets\release\mergeReleaseAssets\www\assets\delivery\stone-starter-20261003\derivatives\v2\live\plates\creature-bandit.png","528602","REGENERABLE_ANDROID_BUILD_INTERMEDIATE"
"C:\dev\ages-of-dominion-reborn\android\app\build\intermediates\assets\release\mergeReleaseAssets\www\assets\delivery\stone-starter-20261003\derivatives\v2\live\plates\creature-bear.png","1146978","REGENERABLE_ANDROID_BUILD_INTERMEDIATE"
"C:\dev\ages-of-dominion-reborn\android\app\build\intermediates\assets\release\mergeReleaseAssets\www\assets\delivery\stone-starter-20261003\derivatives\v2\live\plates\creature-drone.png","727726","REGENERABLE_ANDROID_BUILD_INTERMEDIATE"
"C:\dev\ages-of-dominion-reborn\android\app\build\intermediates\assets\release\mergeReleaseAssets\www\assets\delivery\stone-starter-20261003\derivatives\v2\live\plates\creature-golem.png","1253725","REGENERABLE_ANDROID_BUILD_INTERMEDIATE"
"C:\dev\ages-of-dominion-reborn\android\app\build\intermediates\assets\release\mergeReleaseAssets\www\assets\delivery\stone-starter-20261003\derivatives\v2\live\plates\creature-griffin.png","1121442","REGENERABLE_ANDROID_BUILD_INTERMEDIATE"
"C:\dev\ages-of-dominion-reborn\android\app\build\intermediates\assets\release\mergeReleaseAssets\www\assets\delivery\stone-starter-20261003\derivatives\v2\live\plates\creature-harpy.png","1397635","REGENERABLE_ANDROID_BUILD_INTERMEDIATE"
"C:\dev\ages-of-dominion-reborn\android\app\build\intermediates\assets\release\mergeReleaseAssets\www\assets\delivery\stone-starter-20261003\derivatives\v2\live\plates\creature-wolf.png","1396288","REGENERABLE_ANDROID_BUILD_INTERMEDIATE"
"C:\dev\ages-of-dominion-reborn\android\app\build\intermediates\assets\release\mergeReleaseAssets\www\assets\delivery\stone-starter-20261003\derivatives\v2\live\plates\creature-wyvern.png","1238728","REGENERABLE_ANDROID_BUILD_INTERMEDIATE"
"C:\dev\ages-of-dominion-reborn\android\app\build\intermediates\assets\release\mergeReleaseAssets\www\assets\delivery\stone-starter-20261003\derivatives\v2\live\plates\effect-arrow.png","1546146","REGENERABLE_ANDROID_BUILD_INTERMEDIATE"
"C:\dev\ages-of-dominion-reborn\android\app\build\intermediates\assets\release\mergeReleaseAssets\www\assets\delivery\stone-starter-20261003\derivatives\v2\live\plates\effect-bless.png","1729652","REGENERABLE_ANDROID_BUILD_INTERMEDIATE"
"C:\dev\ages-of-dominion-reborn\android\app\build\intermediates\assets\release\mergeReleaseAssets\www\assets\delivery\stone-starter-20261003\derivatives\v2\live\plates\effect-spell-fireball.png","1663668","REGENERABLE_ANDROID_BUILD_INTERMEDIATE"
"C:\dev\ages-of-dominion-reborn\android\app\build\intermediates\assets\release\mergeReleaseAssets\www\assets\delivery\stone-starter-20261003\derivatives\v2\live\plates\effect-spell-slow.png","2056604","REGENERABLE_ANDROID_BUILD_INTERMEDIATE"
"C:\dev\ages-of-dominion-reborn\android\app\build\intermediates\assets\release\mergeReleaseAssets\www\assets\delivery\stone-starter-20261003\derivatives\v2\live\plates\tower-bronze-arrow.png","664530","REGENERABLE_ANDROID_BUILD_INTERMEDIATE"
"C:\dev\ages-of-dominion-reborn\android\app\build\intermediates\assets\release\mergeReleaseAssets\www\assets\delivery\stone-starter-20261003\derivatives\v2\live\plates\tower-bronze-slow.png","1448260","REGENERABLE_ANDROID_BUILD_INTERMEDIATE"
"C:\dev\ages-of-dominion-reborn\android\app\build\intermediates\assets\release\mergeReleaseAssets\www\assets\delivery\stone-starter-20261003\derivatives\v2\live\plates\tower-bronze-splash.png","1540241","REGENERABLE_ANDROID_BUILD_INTERMEDIATE"
"C:\dev\ages-of-dominion-reborn\android\app\build\intermediates\assets\release\mergeReleaseAssets\www\assets\delivery\stone-starter-20261003\derivatives\v2\live\plates\tower-bronze-support.png","1568462","REGENERABLE_ANDROID_BUILD_INTERMEDIATE"
"C:\dev\ages-of-dominion-reborn\android\app\build\intermediates\assets\release\mergeReleaseAssets\www\assets\delivery\stone-starter-20261003\derivatives\v2\live\plates\tower-future-arrow.png","591565","REGENERABLE_ANDROID_BUILD_INTERMEDIATE"
"C:\dev\ages-of-dominion-reborn\android\app\build\intermediates\assets\release\mergeReleaseAssets\www\assets\delivery\stone-starter-20261003\derivatives\v2\live\plates\tower-future-slow.png","1257092","REGENERABLE_ANDROID_BUILD_INTERMEDIATE"
"C:\dev\ages-of-dominion-reborn\android\app\build\intermediates\assets\release\mergeReleaseAssets\www\assets\delivery\stone-starter-20261003\derivatives\v2\live\plates\tower-future-splash.png","1141730","REGENERABLE_ANDROID_BUILD_INTERMEDIATE"
"C:\dev\ages-of-dominion-reborn\android\app\build\intermediates\assets\release\mergeReleaseAssets\www\assets\delivery\stone-starter-20261003\derivatives\v2\live\plates\tower-future-support.png","1300851","REGENERABLE_ANDROID_BUILD_INTERMEDIATE"
"C:\dev\ages-of-dominion-reborn\android\app\build\intermediates\assets\release\mergeReleaseAssets\www\assets\delivery\stone-starter-20261003\derivatives\v2\live\plates\tower-gunpowder-arrow.png","953605","REGENERABLE_ANDROID_BUILD_INTERMEDIATE"
"C:\dev\ages-of-dominion-reborn\android\app\build\intermediates\assets\release\mergeReleaseAssets\www\assets\delivery\stone-starter-20261003\derivatives\v2\live\plates\tower-gunpowder-slow.png","1207591","REGENERABLE_ANDROID_BUILD_INTERMEDIATE"
"C:\dev\ages-of-dominion-reborn\android\app\build\intermediates\assets\release\mergeReleaseAssets\www\assets\delivery\stone-starter-20261003\derivatives\v2\live\plates\tower-gunpowder-splash.png","1680363","REGENERABLE_ANDROID_BUILD_INTERMEDIATE"
"C:\dev\ages-of-dominion-reborn\android\app\build\intermediates\assets\release\mergeReleaseAssets\www\assets\delivery\stone-starter-20261003\derivatives\v2\live\plates\tower-gunpowder-support.png","956261","REGENERABLE_ANDROID_BUILD_INTERMEDIATE"
"C:\dev\ages-of-dominion-reborn\android\app\build\intermediates\assets\release\mergeReleaseAssets\www\assets\delivery\stone-starter-20261003\derivatives\v2\live\plates\tower-industrial-arrow.png","828127","REGENERABLE_ANDROID_BUILD_INTERMEDIATE"
"C:\dev\ages-of-dominion-reborn\android\app\build\intermediates\assets\release\mergeReleaseAssets\www\assets\delivery\stone-starter-20261003\derivatives\v2\live\plates\tower-industrial-slow.png","1353383","REGENERABLE_ANDROID_BUILD_INTERMEDIATE"
"C:\dev\ages-of-dominion-reborn\android\app\build\intermediates\assets\release\mergeReleaseAssets\www\assets\delivery\stone-starter-20261003\derivatives\v2\live\plates\tower-industrial-splash.png","1633635","REGENERABLE_ANDROID_BUILD_INTERMEDIATE"
"C:\dev\ages-of-dominion-reborn\android\app\build\intermediates\assets\release\mergeReleaseAssets\www\assets\delivery\stone-starter-20261003\derivatives\v2\live\plates\tower-industrial-support.png","799682","REGENERABLE_ANDROID_BUILD_INTERMEDIATE"
"C:\dev\ages-of-dominion-reborn\android\app\build\intermediates\assets\release\mergeReleaseAssets\www\assets\delivery\stone-starter-20261003\derivatives\v2\live\plates\tower-iron-arrow.png","944285","REGENERABLE_ANDROID_BUILD_INTERMEDIATE"
"C:\dev\ages-of-dominion-reborn\android\app\build\intermediates\assets\release\mergeReleaseAssets\www\assets\delivery\stone-starter-20261003\derivatives\v2\live\plates\tower-iron-slow.png","1007273","REGENERABLE_ANDROID_BUILD_INTERMEDIATE"
"C:\dev\ages-of-dominion-reborn\android\app\build\intermediates\assets\release\mergeReleaseAssets\www\assets\delivery\stone-starter-20261003\derivatives\v2\live\plates\tower-iron-splash.png","1616096","REGENERABLE_ANDROID_BUILD_INTERMEDIATE"
"C:\dev\ages-of-dominion-reborn\android\app\build\intermediates\assets\release\mergeReleaseAssets\www\assets\delivery\stone-starter-20261003\derivatives\v2\live\plates\tower-iron-support.png","1446467","REGENERABLE_ANDROID_BUILD_INTERMEDIATE"
"C:\dev\ages-of-dominion-reborn\android\app\build\intermediates\assets\release\mergeReleaseAssets\www\assets\delivery\stone-starter-20261003\derivatives\v2\live\plates\tower-medieval-arrow.png","1378151","REGENERABLE_ANDROID_BUILD_INTERMEDIATE"
"C:\dev\ages-of-dominion-reborn\android\app\build\intermediates\assets\release\mergeReleaseAssets\www\assets\delivery\stone-starter-20261003\derivatives\v2\live\plates\tower-medieval-slow.png","993594","REGENERABLE_ANDROID_BUILD_INTERMEDIATE"
"C:\dev\ages-of-dominion-reborn\android\app\build\intermediates\assets\release\mergeReleaseAssets\www\assets\delivery\stone-starter-20261003\derivatives\v2\live\plates\tower-medieval-splash.png","1360383","REGENERABLE_ANDROID_BUILD_INTERMEDIATE"
"C:\dev\ages-of-dominion-reborn\android\app\build\intermediates\assets\release\mergeReleaseAssets\www\assets\delivery\stone-starter-20261003\derivatives\v2\live\plates\tower-medieval-support.png","1497512","REGENERABLE_ANDROID_BUILD_INTERMEDIATE"
"C:\dev\ages-of-dominion-reborn\android\app\build\intermediates\assets\release\mergeReleaseAssets\www\assets\delivery\stone-starter-20261003\derivatives\v2\live\plates\tower-modern-arrow.png","1197124","REGENERABLE_ANDROID_BUILD_INTERMEDIATE"
"C:\dev\ages-of-dominion-reborn\android\app\build\intermediates\assets\release\mergeReleaseAssets\www\assets\delivery\stone-starter-20261003\derivatives\v2\live\plates\tower-modern-slow.png","1274641","REGENERABLE_ANDROID_BUILD_INTERMEDIATE"
"C:\dev\ages-of-dominion-reborn\android\app\build\intermediates\assets\release\mergeReleaseAssets\www\assets\delivery\stone-starter-20261003\derivatives\v2\live\plates\tower-modern-splash.png","1095476","REGENERABLE_ANDROID_BUILD_INTERMEDIATE"
"C:\dev\ages-of-dominion-reborn\android\app\build\intermediates\assets\release\mergeReleaseAssets\www\assets\delivery\stone-starter-20261003\derivatives\v2\live\plates\tower-modern-support.png","1300159","REGENERABLE_ANDROID_BUILD_INTERMEDIATE"
"C:\dev\ages-of-dominion-reborn\android\app\build\intermediates\assets\release\mergeReleaseAssets\www\assets\delivery\stone-starter-20261003\derivatives\v2\live\plates\tower-stone-arrow.png","1058557","REGENERABLE_ANDROID_BUILD_INTERMEDIATE"
"C:\dev\ages-of-dominion-reborn\android\app\build\intermediates\assets\release\mergeReleaseAssets\www\assets\delivery\stone-starter-20261003\derivatives\v2\live\plates\tower-stone-slow.png","1404529","REGENERABLE_ANDROID_BUILD_INTERMEDIATE"
"C:\dev\ages-of-dominion-reborn\android\app\build\intermediates\assets\release\mergeReleaseAssets\www\assets\delivery\stone-starter-20261003\derivatives\v2\live\plates\tower-stone-splash.png","840933","REGENERABLE_ANDROID_BUILD_INTERMEDIATE"
"C:\dev\ages-of-dominion-reborn\android\app\build\intermediates\assets\release\mergeReleaseAssets\www\assets\delivery\stone-starter-20261003\derivatives\v2\live\plates\tower-stone-support.png","1418670","REGENERABLE_ANDROID_BUILD_INTERMEDIATE"
"C:\dev\ages-of-dominion-reborn\android\app\build\intermediates\assets\release\mergeReleaseAssets\www\assets\delivery\stone-starter-20261003\derivatives\v2\live\plates\troop-bronze-heavy.png","805042","REGENERABLE_ANDROID_BUILD_INTERMEDIATE"
"C:\dev\ages-of-dominion-reborn\android\app\build\intermediates\assets\release\mergeReleaseAssets\www\assets\delivery\stone-starter-20261003\derivatives\v2\live\plates\troop-bronze-melee.png","450890","REGENERABLE_ANDROID_BUILD_INTERMEDIATE"
"C:\dev\ages-of-dominion-reborn\android\app\build\intermediates\assets\release\mergeReleaseAssets\www\assets\delivery\stone-starter-20261003\derivatives\v2\live\plates\troop-bronze-ranged.png","837432","REGENERABLE_ANDROID_BUILD_INTERMEDIATE"
"C:\dev\ages-of-dominion-reborn\android\app\build\intermediates\assets\release\mergeReleaseAssets\www\assets\delivery\stone-starter-20261003\derivatives\v2\live\plates\troop-future-heavy.png","849125","REGENERABLE_ANDROID_BUILD_INTERMEDIATE"
"C:\dev\ages-of-dominion-reborn\android\app\build\intermediates\assets\release\mergeReleaseAssets\www\assets\delivery\stone-starter-20261003\derivatives\v2\live\plates\troop-future-melee.png","810176","REGENERABLE_ANDROID_BUILD_INTERMEDIATE"
"C:\dev\ages-of-dominion-reborn\android\app\build\intermediates\assets\release\mergeReleaseAssets\www\assets\delivery\stone-starter-20261003\derivatives\v2\live\plates\troop-future-ranged.png","766765","REGENERABLE_ANDROID_BUILD_INTERMEDIATE"
"C:\dev\ages-of-dominion-reborn\android\app\build\intermediates\assets\release\mergeReleaseAssets\www\assets\delivery\stone-starter-20261003\derivatives\v2\live\plates\troop-gunpowder-heavy.png","1121507","REGENERABLE_ANDROID_BUILD_INTERMEDIATE"
"C:\dev\ages-of-dominion-reborn\android\app\build\intermediates\assets\release\mergeReleaseAssets\www\assets\delivery\stone-starter-20261003\derivatives\v2\live\plates\troop-gunpowder-melee.png","698126","REGENERABLE_ANDROID_BUILD_INTERMEDIATE"
"C:\dev\ages-of-dominion-reborn\android\app\build\intermediates\assets\release\mergeReleaseAssets\www\assets\delivery\stone-starter-20261003\derivatives\v2\live\plates\troop-gunpowder-ranged.png","590945","REGENERABLE_ANDROID_BUILD_INTERMEDIATE"
"C:\dev\ages-of-dominion-reborn\android\app\build\intermediates\assets\release\mergeReleaseAssets\www\assets\delivery\stone-starter-20261003\derivatives\v2\live\plates\troop-industrial-melee.png","895441","REGENERABLE_ANDROID_BUILD_INTERMEDIATE"
"C:\dev\ages-of-dominion-reborn\android\app\build\intermediates\assets\release\mergeReleaseAssets\www\assets\delivery\stone-starter-20261003\derivatives\v2\live\plates\troop-industrial-ranged.png","573918","REGENERABLE_ANDROID_BUILD_INTERMEDIATE"
"C:\dev\ages-of-dominion-reborn\android\app\build\intermediates\assets\release\mergeReleaseAssets\www\assets\delivery\stone-starter-20261003\derivatives\v2\live\plates\troop-iron-heavy.png","850906","REGENERABLE_ANDROID_BUILD_INTERMEDIATE"
"C:\dev\ages-of-dominion-reborn\android\app\build\intermediates\assets\release\mergeReleaseAssets\www\assets\delivery\stone-starter-20261003\derivatives\v2\live\plates\troop-iron-ranged.png","729422","REGENERABLE_ANDROID_BUILD_INTERMEDIATE"
"C:\dev\ages-of-dominion-reborn\android\app\build\intermediates\assets\release\mergeReleaseAssets\www\assets\delivery\stone-starter-20261003\derivatives\v2\live\plates\troop-medieval-heavy.png","740829","REGENERABLE_ANDROID_BUILD_INTERMEDIATE"
"C:\dev\ages-of-dominion-reborn\android\app\build\intermediates\assets\release\mergeReleaseAssets\www\assets\delivery\stone-starter-20261003\derivatives\v2\live\plates\troop-medieval-melee.png","747075","REGENERABLE_ANDROID_BUILD_INTERMEDIATE"
"C:\dev\ages-of-dominion-reborn\android\app\build\intermediates\assets\release\mergeReleaseAssets\www\assets\delivery\stone-starter-20261003\derivatives\v2\live\plates\troop-medieval-ranged.png","523671","REGENERABLE_ANDROID_BUILD_INTERMEDIATE"
"C:\dev\ages-of-dominion-reborn\android\app\build\intermediates\assets\release\mergeReleaseAssets\www\assets\delivery\stone-starter-20261003\derivatives\v2\live\plates\troop-modern-heavy.png","805510","REGENERABLE_ANDROID_BUILD_INTERMEDIATE"
"C:\dev\ages-of-dominion-reborn\android\app\build\intermediates\assets\release\mergeReleaseAssets\www\assets\delivery\stone-starter-20261003\derivatives\v2\live\plates\troop-modern-melee.png","724636","REGENERABLE_ANDROID_BUILD_INTERMEDIATE"
"C:\dev\ages-of-dominion-reborn\android\app\build\intermediates\assets\release\mergeReleaseAssets\www\assets\delivery\stone-starter-20261003\derivatives\v2\live\plates\troop-modern-ranged.png","593711","REGENERABLE_ANDROID_BUILD_INTERMEDIATE"
"C:\dev\ages-of-dominion-reborn\android\app\build\intermediates\assets\release\mergeReleaseAssets\www\assets\delivery\stone-starter-20261003\derivatives\v2\live\plates\troop-stone-heavy.png","935999","REGENERABLE_ANDROID_BUILD_INTERMEDIATE"
"C:\dev\ages-of-dominion-reborn\android\app\build\intermediates\assets\release\mergeReleaseAssets\www\assets\delivery\stone-starter-20261003\derivatives\v2\live\plates\troop-stone-melee.png","1072942","REGENERABLE_ANDROID_BUILD_INTERMEDIATE"
"C:\dev\ages-of-dominion-reborn\android\app\build\intermediates\assets\release\mergeReleaseAssets\www\assets\delivery\stone-starter-20261003\derivatives\v2\live\plates\troop-stone-ranged.png","1034054","REGENERABLE_ANDROID_BUILD_INTERMEDIATE"
"C:\dev\ages-of-dominion-reborn\android\app\build\intermediates\assets\release\mergeReleaseAssets\www\assets\delivery\stone-starter-20261003\derivatives\v2\live\rigs\barbarian.png","1730748","REGENERABLE_ANDROID_BUILD_INTERMEDIATE"
"C:\dev\ages-of-dominion-reborn\android\app\build\intermediates\assets\release\mergeReleaseAssets\www\assets\delivery\stone-starter-20261003\derivatives\v2\live\rigs\healer.png","1725271","REGENERABLE_ANDROID_BUILD_INTERMEDIATE"
"C:\dev\ages-of-dominion-reborn\android\app\build\intermediates\assets\release\mergeReleaseAssets\www\assets\delivery\stone-starter-20261003\derivatives\v2\live\rigs\knight.png","1673810","REGENERABLE_ANDROID_BUILD_INTERMEDIATE"
"C:\dev\ages-of-dominion-reborn\android\app\build\intermediates\assets\release\mergeReleaseAssets\www\assets\delivery\stone-starter-20261003\derivatives\v2\live\rigs\mage.png","1328806","REGENERABLE_ANDROID_BUILD_INTERMEDIATE"
"C:\dev\ages-of-dominion-reborn\android\app\build\intermediates\assets\release\mergeReleaseAssets\www\assets\delivery\stone-starter-20261003\derivatives\v2\live\rigs\necromancer.png","1692704","REGENERABLE_ANDROID_BUILD_INTERMEDIATE"
"C:\dev\ages-of-dominion-reborn\android\app\build\intermediates\assets\release\mergeReleaseAssets\www\assets\delivery\stone-starter-20261003\derivatives\v2\live\rigs\paladin.png","1391459","REGENERABLE_ANDROID_BUILD_INTERMEDIATE"
"C:\dev\ages-of-dominion-reborn\android\app\build\intermediates\assets\release\mergeReleaseAssets\www\assets\delivery\stone-starter-20261003\derivatives\v2\live\rigs\ranger.png","1601590","REGENERABLE_ANDROID_BUILD_INTERMEDIATE"
"C:\dev\ages-of-dominion-reborn\android\app\build\intermediates\assets\release\mergeReleaseAssets\www\assets\delivery\stone-starter-20261003\derivatives\v2\live\rigs\warlock.png","1501060","REGENERABLE_ANDROID_BUILD_INTERMEDIATE"
"C:\dev\ages-of-dominion-reborn\android\app\build\intermediates\assets\release\mergeReleaseAssets\www\assets\delivery\stone-starter-20261003\derivatives\v3\resource-gold.png","1385638","REGENERABLE_ANDROID_BUILD_INTERMEDIATE"
"C:\dev\ages-of-dominion-reborn\android\app\build\intermediates\assets\release\mergeReleaseAssets\www\assets\delivery\stone-starter-20261003\derivatives\v3\townhall-stone.png","2152224","REGENERABLE_ANDROID_BUILD_INTERMEDIATE"
"C:\dev\ages-of-dominion-reborn\android\app\build\intermediates\assets\release\mergeReleaseAssets\www\assets\delivery\stone-starter-20261003\derivatives\v4-ui\resource-food.png","1184828","REGENERABLE_ANDROID_BUILD_INTERMEDIATE"
"C:\dev\ages-of-dominion-reborn\android\app\build\intermediates\assets\release\mergeReleaseAssets\www\assets\delivery\stone-starter-20261003\derivatives\v4-ui\resource-gold.png","839259","REGENERABLE_ANDROID_BUILD_INTERMEDIATE"
"C:\dev\ages-of-dominion-reborn\android\app\build\intermediates\assets\release\mergeReleaseAssets\www\assets\delivery\stone-starter-20261003\derivatives\v4-ui\resource-stone.png","1023600","REGENERABLE_ANDROID_BUILD_INTERMEDIATE"
"C:\dev\ages-of-dominion-reborn\android\app\build\intermediates\assets\release\mergeReleaseAssets\www\assets\delivery\stone-starter-20261003\derivatives\v4-ui\resource-wood.png","1045584","REGENERABLE_ANDROID_BUILD_INTERMEDIATE"
"C:\dev\ages-of-dominion-reborn\android\app\build\intermediates\assets\release\mergeReleaseAssets\www\assets\delivery\stone-starter-20261003\derivatives\v4-ui\skill-offense.png","964059","REGENERABLE_ANDROID_BUILD_INTERMEDIATE"
"C:\dev\ages-of-dominion-reborn\android\app\build\intermediates\assets\release\mergeReleaseAssets\www\assets\derivatives\portraits\portrait-ancient-barbarian.png","411472","REGENERABLE_ANDROID_BUILD_INTERMEDIATE"
"C:\dev\ages-of-dominion-reborn\android\app\build\intermediates\assets\release\mergeReleaseAssets\www\assets\derivatives\portraits\portrait-ancient-healer.png","466412","REGENERABLE_ANDROID_BUILD_INTERMEDIATE"
"C:\dev\ages-of-dominion-reborn\android\app\build\intermediates\assets\release\mergeReleaseAssets\www\assets\derivatives\portraits\portrait-ancient-mage.png","455300","REGENERABLE_ANDROID_BUILD_INTERMEDIATE"
"C:\dev\ages-of-dominion-reborn\android\app\build\intermediates\assets\release\mergeReleaseAssets\www\assets\derivatives\portraits\portrait-ancient-necromancer.png","434814","REGENERABLE_ANDROID_BUILD_INTERMEDIATE"
"C:\dev\ages-of-dominion-reborn\android\app\build\intermediates\assets\release\mergeReleaseAssets\www\assets\derivatives\portraits\portrait-ancient-paladin.png","446630","REGENERABLE_ANDROID_BUILD_INTERMEDIATE"
"C:\dev\ages-of-dominion-reborn\android\app\build\intermediates\assets\release\mergeReleaseAssets\www\assets\derivatives\portraits\portrait-ancient-ranger.png","447718","REGENERABLE_ANDROID_BUILD_INTERMEDIATE"
"C:\dev\ages-of-dominion-reborn\android\app\build\intermediates\assets\release\mergeReleaseAssets\www\assets\derivatives\portraits\portrait-ancient-warlock.png","476159","REGENERABLE_ANDROID_BUILD_INTERMEDIATE"
"C:\dev\ages-of-dominion-reborn\android\app\build\intermediates\assets\release\mergeReleaseAssets\www\assets\derivatives\portraits\portrait-medieval-knight.png","429905","REGENERABLE_ANDROID_BUILD_INTERMEDIATE"
"C:\dev\ages-of-dominion-reborn\android\app\build\intermediates\assets\release\mergeReleaseAssets\www\assets\derivatives\substitutions\v3\troop-industrial-heavy.png","1552703","REGENERABLE_ANDROID_BUILD_INTERMEDIATE"
"C:\dev\ages-of-dominion-reborn\android\app\build\intermediates\assets\release\mergeReleaseAssets\www\assets\derivatives\substitutions\v3\troop-iron-melee.png","1015039","REGENERABLE_ANDROID_BUILD_INTERMEDIATE"
"C:\dev\ages-of-dominion-reborn\android\app\build\intermediates\assets\release\mergeReleaseAssets\www\assets\production\production-01-20261003\images\01-kingdom-terrain-stone.png","2163972","REGENERABLE_ANDROID_BUILD_INTERMEDIATE"
"C:\dev\ages-of-dominion-reborn\android\app\build\intermediates\assets\release\mergeReleaseAssets\www\assets\production\production-01-20261003\images\02-kingdom-terrain-bronze.png","2109981","REGENERABLE_ANDROID_BUILD_INTERMEDIATE"
"C:\dev\ages-of-dominion-reborn\android\app\build\intermediates\assets\release\mergeReleaseAssets\www\assets\production\production-01-20261003\images\03-kingdom-terrain-iron.png","2293053","REGENERABLE_ANDROID_BUILD_INTERMEDIATE"
"C:\dev\ages-of-dominion-reborn\android\app\build\intermediates\assets\release\mergeReleaseAssets\www\assets\production\production-01-20261003\images\04-kingdom-terrain-medieval.png","2169075","REGENERABLE_ANDROID_BUILD_INTERMEDIATE"
"C:\dev\ages-of-dominion-reborn\android\app\build\intermediates\assets\release\mergeReleaseAssets\www\assets\production\production-01-20261003\images\05-kingdom-terrain-gunpowder.png","2180694","REGENERABLE_ANDROID_BUILD_INTERMEDIATE"
"C:\dev\ages-of-dominion-reborn\android\app\build\intermediates\assets\release\mergeReleaseAssets\www\assets\production\production-01-20261003\images\06-kingdom-terrain-industrial.png","2240590","REGENERABLE_ANDROID_BUILD_INTERMEDIATE"
"C:\dev\ages-of-dominion-reborn\android\app\build\intermediates\assets\release\mergeReleaseAssets\www\assets\production\production-01-20261003\images\07-kingdom-terrain-modern.png","2337763","REGENERABLE_ANDROID_BUILD_INTERMEDIATE"
"C:\dev\ages-of-dominion-reborn\android\app\build\intermediates\assets\release\mergeReleaseAssets\www\assets\production\production-01-20261003\images\08-kingdom-terrain-future.png","2158708","REGENERABLE_ANDROID_BUILD_INTERMEDIATE"
"C:\dev\ages-of-dominion-reborn\android\app\build\intermediates\assets\release\mergeReleaseAssets\www\src\client\actor.js","14723","REGENERABLE_ANDROID_BUILD_INTERMEDIATE"
"C:\dev\ages-of-dominion-reborn\android\app\build\intermediates\assets\release\mergeReleaseAssets\www\src\client\anatomy.js","5676","REGENERABLE_ANDROID_BUILD_INTERMEDIATE"
"C:\dev\ages-of-dominion-reborn\android\app\build\intermediates\assets\release\mergeReleaseAssets\www\src\client\audio.js","2997","REGENERABLE_ANDROID_BUILD_INTERMEDIATE"
"C:\dev\ages-of-dominion-reborn\android\app\build\intermediates\assets\release\mergeReleaseAssets\www\src\client\choices.js","744","REGENERABLE_ANDROID_BUILD_INTERMEDIATE"
"C:\dev\ages-of-dominion-reborn\android\app\build\intermediates\assets\release\mergeReleaseAssets\www\src\client\game.css","3037","REGENERABLE_ANDROID_BUILD_INTERMEDIATE"
"C:\dev\ages-of-dominion-reborn\android\app\build\intermediates\assets\release\mergeReleaseAssets\www\src\client\main.js","64307","REGENERABLE_ANDROID_BUILD_INTERMEDIATE"
"C:\dev\ages-of-dominion-reborn\android\app\build\intermediates\assets\release\mergeReleaseAssets\www\src\client\motion.js","2041","REGENERABLE_ANDROID_BUILD_INTERMEDIATE"
"C:\dev\ages-of-dominion-reborn\android\app\build\intermediates\assets\release\mergeReleaseAssets\www\src\client\portraits.js","620","REGENERABLE_ANDROID_BUILD_INTERMEDIATE"
"C:\dev\ages-of-dominion-reborn\android\app\build\intermediates\assets\release\mergeReleaseAssets\www\src\client\presentation.js","1704","REGENERABLE_ANDROID_BUILD_INTERMEDIATE"
"C:\dev\ages-of-dominion-reborn\android\app\build\intermediates\assets\release\mergeReleaseAssets\www\src\client\projection.js","3436","REGENERABLE_ANDROID_BUILD_INTERMEDIATE"
"C:\dev\ages-of-dominion-reborn\android\app\build\intermediates\assets\release\mergeReleaseAssets\www\src\client\rig.js","2649","REGENERABLE_ANDROID_BUILD_INTERMEDIATE"
"C:\dev\ages-of-dominion-reborn\android\app\build\intermediates\assets\release\mergeReleaseAssets\www\src\core\battle.js","27750","REGENERABLE_ANDROID_BUILD_INTERMEDIATE"
"C:\dev\ages-of-dominion-reborn\android\app\build\intermediates\assets\release\mergeReleaseAssets\www\src\core\campaign.js","42844","REGENERABLE_ANDROID_BUILD_INTERMEDIATE"
"C:\dev\ages-of-dominion-reborn\android\app\build\intermediates\assets\release\mergeReleaseAssets\www\src\core\challenge.js","4704","REGENERABLE_ANDROID_BUILD_INTERMEDIATE"
"C:\dev\ages-of-dominion-reborn\android\app\build\intermediates\assets\release\mergeReleaseAssets\www\src\core\defense.js","25067","REGENERABLE_ANDROID_BUILD_INTERMEDIATE"
"C:\dev\ages-of-dominion-reborn\android\app\build\intermediates\assets\release\mergeReleaseAssets\www\src\core\mechanics.js","14637","REGENERABLE_ANDROID_BUILD_INTERMEDIATE"
"C:\dev\ages-of-dominion-reborn\android\app\build\intermediates\assets\release\mergeReleaseAssets\www\src\core\navigation.js","2720","REGENERABLE_ANDROID_BUILD_INTERMEDIATE"
"C:\dev\ages-of-dominion-reborn\android\app\build\intermediates\assets\release\mergeReleaseAssets\www\src\core\rng.js","680","REGENERABLE_ANDROID_BUILD_INTERMEDIATE"
"C:\dev\ages-of-dominion-reborn\android\app\build\intermediates\assets\release\mergeReleaseAssets\www\src\core\rules.js","5105","REGENERABLE_ANDROID_BUILD_INTERMEDIATE"
"C:\dev\ages-of-dominion-reborn\android\app\build\intermediates\assets\release\mergeReleaseAssets\www\src\core\save.js","5510","REGENERABLE_ANDROID_BUILD_INTERMEDIATE"
"C:\dev\ages-of-dominion-reborn\android\app\build\intermediates\assets\release\mergeReleaseAssets\www\src\data\actor-atlas.json","13568","REGENERABLE_ANDROID_BUILD_INTERMEDIATE"
"C:\dev\ages-of-dominion-reborn\android\app\build\intermediates\assets\release\mergeReleaseAssets\www\src\data\age-buildings.json","37232","REGENERABLE_ANDROID_BUILD_INTERMEDIATE"
"C:\dev\ages-of-dominion-reborn\android\app\build\intermediates\assets\release\mergeReleaseAssets\www\src\data\anatomy-binding-v1.json","6632","REGENERABLE_ANDROID_BUILD_INTERMEDIATE"
"C:\dev\ages-of-dominion-reborn\android\app\build\intermediates\assets\release\mergeReleaseAssets\www\src\data\building-pad-fit-v1.json","980","REGENERABLE_ANDROID_BUILD_INTERMEDIATE"
"C:\dev\ages-of-dominion-reborn\android\app\build\intermediates\assets\release\mergeReleaseAssets\www\src\data\implementation-contract.json","23160","REGENERABLE_ANDROID_BUILD_INTERMEDIATE"
"C:\dev\ages-of-dominion-reborn\android\app\build\intermediates\assets\release\mergeReleaseAssets\www\src\data\mount-review-v1.json","687","REGENERABLE_ANDROID_BUILD_INTERMEDIATE"
"C:\dev\ages-of-dominion-reborn\android\app\build\intermediates\assets\release\mergeReleaseAssets\www\src\data\plate-catalog.json","40078","REGENERABLE_ANDROID_BUILD_INTERMEDIATE"
"C:\dev\ages-of-dominion-reborn\android\app\build\intermediates\assets\release\mergeReleaseAssets\www\src\data\portrait-cards.json","2817","REGENERABLE_ANDROID_BUILD_INTERMEDIATE"
"C:\dev\ages-of-dominion-reborn\android\app\build\intermediates\assets\release\mergeReleaseAssets\www\src\data\reference-data.json","29462","REGENERABLE_ANDROID_BUILD_INTERMEDIATE"
"C:\dev\ages-of-dominion-reborn\android\app\build\intermediates\assets\release\mergeReleaseAssets\www\src\data\reviewed-source-selection.json","10460","REGENERABLE_ANDROID_BUILD_INTERMEDIATE"
"C:\dev\ages-of-dominion-reborn\android\app\build\intermediates\assets\release\mergeReleaseAssets\www\src\data\stone-scene.json","835","REGENERABLE_ANDROID_BUILD_INTERMEDIATE"
"C:\dev\ages-of-dominion-reborn\android\app\build\intermediates\compatible_screen_manifest\debug\createDebugCompatibleScreenManifests\output-metadata.json","214","REGENERABLE_ANDROID_BUILD_INTERMEDIATE"
"C:\dev\ages-of-dominion-reborn\android\app\build\intermediates\compatible_screen_manifest\release\createReleaseCompatibleScreenManifests\output-metadata.json","216","REGENERABLE_ANDROID_BUILD_INTERMEDIATE"
"C:\dev\ages-of-dominion-reborn\android\app\build\intermediates\compile_and_runtime_not_namespaced_r_class_jar\debug\processDebugResources\R.jar","300","REGENERABLE_ANDROID_BUILD_INTERMEDIATE"
"C:\dev\ages-of-dominion-reborn\android\app\build\intermediates\compile_and_runtime_not_namespaced_r_class_jar\release\processReleaseResources\R.jar","14455","REGENERABLE_ANDROID_BUILD_INTERMEDIATE"
"C:\dev\ages-of-dominion-reborn\android\app\build\intermediates\compressed_assets\debug\compressDebugAssets\out\assets\www\index.html.jar","737","REGENERABLE_ANDROID_BUILD_INTERMEDIATE"
"C:\dev\ages-of-dominion-reborn\android\app\build\intermediates\compressed_assets\debug\compressDebugAssets\out\assets\www\assets\delivery\stone-starter-20261003\derivatives\v2\farm-stone.png.jar","1658832","REGENERABLE_ANDROID_BUILD_INTERMEDIATE"
"C:\dev\ages-of-dominion-reborn\android\app\build\intermediates\compressed_assets\debug\compressDebugAssets\out\assets\www\assets\delivery\stone-starter-20261003\derivatives\v2\lumber-stone.png.jar","1666666","REGENERABLE_ANDROID_BUILD_INTERMEDIATE"
"C:\dev\ages-of-dominion-reborn\android\app\build\intermediates\compressed_assets\debug\compressDebugAssets\out\assets\www\assets\delivery\stone-starter-20261003\derivatives\v2\mine-stone.png.jar","1541510","REGENERABLE_ANDROID_BUILD_INTERMEDIATE"
"C:\dev\ages-of-dominion-reborn\android\app\build\intermediates\compressed_assets\debug\compressDebugAssets\out\assets\www\assets\delivery\stone-starter-20261003\derivatives\v2\quarry-stone.png.jar","1641782","REGENERABLE_ANDROID_BUILD_INTERMEDIATE"
"C:\dev\ages-of-dominion-reborn\android\app\build\intermediates\compressed_assets\debug\compressDebugAssets\out\assets\www\assets\delivery\stone-starter-20261003\derivatives\v2\resource-food.png.jar","1666649","REGENERABLE_ANDROID_BUILD_INTERMEDIATE"
"C:\dev\ages-of-dominion-reborn\android\app\build\intermediates\compressed_assets\debug\compressDebugAssets\out\assets\www\assets\delivery\stone-starter-20261003\derivatives\v2\resource-stone.png.jar","1516158","REGENERABLE_ANDROID_BUILD_INTERMEDIATE"
"C:\dev\ages-of-dominion-reborn\android\app\build\intermediates\compressed_assets\debug\compressDebugAssets\out\assets\www\assets\delivery\stone-starter-20261003\derivatives\v2\resource-wood.png.jar","1495905","REGENERABLE_ANDROID_BUILD_INTERMEDIATE"
"C:\dev\ages-of-dominion-reborn\android\app\build\intermediates\compressed_assets\debug\compressDebugAssets\out\assets\www\assets\delivery\stone-starter-20261003\derivatives\v2\skill-offense.png.jar","1462368","REGENERABLE_ANDROID_BUILD_INTERMEDIATE"
"C:\dev\ages-of-dominion-reborn\android\app\build\intermediates\compressed_assets\debug\compressDebugAssets\out\assets\www\assets\delivery\stone-starter-20261003\derivatives\v3\resource-gold.png.jar","1385900","REGENERABLE_ANDROID_BUILD_INTERMEDIATE"
"C:\dev\ages-of-dominion-reborn\android\app\build\intermediates\compressed_assets\debug\compressDebugAssets\out\assets\www\assets\delivery\stone-starter-20261003\derivatives\v3\townhall-stone.png.jar","2152488","REGENERABLE_ANDROID_BUILD_INTERMEDIATE"
"C:\dev\ages-of-dominion-reborn\android\app\build\intermediates\compressed_assets\debug\compressDebugAssets\out\assets\www\assets\delivery\stone-starter-20261003\derivatives\v4-ui\resource-food.png.jar","1185096","REGENERABLE_ANDROID_BUILD_INTERMEDIATE"
"C:\dev\ages-of-dominion-reborn\android\app\build\intermediates\compressed_assets\debug\compressDebugAssets\out\assets\www\assets\delivery\stone-starter-20261003\derivatives\v4-ui\resource-gold.png.jar","839527","REGENERABLE_ANDROID_BUILD_INTERMEDIATE"
"C:\dev\ages-of-dominion-reborn\android\app\build\intermediates\compressed_assets\debug\compressDebugAssets\out\assets\www\assets\delivery\stone-starter-20261003\derivatives\v4-ui\resource-stone.png.jar","1023870","REGENERABLE_ANDROID_BUILD_INTERMEDIATE"
"C:\dev\ages-of-dominion-reborn\android\app\build\intermediates\compressed_assets\debug\compressDebugAssets\out\assets\www\assets\delivery\stone-starter-20261003\derivatives\v4-ui\resource-wood.png.jar","1045852","REGENERABLE_ANDROID_BUILD_INTERMEDIATE"
"C:\dev\ages-of-dominion-reborn\android\app\build\intermediates\compressed_assets\debug\compressDebugAssets\out\assets\www\assets\delivery\stone-starter-20261003\derivatives\v4-ui\skill-offense.png.jar","964327","REGENERABLE_ANDROID_BUILD_INTERMEDIATE"
"C:\dev\ages-of-dominion-reborn\android\app\build\intermediates\compressed_assets\debug\compressDebugAssets\out\assets\www\assets\production\production-01-20261003\images\01-kingdom-terrain-stone.png.jar","2164244","REGENERABLE_ANDROID_BUILD_INTERMEDIATE"
"C:\dev\ages-of-dominion-reborn\android\app\build\intermediates\compressed_assets\debug\compressDebugAssets\out\assets\www\assets\production\production-01-20261003\images\02-kingdom-terrain-bronze.png.jar","2110255","REGENERABLE_ANDROID_BUILD_INTERMEDIATE"
"C:\dev\ages-of-dominion-reborn\android\app\build\intermediates\compressed_assets\debug\compressDebugAssets\out\assets\www\assets\production\production-01-20261003\images\03-kingdom-terrain-iron.png.jar","2293323","REGENERABLE_ANDROID_BUILD_INTERMEDIATE"
"C:\dev\ages-of-dominion-reborn\android\app\build\intermediates\compressed_assets\debug\compressDebugAssets\out\assets\www\assets\production\production-01-20261003\images\04-kingdom-terrain-medieval.png.jar","2169353","REGENERABLE_ANDROID_BUILD_INTERMEDIATE"
"C:\dev\ages-of-dominion-reborn\android\app\build\intermediates\compressed_assets\debug\compressDebugAssets\out\assets\www\assets\production\production-01-20261003\images\05-kingdom-terrain-gunpowder.png.jar","2180974","REGENERABLE_ANDROID_BUILD_INTERMEDIATE"
"C:\dev\ages-of-dominion-reborn\android\app\build\intermediates\compressed_assets\debug\compressDebugAssets\out\assets\www\assets\production\production-01-20261003\images\06-kingdom-terrain-industrial.png.jar","2240872","REGENERABLE_ANDROID_BUILD_INTERMEDIATE"
"C:\dev\ages-of-dominion-reborn\android\app\build\intermediates\compressed_assets\debug\compressDebugAssets\out\assets\www\assets\production\production-01-20261003\images\07-kingdom-terrain-modern.png.jar","2338037","REGENERABLE_ANDROID_BUILD_INTERMEDIATE"
"C:\dev\ages-of-dominion-reborn\android\app\build\intermediates\compressed_assets\debug\compressDebugAssets\out\assets\www\assets\production\production-01-20261003\images\08-kingdom-terrain-future.png.jar","2158982","REGENERABLE_ANDROID_BUILD_INTERMEDIATE"
"C:\dev\ages-of-dominion-reborn\android\app\build\intermediates\compressed_assets\debug\compressDebugAssets\out\assets\www\src\client\audio.js.jar","460","REGENERABLE_ANDROID_BUILD_INTERMEDIATE"
"C:\dev\ages-of-dominion-reborn\android\app\build\intermediates\compressed_assets\debug\compressDebugAssets\out\assets\www\src\client\game.css.jar","1320","REGENERABLE_ANDROID_BUILD_INTERMEDIATE"
"C:\dev\ages-of-dominion-reborn\android\app\build\intermediates\compressed_assets\debug\compressDebugAssets\out\assets\www\src\client\main.js.jar","9973","REGENERABLE_ANDROID_BUILD_INTERMEDIATE"
"C:\dev\ages-of-dominion-reborn\android\app\build\intermediates\compressed_assets\debug\compressDebugAssets\out\assets\www\src\client\projection.js.jar","521","REGENERABLE_ANDROID_BUILD_INTERMEDIATE"
"C:\dev\ages-of-dominion-reborn\android\app\build\intermediates\compressed_assets\debug\compressDebugAssets\out\assets\www\src\client\rig.js.jar","1269","REGENERABLE_ANDROID_BUILD_INTERMEDIATE"
"C:\dev\ages-of-dominion-reborn\android\app\build\intermediates\compressed_assets\debug\compressDebugAssets\out\assets\www\src\core\battle.js.jar","8395","REGENERABLE_ANDROID_BUILD_INTERMEDIATE"
"C:\dev\ages-of-dominion-reborn\android\app\build\intermediates\compressed_assets\debug\compressDebugAssets\out\assets\www\src\core\campaign.js.jar","10861","REGENERABLE_ANDROID_BUILD_INTERMEDIATE"
"C:\dev\ages-of-dominion-reborn\android\app\build\intermediates\compressed_assets\debug\compressDebugAssets\out\assets\www\src\core\defense.js.jar","3299","REGENERABLE_ANDROID_BUILD_INTERMEDIATE"
"C:\dev\ages-of-dominion-reborn\android\app\build\intermediates\compressed_assets\debug\compressDebugAssets\out\assets\www\src\core\mechanics.js.jar","5279","REGENERABLE_ANDROID_BUILD_INTERMEDIATE"
"C:\dev\ages-of-dominion-reborn\android\app\build\intermediates\compressed_assets\debug\compressDebugAssets\out\assets\www\src\core\navigation.js.jar","1300","REGENERABLE_ANDROID_BUILD_INTERMEDIATE"
"C:\dev\ages-of-dominion-reborn\android\app\build\intermediates\compressed_assets\debug\compressDebugAssets\out\assets\www\src\core\rng.js.jar","536","REGENERABLE_ANDROID_BUILD_INTERMEDIATE"
"C:\dev\ages-of-dominion-reborn\android\app\build\intermediates\compressed_assets\debug\compressDebugAssets\out\assets\www\src\core\rules.js.jar","2169","REGENERABLE_ANDROID_BUILD_INTERMEDIATE"
"C:\dev\ages-of-dominion-reborn\android\app\build\intermediates\compressed_assets\debug\compressDebugAssets\out\assets\www\src\core\save.js.jar","1208","REGENERABLE_ANDROID_BUILD_INTERMEDIATE"
"C:\dev\ages-of-dominion-reborn\android\app\build\intermediates\compressed_assets\debug\compressDebugAssets\out\assets\www\src\data\implementation-contract.json.jar","3754","REGENERABLE_ANDROID_BUILD_INTERMEDIATE"
"C:\dev\ages-of-dominion-reborn\android\app\build\intermediates\compressed_assets\debug\compressDebugAssets\out\assets\www\src\data\reference-data.json.jar","8158","REGENERABLE_ANDROID_BUILD_INTERMEDIATE"
"C:\dev\ages-of-dominion-reborn\android\app\build\intermediates\compressed_assets\debug\compressDebugAssets\out\assets\www\src\data\reviewed-source-selection.json.jar","2522","REGENERABLE_ANDROID_BUILD_INTERMEDIATE"
"C:\dev\ages-of-dominion-reborn\android\app\build\intermediates\compressed_assets\debug\compressDebugAssets\out\assets\www\src\data\stone-scene.json.jar","627","REGENERABLE_ANDROID_BUILD_INTERMEDIATE"
"C:\dev\ages-of-dominion-reborn\android\app\build\intermediates\compressed_assets\release\compressReleaseAssets\out\assets\www\index.html.jar","777","REGENERABLE_ANDROID_BUILD_INTERMEDIATE"
"C:\dev\ages-of-dominion-reborn\android\app\build\intermediates\compressed_assets\release\compressReleaseAssets\out\assets\www\assets\consumers\code-20261004\portrait-ancient-knight-pending.png.jar","697875","REGENERABLE_ANDROID_BUILD_INTERMEDIATE"
"C:\dev\ages-of-dominion-reborn\android\app\build\intermediates\compressed_assets\release\compressReleaseAssets\out\assets\www\assets\delivery\stone-starter-20261003\derivatives\v2\barracks-stone.png.jar","1615526","REGENERABLE_ANDROID_BUILD_INTERMEDIATE"
"C:\dev\ages-of-dominion-reborn\android\app\build\intermediates\compressed_assets\release\compressReleaseAssets\out\assets\www\assets\delivery\stone-starter-20261003\derivatives\v2\creature-wolf.png.jar","1596629","REGENERABLE_ANDROID_BUILD_INTERMEDIATE"
"C:\dev\ages-of-dominion-reborn\android\app\build\intermediates\compressed_assets\release\compressReleaseAssets\out\assets\www\assets\delivery\stone-starter-20261003\derivatives\v2\farm-stone.png.jar","1658832","REGENERABLE_ANDROID_BUILD_INTERMEDIATE"
"C:\dev\ages-of-dominion-reborn\android\app\build\intermediates\compressed_assets\release\compressReleaseAssets\out\assets\www\assets\delivery\stone-starter-20261003\derivatives\v2\lumber-stone.png.jar","1666666","REGENERABLE_ANDROID_BUILD_INTERMEDIATE"
"C:\dev\ages-of-dominion-reborn\android\app\build\intermediates\compressed_assets\release\compressReleaseAssets\out\assets\www\assets\delivery\stone-starter-20261003\derivatives\v2\mine-stone.png.jar","1541510","REGENERABLE_ANDROID_BUILD_INTERMEDIATE"
"C:\dev\ages-of-dominion-reborn\android\app\build\intermediates\compressed_assets\release\compressReleaseAssets\out\assets\www\assets\delivery\stone-starter-20261003\derivatives\v2\quarry-stone.png.jar","1641782","REGENERABLE_ANDROID_BUILD_INTERMEDIATE"
"C:\dev\ages-of-dominion-reborn\android\app\build\intermediates\compressed_assets\release\compressReleaseAssets\out\assets\www\assets\delivery\stone-starter-20261003\derivatives\v2\resource-food.png.jar","1666649","REGENERABLE_ANDROID_BUILD_INTERMEDIATE"
"C:\dev\ages-of-dominion-reborn\android\app\build\intermediates\compressed_assets\release\compressReleaseAssets\out\assets\www\assets\delivery\stone-starter-20261003\derivatives\v2\resource-stone.png.jar","1516158","REGENERABLE_ANDROID_BUILD_INTERMEDIATE"
"C:\dev\ages-of-dominion-reborn\android\app\build\intermediates\compressed_assets\release\compressReleaseAssets\out\assets\www\assets\delivery\stone-starter-20261003\derivatives\v2\resource-wood.png.jar","1495905","REGENERABLE_ANDROID_BUILD_INTERMEDIATE"
"C:\dev\ages-of-dominion-reborn\android\app\build\intermediates\compressed_assets\release\compressReleaseAssets\out\assets\www\assets\delivery\stone-starter-20261003\derivatives\v2\rig-knight.png.jar","1674022","REGENERABLE_ANDROID_BUILD_INTERMEDIATE"
"C:\dev\ages-of-dominion-reborn\android\app\build\intermediates\compressed_assets\release\compressReleaseAssets\out\assets\www\assets\delivery\stone-starter-20261003\derivatives\v2\skill-offense.png.jar","1462368","REGENERABLE_ANDROID_BUILD_INTERMEDIATE"
"C:\dev\ages-of-dominion-reborn\android\app\build\intermediates\compressed_assets\release\compressReleaseAssets\out\assets\www\assets\delivery\stone-starter-20261003\derivatives\v2\live\buildings\armory-bronze.png.jar","1278026","REGENERABLE_ANDROID_BUILD_INTERMEDIATE"
"C:\dev\ages-of-dominion-reborn\android\app\build\intermediates\compressed_assets\release\compressReleaseAssets\out\assets\www\assets\delivery\stone-starter-20261003\derivatives\v2\live\buildings\armory-future.png.jar","1523266","REGENERABLE_ANDROID_BUILD_INTERMEDIATE"
"C:\dev\ages-of-dominion-reborn\android\app\build\intermediates\compressed_assets\release\compressReleaseAssets\out\assets\www\assets\delivery\stone-starter-20261003\derivatives\v2\live\buildings\armory-gunpowder.png.jar","1441182","REGENERABLE_ANDROID_BUILD_INTERMEDIATE"
"C:\dev\ages-of-dominion-reborn\android\app\build\intermediates\compressed_assets\release\compressReleaseAssets\out\assets\www\assets\delivery\stone-starter-20261003\derivatives\v2\live\buildings\armory-industrial.png.jar","1545105","REGENERABLE_ANDROID_BUILD_INTERMEDIATE"
"C:\dev\ages-of-dominion-reborn\android\app\build\intermediates\compressed_assets\release\compressReleaseAssets\out\assets\www\assets\delivery\stone-starter-20261003\derivatives\v2\live\buildings\armory-iron.png.jar","1382516","REGENERABLE_ANDROID_BUILD_INTERMEDIATE"
"C:\dev\ages-of-dominion-reborn\android\app\build\intermediates\compressed_assets\release\compressReleaseAssets\out\assets\www\assets\delivery\stone-starter-20261003\derivatives\v2\live\buildings\armory-medieval.png.jar","1262581","REGENERABLE_ANDROID_BUILD_INTERMEDIATE"
"C:\dev\ages-of-dominion-reborn\android\app\build\intermediates\compressed_assets\release\compressReleaseAssets\out\assets\www\assets\delivery\stone-starter-20261003\derivatives\v2\live\buildings\armory-modern.png.jar","1309418","REGENERABLE_ANDROID_BUILD_INTERMEDIATE"
"C:\dev\ages-of-dominion-reborn\android\app\build\intermediates\compressed_assets\release\compressReleaseAssets\out\assets\www\assets\delivery\stone-starter-20261003\derivatives\v2\live\buildings\armory-stone.png.jar","1653912","REGENERABLE_ANDROID_BUILD_INTERMEDIATE"
"C:\dev\ages-of-dominion-reborn\android\app\build\intermediates\compressed_assets\release\compressReleaseAssets\out\assets\www\assets\delivery\stone-starter-20261003\derivatives\v2\live\buildings\barracks-bronze.png.jar","1507874","REGENERABLE_ANDROID_BUILD_INTERMEDIATE"
"C:\dev\ages-of-dominion-reborn\android\app\build\intermediates\compressed_assets\release\compressReleaseAssets\out\assets\www\assets\delivery\stone-starter-20261003\derivatives\v2\live\buildings\barracks-future.png.jar","1113662","REGENERABLE_ANDROID_BUILD_INTERMEDIATE"
"C:\dev\ages-of-dominion-reborn\android\app\build\intermediates\compressed_assets\release\compressReleaseAssets\out\assets\www\assets\delivery\stone-starter-20261003\derivatives\v2\live\buildings\barracks-gunpowder.png.jar","1492132","REGENERABLE_ANDROID_BUILD_INTERMEDIATE"
"C:\dev\ages-of-dominion-reborn\android\app\build\intermediates\compressed_assets\release\compressReleaseAssets\out\assets\www\assets\delivery\stone-starter-20261003\derivatives\v2\live\buildings\barracks-industrial.png.jar","1595270","REGENERABLE_ANDROID_BUILD_INTERMEDIATE"
"C:\dev\ages-of-dominion-reborn\android\app\build\intermediates\compressed_assets\release\compressReleaseAssets\out\assets\www\assets\delivery\stone-starter-20261003\derivatives\v2\live\buildings\barracks-iron.png.jar","1388788","REGENERABLE_ANDROID_BUILD_INTERMEDIATE"
"C:\dev\ages-of-dominion-reborn\android\app\build\intermediates\compressed_assets\release\compressReleaseAssets\out\assets\www\assets\delivery\stone-starter-20261003\derivatives\v2\live\buildings\barracks-medieval.png.jar","1184501","REGENERABLE_ANDROID_BUILD_INTERMEDIATE"
"C:\dev\ages-of-dominion-reborn\android\app\build\intermediates\compressed_assets\release\compressReleaseAssets\out\assets\www\assets\delivery\stone-starter-20261003\derivatives\v2\live\buildings\barracks-modern.png.jar","1237472","REGENERABLE_ANDROID_BUILD_INTERMEDIATE"
"C:\dev\ages-of-dominion-reborn\android\app\build\intermediates\compressed_assets\release\compressReleaseAssets\out\assets\www\assets\delivery\stone-starter-20261003\derivatives\v2\live\buildings\barracks-stone.png.jar","1394566","REGENERABLE_ANDROID_BUILD_INTERMEDIATE"
"C:\dev\ages-of-dominion-reborn\android\app\build\intermediates\compressed_assets\release\compressReleaseAssets\out\assets\www\assets\delivery\stone-starter-20261003\derivatives\v2\live\buildings\farm-bronze.png.jar","1697428","REGENERABLE_ANDROID_BUILD_INTERMEDIATE"
"C:\dev\ages-of-dominion-reborn\android\app\build\intermediates\compressed_assets\release\compressReleaseAssets\out\assets\www\assets\delivery\stone-starter-20261003\derivatives\v2\live\buildings\farm-future.png.jar","1677140","REGENERABLE_ANDROID_BUILD_INTERMEDIATE"
"C:\dev\ages-of-dominion-reborn\android\app\build\intermediates\compressed_assets\release\compressReleaseAssets\out\assets\www\assets\delivery\stone-starter-20261003\derivatives\v2\live\buildings\farm-gunpowder.png.jar","1085653","REGENERABLE_ANDROID_BUILD_INTERMEDIATE"
"C:\dev\ages-of-dominion-reborn\android\app\build\intermediates\compressed_assets\release\compressReleaseAssets\out\assets\www\assets\delivery\stone-starter-20261003\derivatives\v2\live\buildings\farm-industrial.png.jar","2184719","REGENERABLE_ANDROID_BUILD_INTERMEDIATE"
"C:\dev\ages-of-dominion-reborn\android\app\build\intermediates\compressed_assets\release\compressReleaseAssets\out\assets\www\assets\delivery\stone-starter-20261003\derivatives\v2\live\buildings\farm-iron.png.jar","2058915","REGENERABLE_ANDROID_BUILD_INTERMEDIATE"
"C:\dev\ages-of-dominion-reborn\android\app\build\intermediates\compressed_assets\release\compressReleaseAssets\out\assets\www\assets\delivery\stone-starter-20261003\derivatives\v2\live\buildings\farm-medieval.png.jar","1740631","REGENERABLE_ANDROID_BUILD_INTERMEDIATE"
"C:\dev\ages-of-dominion-reborn\android\app\build\intermediates\compressed_assets\release\compressReleaseAssets\out\assets\www\assets\delivery\stone-starter-20261003\derivatives\v2\live\buildings\farm-modern.png.jar","1584300","REGENERABLE_ANDROID_BUILD_INTERMEDIATE"
"C:\dev\ages-of-dominion-reborn\android\app\build\intermediates\compressed_assets\release\compressReleaseAssets\out\assets\www\assets\delivery\stone-starter-20261003\derivatives\v2\live\buildings\farm-stone.png.jar","1355725","REGENERABLE_ANDROID_BUILD_INTERMEDIATE"
"C:\dev\ages-of-dominion-reborn\android\app\build\intermediates\compressed_assets\release\compressReleaseAssets\out\assets\www\assets\delivery\stone-starter-20261003\derivatives\v2\live\buildings\hall-bronze.png.jar","1636089","REGENERABLE_ANDROID_BUILD_INTERMEDIATE"
"C:\dev\ages-of-dominion-reborn\android\app\build\intermediates\compressed_assets\release\compressReleaseAssets\out\assets\www\assets\delivery\stone-starter-20261003\derivatives\v2\live\buildings\hall-future.png.jar","1436997","REGENERABLE_ANDROID_BUILD_INTERMEDIATE"
"C:\dev\ages-of-dominion-reborn\android\app\build\intermediates\compressed_assets\release\compressReleaseAssets\out\assets\www\assets\delivery\stone-starter-20261003\derivatives\v2\live\buildings\hall-gunpowder.png.jar","1484155","REGENERABLE_ANDROID_BUILD_INTERMEDIATE"
"C:\dev\ages-of-dominion-reborn\android\app\build\intermediates\compressed_assets\release\compressReleaseAssets\out\assets\www\assets\delivery\stone-starter-20261003\derivatives\v2\live\buildings\hall-industrial.png.jar","1261552","REGENERABLE_ANDROID_BUILD_INTERMEDIATE"
"C:\dev\ages-of-dominion-reborn\android\app\build\intermediates\compressed_assets\release\compressReleaseAssets\out\assets\www\assets\delivery\stone-starter-20261003\derivatives\v2\live\buildings\hall-iron.png.jar","1271107","REGENERABLE_ANDROID_BUILD_INTERMEDIATE"
"C:\dev\ages-of-dominion-reborn\android\app\build\intermediates\compressed_assets\release\compressReleaseAssets\out\assets\www\assets\delivery\stone-starter-20261003\derivatives\v2\live\buildings\hall-medieval.png.jar","1603690","REGENERABLE_ANDROID_BUILD_INTERMEDIATE"
"C:\dev\ages-of-dominion-reborn\android\app\build\intermediates\compressed_assets\release\compressReleaseAssets\out\assets\www\assets\delivery\stone-starter-20261003\derivatives\v2\live\buildings\hall-modern.png.jar","1203263","REGENERABLE_ANDROID_BUILD_INTERMEDIATE"
"C:\dev\ages-of-dominion-reborn\android\app\build\intermediates\compressed_assets\release\compressReleaseAssets\out\assets\www\assets\delivery\stone-starter-20261003\derivatives\v2\live\buildings\hall-stone.png.jar","1468052","REGENERABLE_ANDROID_BUILD_INTERMEDIATE"
"C:\dev\ages-of-dominion-reborn\android\app\build\intermediates\compressed_assets\release\compressReleaseAssets\out\assets\www\assets\delivery\stone-starter-20261003\derivatives\v2\live\buildings\lumber-bronze.png.jar","1601476","REGENERABLE_ANDROID_BUILD_INTERMEDIATE"
"C:\dev\ages-of-dominion-reborn\android\app\build\intermediates\compressed_assets\release\compressReleaseAssets\out\assets\www\assets\delivery\stone-starter-20261003\derivatives\v2\live\buildings\lumber-future.png.jar","1269180","REGENERABLE_ANDROID_BUILD_INTERMEDIATE"
"C:\dev\ages-of-dominion-reborn\android\app\build\intermediates\compressed_assets\release\compressReleaseAssets\out\assets\www\assets\delivery\stone-starter-20261003\derivatives\v2\live\buildings\lumber-gunpowder.png.jar","1574329","REGENERABLE_ANDROID_BUILD_INTERMEDIATE"
"C:\dev\ages-of-dominion-reborn\android\app\build\intermediates\compressed_assets\release\compressReleaseAssets\out\assets\www\assets\delivery\stone-starter-20261003\derivatives\v2\live\buildings\lumber-industrial.png.jar","1797624","REGENERABLE_ANDROID_BUILD_INTERMEDIATE"
"C:\dev\ages-of-dominion-reborn\android\app\build\intermediates\compressed_assets\release\compressReleaseAssets\out\assets\www\assets\delivery\stone-starter-20261003\derivatives\v2\live\buildings\lumber-iron.png.jar","1738848","REGENERABLE_ANDROID_BUILD_INTERMEDIATE"
"C:\dev\ages-of-dominion-reborn\android\app\build\intermediates\compressed_assets\release\compressReleaseAssets\out\assets\www\assets\delivery\stone-starter-20261003\derivatives\v2\live\buildings\lumber-medieval.png.jar","1420696","REGENERABLE_ANDROID_BUILD_INTERMEDIATE"
"C:\dev\ages-of-dominion-reborn\android\app\build\intermediates\compressed_assets\release\compressReleaseAssets\out\assets\www\assets\delivery\stone-starter-20261003\derivatives\v2\live\buildings\lumber-modern.png.jar","1340020","REGENERABLE_ANDROID_BUILD_INTERMEDIATE"
"C:\dev\ages-of-dominion-reborn\android\app\build\intermediates\compressed_assets\release\compressReleaseAssets\out\assets\www\assets\delivery\stone-starter-20261003\derivatives\v2\live\buildings\lumber-stone.png.jar","1442094","REGENERABLE_ANDROID_BUILD_INTERMEDIATE"
"C:\dev\ages-of-dominion-reborn\android\app\build\intermediates\compressed_assets\release\compressReleaseAssets\out\assets\www\assets\delivery\stone-starter-20261003\derivatives\v2\live\buildings\mine-bronze.png.jar","1928784","REGENERABLE_ANDROID_BUILD_INTERMEDIATE"
"C:\dev\ages-of-dominion-reborn\android\app\build\intermediates\compressed_assets\release\compressReleaseAssets\out\assets\www\assets\delivery\stone-starter-20261003\derivatives\v2\live\buildings\mine-future.png.jar","1372882","REGENERABLE_ANDROID_BUILD_INTERMEDIATE"
"C:\dev\ages-of-dominion-reborn\android\app\build\intermediates\compressed_assets\release\compressReleaseAssets\out\assets\www\assets\delivery\stone-starter-20261003\derivatives\v2\live\buildings\mine-gunpowder.png.jar","1690734","REGENERABLE_ANDROID_BUILD_INTERMEDIATE"
"C:\dev\ages-of-dominion-reborn\android\app\build\intermediates\compressed_assets\release\compressReleaseAssets\out\assets\www\assets\delivery\stone-starter-20261003\derivatives\v2\live\buildings\mine-industrial.png.jar","1446020","REGENERABLE_ANDROID_BUILD_INTERMEDIATE"
"C:\dev\ages-of-dominion-reborn\android\app\build\intermediates\compressed_assets\release\compressReleaseAssets\out\assets\www\assets\delivery\stone-starter-20261003\derivatives\v2\live\buildings\mine-iron.png.jar","1744275","REGENERABLE_ANDROID_BUILD_INTERMEDIATE"
"C:\dev\ages-of-dominion-reborn\android\app\build\intermediates\compressed_assets\release\compressReleaseAssets\out\assets\www\assets\delivery\stone-starter-20261003\derivatives\v2\live\buildings\mine-medieval.png.jar","1784381","REGENERABLE_ANDROID_BUILD_INTERMEDIATE"
"C:\dev\ages-of-dominion-reborn\android\app\build\intermediates\compressed_assets\release\compressReleaseAssets\out\assets\www\assets\delivery\stone-starter-20261003\derivatives\v2\live\buildings\mine-modern.png.jar","1631054","REGENERABLE_ANDROID_BUILD_INTERMEDIATE"
"C:\dev\ages-of-dominion-reborn\android\app\build\intermediates\compressed_assets\release\compressReleaseAssets\out\assets\www\assets\delivery\stone-starter-20261003\derivatives\v2\live\buildings\mine-stone.png.jar","1214728","REGENERABLE_ANDROID_BUILD_INTERMEDIATE"
"C:\dev\ages-of-dominion-reborn\android\app\build\intermediates\compressed_assets\release\compressReleaseAssets\out\assets\www\assets\delivery\stone-starter-20261003\derivatives\v2\live\buildings\quarry-bronze.png.jar","1588747","REGENERABLE_ANDROID_BUILD_INTERMEDIATE"
"C:\dev\ages-of-dominion-reborn\android\app\build\intermediates\compressed_assets\release\compressReleaseAssets\out\assets\www\assets\delivery\stone-starter-20261003\derivatives\v2\live\buildings\quarry-future.png.jar","1666669","REGENERABLE_ANDROID_BUILD_INTERMEDIATE"
"C:\dev\ages-of-dominion-reborn\android\app\build\intermediates\compressed_assets\release\compressReleaseAssets\out\assets\www\assets\delivery\stone-starter-20261003\derivatives\v2\live\buildings\quarry-gunpowder.png.jar","1863673","REGENERABLE_ANDROID_BUILD_INTERMEDIATE"
"C:\dev\ages-of-dominion-reborn\android\app\build\intermediates\compressed_assets\release\compressReleaseAssets\out\assets\www\assets\delivery\stone-starter-20261003\derivatives\v2\live\buildings\quarry-industrial.png.jar","1524680","REGENERABLE_ANDROID_BUILD_INTERMEDIATE"
"C:\dev\ages-of-dominion-reborn\android\app\build\intermediates\compressed_assets\release\compressReleaseAssets\out\assets\www\assets\delivery\stone-starter-20261003\derivatives\v2\live\buildings\quarry-iron.png.jar","1690174","REGENERABLE_ANDROID_BUILD_INTERMEDIATE"
"C:\dev\ages-of-dominion-reborn\android\app\build\intermediates\compressed_assets\release\compressReleaseAssets\out\assets\www\assets\delivery\stone-starter-20261003\derivatives\v2\live\buildings\quarry-medieval.png.jar","1360833","REGENERABLE_ANDROID_BUILD_INTERMEDIATE"
"C:\dev\ages-of-dominion-reborn\android\app\build\intermediates\compressed_assets\release\compressReleaseAssets\out\assets\www\assets\delivery\stone-starter-20261003\derivatives\v2\live\buildings\quarry-modern.png.jar","1444771","REGENERABLE_ANDROID_BUILD_INTERMEDIATE"
"C:\dev\ages-of-dominion-reborn\android\app\build\intermediates\compressed_assets\release\compressReleaseAssets\out\assets\www\assets\delivery\stone-starter-20261003\derivatives\v2\live\buildings\quarry-stone.png.jar","1500019","REGENERABLE_ANDROID_BUILD_INTERMEDIATE"
"C:\dev\ages-of-dominion-reborn\android\app\build\intermediates\compressed_assets\release\compressReleaseAssets\out\assets\www\assets\delivery\stone-starter-20261003\derivatives\v2\live\buildings\townhall-bronze.png.jar","1787125","REGENERABLE_ANDROID_BUILD_INTERMEDIATE"
"C:\dev\ages-of-dominion-reborn\android\app\build\intermediates\compressed_assets\release\compressReleaseAssets\out\assets\www\assets\delivery\stone-starter-20261003\derivatives\v2\live\buildings\townhall-future.png.jar","1525137","REGENERABLE_ANDROID_BUILD_INTERMEDIATE"
"C:\dev\ages-of-dominion-reborn\android\app\build\intermediates\compressed_assets\release\compressReleaseAssets\out\assets\www\assets\delivery\stone-starter-20261003\derivatives\v2\live\buildings\townhall-gunpowder.png.jar","1202253","REGENERABLE_ANDROID_BUILD_INTERMEDIATE"
"C:\dev\ages-of-dominion-reborn\android\app\build\intermediates\compressed_assets\release\compressReleaseAssets\out\assets\www\assets\delivery\stone-starter-20261003\derivatives\v2\live\buildings\townhall-industrial.png.jar","1416424","REGENERABLE_ANDROID_BUILD_INTERMEDIATE"
"C:\dev\ages-of-dominion-reborn\android\app\build\intermediates\compressed_assets\release\compressReleaseAssets\out\assets\www\assets\delivery\stone-starter-20261003\derivatives\v2\live\buildings\townhall-iron.png.jar","1351224","REGENERABLE_ANDROID_BUILD_INTERMEDIATE"
"C:\dev\ages-of-dominion-reborn\android\app\build\intermediates\compressed_assets\release\compressReleaseAssets\out\assets\www\assets\delivery\stone-starter-20261003\derivatives\v2\live\buildings\townhall-medieval.png.jar","1316634","REGENERABLE_ANDROID_BUILD_INTERMEDIATE"
"C:\dev\ages-of-dominion-reborn\android\app\build\intermediates\compressed_assets\release\compressReleaseAssets\out\assets\www\assets\delivery\stone-starter-20261003\derivatives\v2\live\buildings\townhall-modern.png.jar","1288378","REGENERABLE_ANDROID_BUILD_INTERMEDIATE"
"C:\dev\ages-of-dominion-reborn\android\app\build\intermediates\compressed_assets\release\compressReleaseAssets\out\assets\www\assets\delivery\stone-starter-20261003\derivatives\v2\live\buildings\townhall-stone.png.jar","2132498","REGENERABLE_ANDROID_BUILD_INTERMEDIATE"
"C:\dev\ages-of-dominion-reborn\android\app\build\intermediates\compressed_assets\release\compressReleaseAssets\out\assets\www\assets\delivery\stone-starter-20261003\derivatives\v2\live\buildings\walls-bronze.png.jar","1271406","REGENERABLE_ANDROID_BUILD_INTERMEDIATE"
"C:\dev\ages-of-dominion-reborn\android\app\build\intermediates\compressed_assets\release\compressReleaseAssets\out\assets\www\assets\delivery\stone-starter-20261003\derivatives\v2\live\buildings\walls-future.png.jar","1140903","REGENERABLE_ANDROID_BUILD_INTERMEDIATE"
"C:\dev\ages-of-dominion-reborn\android\app\build\intermediates\compressed_assets\release\compressReleaseAssets\out\assets\www\assets\delivery\stone-starter-20261003\derivatives\v2\live\buildings\walls-gunpowder.png.jar","1508121","REGENERABLE_ANDROID_BUILD_INTERMEDIATE"
"C:\dev\ages-of-dominion-reborn\android\app\build\intermediates\compressed_assets\release\compressReleaseAssets\out\assets\www\assets\delivery\stone-starter-20261003\derivatives\v2\live\buildings\walls-industrial.png.jar","1444217","REGENERABLE_ANDROID_BUILD_INTERMEDIATE"
"C:\dev\ages-of-dominion-reborn\android\app\build\intermediates\compressed_assets\release\compressReleaseAssets\out\assets\www\assets\delivery\stone-starter-20261003\derivatives\v2\live\buildings\walls-iron.png.jar","1463800","REGENERABLE_ANDROID_BUILD_INTERMEDIATE"
"C:\dev\ages-of-dominion-reborn\android\app\build\intermediates\compressed_assets\release\compressReleaseAssets\out\assets\www\assets\delivery\stone-starter-20261003\derivatives\v2\live\buildings\walls-medieval.png.jar","1200814","REGENERABLE_ANDROID_BUILD_INTERMEDIATE"
"C:\dev\ages-of-dominion-reborn\android\app\build\intermediates\compressed_assets\release\compressReleaseAssets\out\assets\www\assets\delivery\stone-starter-20261003\derivatives\v2\live\buildings\walls-modern.png.jar","1324888","REGENERABLE_ANDROID_BUILD_INTERMEDIATE"
"C:\dev\ages-of-dominion-reborn\android\app\build\intermediates\compressed_assets\release\compressReleaseAssets\out\assets\www\assets\delivery\stone-starter-20261003\derivatives\v2\live\buildings\walls-stone.png.jar","1644070","REGENERABLE_ANDROID_BUILD_INTERMEDIATE"
"C:\dev\ages-of-dominion-reborn\android\app\build\intermediates\compressed_assets\release\compressReleaseAssets\out\assets\www\assets\delivery\stone-starter-20261003\derivatives\v2\live\buildings\workshop-bronze.png.jar","1460102","REGENERABLE_ANDROID_BUILD_INTERMEDIATE"
"C:\dev\ages-of-dominion-reborn\android\app\build\intermediates\compressed_assets\release\compressReleaseAssets\out\assets\www\assets\delivery\stone-starter-20261003\derivatives\v2\live\buildings\workshop-future.png.jar","1260038","REGENERABLE_ANDROID_BUILD_INTERMEDIATE"
"C:\dev\ages-of-dominion-reborn\android\app\build\intermediates\compressed_assets\release\compressReleaseAssets\out\assets\www\assets\delivery\stone-starter-20261003\derivatives\v2\live\buildings\workshop-gunpowder.png.jar","1417175","REGENERABLE_ANDROID_BUILD_INTERMEDIATE"
"C:\dev\ages-of-dominion-reborn\android\app\build\intermediates\compressed_assets\release\compressReleaseAssets\out\assets\www\assets\delivery\stone-starter-20261003\derivatives\v2\live\buildings\workshop-industrial.png.jar","1398972","REGENERABLE_ANDROID_BUILD_INTERMEDIATE"
"C:\dev\ages-of-dominion-reborn\android\app\build\intermediates\compressed_assets\release\compressReleaseAssets\out\assets\www\assets\delivery\stone-starter-20261003\derivatives\v2\live\buildings\workshop-iron.png.jar","1617791","REGENERABLE_ANDROID_BUILD_INTERMEDIATE"
"C:\dev\ages-of-dominion-reborn\android\app\build\intermediates\compressed_assets\release\compressReleaseAssets\out\assets\www\assets\delivery\stone-starter-20261003\derivatives\v2\live\buildings\workshop-medieval.png.jar","1623122","REGENERABLE_ANDROID_BUILD_INTERMEDIATE"
"C:\dev\ages-of-dominion-reborn\android\app\build\intermediates\compressed_assets\release\compressReleaseAssets\out\assets\www\assets\delivery\stone-starter-20261003\derivatives\v2\live\buildings\workshop-modern.png.jar","1722125","REGENERABLE_ANDROID_BUILD_INTERMEDIATE"
"C:\dev\ages-of-dominion-reborn\android\app\build\intermediates\compressed_assets\release\compressReleaseAssets\out\assets\www\assets\delivery\stone-starter-20261003\derivatives\v2\live\buildings\workshop-stone.png.jar","2106959","REGENERABLE_ANDROID_BUILD_INTERMEDIATE"
"C:\dev\ages-of-dominion-reborn\android\app\build\intermediates\compressed_assets\release\compressReleaseAssets\out\assets\www\assets\delivery\stone-starter-20261003\derivatives\v2\live\mounts\horse-body.png.jar","1459712","REGENERABLE_ANDROID_BUILD_INTERMEDIATE"
"C:\dev\ages-of-dominion-reborn\android\app\build\intermediates\compressed_assets\release\compressReleaseAssets\out\assets\www\assets\delivery\stone-starter-20261003\derivatives\v2\live\mounts\horse.png.jar","1459804","REGENERABLE_ANDROID_BUILD_INTERMEDIATE"
"C:\dev\ages-of-dominion-reborn\android\app\build\intermediates\compressed_assets\release\compressReleaseAssets\out\assets\www\assets\delivery\stone-starter-20261003\derivatives\v2\live\plates\attacker-bronze-archer.png.jar","831264","REGENERABLE_ANDROID_BUILD_INTERMEDIATE"
"C:\dev\ages-of-dominion-reborn\android\app\build\intermediates\compressed_assets\release\compressReleaseAssets\out\assets\www\assets\delivery\stone-starter-20261003\derivatives\v2\live\plates\attacker-bronze-brute.png.jar","1114171","REGENERABLE_ANDROID_BUILD_INTERMEDIATE"
"C:\dev\ages-of-dominion-reborn\android\app\build\intermediates\compressed_assets\release\compressReleaseAssets\out\assets\www\assets\delivery\stone-starter-20261003\derivatives\v2\live\plates\attacker-bronze-runner.png.jar","2255169","REGENERABLE_ANDROID_BUILD_INTERMEDIATE"
"C:\dev\ages-of-dominion-reborn\android\app\build\intermediates\compressed_assets\release\compressReleaseAssets\out\assets\www\assets\delivery\stone-starter-20261003\derivatives\v2\live\plates\attacker-bronze-sapper.png.jar","1175680","REGENERABLE_ANDROID_BUILD_INTERMEDIATE"
"C:\dev\ages-of-dominion-reborn\android\app\build\intermediates\compressed_assets\release\compressReleaseAssets\out\assets\www\assets\delivery\stone-starter-20261003\derivatives\v2\live\plates\attacker-bronze-shaman.png.jar","1003866","REGENERABLE_ANDROID_BUILD_INTERMEDIATE"
"C:\dev\ages-of-dominion-reborn\android\app\build\intermediates\compressed_assets\release\compressReleaseAssets\out\assets\www\assets\delivery\stone-starter-20261003\derivatives\v2\live\plates\attacker-future-archer.png.jar","1343932","REGENERABLE_ANDROID_BUILD_INTERMEDIATE"
"C:\dev\ages-of-dominion-reborn\android\app\build\intermediates\compressed_assets\release\compressReleaseAssets\out\assets\www\assets\delivery\stone-starter-20261003\derivatives\v2\live\plates\attacker-future-brute.png.jar","1288128","REGENERABLE_ANDROID_BUILD_INTERMEDIATE"
"C:\dev\ages-of-dominion-reborn\android\app\build\intermediates\compressed_assets\release\compressReleaseAssets\out\assets\www\assets\delivery\stone-starter-20261003\derivatives\v2\live\plates\attacker-future-runner.png.jar","1048452","REGENERABLE_ANDROID_BUILD_INTERMEDIATE"
"C:\dev\ages-of-dominion-reborn\android\app\build\intermediates\compressed_assets\release\compressReleaseAssets\out\assets\www\assets\delivery\stone-starter-20261003\derivatives\v2\live\plates\attacker-future-sapper.png.jar","825541","REGENERABLE_ANDROID_BUILD_INTERMEDIATE"
"C:\dev\ages-of-dominion-reborn\android\app\build\intermediates\compressed_assets\release\compressReleaseAssets\out\assets\www\assets\delivery\stone-starter-20261003\derivatives\v2\live\plates\attacker-future-shaman.png.jar","1340240","REGENERABLE_ANDROID_BUILD_INTERMEDIATE"
"C:\dev\ages-of-dominion-reborn\android\app\build\intermediates\compressed_assets\release\compressReleaseAssets\out\assets\www\assets\delivery\stone-starter-20261003\derivatives\v2\live\plates\attacker-gunpowder-archer.png.jar","711582","REGENERABLE_ANDROID_BUILD_INTERMEDIATE"
"C:\dev\ages-of-dominion-reborn\android\app\build\intermediates\compressed_assets\release\compressReleaseAssets\out\assets\www\assets\delivery\stone-starter-20261003\derivatives\v2\live\plates\attacker-gunpowder-brute.png.jar","785965","REGENERABLE_ANDROID_BUILD_INTERMEDIATE"
"C:\dev\ages-of-dominion-reborn\android\app\build\intermediates\compressed_assets\release\compressReleaseAssets\out\assets\www\assets\delivery\stone-starter-20261003\derivatives\v2\live\plates\attacker-gunpowder-runner.png.jar","575206","REGENERABLE_ANDROID_BUILD_INTERMEDIATE"
"C:\dev\ages-of-dominion-reborn\android\app\build\intermediates\compressed_assets\release\compressReleaseAssets\out\assets\www\assets\delivery\stone-starter-20261003\derivatives\v2\live\plates\attacker-gunpowder-sapper.png.jar","1174777","REGENERABLE_ANDROID_BUILD_INTERMEDIATE"
"C:\dev\ages-of-dominion-reborn\android\app\build\intermediates\compressed_assets\release\compressReleaseAssets\out\assets\www\assets\delivery\stone-starter-20261003\derivatives\v2\live\plates\attacker-gunpowder-shaman.png.jar","1108108","REGENERABLE_ANDROID_BUILD_INTERMEDIATE"
"C:\dev\ages-of-dominion-reborn\android\app\build\intermediates\compressed_assets\release\compressReleaseAssets\out\assets\www\assets\delivery\stone-starter-20261003\derivatives\v2\live\plates\attacker-industrial-archer.png.jar","1119229","REGENERABLE_ANDROID_BUILD_INTERMEDIATE"
"C:\dev\ages-of-dominion-reborn\android\app\build\intermediates\compressed_assets\release\compressReleaseAssets\out\assets\www\assets\delivery\stone-starter-20261003\derivatives\v2\live\plates\attacker-industrial-brute.png.jar","1166047","REGENERABLE_ANDROID_BUILD_INTERMEDIATE"
"C:\dev\ages-of-dominion-reborn\android\app\build\intermediates\compressed_assets\release\compressReleaseAssets\out\assets\www\assets\delivery\stone-starter-20261003\derivatives\v2\live\plates\attacker-industrial-runner.png.jar","777893","REGENERABLE_ANDROID_BUILD_INTERMEDIATE"
"C:\dev\ages-of-dominion-reborn\android\app\build\intermediates\compressed_assets\release\compressReleaseAssets\out\assets\www\assets\delivery\stone-starter-20261003\derivatives\v2\live\plates\attacker-industrial-sapper.png.jar","700646","REGENERABLE_ANDROID_BUILD_INTERMEDIATE"
"C:\dev\ages-of-dominion-reborn\android\app\build\intermediates\compressed_assets\release\compressReleaseAssets\out\assets\www\assets\delivery\stone-starter-20261003\derivatives\v2\live\plates\attacker-industrial-shaman.png.jar","1015463","REGENERABLE_ANDROID_BUILD_INTERMEDIATE"
"C:\dev\ages-of-dominion-reborn\android\app\build\intermediates\compressed_assets\release\compressReleaseAssets\out\assets\www\assets\delivery\stone-starter-20261003\derivatives\v2\live\plates\attacker-iron-archer.png.jar","828391","REGENERABLE_ANDROID_BUILD_INTERMEDIATE"
"C:\dev\ages-of-dominion-reborn\android\app\build\intermediates\compressed_assets\release\compressReleaseAssets\out\assets\www\assets\delivery\stone-starter-20261003\derivatives\v2\live\plates\attacker-iron-brute.png.jar","954193","REGENERABLE_ANDROID_BUILD_INTERMEDIATE"
"C:\dev\ages-of-dominion-reborn\android\app\build\intermediates\compressed_assets\release\compressReleaseAssets\out\assets\www\assets\delivery\stone-starter-20261003\derivatives\v2\live\plates\attacker-iron-runner.png.jar","860202","REGENERABLE_ANDROID_BUILD_INTERMEDIATE"
"C:\dev\ages-of-dominion-reborn\android\app\build\intermediates\compressed_assets\release\compressReleaseAssets\out\assets\www\assets\delivery\stone-starter-20261003\derivatives\v2\live\plates\attacker-iron-sapper.png.jar","916342","REGENERABLE_ANDROID_BUILD_INTERMEDIATE"
"C:\dev\ages-of-dominion-reborn\android\app\build\intermediates\compressed_assets\release\compressReleaseAssets\out\assets\www\assets\delivery\stone-starter-20261003\derivatives\v2\live\plates\attacker-iron-shaman.png.jar","517610","REGENERABLE_ANDROID_BUILD_INTERMEDIATE"
"C:\dev\ages-of-dominion-reborn\android\app\build\intermediates\compressed_assets\release\compressReleaseAssets\out\assets\www\assets\delivery\stone-starter-20261003\derivatives\v2\live\plates\attacker-medieval-archer.png.jar","1683145","REGENERABLE_ANDROID_BUILD_INTERMEDIATE"
"C:\dev\ages-of-dominion-reborn\android\app\build\intermediates\compressed_assets\release\compressReleaseAssets\out\assets\www\assets\delivery\stone-starter-20261003\derivatives\v2\live\plates\attacker-medieval-brute.png.jar","1041773","REGENERABLE_ANDROID_BUILD_INTERMEDIATE"
"C:\dev\ages-of-dominion-reborn\android\app\build\intermediates\compressed_assets\release\compressReleaseAssets\out\assets\www\assets\delivery\stone-starter-20261003\derivatives\v2\live\plates\attacker-medieval-runner.png.jar","832560","REGENERABLE_ANDROID_BUILD_INTERMEDIATE"
"C:\dev\ages-of-dominion-reborn\android\app\build\intermediates\compressed_assets\release\compressReleaseAssets\out\assets\www\assets\delivery\stone-starter-20261003\derivatives\v2\live\plates\attacker-medieval-sapper.png.jar","955182","REGENERABLE_ANDROID_BUILD_INTERMEDIATE"
"C:\dev\ages-of-dominion-reborn\android\app\build\intermediates\compressed_assets\release\compressReleaseAssets\out\assets\www\assets\delivery\stone-starter-20261003\derivatives\v2\live\plates\attacker-medieval-shaman.png.jar","594168","REGENERABLE_ANDROID_BUILD_INTERMEDIATE"
"C:\dev\ages-of-dominion-reborn\android\app\build\intermediates\compressed_assets\release\compressReleaseAssets\out\assets\www\assets\delivery\stone-starter-20261003\derivatives\v2\live\plates\attacker-modern-archer.png.jar","715815","REGENERABLE_ANDROID_BUILD_INTERMEDIATE"
"C:\dev\ages-of-dominion-reborn\android\app\build\intermediates\compressed_assets\release\compressReleaseAssets\out\assets\www\assets\delivery\stone-starter-20261003\derivatives\v2\live\plates\attacker-modern-brute.png.jar","888158","REGENERABLE_ANDROID_BUILD_INTERMEDIATE"
"C:\dev\ages-of-dominion-reborn\android\app\build\intermediates\compressed_assets\release\compressReleaseAssets\out\assets\www\assets\delivery\stone-starter-20261003\derivatives\v2\live\plates\attacker-modern-runner.png.jar","631969","REGENERABLE_ANDROID_BUILD_INTERMEDIATE"
"C:\dev\ages-of-dominion-reborn\android\app\build\intermediates\compressed_assets\release\compressReleaseAssets\out\assets\www\assets\delivery\stone-starter-20261003\derivatives\v2\live\plates\attacker-modern-sapper.png.jar","616007","REGENERABLE_ANDROID_BUILD_INTERMEDIATE"
"C:\dev\ages-of-dominion-reborn\android\app\build\intermediates\compressed_assets\release\compressReleaseAssets\out\assets\www\assets\delivery\stone-starter-20261003\derivatives\v2\live\plates\attacker-modern-shaman.png.jar","636138","REGENERABLE_ANDROID_BUILD_INTERMEDIATE"
"C:\dev\ages-of-dominion-reborn\android\app\build\intermediates\compressed_assets\release\compressReleaseAssets\out\assets\www\assets\delivery\stone-starter-20261003\derivatives\v2\live\plates\attacker-stone-archer.png.jar","736820","REGENERABLE_ANDROID_BUILD_INTERMEDIATE"
"C:\dev\ages-of-dominion-reborn\android\app\build\intermediates\compressed_assets\release\compressReleaseAssets\out\assets\www\assets\delivery\stone-starter-20261003\derivatives\v2\live\plates\attacker-stone-brute.png.jar","920108","REGENERABLE_ANDROID_BUILD_INTERMEDIATE"
"C:\dev\ages-of-dominion-reborn\android\app\build\intermediates\compressed_assets\release\compressReleaseAssets\out\assets\www\assets\delivery\stone-starter-20261003\derivatives\v2\live\plates\attacker-stone-runner.png.jar","814447","REGENERABLE_ANDROID_BUILD_INTERMEDIATE"
"C:\dev\ages-of-dominion-reborn\android\app\build\intermediates\compressed_assets\release\compressReleaseAssets\out\assets\www\assets\delivery\stone-starter-20261003\derivatives\v2\live\plates\attacker-stone-sapper.png.jar","1033524","REGENERABLE_ANDROID_BUILD_INTERMEDIATE"
"C:\dev\ages-of-dominion-reborn\android\app\build\intermediates\compressed_assets\release\compressReleaseAssets\out\assets\www\assets\delivery\stone-starter-20261003\derivatives\v2\live\plates\attacker-stone-shaman.png.jar","935075","REGENERABLE_ANDROID_BUILD_INTERMEDIATE"
"C:\dev\ages-of-dominion-reborn\android\app\build\intermediates\compressed_assets\release\compressReleaseAssets\out\assets\www\assets\delivery\stone-starter-20261003\derivatives\v2\live\plates\creature-bandit.png.jar","528892","REGENERABLE_ANDROID_BUILD_INTERMEDIATE"
"C:\dev\ages-of-dominion-reborn\android\app\build\intermediates\compressed_assets\release\compressReleaseAssets\out\assets\www\assets\delivery\stone-starter-20261003\derivatives\v2\live\plates\creature-bear.png.jar","1147264","REGENERABLE_ANDROID_BUILD_INTERMEDIATE"
"C:\dev\ages-of-dominion-reborn\android\app\build\intermediates\compressed_assets\release\compressReleaseAssets\out\assets\www\assets\delivery\stone-starter-20261003\derivatives\v2\live\plates\creature-drone.png.jar","728014","REGENERABLE_ANDROID_BUILD_INTERMEDIATE"
"C:\dev\ages-of-dominion-reborn\android\app\build\intermediates\compressed_assets\release\compressReleaseAssets\out\assets\www\assets\delivery\stone-starter-20261003\derivatives\v2\live\plates\creature-golem.png.jar","1254013","REGENERABLE_ANDROID_BUILD_INTERMEDIATE"
"C:\dev\ages-of-dominion-reborn\android\app\build\intermediates\compressed_assets\release\compressReleaseAssets\out\assets\www\assets\delivery\stone-starter-20261003\derivatives\v2\live\plates\creature-griffin.png.jar","1121734","REGENERABLE_ANDROID_BUILD_INTERMEDIATE"
"C:\dev\ages-of-dominion-reborn\android\app\build\intermediates\compressed_assets\release\compressReleaseAssets\out\assets\www\assets\delivery\stone-starter-20261003\derivatives\v2\live\plates\creature-harpy.png.jar","1397923","REGENERABLE_ANDROID_BUILD_INTERMEDIATE"
"C:\dev\ages-of-dominion-reborn\android\app\build\intermediates\compressed_assets\release\compressReleaseAssets\out\assets\www\assets\delivery\stone-starter-20261003\derivatives\v2\live\plates\creature-wolf.png.jar","1396574","REGENERABLE_ANDROID_BUILD_INTERMEDIATE"
"C:\dev\ages-of-dominion-reborn\android\app\build\intermediates\compressed_assets\release\compressReleaseAssets\out\assets\www\assets\delivery\stone-starter-20261003\derivatives\v2\live\plates\creature-wyvern.png.jar","1239018","REGENERABLE_ANDROID_BUILD_INTERMEDIATE"
"C:\dev\ages-of-dominion-reborn\android\app\build\intermediates\compressed_assets\release\compressReleaseAssets\out\assets\www\assets\delivery\stone-starter-20261003\derivatives\v2\live\plates\effect-arrow.png.jar","1546430","REGENERABLE_ANDROID_BUILD_INTERMEDIATE"
"C:\dev\ages-of-dominion-reborn\android\app\build\intermediates\compressed_assets\release\compressReleaseAssets\out\assets\www\assets\delivery\stone-starter-20261003\derivatives\v2\live\plates\effect-bless.png.jar","1729936","REGENERABLE_ANDROID_BUILD_INTERMEDIATE"
"C:\dev\ages-of-dominion-reborn\android\app\build\intermediates\compressed_assets\release\compressReleaseAssets\out\assets\www\assets\delivery\stone-starter-20261003\derivatives\v2\live\plates\effect-spell-fireball.png.jar","1663970","REGENERABLE_ANDROID_BUILD_INTERMEDIATE"
"C:\dev\ages-of-dominion-reborn\android\app\build\intermediates\compressed_assets\release\compressReleaseAssets\out\assets\www\assets\delivery\stone-starter-20261003\derivatives\v2\live\plates\effect-spell-slow.png.jar","2056898","REGENERABLE_ANDROID_BUILD_INTERMEDIATE"
"C:\dev\ages-of-dominion-reborn\android\app\build\intermediates\compressed_assets\release\compressReleaseAssets\out\assets\www\assets\delivery\stone-starter-20261003\derivatives\v2\live\plates\tower-bronze-arrow.png.jar","664826","REGENERABLE_ANDROID_BUILD_INTERMEDIATE"
"C:\dev\ages-of-dominion-reborn\android\app\build\intermediates\compressed_assets\release\compressReleaseAssets\out\assets\www\assets\delivery\stone-starter-20261003\derivatives\v2\live\plates\tower-bronze-slow.png.jar","1448554","REGENERABLE_ANDROID_BUILD_INTERMEDIATE"
"C:\dev\ages-of-dominion-reborn\android\app\build\intermediates\compressed_assets\release\compressReleaseAssets\out\assets\www\assets\delivery\stone-starter-20261003\derivatives\v2\live\plates\tower-bronze-splash.png.jar","1540539","REGENERABLE_ANDROID_BUILD_INTERMEDIATE"
"C:\dev\ages-of-dominion-reborn\android\app\build\intermediates\compressed_assets\release\compressReleaseAssets\out\assets\www\assets\delivery\stone-starter-20261003\derivatives\v2\live\plates\tower-bronze-support.png.jar","1568762","REGENERABLE_ANDROID_BUILD_INTERMEDIATE"
"C:\dev\ages-of-dominion-reborn\android\app\build\intermediates\compressed_assets\release\compressReleaseAssets\out\assets\www\assets\delivery\stone-starter-20261003\derivatives\v2\live\plates\tower-future-arrow.png.jar","591861","REGENERABLE_ANDROID_BUILD_INTERMEDIATE"
"C:\dev\ages-of-dominion-reborn\android\app\build\intermediates\compressed_assets\release\compressReleaseAssets\out\assets\www\assets\delivery\stone-starter-20261003\derivatives\v2\live\plates\tower-future-slow.png.jar","1257386","REGENERABLE_ANDROID_BUILD_INTERMEDIATE"
"C:\dev\ages-of-dominion-reborn\android\app\build\intermediates\compressed_assets\release\compressReleaseAssets\out\assets\www\assets\delivery\stone-starter-20261003\derivatives\v2\live\plates\tower-future-splash.png.jar","1142028","REGENERABLE_ANDROID_BUILD_INTERMEDIATE"
"C:\dev\ages-of-dominion-reborn\android\app\build\intermediates\compressed_assets\release\compressReleaseAssets\out\assets\www\assets\delivery\stone-starter-20261003\derivatives\v2\live\plates\tower-future-support.png.jar","1301151","REGENERABLE_ANDROID_BUILD_INTERMEDIATE"
"C:\dev\ages-of-dominion-reborn\android\app\build\intermediates\compressed_assets\release\compressReleaseAssets\out\assets\www\assets\delivery\stone-starter-20261003\derivatives\v2\live\plates\tower-gunpowder-arrow.png.jar","953907","REGENERABLE_ANDROID_BUILD_INTERMEDIATE"
"C:\dev\ages-of-dominion-reborn\android\app\build\intermediates\compressed_assets\release\compressReleaseAssets\out\assets\www\assets\delivery\stone-starter-20261003\derivatives\v2\live\plates\tower-gunpowder-slow.png.jar","1207891","REGENERABLE_ANDROID_BUILD_INTERMEDIATE"
"C:\dev\ages-of-dominion-reborn\android\app\build\intermediates\compressed_assets\release\compressReleaseAssets\out\assets\www\assets\delivery\stone-starter-20261003\derivatives\v2\live\plates\tower-gunpowder-splash.png.jar","1680667","REGENERABLE_ANDROID_BUILD_INTERMEDIATE"
"C:\dev\ages-of-dominion-reborn\android\app\build\intermediates\compressed_assets\release\compressReleaseAssets\out\assets\www\assets\delivery\stone-starter-20261003\derivatives\v2\live\plates\tower-gunpowder-support.png.jar","956567","REGENERABLE_ANDROID_BUILD_INTERMEDIATE"
"C:\dev\ages-of-dominion-reborn\android\app\build\intermediates\compressed_assets\release\compressReleaseAssets\out\assets\www\assets\delivery\stone-starter-20261003\derivatives\v2\live\plates\tower-industrial-arrow.png.jar","828431","REGENERABLE_ANDROID_BUILD_INTERMEDIATE"
"C:\dev\ages-of-dominion-reborn\android\app\build\intermediates\compressed_assets\release\compressReleaseAssets\out\assets\www\assets\delivery\stone-starter-20261003\derivatives\v2\live\plates\tower-industrial-slow.png.jar","1353685","REGENERABLE_ANDROID_BUILD_INTERMEDIATE"
"C:\dev\ages-of-dominion-reborn\android\app\build\intermediates\compressed_assets\release\compressReleaseAssets\out\assets\www\assets\delivery\stone-starter-20261003\derivatives\v2\live\plates\tower-industrial-splash.png.jar","1633941","REGENERABLE_ANDROID_BUILD_INTERMEDIATE"
"C:\dev\ages-of-dominion-reborn\android\app\build\intermediates\compressed_assets\release\compressReleaseAssets\out\assets\www\assets\delivery\stone-starter-20261003\derivatives\v2\live\plates\tower-industrial-support.png.jar","799990","REGENERABLE_ANDROID_BUILD_INTERMEDIATE"
"C:\dev\ages-of-dominion-reborn\android\app\build\intermediates\compressed_assets\release\compressReleaseAssets\out\assets\www\assets\delivery\stone-starter-20261003\derivatives\v2\live\plates\tower-iron-arrow.png.jar","944577","REGENERABLE_ANDROID_BUILD_INTERMEDIATE"
"C:\dev\ages-of-dominion-reborn\android\app\build\intermediates\compressed_assets\release\compressReleaseAssets\out\assets\www\assets\delivery\stone-starter-20261003\derivatives\v2\live\plates\tower-iron-slow.png.jar","1007563","REGENERABLE_ANDROID_BUILD_INTERMEDIATE"
"C:\dev\ages-of-dominion-reborn\android\app\build\intermediates\compressed_assets\release\compressReleaseAssets\out\assets\www\assets\delivery\stone-starter-20261003\derivatives\v2\live\plates\tower-iron-splash.png.jar","1616390","REGENERABLE_ANDROID_BUILD_INTERMEDIATE"
"C:\dev\ages-of-dominion-reborn\android\app\build\intermediates\compressed_assets\release\compressReleaseAssets\out\assets\www\assets\delivery\stone-starter-20261003\derivatives\v2\live\plates\tower-iron-support.png.jar","1446763","REGENERABLE_ANDROID_BUILD_INTERMEDIATE"
"C:\dev\ages-of-dominion-reborn\android\app\build\intermediates\compressed_assets\release\compressReleaseAssets\out\assets\www\assets\delivery\stone-starter-20261003\derivatives\v2\live\plates\tower-medieval-arrow.png.jar","1378451","REGENERABLE_ANDROID_BUILD_INTERMEDIATE"
"C:\dev\ages-of-dominion-reborn\android\app\build\intermediates\compressed_assets\release\compressReleaseAssets\out\assets\www\assets\delivery\stone-starter-20261003\derivatives\v2\live\plates\tower-medieval-slow.png.jar","993892","REGENERABLE_ANDROID_BUILD_INTERMEDIATE"
"C:\dev\ages-of-dominion-reborn\android\app\build\intermediates\compressed_assets\release\compressReleaseAssets\out\assets\www\assets\delivery\stone-starter-20261003\derivatives\v2\live\plates\tower-medieval-splash.png.jar","1360685","REGENERABLE_ANDROID_BUILD_INTERMEDIATE"
"C:\dev\ages-of-dominion-reborn\android\app\build\intermediates\compressed_assets\release\compressReleaseAssets\out\assets\www\assets\delivery\stone-starter-20261003\derivatives\v2\live\plates\tower-medieval-support.png.jar","1497816","REGENERABLE_ANDROID_BUILD_INTERMEDIATE"
"C:\dev\ages-of-dominion-reborn\android\app\build\intermediates\compressed_assets\release\compressReleaseAssets\out\assets\www\assets\delivery\stone-starter-20261003\derivatives\v2\live\plates\tower-modern-arrow.png.jar","1197420","REGENERABLE_ANDROID_BUILD_INTERMEDIATE"
"C:\dev\ages-of-dominion-reborn\android\app\build\intermediates\compressed_assets\release\compressReleaseAssets\out\assets\www\assets\delivery\stone-starter-20261003\derivatives\v2\live\plates\tower-modern-slow.png.jar","1274935","REGENERABLE_ANDROID_BUILD_INTERMEDIATE"
"C:\dev\ages-of-dominion-reborn\android\app\build\intermediates\compressed_assets\release\compressReleaseAssets\out\assets\www\assets\delivery\stone-starter-20261003\derivatives\v2\live\plates\tower-modern-splash.png.jar","1095774","REGENERABLE_ANDROID_BUILD_INTERMEDIATE"
"C:\dev\ages-of-dominion-reborn\android\app\build\intermediates\compressed_assets\release\compressReleaseAssets\out\assets\www\assets\delivery\stone-starter-20261003\derivatives\v2\live\plates\tower-modern-support.png.jar","1300459","REGENERABLE_ANDROID_BUILD_INTERMEDIATE"
"C:\dev\ages-of-dominion-reborn\android\app\build\intermediates\compressed_assets\release\compressReleaseAssets\out\assets\www\assets\delivery\stone-starter-20261003\derivatives\v2\live\plates\tower-stone-arrow.png.jar","1058851","REGENERABLE_ANDROID_BUILD_INTERMEDIATE"
"C:\dev\ages-of-dominion-reborn\android\app\build\intermediates\compressed_assets\release\compressReleaseAssets\out\assets\www\assets\delivery\stone-starter-20261003\derivatives\v2\live\plates\tower-stone-slow.png.jar","1404821","REGENERABLE_ANDROID_BUILD_INTERMEDIATE"
"C:\dev\ages-of-dominion-reborn\android\app\build\intermediates\compressed_assets\release\compressReleaseAssets\out\assets\www\assets\delivery\stone-starter-20261003\derivatives\v2\live\plates\tower-stone-splash.png.jar","841229","REGENERABLE_ANDROID_BUILD_INTERMEDIATE"
"C:\dev\ages-of-dominion-reborn\android\app\build\intermediates\compressed_assets\release\compressReleaseAssets\out\assets\www\assets\delivery\stone-starter-20261003\derivatives\v2\live\plates\tower-stone-support.png.jar","1418968","REGENERABLE_ANDROID_BUILD_INTERMEDIATE"
"C:\dev\ages-of-dominion-reborn\android\app\build\intermediates\compressed_assets\release\compressReleaseAssets\out\assets\www\assets\delivery\stone-starter-20261003\derivatives\v2\live\plates\troop-bronze-heavy.png.jar","805338","REGENERABLE_ANDROID_BUILD_INTERMEDIATE"
"C:\dev\ages-of-dominion-reborn\android\app\build\intermediates\compressed_assets\release\compressReleaseAssets\out\assets\www\assets\delivery\stone-starter-20261003\derivatives\v2\live\plates\troop-bronze-melee.png.jar","451186","REGENERABLE_ANDROID_BUILD_INTERMEDIATE"
"C:\dev\ages-of-dominion-reborn\android\app\build\intermediates\compressed_assets\release\compressReleaseAssets\out\assets\www\assets\delivery\stone-starter-20261003\derivatives\v2\live\plates\troop-bronze-ranged.png.jar","837730","REGENERABLE_ANDROID_BUILD_INTERMEDIATE"
"C:\dev\ages-of-dominion-reborn\android\app\build\intermediates\compressed_assets\release\compressReleaseAssets\out\assets\www\assets\delivery\stone-starter-20261003\derivatives\v2\live\plates\troop-future-heavy.png.jar","849421","REGENERABLE_ANDROID_BUILD_INTERMEDIATE"
"C:\dev\ages-of-dominion-reborn\android\app\build\intermediates\compressed_assets\release\compressReleaseAssets\out\assets\www\assets\delivery\stone-starter-20261003\derivatives\v2\live\plates\troop-future-melee.png.jar","810472","REGENERABLE_ANDROID_BUILD_INTERMEDIATE"
"C:\dev\ages-of-dominion-reborn\android\app\build\intermediates\compressed_assets\release\compressReleaseAssets\out\assets\www\assets\delivery\stone-starter-20261003\derivatives\v2\live\plates\troop-future-ranged.png.jar","767063","REGENERABLE_ANDROID_BUILD_INTERMEDIATE"
"C:\dev\ages-of-dominion-reborn\android\app\build\intermediates\compressed_assets\release\compressReleaseAssets\out\assets\www\assets\delivery\stone-starter-20261003\derivatives\v2\live\plates\troop-gunpowder-heavy.png.jar","1121809","REGENERABLE_ANDROID_BUILD_INTERMEDIATE"
"C:\dev\ages-of-dominion-reborn\android\app\build\intermediates\compressed_assets\release\compressReleaseAssets\out\assets\www\assets\delivery\stone-starter-20261003\derivatives\v2\live\plates\troop-gunpowder-melee.png.jar","698428","REGENERABLE_ANDROID_BUILD_INTERMEDIATE"
"C:\dev\ages-of-dominion-reborn\android\app\build\intermediates\compressed_assets\release\compressReleaseAssets\out\assets\www\assets\delivery\stone-starter-20261003\derivatives\v2\live\plates\troop-gunpowder-ranged.png.jar","591249","REGENERABLE_ANDROID_BUILD_INTERMEDIATE"
"C:\dev\ages-of-dominion-reborn\android\app\build\intermediates\compressed_assets\release\compressReleaseAssets\out\assets\www\assets\delivery\stone-starter-20261003\derivatives\v2\live\plates\troop-industrial-melee.png.jar","895745","REGENERABLE_ANDROID_BUILD_INTERMEDIATE"
"C:\dev\ages-of-dominion-reborn\android\app\build\intermediates\compressed_assets\release\compressReleaseAssets\out\assets\www\assets\delivery\stone-starter-20261003\derivatives\v2\live\plates\troop-industrial-ranged.png.jar","574224","REGENERABLE_ANDROID_BUILD_INTERMEDIATE"
"C:\dev\ages-of-dominion-reborn\android\app\build\intermediates\compressed_assets\release\compressReleaseAssets\out\assets\www\assets\delivery\stone-starter-20261003\derivatives\v2\live\plates\troop-iron-heavy.png.jar","851198","REGENERABLE_ANDROID_BUILD_INTERMEDIATE"
"C:\dev\ages-of-dominion-reborn\android\app\build\intermediates\compressed_assets\release\compressReleaseAssets\out\assets\www\assets\delivery\stone-starter-20261003\derivatives\v2\live\plates\troop-iron-ranged.png.jar","729716","REGENERABLE_ANDROID_BUILD_INTERMEDIATE"
"C:\dev\ages-of-dominion-reborn\android\app\build\intermediates\compressed_assets\release\compressReleaseAssets\out\assets\www\assets\delivery\stone-starter-20261003\derivatives\v2\live\plates\troop-medieval-heavy.png.jar","741129","REGENERABLE_ANDROID_BUILD_INTERMEDIATE"
"C:\dev\ages-of-dominion-reborn\android\app\build\intermediates\compressed_assets\release\compressReleaseAssets\out\assets\www\assets\delivery\stone-starter-20261003\derivatives\v2\live\plates\troop-medieval-melee.png.jar","747375","REGENERABLE_ANDROID_BUILD_INTERMEDIATE"
"C:\dev\ages-of-dominion-reborn\android\app\build\intermediates\compressed_assets\release\compressReleaseAssets\out\assets\www\assets\delivery\stone-starter-20261003\derivatives\v2\live\plates\troop-medieval-ranged.png.jar","523973","REGENERABLE_ANDROID_BUILD_INTERMEDIATE"
"C:\dev\ages-of-dominion-reborn\android\app\build\intermediates\compressed_assets\release\compressReleaseAssets\out\assets\www\assets\delivery\stone-starter-20261003\derivatives\v2\live\plates\troop-modern-heavy.png.jar","805806","REGENERABLE_ANDROID_BUILD_INTERMEDIATE"
"C:\dev\ages-of-dominion-reborn\android\app\build\intermediates\compressed_assets\release\compressReleaseAssets\out\assets\www\assets\delivery\stone-starter-20261003\derivatives\v2\live\plates\troop-modern-melee.png.jar","724932","REGENERABLE_ANDROID_BUILD_INTERMEDIATE"
"C:\dev\ages-of-dominion-reborn\android\app\build\intermediates\compressed_assets\release\compressReleaseAssets\out\assets\www\assets\delivery\stone-starter-20261003\derivatives\v2\live\plates\troop-modern-ranged.png.jar","594009","REGENERABLE_ANDROID_BUILD_INTERMEDIATE"
"C:\dev\ages-of-dominion-reborn\android\app\build\intermediates\compressed_assets\release\compressReleaseAssets\out\assets\www\assets\delivery\stone-starter-20261003\derivatives\v2\live\plates\troop-stone-heavy.png.jar","936293","REGENERABLE_ANDROID_BUILD_INTERMEDIATE"
"C:\dev\ages-of-dominion-reborn\android\app\build\intermediates\compressed_assets\release\compressReleaseAssets\out\assets\www\assets\delivery\stone-starter-20261003\derivatives\v2\live\plates\troop-stone-melee.png.jar","1073236","REGENERABLE_ANDROID_BUILD_INTERMEDIATE"
"C:\dev\ages-of-dominion-reborn\android\app\build\intermediates\compressed_assets\release\compressReleaseAssets\out\assets\www\assets\delivery\stone-starter-20261003\derivatives\v2\live\plates\troop-stone-ranged.png.jar","1034350","REGENERABLE_ANDROID_BUILD_INTERMEDIATE"
"C:\dev\ages-of-dominion-reborn\android\app\build\intermediates\compressed_assets\release\compressReleaseAssets\out\assets\www\assets\delivery\stone-starter-20261003\derivatives\v2\live\rigs\barbarian.png.jar","1731022","REGENERABLE_ANDROID_BUILD_INTERMEDIATE"
"C:\dev\ages-of-dominion-reborn\android\app\build\intermediates\compressed_assets\release\compressReleaseAssets\out\assets\www\assets\delivery\stone-starter-20261003\derivatives\v2\live\rigs\healer.png.jar","1725539","REGENERABLE_ANDROID_BUILD_INTERMEDIATE"
"C:\dev\ages-of-dominion-reborn\android\app\build\intermediates\compressed_assets\release\compressReleaseAssets\out\assets\www\assets\delivery\stone-starter-20261003\derivatives\v2\live\rigs\knight.png.jar","1674078","REGENERABLE_ANDROID_BUILD_INTERMEDIATE"
"C:\dev\ages-of-dominion-reborn\android\app\build\intermediates\compressed_assets\release\compressReleaseAssets\out\assets\www\assets\delivery\stone-starter-20261003\derivatives\v2\live\rigs\mage.png.jar","1329070","REGENERABLE_ANDROID_BUILD_INTERMEDIATE"
"C:\dev\ages-of-dominion-reborn\android\app\build\intermediates\compressed_assets\release\compressReleaseAssets\out\assets\www\assets\delivery\stone-starter-20261003\derivatives\v2\live\rigs\necromancer.png.jar","1692982","REGENERABLE_ANDROID_BUILD_INTERMEDIATE"
"C:\dev\ages-of-dominion-reborn\android\app\build\intermediates\compressed_assets\release\compressReleaseAssets\out\assets\www\assets\delivery\stone-starter-20261003\derivatives\v2\live\rigs\paladin.png.jar","1391729","REGENERABLE_ANDROID_BUILD_INTERMEDIATE"
"C:\dev\ages-of-dominion-reborn\android\app\build\intermediates\compressed_assets\release\compressReleaseAssets\out\assets\www\assets\delivery\stone-starter-20261003\derivatives\v2\live\rigs\ranger.png.jar","1601858","REGENERABLE_ANDROID_BUILD_INTERMEDIATE"
"C:\dev\ages-of-dominion-reborn\android\app\build\intermediates\compressed_assets\release\compressReleaseAssets\out\assets\www\assets\delivery\stone-starter-20261003\derivatives\v2\live\rigs\warlock.png.jar","1501330","REGENERABLE_ANDROID_BUILD_INTERMEDIATE"
"C:\dev\ages-of-dominion-reborn\android\app\build\intermediates\compressed_assets\release\compressReleaseAssets\out\assets\www\assets\delivery\stone-starter-20261003\derivatives\v3\resource-gold.png.jar","1385900","REGENERABLE_ANDROID_BUILD_INTERMEDIATE"
"C:\dev\ages-of-dominion-reborn\android\app\build\intermediates\compressed_assets\release\compressReleaseAssets\out\assets\www\assets\delivery\stone-starter-20261003\derivatives\v3\townhall-stone.png.jar","2152488","REGENERABLE_ANDROID_BUILD_INTERMEDIATE"
"C:\dev\ages-of-dominion-reborn\android\app\build\intermediates\compressed_assets\release\compressReleaseAssets\out\assets\www\assets\delivery\stone-starter-20261003\derivatives\v4-ui\resource-food.png.jar","1185096","REGENERABLE_ANDROID_BUILD_INTERMEDIATE"
"C:\dev\ages-of-dominion-reborn\android\app\build\intermediates\compressed_assets\release\compressReleaseAssets\out\assets\www\assets\delivery\stone-starter-20261003\derivatives\v4-ui\resource-gold.png.jar","839527","REGENERABLE_ANDROID_BUILD_INTERMEDIATE"
"C:\dev\ages-of-dominion-reborn\android\app\build\intermediates\compressed_assets\release\compressReleaseAssets\out\assets\www\assets\delivery\stone-starter-20261003\derivatives\v4-ui\resource-stone.png.jar","1023870","REGENERABLE_ANDROID_BUILD_INTERMEDIATE"
"C:\dev\ages-of-dominion-reborn\android\app\build\intermediates\compressed_assets\release\compressReleaseAssets\out\assets\www\assets\delivery\stone-starter-20261003\derivatives\v4-ui\resource-wood.png.jar","1045852","REGENERABLE_ANDROID_BUILD_INTERMEDIATE"
"C:\dev\ages-of-dominion-reborn\android\app\build\intermediates\compressed_assets\release\compressReleaseAssets\out\assets\www\assets\delivery\stone-starter-20261003\derivatives\v4-ui\skill-offense.png.jar","964327","REGENERABLE_ANDROID_BUILD_INTERMEDIATE"
"C:\dev\ages-of-dominion-reborn\android\app\build\intermediates\compressed_assets\release\compressReleaseAssets\out\assets\www\assets\derivatives\portraits\portrait-ancient-barbarian.png.jar","411710","REGENERABLE_ANDROID_BUILD_INTERMEDIATE"
"C:\dev\ages-of-dominion-reborn\android\app\build\intermediates\compressed_assets\release\compressReleaseAssets\out\assets\www\assets\derivatives\portraits\portrait-ancient-healer.png.jar","466644","REGENERABLE_ANDROID_BUILD_INTERMEDIATE"
"C:\dev\ages-of-dominion-reborn\android\app\build\intermediates\compressed_assets\release\compressReleaseAssets\out\assets\www\assets\derivatives\portraits\portrait-ancient-mage.png.jar","455528","REGENERABLE_ANDROID_BUILD_INTERMEDIATE"
"C:\dev\ages-of-dominion-reborn\android\app\build\intermediates\compressed_assets\release\compressReleaseAssets\out\assets\www\assets\derivatives\portraits\portrait-ancient-necromancer.png.jar","435056","REGENERABLE_ANDROID_BUILD_INTERMEDIATE"
"C:\dev\ages-of-dominion-reborn\android\app\build\intermediates\compressed_assets\release\compressReleaseAssets\out\assets\www\assets\derivatives\portraits\portrait-ancient-paladin.png.jar","446864","REGENERABLE_ANDROID_BUILD_INTERMEDIATE"
"C:\dev\ages-of-dominion-reborn\android\app\build\intermediates\compressed_assets\release\compressReleaseAssets\out\assets\www\assets\derivatives\portraits\portrait-ancient-ranger.png.jar","447950","REGENERABLE_ANDROID_BUILD_INTERMEDIATE"
"C:\dev\ages-of-dominion-reborn\android\app\build\intermediates\compressed_assets\release\compressReleaseAssets\out\assets\www\assets\derivatives\portraits\portrait-ancient-warlock.png.jar","476393","REGENERABLE_ANDROID_BUILD_INTERMEDIATE"
"C:\dev\ages-of-dominion-reborn\android\app\build\intermediates\compressed_assets\release\compressReleaseAssets\out\assets\www\assets\derivatives\portraits\portrait-medieval-knight.png.jar","430139","REGENERABLE_ANDROID_BUILD_INTERMEDIATE"
"C:\dev\ages-of-dominion-reborn\android\app\build\intermediates\compressed_assets\release\compressReleaseAssets\out\assets\www\assets\derivatives\substitutions\v3\troop-industrial-heavy.png.jar","1552947","REGENERABLE_ANDROID_BUILD_INTERMEDIATE"
"C:\dev\ages-of-dominion-reborn\android\app\build\intermediates\compressed_assets\release\compressReleaseAssets\out\assets\www\assets\derivatives\substitutions\v3\troop-iron-melee.png.jar","1015271","REGENERABLE_ANDROID_BUILD_INTERMEDIATE"
"C:\dev\ages-of-dominion-reborn\android\app\build\intermediates\compressed_assets\release\compressReleaseAssets\out\assets\www\assets\production\production-01-20261003\images\01-kingdom-terrain-stone.png.jar","2164244","REGENERABLE_ANDROID_BUILD_INTERMEDIATE"
"C:\dev\ages-of-dominion-reborn\android\app\build\intermediates\compressed_assets\release\compressReleaseAssets\out\assets\www\assets\production\production-01-20261003\images\02-kingdom-terrain-bronze.png.jar","2110255","REGENERABLE_ANDROID_BUILD_INTERMEDIATE"
"C:\dev\ages-of-dominion-reborn\android\app\build\intermediates\compressed_assets\release\compressReleaseAssets\out\assets\www\assets\production\production-01-20261003\images\03-kingdom-terrain-iron.png.jar","2293323","REGENERABLE_ANDROID_BUILD_INTERMEDIATE"
"C:\dev\ages-of-dominion-reborn\android\app\build\intermediates\compressed_assets\release\compressReleaseAssets\out\assets\www\assets\production\production-01-20261003\images\04-kingdom-terrain-medieval.png.jar","2169353","REGENERABLE_ANDROID_BUILD_INTERMEDIATE"
"C:\dev\ages-of-dominion-reborn\android\app\build\intermediates\compressed_assets\release\compressReleaseAssets\out\assets\www\assets\production\production-01-20261003\images\05-kingdom-terrain-gunpowder.png.jar","2180974","REGENERABLE_ANDROID_BUILD_INTERMEDIATE"
"C:\dev\ages-of-dominion-reborn\android\app\build\intermediates\compressed_assets\release\compressReleaseAssets\out\assets\www\assets\production\production-01-20261003\images\06-kingdom-terrain-industrial.png.jar","2240872","REGENERABLE_ANDROID_BUILD_INTERMEDIATE"
"C:\dev\ages-of-dominion-reborn\android\app\build\intermediates\compressed_assets\release\compressReleaseAssets\out\assets\www\assets\production\production-01-20261003\images\07-kingdom-terrain-modern.png.jar","2338037","REGENERABLE_ANDROID_BUILD_INTERMEDIATE"
"C:\dev\ages-of-dominion-reborn\android\app\build\intermediates\compressed_assets\release\compressReleaseAssets\out\assets\www\assets\production\production-01-20261003\images\08-kingdom-terrain-future.png.jar","2158982","REGENERABLE_ANDROID_BUILD_INTERMEDIATE"
"C:\dev\ages-of-dominion-reborn\android\app\build\intermediates\compressed_assets\release\compressReleaseAssets\out\assets\www\src\client\actor.js.jar","4586","REGENERABLE_ANDROID_BUILD_INTERMEDIATE"
"C:\dev\ages-of-dominion-reborn\android\app\build\intermediates\compressed_assets\release\compressReleaseAssets\out\assets\www\src\client\anatomy.js.jar","1909","REGENERABLE_ANDROID_BUILD_INTERMEDIATE"
"C:\dev\ages-of-dominion-reborn\android\app\build\intermediates\compressed_assets\release\compressReleaseAssets\out\assets\www\src\client\audio.js.jar","1110","REGENERABLE_ANDROID_BUILD_INTERMEDIATE"
"C:\dev\ages-of-dominion-reborn\android\app\build\intermediates\compressed_assets\release\compressReleaseAssets\out\assets\www\src\client\choices.js.jar","531","REGENERABLE_ANDROID_BUILD_INTERMEDIATE"
"C:\dev\ages-of-dominion-reborn\android\app\build\intermediates\compressed_assets\release\compressReleaseAssets\out\assets\www\src\client\game.css.jar","1346","REGENERABLE_ANDROID_BUILD_INTERMEDIATE"
"C:\dev\ages-of-dominion-reborn\android\app\build\intermediates\compressed_assets\release\compressReleaseAssets\out\assets\www\src\client\main.js.jar","18204","REGENERABLE_ANDROID_BUILD_INTERMEDIATE"
"C:\dev\ages-of-dominion-reborn\android\app\build\intermediates\compressed_assets\release\compressReleaseAssets\out\assets\www\src\client\motion.js.jar","994","REGENERABLE_ANDROID_BUILD_INTERMEDIATE"
"C:\dev\ages-of-dominion-reborn\android\app\build\intermediates\compressed_assets\release\compressReleaseAssets\out\assets\www\src\client\portraits.js.jar","445","REGENERABLE_ANDROID_BUILD_INTERMEDIATE"
"C:\dev\ages-of-dominion-reborn\android\app\build\intermediates\compressed_assets\release\compressReleaseAssets\out\assets\www\src\client\presentation.js.jar","911","REGENERABLE_ANDROID_BUILD_INTERMEDIATE"
"C:\dev\ages-of-dominion-reborn\android\app\build\intermediates\compressed_assets\release\compressReleaseAssets\out\assets\www\src\client\projection.js.jar","1461","REGENERABLE_ANDROID_BUILD_INTERMEDIATE"
"C:\dev\ages-of-dominion-reborn\android\app\build\intermediates\compressed_assets\release\compressReleaseAssets\out\assets\www\src\client\rig.js.jar","1198","REGENERABLE_ANDROID_BUILD_INTERMEDIATE"
"C:\dev\ages-of-dominion-reborn\android\app\build\intermediates\compressed_assets\release\compressReleaseAssets\out\assets\www\src\core\battle.js.jar","7183","REGENERABLE_ANDROID_BUILD_INTERMEDIATE"
"C:\dev\ages-of-dominion-reborn\android\app\build\intermediates\compressed_assets\release\compressReleaseAssets\out\assets\www\src\core\campaign.js.jar","11447","REGENERABLE_ANDROID_BUILD_INTERMEDIATE"
"C:\dev\ages-of-dominion-reborn\android\app\build\intermediates\compressed_assets\release\compressReleaseAssets\out\assets\www\src\core\challenge.js.jar","1656","REGENERABLE_ANDROID_BUILD_INTERMEDIATE"
"C:\dev\ages-of-dominion-reborn\android\app\build\intermediates\compressed_assets\release\compressReleaseAssets\out\assets\www\src\core\defense.js.jar","6052","REGENERABLE_ANDROID_BUILD_INTERMEDIATE"
"C:\dev\ages-of-dominion-reborn\android\app\build\intermediates\compressed_assets\release\compressReleaseAssets\out\assets\www\src\core\mechanics.js.jar","4705","REGENERABLE_ANDROID_BUILD_INTERMEDIATE"
"C:\dev\ages-of-dominion-reborn\android\app\build\intermediates\compressed_assets\release\compressReleaseAssets\out\assets\www\src\core\navigation.js.jar","1229","REGENERABLE_ANDROID_BUILD_INTERMEDIATE"
"C:\dev\ages-of-dominion-reborn\android\app\build\intermediates\compressed_assets\release\compressReleaseAssets\out\assets\www\src\core\rng.js.jar","532","REGENERABLE_ANDROID_BUILD_INTERMEDIATE"
"C:\dev\ages-of-dominion-reborn\android\app\build\intermediates\compressed_assets\release\compressReleaseAssets\out\assets\www\src\core\rules.js.jar","2026","REGENERABLE_ANDROID_BUILD_INTERMEDIATE"
"C:\dev\ages-of-dominion-reborn\android\app\build\intermediates\compressed_assets\release\compressReleaseAssets\out\assets\www\src\core\save.js.jar","1858","REGENERABLE_ANDROID_BUILD_INTERMEDIATE"
"C:\dev\ages-of-dominion-reborn\android\app\build\intermediates\compressed_assets\release\compressReleaseAssets\out\assets\www\src\data\actor-atlas.json.jar","1958","REGENERABLE_ANDROID_BUILD_INTERMEDIATE"
"C:\dev\ages-of-dominion-reborn\android\app\build\intermediates\compressed_assets\release\compressReleaseAssets\out\assets\www\src\data\age-buildings.json.jar","7335","REGENERABLE_ANDROID_BUILD_INTERMEDIATE"
"C:\dev\ages-of-dominion-reborn\android\app\build\intermediates\compressed_assets\release\compressReleaseAssets\out\assets\www\src\data\anatomy-binding-v1.json.jar","1972","REGENERABLE_ANDROID_BUILD_INTERMEDIATE"
"C:\dev\ages-of-dominion-reborn\android\app\build\intermediates\compressed_assets\release\compressReleaseAssets\out\assets\www\src\data\building-pad-fit-v1.json.jar","576","REGENERABLE_ANDROID_BUILD_INTERMEDIATE"
"C:\dev\ages-of-dominion-reborn\android\app\build\intermediates\compressed_assets\release\compressReleaseAssets\out\assets\www\src\data\implementation-contract.json.jar","3058","REGENERABLE_ANDROID_BUILD_INTERMEDIATE"
"C:\dev\ages-of-dominion-reborn\android\app\build\intermediates\compressed_assets\release\compressReleaseAssets\out\assets\www\src\data\mount-review-v1.json.jar","608","REGENERABLE_ANDROID_BUILD_INTERMEDIATE"
"C:\dev\ages-of-dominion-reborn\android\app\build\intermediates\compressed_assets\release\compressReleaseAssets\out\assets\www\src\data\plate-catalog.json.jar","7826","REGENERABLE_ANDROID_BUILD_INTERMEDIATE"
"C:\dev\ages-of-dominion-reborn\android\app\build\intermediates\compressed_assets\release\compressReleaseAssets\out\assets\www\src\data\portrait-cards.json.jar","1178","REGENERABLE_ANDROID_BUILD_INTERMEDIATE"
"C:\dev\ages-of-dominion-reborn\android\app\build\intermediates\compressed_assets\release\compressReleaseAssets\out\assets\www\src\data\reference-data.json.jar","6760","REGENERABLE_ANDROID_BUILD_INTERMEDIATE"
"C:\dev\ages-of-dominion-reborn\android\app\build\intermediates\compressed_assets\release\compressReleaseAssets\out\assets\www\src\data\reviewed-source-selection.json.jar","2786","REGENERABLE_ANDROID_BUILD_INTERMEDIATE"
"C:\dev\ages-of-dominion-reborn\android\app\build\intermediates\compressed_assets\release\compressReleaseAssets\out\assets\www\src\data\stone-scene.json.jar","615","REGENERABLE_ANDROID_BUILD_INTERMEDIATE"
"C:\dev\ages-of-dominion-reborn\android\app\build\intermediates\default_proguard_files\global\proguard-android-optimize.txt-8.7.3","3201","REGENERABLE_ANDROID_BUILD_INTERMEDIATE"
"C:\dev\ages-of-dominion-reborn\android\app\build\intermediates\default_proguard_files\global\proguard-android.txt-8.7.3","3463","REGENERABLE_ANDROID_BUILD_INTERMEDIATE"
"C:\dev\ages-of-dominion-reborn\android\app\build\intermediates\default_proguard_files\global\proguard-defaults.txt-8.7.3","3185","REGENERABLE_ANDROID_BUILD_INTERMEDIATE"
"C:\dev\ages-of-dominion-reborn\android\app\build\intermediates\desugar_graph\debug\dexBuilderDebug\out\currentProject\dirs_bucket_0\graph.bin","235","REGENERABLE_ANDROID_BUILD_INTERMEDIATE"
"C:\dev\ages-of-dominion-reborn\android\app\build\intermediates\desugar_graph\debug\dexBuilderDebug\out\currentProject\dirs_bucket_1\graph.bin","235","REGENERABLE_ANDROID_BUILD_INTERMEDIATE"
"C:\dev\ages-of-dominion-reborn\android\app\build\intermediates\desugar_graph\debug\dexBuilderDebug\out\currentProject\dirs_bucket_2\graph.bin","235","REGENERABLE_ANDROID_BUILD_INTERMEDIATE"
"C:\dev\ages-of-dominion-reborn\android\app\build\intermediates\desugar_graph\debug\dexBuilderDebug\out\currentProject\dirs_bucket_3\graph.bin","235","REGENERABLE_ANDROID_BUILD_INTERMEDIATE"
"C:\dev\ages-of-dominion-reborn\android\app\build\intermediates\desugar_graph\debug\dexBuilderDebug\out\currentProject\dirs_bucket_4\graph.bin","235","REGENERABLE_ANDROID_BUILD_INTERMEDIATE"
"C:\dev\ages-of-dominion-reborn\android\app\build\intermediates\desugar_graph\debug\dexBuilderDebug\out\currentProject\dirs_bucket_5\graph.bin","235","REGENERABLE_ANDROID_BUILD_INTERMEDIATE"
"C:\dev\ages-of-dominion-reborn\android\app\build\intermediates\desugar_graph\debug\dexBuilderDebug\out\currentProject\dirs_bucket_6\graph.bin","235","REGENERABLE_ANDROID_BUILD_INTERMEDIATE"
"C:\dev\ages-of-dominion-reborn\android\app\build\intermediates\desugar_graph\debug\dexBuilderDebug\out\currentProject\dirs_bucket_7\graph.bin","235","REGENERABLE_ANDROID_BUILD_INTERMEDIATE"
"C:\dev\ages-of-dominion-reborn\android\app\build\intermediates\desugar_graph\debug\dexBuilderDebug\out\currentProject\jar_c218378b6b06bc02e6a754372195948afd26967f1fd1d25324f5e31ea056bffa_bucket_0\graph.bin","235","REGENERABLE_ANDROID_BUILD_INTERMEDIATE"
"C:\dev\ages-of-dominion-reborn\android\app\build\intermediates\desugar_graph\debug\dexBuilderDebug\out\currentProject\jar_c218378b6b06bc02e6a754372195948afd26967f1fd1d25324f5e31ea056bffa_bucket_1\graph.bin","235","REGENERABLE_ANDROID_BUILD_INTERMEDIATE"
"C:\dev\ages-of-dominion-reborn\android\app\build\intermediates\desugar_graph\debug\dexBuilderDebug\out\currentProject\jar_c218378b6b06bc02e6a754372195948afd26967f1fd1d25324f5e31ea056bffa_bucket_2\graph.bin","235","REGENERABLE_ANDROID_BUILD_INTERMEDIATE"
"C:\dev\ages-of-dominion-reborn\android\app\build\intermediates\desugar_graph\debug\dexBuilderDebug\out\currentProject\jar_c218378b6b06bc02e6a754372195948afd26967f1fd1d25324f5e31ea056bffa_bucket_3\graph.bin","235","REGENERABLE_ANDROID_BUILD_INTERMEDIATE"
"C:\dev\ages-of-dominion-reborn\android\app\build\intermediates\desugar_graph\debug\dexBuilderDebug\out\currentProject\jar_c218378b6b06bc02e6a754372195948afd26967f1fd1d25324f5e31ea056bffa_bucket_4\graph.bin","235","REGENERABLE_ANDROID_BUILD_INTERMEDIATE"
"C:\dev\ages-of-dominion-reborn\android\app\build\intermediates\desugar_graph\debug\dexBuilderDebug\out\currentProject\jar_c218378b6b06bc02e6a754372195948afd26967f1fd1d25324f5e31ea056bffa_bucket_5\graph.bin","235","REGENERABLE_ANDROID_BUILD_INTERMEDIATE"
"C:\dev\ages-of-dominion-reborn\android\app\build\intermediates\desugar_graph\debug\dexBuilderDebug\out\currentProject\jar_c218378b6b06bc02e6a754372195948afd26967f1fd1d25324f5e31ea056bffa_bucket_6\graph.bin","235","REGENERABLE_ANDROID_BUILD_INTERMEDIATE"
"C:\dev\ages-of-dominion-reborn\android\app\build\intermediates\desugar_graph\debug\dexBuilderDebug\out\currentProject\jar_c218378b6b06bc02e6a754372195948afd26967f1fd1d25324f5e31ea056bffa_bucket_7\graph.bin","235","REGENERABLE_ANDROID_BUILD_INTERMEDIATE"
"C:\dev\ages-of-dominion-reborn\android\app\build\intermediates\desugar_graph\release\dexBuilderRelease\out\currentProject\dirs_bucket_0\graph.bin","235","REGENERABLE_ANDROID_BUILD_INTERMEDIATE"
"C:\dev\ages-of-dominion-reborn\android\app\build\intermediates\desugar_graph\release\dexBuilderRelease\out\currentProject\dirs_bucket_1\graph.bin","235","REGENERABLE_ANDROID_BUILD_INTERMEDIATE"
"C:\dev\ages-of-dominion-reborn\android\app\build\intermediates\desugar_graph\release\dexBuilderRelease\out\currentProject\dirs_bucket_2\graph.bin","235","REGENERABLE_ANDROID_BUILD_INTERMEDIATE"
"C:\dev\ages-of-dominion-reborn\android\app\build\intermediates\desugar_graph\release\dexBuilderRelease\out\currentProject\dirs_bucket_3\graph.bin","235","REGENERABLE_ANDROID_BUILD_INTERMEDIATE"
"C:\dev\ages-of-dominion-reborn\android\app\build\intermediates\desugar_graph\release\dexBuilderRelease\out\currentProject\dirs_bucket_4\graph.bin","235","REGENERABLE_ANDROID_BUILD_INTERMEDIATE"
"C:\dev\ages-of-dominion-reborn\android\app\build\intermediates\desugar_graph\release\dexBuilderRelease\out\currentProject\dirs_bucket_5\graph.bin","235","REGENERABLE_ANDROID_BUILD_INTERMEDIATE"
"C:\dev\ages-of-dominion-reborn\android\app\build\intermediates\desugar_graph\release\dexBuilderRelease\out\currentProject\dirs_bucket_6\graph.bin","755","REGENERABLE_ANDROID_BUILD_INTERMEDIATE"
"C:\dev\ages-of-dominion-reborn\android\app\build\intermediates\desugar_graph\release\dexBuilderRelease\out\currentProject\dirs_bucket_7\graph.bin","755","REGENERABLE_ANDROID_BUILD_INTERMEDIATE"
"C:\dev\ages-of-dominion-reborn\android\app\build\intermediates\desugar_graph\release\dexBuilderRelease\out\currentProject\jar_97c2652189e7d93113f5e3a7ffc780f6b0276169e80bf83e94b3c0346c45c7c5_bucket_0\graph.bin","235","REGENERABLE_ANDROID_BUILD_INTERMEDIATE"
"C:\dev\ages-of-dominion-reborn\android\app\build\intermediates\desugar_graph\release\dexBuilderRelease\out\currentProject\jar_97c2652189e7d93113f5e3a7ffc780f6b0276169e80bf83e94b3c0346c45c7c5_bucket_1\graph.bin","235","REGENERABLE_ANDROID_BUILD_INTERMEDIATE"
"C:\dev\ages-of-dominion-reborn\android\app\build\intermediates\desugar_graph\release\dexBuilderRelease\out\currentProject\jar_97c2652189e7d93113f5e3a7ffc780f6b0276169e80bf83e94b3c0346c45c7c5_bucket_2\graph.bin","235","REGENERABLE_ANDROID_BUILD_INTERMEDIATE"
"C:\dev\ages-of-dominion-reborn\android\app\build\intermediates\desugar_graph\release\dexBuilderRelease\out\currentProject\jar_97c2652189e7d93113f5e3a7ffc780f6b0276169e80bf83e94b3c0346c45c7c5_bucket_3\graph.bin","235","REGENERABLE_ANDROID_BUILD_INTERMEDIATE"
"C:\dev\ages-of-dominion-reborn\android\app\build\intermediates\desugar_graph\release\dexBuilderRelease\out\currentProject\jar_97c2652189e7d93113f5e3a7ffc780f6b0276169e80bf83e94b3c0346c45c7c5_bucket_4\graph.bin","235","REGENERABLE_ANDROID_BUILD_INTERMEDIATE"
"C:\dev\ages-of-dominion-reborn\android\app\build\intermediates\desugar_graph\release\dexBuilderRelease\out\currentProject\jar_97c2652189e7d93113f5e3a7ffc780f6b0276169e80bf83e94b3c0346c45c7c5_bucket_5\graph.bin","235","REGENERABLE_ANDROID_BUILD_INTERMEDIATE"
"C:\dev\ages-of-dominion-reborn\android\app\build\intermediates\desugar_graph\release\dexBuilderRelease\out\currentProject\jar_97c2652189e7d93113f5e3a7ffc780f6b0276169e80bf83e94b3c0346c45c7c5_bucket_6\graph.bin","235","REGENERABLE_ANDROID_BUILD_INTERMEDIATE"
"C:\dev\ages-of-dominion-reborn\android\app\build\intermediates\desugar_graph\release\dexBuilderRelease\out\currentProject\jar_97c2652189e7d93113f5e3a7ffc780f6b0276169e80bf83e94b3c0346c45c7c5_bucket_7\graph.bin","235","REGENERABLE_ANDROID_BUILD_INTERMEDIATE"
"C:\dev\ages-of-dominion-reborn\android\app\build\intermediates\dex\debug\mergeProjectDexDebug\0\classes.dex","576","REGENERABLE_ANDROID_BUILD_INTERMEDIATE"
"C:\dev\ages-of-dominion-reborn\android\app\build\intermediates\dex\debug\mergeProjectDexDebug\9\classes.dex","1344","REGENERABLE_ANDROID_BUILD_INTERMEDIATE"
"C:\dev\ages-of-dominion-reborn\android\app\build\intermediates\dex\release\mergeDexRelease\classes.dex","2651368","REGENERABLE_ANDROID_BUILD_INTERMEDIATE"
"C:\dev\ages-of-dominion-reborn\android\app\build\intermediates\dex_archive_input_jar_hashes\debug\dexBuilderDebug\out","410","REGENERABLE_ANDROID_BUILD_INTERMEDIATE"
"C:\dev\ages-of-dominion-reborn\android\app\build\intermediates\dex_archive_input_jar_hashes\release\dexBuilderRelease\out","414","REGENERABLE_ANDROID_BUILD_INTERMEDIATE"
"C:\dev\ages-of-dominion-reborn\android\app\build\intermediates\dex_number_of_buckets_file\debug\dexBuilderDebug\out","1","REGENERABLE_ANDROID_BUILD_INTERMEDIATE"
"C:\dev\ages-of-dominion-reborn\android\app\build\intermediates\dex_number_of_buckets_file\release\dexBuilderRelease\out","1","REGENERABLE_ANDROID_BUILD_INTERMEDIATE"
"C:\dev\ages-of-dominion-reborn\android\app\build\intermediates\external_libs_dex\release\mergeExtDexRelease\classes.dex","2643472","REGENERABLE_ANDROID_BUILD_INTERMEDIATE"
"C:\dev\ages-of-dominion-reborn\android\app\build\intermediates\incremental\debug\mergeDebugResources\compile-file-map.properties","31","REGENERABLE_ANDROID_BUILD_INTERMEDIATE"
"C:\dev\ages-of-dominion-reborn\android\app\build\intermediates\incremental\debug\mergeDebugResources\merger.xml","1852","REGENERABLE_ANDROID_BUILD_INTERMEDIATE"
"C:\dev\ages-of-dominion-reborn\android\app\build\intermediates\incremental\debug\packageDebugResources\compile-file-map.properties","31","REGENERABLE_ANDROID_BUILD_INTERMEDIATE"
"C:\dev\ages-of-dominion-reborn\android\app\build\intermediates\incremental\debug\packageDebugResources\merger.xml","1852","REGENERABLE_ANDROID_BUILD_INTERMEDIATE"
"C:\dev\ages-of-dominion-reborn\android\app\build\intermediates\incremental\debug-mergeJavaRes\merge-state","478","REGENERABLE_ANDROID_BUILD_INTERMEDIATE"
"C:\dev\ages-of-dominion-reborn\android\app\build\intermediates\incremental\lintVitalAnalyzeRelease\module.xml","658","REGENERABLE_ANDROID_BUILD_INTERMEDIATE"
"C:\dev\ages-of-dominion-reborn\android\app\build\intermediates\incremental\lintVitalAnalyzeRelease\release-artifact-dependencies.xml","4421","REGENERABLE_ANDROID_BUILD_INTERMEDIATE"
"C:\dev\ages-of-dominion-reborn\android\app\build\intermediates\incremental\lintVitalAnalyzeRelease\release-artifact-libraries.xml","5448","REGENERABLE_ANDROID_BUILD_INTERMEDIATE"
"C:\dev\ages-of-dominion-reborn\android\app\build\intermediates\incremental\lintVitalAnalyzeRelease\release.xml","1720","REGENERABLE_ANDROID_BUILD_INTERMEDIATE"
"C:\dev\ages-of-dominion-reborn\android\app\build\intermediates\incremental\mergeDebugAssets\merger.xml","8586","REGENERABLE_ANDROID_BUILD_INTERMEDIATE"
"C:\dev\ages-of-dominion-reborn\android\app\build\intermediates\incremental\mergeDebugJniLibFolders\merger.xml","474","REGENERABLE_ANDROID_BUILD_INTERMEDIATE"
"C:\dev\ages-of-dominion-reborn\android\app\build\intermediates\incremental\mergeDebugShaders\merger.xml","474","REGENERABLE_ANDROID_BUILD_INTERMEDIATE"
"C:\dev\ages-of-dominion-reborn\android\app\build\intermediates\incremental\mergeReleaseAssets\merger.xml","65604","REGENERABLE_ANDROID_BUILD_INTERMEDIATE"
"C:\dev\ages-of-dominion-reborn\android\app\build\intermediates\incremental\mergeReleaseJniLibFolders\merger.xml","478","REGENERABLE_ANDROID_BUILD_INTERMEDIATE"
"C:\dev\ages-of-dominion-reborn\android\app\build\intermediates\incremental\mergeReleaseShaders\merger.xml","478","REGENERABLE_ANDROID_BUILD_INTERMEDIATE"
"C:\dev\ages-of-dominion-reborn\android\app\build\intermediates\incremental\packageDebug\tmp\debug\dex-renamer-state.txt","378","REGENERABLE_ANDROID_BUILD_INTERMEDIATE"
"C:\dev\ages-of-dominion-reborn\android\app\build\intermediates\incremental\packageDebug\tmp\debug\zip-cache\androidResources","147","REGENERABLE_ANDROID_BUILD_INTERMEDIATE"
"C:\dev\ages-of-dominion-reborn\android\app\build\intermediates\incremental\packageDebug\tmp\debug\zip-cache\javaResources0","22","REGENERABLE_ANDROID_BUILD_INTERMEDIATE"
"C:\dev\ages-of-dominion-reborn\android\app\build\intermediates\incremental\packageRelease\tmp\release\dex-renamer-state.txt","196","REGENERABLE_ANDROID_BUILD_INTERMEDIATE"
"C:\dev\ages-of-dominion-reborn\android\app\build\intermediates\incremental\packageRelease\tmp\release\zip-cache\androidResources","1683","REGENERABLE_ANDROID_BUILD_INTERMEDIATE"
"C:\dev\ages-of-dominion-reborn\android\app\build\intermediates\incremental\packageRelease\tmp\release\zip-cache\javaResources0","1103","REGENERABLE_ANDROID_BUILD_INTERMEDIATE"
"C:\dev\ages-of-dominion-reborn\android\app\build\intermediates\incremental\release\mergeReleaseResources\compile-file-map.properties","31","REGENERABLE_ANDROID_BUILD_INTERMEDIATE"
"C:\dev\ages-of-dominion-reborn\android\app\build\intermediates\incremental\release\mergeReleaseResources\merger.xml","39326","REGENERABLE_ANDROID_BUILD_INTERMEDIATE"
"C:\dev\ages-of-dominion-reborn\android\app\build\intermediates\incremental\release\mergeReleaseResources\merged.dir\values\values.xml","8979","REGENERABLE_ANDROID_BUILD_INTERMEDIATE"
"C:\dev\ages-of-dominion-reborn\android\app\build\intermediates\incremental\release\mergeReleaseResources\merged.dir\values-af\values-af.xml","164","REGENERABLE_ANDROID_BUILD_INTERMEDIATE"
"C:\dev\ages-of-dominion-reborn\android\app\build\intermediates\incremental\release\mergeReleaseResources\merged.dir\values-am\values-am.xml","164","REGENERABLE_ANDROID_BUILD_INTERMEDIATE"
"C:\dev\ages-of-dominion-reborn\android\app\build\intermediates\incremental\release\mergeReleaseResources\merged.dir\values-ar\values-ar.xml","164","REGENERABLE_ANDROID_BUILD_INTERMEDIATE"
"C:\dev\ages-of-dominion-reborn\android\app\build\intermediates\incremental\release\mergeReleaseResources\merged.dir\values-as\values-as.xml","170","REGENERABLE_ANDROID_BUILD_INTERMEDIATE"
"C:\dev\ages-of-dominion-reborn\android\app\build\intermediates\incremental\release\mergeReleaseResources\merged.dir\values-az\values-az.xml","164","REGENERABLE_ANDROID_BUILD_INTERMEDIATE"
"C:\dev\ages-of-dominion-reborn\android\app\build\intermediates\incremental\release\mergeReleaseResources\merged.dir\values-b+sr+Latn\values-b+sr+Latn.xml","164","REGENERABLE_ANDROID_BUILD_INTERMEDIATE"
"C:\dev\ages-of-dominion-reborn\android\app\build\intermediates\incremental\release\mergeReleaseResources\merged.dir\values-be\values-be.xml","164","REGENERABLE_ANDROID_BUILD_INTERMEDIATE"
"C:\dev\ages-of-dominion-reborn\android\app\build\intermediates\incremental\release\mergeReleaseResources\merged.dir\values-bg\values-bg.xml","164","REGENERABLE_ANDROID_BUILD_INTERMEDIATE"
"C:\dev\ages-of-dominion-reborn\android\app\build\intermediates\incremental\release\mergeReleaseResources\merged.dir\values-bn\values-bn.xml","170","REGENERABLE_ANDROID_BUILD_INTERMEDIATE"
"C:\dev\ages-of-dominion-reborn\android\app\build\intermediates\incremental\release\mergeReleaseResources\merged.dir\values-bs\values-bs.xml","164","REGENERABLE_ANDROID_BUILD_INTERMEDIATE"
"C:\dev\ages-of-dominion-reborn\android\app\build\intermediates\incremental\release\mergeReleaseResources\merged.dir\values-ca\values-ca.xml","164","REGENERABLE_ANDROID_BUILD_INTERMEDIATE"
"C:\dev\ages-of-dominion-reborn\android\app\build\intermediates\incremental\release\mergeReleaseResources\merged.dir\values-cs\values-cs.xml","164","REGENERABLE_ANDROID_BUILD_INTERMEDIATE"
"C:\dev\ages-of-dominion-reborn\android\app\build\intermediates\incremental\release\mergeReleaseResources\merged.dir\values-da\values-da.xml","164","REGENERABLE_ANDROID_BUILD_INTERMEDIATE"
"C:\dev\ages-of-dominion-reborn\android\app\build\intermediates\incremental\release\mergeReleaseResources\merged.dir\values-de\values-de.xml","164","REGENERABLE_ANDROID_BUILD_INTERMEDIATE"
"C:\dev\ages-of-dominion-reborn\android\app\build\intermediates\incremental\release\mergeReleaseResources\merged.dir\values-el\values-el.xml","164","REGENERABLE_ANDROID_BUILD_INTERMEDIATE"
"C:\dev\ages-of-dominion-reborn\android\app\build\intermediates\incremental\release\mergeReleaseResources\merged.dir\values-en-rAU\values-en-rAU.xml","164","REGENERABLE_ANDROID_BUILD_INTERMEDIATE"
"C:\dev\ages-of-dominion-reborn\android\app\build\intermediates\incremental\release\mergeReleaseResources\merged.dir\values-en-rCA\values-en-rCA.xml","164","REGENERABLE_ANDROID_BUILD_INTERMEDIATE"
"C:\dev\ages-of-dominion-reborn\android\app\build\intermediates\incremental\release\mergeReleaseResources\merged.dir\values-en-rGB\values-en-rGB.xml","164","REGENERABLE_ANDROID_BUILD_INTERMEDIATE"
"C:\dev\ages-of-dominion-reborn\android\app\build\intermediates\incremental\release\mergeReleaseResources\merged.dir\values-en-rIN\values-en-rIN.xml","164","REGENERABLE_ANDROID_BUILD_INTERMEDIATE"
"C:\dev\ages-of-dominion-reborn\android\app\build\intermediates\incremental\release\mergeReleaseResources\merged.dir\values-en-rXC\values-en-rXC.xml","470","REGENERABLE_ANDROID_BUILD_INTERMEDIATE"
"C:\dev\ages-of-dominion-reborn\android\app\build\intermediates\incremental\release\mergeReleaseResources\merged.dir\values-es\values-es.xml","164","REGENERABLE_ANDROID_BUILD_INTERMEDIATE"
"C:\dev\ages-of-dominion-reborn\android\app\build\intermediates\incremental\release\mergeReleaseResources\merged.dir\values-es-rUS\values-es-rUS.xml","164","REGENERABLE_ANDROID_BUILD_INTERMEDIATE"
"C:\dev\ages-of-dominion-reborn\android\app\build\intermediates\incremental\release\mergeReleaseResources\merged.dir\values-et\values-et.xml","164","REGENERABLE_ANDROID_BUILD_INTERMEDIATE"
"C:\dev\ages-of-dominion-reborn\android\app\build\intermediates\incremental\release\mergeReleaseResources\merged.dir\values-eu\values-eu.xml","164","REGENERABLE_ANDROID_BUILD_INTERMEDIATE"
"C:\dev\ages-of-dominion-reborn\android\app\build\intermediates\incremental\release\mergeReleaseResources\merged.dir\values-fa\values-fa.xml","164","REGENERABLE_ANDROID_BUILD_INTERMEDIATE"
"C:\dev\ages-of-dominion-reborn\android\app\build\intermediates\incremental\release\mergeReleaseResources\merged.dir\values-fi\values-fi.xml","164","REGENERABLE_ANDROID_BUILD_INTERMEDIATE"
"C:\dev\ages-of-dominion-reborn\android\app\build\intermediates\incremental\release\mergeReleaseResources\merged.dir\values-fr\values-fr.xml","164","REGENERABLE_ANDROID_BUILD_INTERMEDIATE"
"C:\dev\ages-of-dominion-reborn\android\app\build\intermediates\incremental\release\mergeReleaseResources\merged.dir\values-fr-rCA\values-fr-rCA.xml","164","REGENERABLE_ANDROID_BUILD_INTERMEDIATE"
"C:\dev\ages-of-dominion-reborn\android\app\build\intermediates\incremental\release\mergeReleaseResources\merged.dir\values-gl\values-gl.xml","164","REGENERABLE_ANDROID_BUILD_INTERMEDIATE"
"C:\dev\ages-of-dominion-reborn\android\app\build\intermediates\incremental\release\mergeReleaseResources\merged.dir\values-gu\values-gu.xml","164","REGENERABLE_ANDROID_BUILD_INTERMEDIATE"
"C:\dev\ages-of-dominion-reborn\android\app\build\intermediates\incremental\release\mergeReleaseResources\merged.dir\values-hi\values-hi.xml","164","REGENERABLE_ANDROID_BUILD_INTERMEDIATE"
"C:\dev\ages-of-dominion-reborn\android\app\build\intermediates\incremental\release\mergeReleaseResources\merged.dir\values-hr\values-hr.xml","164","REGENERABLE_ANDROID_BUILD_INTERMEDIATE"
"C:\dev\ages-of-dominion-reborn\android\app\build\intermediates\incremental\release\mergeReleaseResources\merged.dir\values-hu\values-hu.xml","164","REGENERABLE_ANDROID_BUILD_INTERMEDIATE"
"C:\dev\ages-of-dominion-reborn\android\app\build\intermediates\incremental\release\mergeReleaseResources\merged.dir\values-hy\values-hy.xml","164","REGENERABLE_ANDROID_BUILD_INTERMEDIATE"
"C:\dev\ages-of-dominion-reborn\android\app\build\intermediates\incremental\release\mergeReleaseResources\merged.dir\values-in\values-in.xml","164","REGENERABLE_ANDROID_BUILD_INTERMEDIATE"
"C:\dev\ages-of-dominion-reborn\android\app\build\intermediates\incremental\release\mergeReleaseResources\merged.dir\values-is\values-is.xml","164","REGENERABLE_ANDROID_BUILD_INTERMEDIATE"
"C:\dev\ages-of-dominion-reborn\android\app\build\intermediates\incremental\release\mergeReleaseResources\merged.dir\values-it\values-it.xml","164","REGENERABLE_ANDROID_BUILD_INTERMEDIATE"
"C:\dev\ages-of-dominion-reborn\android\app\build\intermediates\incremental\release\mergeReleaseResources\merged.dir\values-iw\values-iw.xml","164","REGENERABLE_ANDROID_BUILD_INTERMEDIATE"
"C:\dev\ages-of-dominion-reborn\android\app\build\intermediates\incremental\release\mergeReleaseResources\merged.dir\values-ja\values-ja.xml","164","REGENERABLE_ANDROID_BUILD_INTERMEDIATE"
"C:\dev\ages-of-dominion-reborn\android\app\build\intermediates\incremental\release\mergeReleaseResources\merged.dir\values-ka\values-ka.xml","164","REGENERABLE_ANDROID_BUILD_INTERMEDIATE"
"C:\dev\ages-of-dominion-reborn\android\app\build\intermediates\incremental\release\mergeReleaseResources\merged.dir\values-kk\values-kk.xml","164","REGENERABLE_ANDROID_BUILD_INTERMEDIATE"
"C:\dev\ages-of-dominion-reborn\android\app\build\intermediates\incremental\release\mergeReleaseResources\merged.dir\values-km\values-km.xml","164","REGENERABLE_ANDROID_BUILD_INTERMEDIATE"
"C:\dev\ages-of-dominion-reborn\android\app\build\intermediates\incremental\release\mergeReleaseResources\merged.dir\values-kn\values-kn.xml","164","REGENERABLE_ANDROID_BUILD_INTERMEDIATE"
"C:\dev\ages-of-dominion-reborn\android\app\build\intermediates\incremental\release\mergeReleaseResources\merged.dir\values-ko\values-ko.xml","164","REGENERABLE_ANDROID_BUILD_INTERMEDIATE"
"C:\dev\ages-of-dominion-reborn\android\app\build\intermediates\incremental\release\mergeReleaseResources\merged.dir\values-ky\values-ky.xml","164","REGENERABLE_ANDROID_BUILD_INTERMEDIATE"
"C:\dev\ages-of-dominion-reborn\android\app\build\intermediates\incremental\release\mergeReleaseResources\merged.dir\values-lo\values-lo.xml","164","REGENERABLE_ANDROID_BUILD_INTERMEDIATE"
"C:\dev\ages-of-dominion-reborn\android\app\build\intermediates\incremental\release\mergeReleaseResources\merged.dir\values-lt\values-lt.xml","164","REGENERABLE_ANDROID_BUILD_INTERMEDIATE"
"C:\dev\ages-of-dominion-reborn\android\app\build\intermediates\incremental\release\mergeReleaseResources\merged.dir\values-lv\values-lv.xml","164","REGENERABLE_ANDROID_BUILD_INTERMEDIATE"
"C:\dev\ages-of-dominion-reborn\android\app\build\intermediates\incremental\release\mergeReleaseResources\merged.dir\values-mk\values-mk.xml","164","REGENERABLE_ANDROID_BUILD_INTERMEDIATE"
"C:\dev\ages-of-dominion-reborn\android\app\build\intermediates\incremental\release\mergeReleaseResources\merged.dir\values-ml\values-ml.xml","164","REGENERABLE_ANDROID_BUILD_INTERMEDIATE"
"C:\dev\ages-of-dominion-reborn\android\app\build\intermediates\incremental\release\mergeReleaseResources\merged.dir\values-mn\values-mn.xml","164","REGENERABLE_ANDROID_BUILD_INTERMEDIATE"
"C:\dev\ages-of-dominion-reborn\android\app\build\intermediates\incremental\release\mergeReleaseResources\merged.dir\values-mr\values-mr.xml","170","REGENERABLE_ANDROID_BUILD_INTERMEDIATE"
"C:\dev\ages-of-dominion-reborn\android\app\build\intermediates\incremental\release\mergeReleaseResources\merged.dir\values-ms\values-ms.xml","164","REGENERABLE_ANDROID_BUILD_INTERMEDIATE"
"C:\dev\ages-of-dominion-reborn\android\app\build\intermediates\incremental\release\mergeReleaseResources\merged.dir\values-my\values-my.xml","170","REGENERABLE_ANDROID_BUILD_INTERMEDIATE"
"C:\dev\ages-of-dominion-reborn\android\app\build\intermediates\incremental\release\mergeReleaseResources\merged.dir\values-nb\values-nb.xml","164","REGENERABLE_ANDROID_BUILD_INTERMEDIATE"
"C:\dev\ages-of-dominion-reborn\android\app\build\intermediates\incremental\release\mergeReleaseResources\merged.dir\values-ne\values-ne.xml","170","REGENERABLE_ANDROID_BUILD_INTERMEDIATE"
"C:\dev\ages-of-dominion-reborn\android\app\build\intermediates\incremental\release\mergeReleaseResources\merged.dir\values-nl\values-nl.xml","164","REGENERABLE_ANDROID_BUILD_INTERMEDIATE"
"C:\dev\ages-of-dominion-reborn\android\app\build\intermediates\incremental\release\mergeReleaseResources\merged.dir\values-or\values-or.xml","164","REGENERABLE_ANDROID_BUILD_INTERMEDIATE"
"C:\dev\ages-of-dominion-reborn\android\app\build\intermediates\incremental\release\mergeReleaseResources\merged.dir\values-pa\values-pa.xml","164","REGENERABLE_ANDROID_BUILD_INTERMEDIATE"
"C:\dev\ages-of-dominion-reborn\android\app\build\intermediates\incremental\release\mergeReleaseResources\merged.dir\values-pl\values-pl.xml","164","REGENERABLE_ANDROID_BUILD_INTERMEDIATE"
"C:\dev\ages-of-dominion-reborn\android\app\build\intermediates\incremental\release\mergeReleaseResources\merged.dir\values-pt\values-pt.xml","164","REGENERABLE_ANDROID_BUILD_INTERMEDIATE"
"C:\dev\ages-of-dominion-reborn\android\app\build\intermediates\incremental\release\mergeReleaseResources\merged.dir\values-pt-rBR\values-pt-rBR.xml","164","REGENERABLE_ANDROID_BUILD_INTERMEDIATE"
"C:\dev\ages-of-dominion-reborn\android\app\build\intermediates\incremental\release\mergeReleaseResources\merged.dir\values-pt-rPT\values-pt-rPT.xml","164","REGENERABLE_ANDROID_BUILD_INTERMEDIATE"
"C:\dev\ages-of-dominion-reborn\android\app\build\intermediates\incremental\release\mergeReleaseResources\merged.dir\values-ro\values-ro.xml","164","REGENERABLE_ANDROID_BUILD_INTERMEDIATE"
"C:\dev\ages-of-dominion-reborn\android\app\build\intermediates\incremental\release\mergeReleaseResources\merged.dir\values-ru\values-ru.xml","164","REGENERABLE_ANDROID_BUILD_INTERMEDIATE"
"C:\dev\ages-of-dominion-reborn\android\app\build\intermediates\incremental\release\mergeReleaseResources\merged.dir\values-si\values-si.xml","164","REGENERABLE_ANDROID_BUILD_INTERMEDIATE"
"C:\dev\ages-of-dominion-reborn\android\app\build\intermediates\incremental\release\mergeReleaseResources\merged.dir\values-sk\values-sk.xml","164","REGENERABLE_ANDROID_BUILD_INTERMEDIATE"
"C:\dev\ages-of-dominion-reborn\android\app\build\intermediates\incremental\release\mergeReleaseResources\merged.dir\values-sl\values-sl.xml","164","REGENERABLE_ANDROID_BUILD_INTERMEDIATE"
"C:\dev\ages-of-dominion-reborn\android\app\build\intermediates\incremental\release\mergeReleaseResources\merged.dir\values-sq\values-sq.xml","164","REGENERABLE_ANDROID_BUILD_INTERMEDIATE"
"C:\dev\ages-of-dominion-reborn\android\app\build\intermediates\incremental\release\mergeReleaseResources\merged.dir\values-sr\values-sr.xml","164","REGENERABLE_ANDROID_BUILD_INTERMEDIATE"
"C:\dev\ages-of-dominion-reborn\android\app\build\intermediates\incremental\release\mergeReleaseResources\merged.dir\values-sv\values-sv.xml","164","REGENERABLE_ANDROID_BUILD_INTERMEDIATE"
"C:\dev\ages-of-dominion-reborn\android\app\build\intermediates\incremental\release\mergeReleaseResources\merged.dir\values-sw\values-sw.xml","164","REGENERABLE_ANDROID_BUILD_INTERMEDIATE"
"C:\dev\ages-of-dominion-reborn\android\app\build\intermediates\incremental\release\mergeReleaseResources\merged.dir\values-ta\values-ta.xml","164","REGENERABLE_ANDROID_BUILD_INTERMEDIATE"
"C:\dev\ages-of-dominion-reborn\android\app\build\intermediates\incremental\release\mergeReleaseResources\merged.dir\values-te\values-te.xml","164","REGENERABLE_ANDROID_BUILD_INTERMEDIATE"
"C:\dev\ages-of-dominion-reborn\android\app\build\intermediates\incremental\release\mergeReleaseResources\merged.dir\values-th\values-th.xml","164","REGENERABLE_ANDROID_BUILD_INTERMEDIATE"
"C:\dev\ages-of-dominion-reborn\android\app\build\intermediates\incremental\release\mergeReleaseResources\merged.dir\values-tl\values-tl.xml","164","REGENERABLE_ANDROID_BUILD_INTERMEDIATE"
"C:\dev\ages-of-dominion-reborn\android\app\build\intermediates\incremental\release\mergeReleaseResources\merged.dir\values-tr\values-tr.xml","164","REGENERABLE_ANDROID_BUILD_INTERMEDIATE"
"C:\dev\ages-of-dominion-reborn\android\app\build\intermediates\incremental\release\mergeReleaseResources\merged.dir\values-uk\values-uk.xml","164","REGENERABLE_ANDROID_BUILD_INTERMEDIATE"
"C:\dev\ages-of-dominion-reborn\android\app\build\intermediates\incremental\release\mergeReleaseResources\merged.dir\values-ur\values-ur.xml","164","REGENERABLE_ANDROID_BUILD_INTERMEDIATE"
"C:\dev\ages-of-dominion-reborn\android\app\build\intermediates\incremental\release\mergeReleaseResources\merged.dir\values-uz\values-uz.xml","164","REGENERABLE_ANDROID_BUILD_INTERMEDIATE"
"C:\dev\ages-of-dominion-reborn\android\app\build\intermediates\incremental\release\mergeReleaseResources\merged.dir\values-v16\values-v16.xml","129","REGENERABLE_ANDROID_BUILD_INTERMEDIATE"
"C:\dev\ages-of-dominion-reborn\android\app\build\intermediates\incremental\release\mergeReleaseResources\merged.dir\values-v21\values-v21.xml","1368","REGENERABLE_ANDROID_BUILD_INTERMEDIATE"
"C:\dev\ages-of-dominion-reborn\android\app\build\intermediates\incremental\release\mergeReleaseResources\merged.dir\values-vi\values-vi.xml","164","REGENERABLE_ANDROID_BUILD_INTERMEDIATE"
"C:\dev\ages-of-dominion-reborn\android\app\build\intermediates\incremental\release\mergeReleaseResources\merged.dir\values-zh-rCN\values-zh-rCN.xml","164","REGENERABLE_ANDROID_BUILD_INTERMEDIATE"
"C:\dev\ages-of-dominion-reborn\android\app\build\intermediates\incremental\release\mergeReleaseResources\merged.dir\values-zh-rHK\values-zh-rHK.xml","164","REGENERABLE_ANDROID_BUILD_INTERMEDIATE"
"C:\dev\ages-of-dominion-reborn\android\app\build\intermediates\incremental\release\mergeReleaseResources\merged.dir\values-zh-rTW\values-zh-rTW.xml","164","REGENERABLE_ANDROID_BUILD_INTERMEDIATE"
"C:\dev\ages-of-dominion-reborn\android\app\build\intermediates\incremental\release\mergeReleaseResources\merged.dir\values-zu\values-zu.xml","164","REGENERABLE_ANDROID_BUILD_INTERMEDIATE"
"C:\dev\ages-of-dominion-reborn\android\app\build\intermediates\incremental\release\packageReleaseResources\compile-file-map.properties","31","REGENERABLE_ANDROID_BUILD_INTERMEDIATE"
"C:\dev\ages-of-dominion-reborn\android\app\build\intermediates\incremental\release\packageReleaseResources\merger.xml","1866","REGENERABLE_ANDROID_BUILD_INTERMEDIATE"
"C:\dev\ages-of-dominion-reborn\android\app\build\intermediates\incremental\release-mergeJavaRes\merge-state","3350","REGENERABLE_ANDROID_BUILD_INTERMEDIATE"
"C:\dev\ages-of-dominion-reborn\android\app\build\intermediates\incremental\release-mergeJavaRes\zip-cache\0RAf8I6SLhnFEZcXzzB46pS8+1w=","20306","REGENERABLE_ANDROID_BUILD_INTERMEDIATE"
"C:\dev\ages-of-dominion-reborn\android\app\build\intermediates\incremental\release-mergeJavaRes\zip-cache\3I0BjDvsc_ODgIYW5GdwiGbvwRA=","6304","REGENERABLE_ANDROID_BUILD_INTERMEDIATE"
"C:\dev\ages-of-dominion-reborn\android\app\build\intermediates\incremental\release-mergeJavaRes\zip-cache\6f0MuFSY34sQ6ItzVMxEukn9+g8=","198936","REGENERABLE_ANDROID_BUILD_INTERMEDIATE"
"C:\dev\ages-of-dominion-reborn\android\app\build\intermediates\incremental\release-mergeJavaRes\zip-cache\aqvtywJMyMElPzB1EVrOSpOuY7o=","31906","REGENERABLE_ANDROID_BUILD_INTERMEDIATE"
"C:\dev\ages-of-dominion-reborn\android\app\build\intermediates\incremental\release-mergeJavaRes\zip-cache\FSxFjfltXR_KDHwJkI8iwZnIu7o=","9055","REGENERABLE_ANDROID_BUILD_INTERMEDIATE"
"C:\dev\ages-of-dominion-reborn\android\app\build\intermediates\incremental\release-mergeJavaRes\zip-cache\J684DYJOy864e6WNajZaKHj2keU=","17536","REGENERABLE_ANDROID_BUILD_INTERMEDIATE"
"C:\dev\ages-of-dominion-reborn\android\app\build\intermediates\incremental\release-mergeJavaRes\zip-cache\ORF5udEYJ6MUIovCCbqIRDPXbS8=","675389","REGENERABLE_ANDROID_BUILD_INTERMEDIATE"
"C:\dev\ages-of-dominion-reborn\android\app\build\intermediates\incremental\release-mergeJavaRes\zip-cache\OtyFrtxzMlHne0ExYG0Ft+bPBkE=","41692","REGENERABLE_ANDROID_BUILD_INTERMEDIATE"
"C:\dev\ages-of-dominion-reborn\android\app\build\intermediates\incremental\release-mergeJavaRes\zip-cache\OvTQwi1qYKjDfQQwozMrbJChypc=","56126","REGENERABLE_ANDROID_BUILD_INTERMEDIATE"
"C:\dev\ages-of-dominion-reborn\android\app\build\intermediates\incremental\release-mergeJavaRes\zip-cache\pUGwD00NYMwXtByJ1RuBLh_RlPo=","11249","REGENERABLE_ANDROID_BUILD_INTERMEDIATE"
"C:\dev\ages-of-dominion-reborn\android\app\build\intermediates\incremental\release-mergeJavaRes\zip-cache\q6B1Wc4R2zYU4SjLfnBFwP8Atm8=","185698","REGENERABLE_ANDROID_BUILD_INTERMEDIATE"
"C:\dev\ages-of-dominion-reborn\android\app\build\intermediates\incremental\release-mergeJavaRes\zip-cache\YZgqDb2SIfQy7jLD0xoJnehSpQQ=","1524620","REGENERABLE_ANDROID_BUILD_INTERMEDIATE"
"C:\dev\ages-of-dominion-reborn\android\app\build\intermediates\javac\debug\compileDebugJavaWithJavac\classes\com\agesofdominion\game\MainActivity.class","944","REGENERABLE_ANDROID_BUILD_INTERMEDIATE"
"C:\dev\ages-of-dominion-reborn\android\app\build\intermediates\javac\release\compileReleaseJavaWithJavac\classes\com\agesofdominion\game\MainActivity.class","3844","REGENERABLE_ANDROID_BUILD_INTERMEDIATE"
"C:\dev\ages-of-dominion-reborn\android\app\build\intermediates\javac\release\compileReleaseJavaWithJavac\classes\com\agesofdominion\game\MainActivity$1.class","1220","REGENERABLE_ANDROID_BUILD_INTERMEDIATE"
"C:\dev\ages-of-dominion-reborn\android\app\build\intermediates\linked_resources_binary_format\debug\processDebugResources\linked-resources-binary-format-debug.ap_","1123","REGENERABLE_ANDROID_BUILD_INTERMEDIATE"
"C:\dev\ages-of-dominion-reborn\android\app\build\intermediates\linked_resources_binary_format\debug\processDebugResources\output-metadata.json","442","REGENERABLE_ANDROID_BUILD_INTERMEDIATE"
"C:\dev\ages-of-dominion-reborn\android\app\build\intermediates\linked_resources_binary_format\release\processReleaseResources\linked-resources-binary-format-release.ap_","33743","REGENERABLE_ANDROID_BUILD_INTERMEDIATE"
"C:\dev\ages-of-dominion-reborn\android\app\build\intermediates\linked_resources_binary_format\release\processReleaseResources\output-metadata.json","446","REGENERABLE_ANDROID_BUILD_INTERMEDIATE"
"C:\dev\ages-of-dominion-reborn\android\app\build\intermediates\lint-cache\lintVitalAnalyzeRelease\lint-cache-version.txt","30","REGENERABLE_ANDROID_BUILD_INTERMEDIATE"
"C:\dev\ages-of-dominion-reborn\android\app\build\intermediates\lint-cache\lintVitalAnalyzeRelease\maven.google\master-index.xml","10247","REGENERABLE_ANDROID_BUILD_INTERMEDIATE"
"C:\dev\ages-of-dominion-reborn\android\app\build\intermediates\lint-cache\lintVitalAnalyzeRelease\maven.google\androidx\webkit\group-index.xml","1282","REGENERABLE_ANDROID_BUILD_INTERMEDIATE"
"C:\dev\ages-of-dominion-reborn\android\app\build\intermediates\lint-cache\lintVitalAnalyzeRelease\sdk_index\snapshot.gz","106334","REGENERABLE_ANDROID_BUILD_INTERMEDIATE"
"C:\dev\ages-of-dominion-reborn\android\app\build\intermediates\lint-cache\lintVitalReportRelease\lint-cache-version.txt","30","REGENERABLE_ANDROID_BUILD_INTERMEDIATE"
"C:\dev\ages-of-dominion-reborn\android\app\build\intermediates\lint_vital_intermediate_text_report\release\lintVitalReportRelease\lint-results-release.txt","17","REGENERABLE_ANDROID_BUILD_INTERMEDIATE"
"C:\dev\ages-of-dominion-reborn\android\app\build\intermediates\lint_vital_partial_results\release\lintVitalAnalyzeRelease\out\lint-resources.xml","0","REGENERABLE_ANDROID_BUILD_INTERMEDIATE"
"C:\dev\ages-of-dominion-reborn\android\app\build\intermediates\lint_vital_report_lint_model\release\generateReleaseLintVitalReportModel\module.xml","658","REGENERABLE_ANDROID_BUILD_INTERMEDIATE"
"C:\dev\ages-of-dominion-reborn\android\app\build\intermediates\lint_vital_report_lint_model\release\generateReleaseLintVitalReportModel\release-artifact-dependencies.xml","4421","REGENERABLE_ANDROID_BUILD_INTERMEDIATE"
"C:\dev\ages-of-dominion-reborn\android\app\build\intermediates\lint_vital_report_lint_model\release\generateReleaseLintVitalReportModel\release-artifact-libraries.xml","5448","REGENERABLE_ANDROID_BUILD_INTERMEDIATE"
"C:\dev\ages-of-dominion-reborn\android\app\build\intermediates\lint_vital_report_lint_model\release\generateReleaseLintVitalReportModel\release.xml","1646","REGENERABLE_ANDROID_BUILD_INTERMEDIATE"
"C:\dev\ages-of-dominion-reborn\android\app\build\intermediates\lint_vital_return_value\release\lintVitalReportRelease\return-value-release.txt","1","REGENERABLE_ANDROID_BUILD_INTERMEDIATE"
"C:\dev\ages-of-dominion-reborn\android\app\build\intermediates\local_only_symbol_list\debug\parseDebugLocalResources\R-def.txt","55","REGENERABLE_ANDROID_BUILD_INTERMEDIATE"
"C:\dev\ages-of-dominion-reborn\android\app\build\intermediates\local_only_symbol_list\release\parseReleaseLocalResources\R-def.txt","55","REGENERABLE_ANDROID_BUILD_INTERMEDIATE"
"C:\dev\ages-of-dominion-reborn\android\app\build\intermediates\manifest_merge_blame_file\debug\processDebugMainManifest\manifest-merger-blame-debug-report.txt","2303","REGENERABLE_ANDROID_BUILD_INTERMEDIATE"
"C:\dev\ages-of-dominion-reborn\android\app\build\intermediates\manifest_merge_blame_file\release\processReleaseMainManifest\manifest-merger-blame-release-report.txt","2511","REGENERABLE_ANDROID_BUILD_INTERMEDIATE"
"C:\dev\ages-of-dominion-reborn\android\app\build\intermediates\merged_java_res\debug\mergeDebugJavaResource\base.jar","22","REGENERABLE_ANDROID_BUILD_INTERMEDIATE"
"C:\dev\ages-of-dominion-reborn\android\app\build\intermediates\merged_java_res\release\mergeReleaseJavaResource\base.jar","11415","REGENERABLE_ANDROID_BUILD_INTERMEDIATE"
"C:\dev\ages-of-dominion-reborn\android\app\build\intermediates\merged_manifest\debug\processDebugMainManifest\AndroidManifest.xml","1078","REGENERABLE_ANDROID_BUILD_INTERMEDIATE"
"C:\dev\ages-of-dominion-reborn\android\app\build\intermediates\merged_manifest\release\processReleaseMainManifest\AndroidManifest.xml","1121","REGENERABLE_ANDROID_BUILD_INTERMEDIATE"
"C:\dev\ages-of-dominion-reborn\android\app\build\intermediates\merged_manifests\debug\processDebugManifest\AndroidManifest.xml","1078","REGENERABLE_ANDROID_BUILD_INTERMEDIATE"
"C:\dev\ages-of-dominion-reborn\android\app\build\intermediates\merged_manifests\debug\processDebugManifest\output-metadata.json","407","REGENERABLE_ANDROID_BUILD_INTERMEDIATE"
"C:\dev\ages-of-dominion-reborn\android\app\build\intermediates\merged_manifests\release\processReleaseManifest\AndroidManifest.xml","1121","REGENERABLE_ANDROID_BUILD_INTERMEDIATE"
"C:\dev\ages-of-dominion-reborn\android\app\build\intermediates\merged_manifests\release\processReleaseManifest\output-metadata.json","409","REGENERABLE_ANDROID_BUILD_INTERMEDIATE"
"C:\dev\ages-of-dominion-reborn\android\app\build\intermediates\merged_res\release\mergeReleaseResources\values_values.arsc.flat","10012","REGENERABLE_ANDROID_BUILD_INTERMEDIATE"
"C:\dev\ages-of-dominion-reborn\android\app\build\intermediates\merged_res\release\mergeReleaseResources\values-af_values-af.arsc.flat","268","REGENERABLE_ANDROID_BUILD_INTERMEDIATE"
"C:\dev\ages-of-dominion-reborn\android\app\build\intermediates\merged_res\release\mergeReleaseResources\values-am_values-am.arsc.flat","268","REGENERABLE_ANDROID_BUILD_INTERMEDIATE"
"C:\dev\ages-of-dominion-reborn\android\app\build\intermediates\merged_res\release\mergeReleaseResources\values-ar_values-ar.arsc.flat","268","REGENERABLE_ANDROID_BUILD_INTERMEDIATE"
"C:\dev\ages-of-dominion-reborn\android\app\build\intermediates\merged_res\release\mergeReleaseResources\values-as_values-as.arsc.flat","276","REGENERABLE_ANDROID_BUILD_INTERMEDIATE"
"C:\dev\ages-of-dominion-reborn\android\app\build\intermediates\merged_res\release\mergeReleaseResources\values-az_values-az.arsc.flat","268","REGENERABLE_ANDROID_BUILD_INTERMEDIATE"
"C:\dev\ages-of-dominion-reborn\android\app\build\intermediates\merged_res\release\mergeReleaseResources\values-b+sr+Latn_values-b+sr+Latn.arsc.flat","292","REGENERABLE_ANDROID_BUILD_INTERMEDIATE"
"C:\dev\ages-of-dominion-reborn\android\app\build\intermediates\merged_res\release\mergeReleaseResources\values-be_values-be.arsc.flat","268","REGENERABLE_ANDROID_BUILD_INTERMEDIATE"
"C:\dev\ages-of-dominion-reborn\android\app\build\intermediates\merged_res\release\mergeReleaseResources\values-bg_values-bg.arsc.flat","268","REGENERABLE_ANDROID_BUILD_INTERMEDIATE"
"C:\dev\ages-of-dominion-reborn\android\app\build\intermediates\merged_res\release\mergeReleaseResources\values-bn_values-bn.arsc.flat","276","REGENERABLE_ANDROID_BUILD_INTERMEDIATE"
"C:\dev\ages-of-dominion-reborn\android\app\build\intermediates\merged_res\release\mergeReleaseResources\values-bs_values-bs.arsc.flat","268","REGENERABLE_ANDROID_BUILD_INTERMEDIATE"
"C:\dev\ages-of-dominion-reborn\android\app\build\intermediates\merged_res\release\mergeReleaseResources\values-ca_values-ca.arsc.flat","268","REGENERABLE_ANDROID_BUILD_INTERMEDIATE"
"C:\dev\ages-of-dominion-reborn\android\app\build\intermediates\merged_res\release\mergeReleaseResources\values-cs_values-cs.arsc.flat","268","REGENERABLE_ANDROID_BUILD_INTERMEDIATE"
"C:\dev\ages-of-dominion-reborn\android\app\build\intermediates\merged_res\release\mergeReleaseResources\values-da_values-da.arsc.flat","268","REGENERABLE_ANDROID_BUILD_INTERMEDIATE"
"C:\dev\ages-of-dominion-reborn\android\app\build\intermediates\merged_res\release\mergeReleaseResources\values-de_values-de.arsc.flat","268","REGENERABLE_ANDROID_BUILD_INTERMEDIATE"
"C:\dev\ages-of-dominion-reborn\android\app\build\intermediates\merged_res\release\mergeReleaseResources\values-el_values-el.arsc.flat","268","REGENERABLE_ANDROID_BUILD_INTERMEDIATE"
"C:\dev\ages-of-dominion-reborn\android\app\build\intermediates\merged_res\release\mergeReleaseResources\values-en-rAU_values-en-rAU.arsc.flat","280","REGENERABLE_ANDROID_BUILD_INTERMEDIATE"
"C:\dev\ages-of-dominion-reborn\android\app\build\intermediates\merged_res\release\mergeReleaseResources\values-en-rCA_values-en-rCA.arsc.flat","280","REGENERABLE_ANDROID_BUILD_INTERMEDIATE"
"C:\dev\ages-of-dominion-reborn\android\app\build\intermediates\merged_res\release\mergeReleaseResources\values-en-rGB_values-en-rGB.arsc.flat","280","REGENERABLE_ANDROID_BUILD_INTERMEDIATE"
"C:\dev\ages-of-dominion-reborn\android\app\build\intermediates\merged_res\release\mergeReleaseResources\values-en-rIN_values-en-rIN.arsc.flat","280","REGENERABLE_ANDROID_BUILD_INTERMEDIATE"
"C:\dev\ages-of-dominion-reborn\android\app\build\intermediates\merged_res\release\mergeReleaseResources\values-en-rXC_values-en-rXC.arsc.flat","596","REGENERABLE_ANDROID_BUILD_INTERMEDIATE"
"C:\dev\ages-of-dominion-reborn\android\app\build\intermediates\merged_res\release\mergeReleaseResources\values-es_values-es.arsc.flat","268","REGENERABLE_ANDROID_BUILD_INTERMEDIATE"
"C:\dev\ages-of-dominion-reborn\android\app\build\intermediates\merged_res\release\mergeReleaseResources\values-es-rUS_values-es-rUS.arsc.flat","280","REGENERABLE_ANDROID_BUILD_INTERMEDIATE"
"C:\dev\ages-of-dominion-reborn\android\app\build\intermediates\merged_res\release\mergeReleaseResources\values-et_values-et.arsc.flat","268","REGENERABLE_ANDROID_BUILD_INTERMEDIATE"
"C:\dev\ages-of-dominion-reborn\android\app\build\intermediates\merged_res\release\mergeReleaseResources\values-eu_values-eu.arsc.flat","268","REGENERABLE_ANDROID_BUILD_INTERMEDIATE"
"C:\dev\ages-of-dominion-reborn\android\app\build\intermediates\merged_res\release\mergeReleaseResources\values-fa_values-fa.arsc.flat","268","REGENERABLE_ANDROID_BUILD_INTERMEDIATE"
"C:\dev\ages-of-dominion-reborn\android\app\build\intermediates\merged_res\release\mergeReleaseResources\values-fi_values-fi.arsc.flat","268","REGENERABLE_ANDROID_BUILD_INTERMEDIATE"
"C:\dev\ages-of-dominion-reborn\android\app\build\intermediates\merged_res\release\mergeReleaseResources\values-fr_values-fr.arsc.flat","268","REGENERABLE_ANDROID_BUILD_INTERMEDIATE"
"C:\dev\ages-of-dominion-reborn\android\app\build\intermediates\merged_res\release\mergeReleaseResources\values-fr-rCA_values-fr-rCA.arsc.flat","280","REGENERABLE_ANDROID_BUILD_INTERMEDIATE"
"C:\dev\ages-of-dominion-reborn\android\app\build\intermediates\merged_res\release\mergeReleaseResources\values-gl_values-gl.arsc.flat","268","REGENERABLE_ANDROID_BUILD_INTERMEDIATE"
"C:\dev\ages-of-dominion-reborn\android\app\build\intermediates\merged_res\release\mergeReleaseResources\values-gu_values-gu.arsc.flat","268","REGENERABLE_ANDROID_BUILD_INTERMEDIATE"
"C:\dev\ages-of-dominion-reborn\android\app\build\intermediates\merged_res\release\mergeReleaseResources\values-hi_values-hi.arsc.flat","268","REGENERABLE_ANDROID_BUILD_INTERMEDIATE"
"C:\dev\ages-of-dominion-reborn\android\app\build\intermediates\merged_res\release\mergeReleaseResources\values-hr_values-hr.arsc.flat","268","REGENERABLE_ANDROID_BUILD_INTERMEDIATE"
"C:\dev\ages-of-dominion-reborn\android\app\build\intermediates\merged_res\release\mergeReleaseResources\values-hu_values-hu.arsc.flat","268","REGENERABLE_ANDROID_BUILD_INTERMEDIATE"
"C:\dev\ages-of-dominion-reborn\android\app\build\intermediates\merged_res\release\mergeReleaseResources\values-hy_values-hy.arsc.flat","268","REGENERABLE_ANDROID_BUILD_INTERMEDIATE"
"C:\dev\ages-of-dominion-reborn\android\app\build\intermediates\merged_res\release\mergeReleaseResources\values-in_values-in.arsc.flat","268","REGENERABLE_ANDROID_BUILD_INTERMEDIATE"
"C:\dev\ages-of-dominion-reborn\android\app\build\intermediates\merged_res\release\mergeReleaseResources\values-is_values-is.arsc.flat","268","REGENERABLE_ANDROID_BUILD_INTERMEDIATE"
"C:\dev\ages-of-dominion-reborn\android\app\build\intermediates\merged_res\release\mergeReleaseResources\values-it_values-it.arsc.flat","268","REGENERABLE_ANDROID_BUILD_INTERMEDIATE"
"C:\dev\ages-of-dominion-reborn\android\app\build\intermediates\merged_res\release\mergeReleaseResources\values-iw_values-iw.arsc.flat","268","REGENERABLE_ANDROID_BUILD_INTERMEDIATE"
"C:\dev\ages-of-dominion-reborn\android\app\build\intermediates\merged_res\release\mergeReleaseResources\values-ja_values-ja.arsc.flat","268","REGENERABLE_ANDROID_BUILD_INTERMEDIATE"
"C:\dev\ages-of-dominion-reborn\android\app\build\intermediates\merged_res\release\mergeReleaseResources\values-ka_values-ka.arsc.flat","268","REGENERABLE_ANDROID_BUILD_INTERMEDIATE"
"C:\dev\ages-of-dominion-reborn\android\app\build\intermediates\merged_res\release\mergeReleaseResources\values-kk_values-kk.arsc.flat","268","REGENERABLE_ANDROID_BUILD_INTERMEDIATE"
"C:\dev\ages-of-dominion-reborn\android\app\build\intermediates\merged_res\release\mergeReleaseResources\values-km_values-km.arsc.flat","268","REGENERABLE_ANDROID_BUILD_INTERMEDIATE"
"C:\dev\ages-of-dominion-reborn\android\app\build\intermediates\merged_res\release\mergeReleaseResources\values-kn_values-kn.arsc.flat","268","REGENERABLE_ANDROID_BUILD_INTERMEDIATE"
"C:\dev\ages-of-dominion-reborn\android\app\build\intermediates\merged_res\release\mergeReleaseResources\values-ko_values-ko.arsc.flat","268","REGENERABLE_ANDROID_BUILD_INTERMEDIATE"
"C:\dev\ages-of-dominion-reborn\android\app\build\intermediates\merged_res\release\mergeReleaseResources\values-ky_values-ky.arsc.flat","268","REGENERABLE_ANDROID_BUILD_INTERMEDIATE"
"C:\dev\ages-of-dominion-reborn\android\app\build\intermediates\merged_res\release\mergeReleaseResources\values-lo_values-lo.arsc.flat","268","REGENERABLE_ANDROID_BUILD_INTERMEDIATE"
"C:\dev\ages-of-dominion-reborn\android\app\build\intermediates\merged_res\release\mergeReleaseResources\values-lt_values-lt.arsc.flat","268","REGENERABLE_ANDROID_BUILD_INTERMEDIATE"
"C:\dev\ages-of-dominion-reborn\android\app\build\intermediates\merged_res\release\mergeReleaseResources\values-lv_values-lv.arsc.flat","268","REGENERABLE_ANDROID_BUILD_INTERMEDIATE"
"C:\dev\ages-of-dominion-reborn\android\app\build\intermediates\merged_res\release\mergeReleaseResources\values-mk_values-mk.arsc.flat","268","REGENERABLE_ANDROID_BUILD_INTERMEDIATE"
"C:\dev\ages-of-dominion-reborn\android\app\build\intermediates\merged_res\release\mergeReleaseResources\values-ml_values-ml.arsc.flat","268","REGENERABLE_ANDROID_BUILD_INTERMEDIATE"
"C:\dev\ages-of-dominion-reborn\android\app\build\intermediates\merged_res\release\mergeReleaseResources\values-mn_values-mn.arsc.flat","268","REGENERABLE_ANDROID_BUILD_INTERMEDIATE"
"C:\dev\ages-of-dominion-reborn\android\app\build\intermediates\merged_res\release\mergeReleaseResources\values-mr_values-mr.arsc.flat","276","REGENERABLE_ANDROID_BUILD_INTERMEDIATE"
"C:\dev\ages-of-dominion-reborn\android\app\build\intermediates\merged_res\release\mergeReleaseResources\values-ms_values-ms.arsc.flat","268","REGENERABLE_ANDROID_BUILD_INTERMEDIATE"
"C:\dev\ages-of-dominion-reborn\android\app\build\intermediates\merged_res\release\mergeReleaseResources\values-my_values-my.arsc.flat","276","REGENERABLE_ANDROID_BUILD_INTERMEDIATE"
"C:\dev\ages-of-dominion-reborn\android\app\build\intermediates\merged_res\release\mergeReleaseResources\values-nb_values-nb.arsc.flat","268","REGENERABLE_ANDROID_BUILD_INTERMEDIATE"
"C:\dev\ages-of-dominion-reborn\android\app\build\intermediates\merged_res\release\mergeReleaseResources\values-ne_values-ne.arsc.flat","276","REGENERABLE_ANDROID_BUILD_INTERMEDIATE"
"C:\dev\ages-of-dominion-reborn\android\app\build\intermediates\merged_res\release\mergeReleaseResources\values-nl_values-nl.arsc.flat","268","REGENERABLE_ANDROID_BUILD_INTERMEDIATE"
"C:\dev\ages-of-dominion-reborn\android\app\build\intermediates\merged_res\release\mergeReleaseResources\values-or_values-or.arsc.flat","268","REGENERABLE_ANDROID_BUILD_INTERMEDIATE"
"C:\dev\ages-of-dominion-reborn\android\app\build\intermediates\merged_res\release\mergeReleaseResources\values-pa_values-pa.arsc.flat","268","REGENERABLE_ANDROID_BUILD_INTERMEDIATE"
"C:\dev\ages-of-dominion-reborn\android\app\build\intermediates\merged_res\release\mergeReleaseResources\values-pl_values-pl.arsc.flat","268","REGENERABLE_ANDROID_BUILD_INTERMEDIATE"
"C:\dev\ages-of-dominion-reborn\android\app\build\intermediates\merged_res\release\mergeReleaseResources\values-pt_values-pt.arsc.flat","268","REGENERABLE_ANDROID_BUILD_INTERMEDIATE"
"C:\dev\ages-of-dominion-reborn\android\app\build\intermediates\merged_res\release\mergeReleaseResources\values-pt-rBR_values-pt-rBR.arsc.flat","280","REGENERABLE_ANDROID_BUILD_INTERMEDIATE"
"C:\dev\ages-of-dominion-reborn\android\app\build\intermediates\merged_res\release\mergeReleaseResources\values-pt-rPT_values-pt-rPT.arsc.flat","280","REGENERABLE_ANDROID_BUILD_INTERMEDIATE"
"C:\dev\ages-of-dominion-reborn\android\app\build\intermediates\merged_res\release\mergeReleaseResources\values-ro_values-ro.arsc.flat","268","REGENERABLE_ANDROID_BUILD_INTERMEDIATE"
"C:\dev\ages-of-dominion-reborn\android\app\build\intermediates\merged_res\release\mergeReleaseResources\values-ru_values-ru.arsc.flat","268","REGENERABLE_ANDROID_BUILD_INTERMEDIATE"
"C:\dev\ages-of-dominion-reborn\android\app\build\intermediates\merged_res\release\mergeReleaseResources\values-si_values-si.arsc.flat","268","REGENERABLE_ANDROID_BUILD_INTERMEDIATE"
"C:\dev\ages-of-dominion-reborn\android\app\build\intermediates\merged_res\release\mergeReleaseResources\values-sk_values-sk.arsc.flat","268","REGENERABLE_ANDROID_BUILD_INTERMEDIATE"
"C:\dev\ages-of-dominion-reborn\android\app\build\intermediates\merged_res\release\mergeReleaseResources\values-sl_values-sl.arsc.flat","268","REGENERABLE_ANDROID_BUILD_INTERMEDIATE"
"C:\dev\ages-of-dominion-reborn\android\app\build\intermediates\merged_res\release\mergeReleaseResources\values-sq_values-sq.arsc.flat","268","REGENERABLE_ANDROID_BUILD_INTERMEDIATE"
"C:\dev\ages-of-dominion-reborn\android\app\build\intermediates\merged_res\release\mergeReleaseResources\values-sr_values-sr.arsc.flat","268","REGENERABLE_ANDROID_BUILD_INTERMEDIATE"
"C:\dev\ages-of-dominion-reborn\android\app\build\intermediates\merged_res\release\mergeReleaseResources\values-sv_values-sv.arsc.flat","268","REGENERABLE_ANDROID_BUILD_INTERMEDIATE"
"C:\dev\ages-of-dominion-reborn\android\app\build\intermediates\merged_res\release\mergeReleaseResources\values-sw_values-sw.arsc.flat","268","REGENERABLE_ANDROID_BUILD_INTERMEDIATE"
"C:\dev\ages-of-dominion-reborn\android\app\build\intermediates\merged_res\release\mergeReleaseResources\values-ta_values-ta.arsc.flat","268","REGENERABLE_ANDROID_BUILD_INTERMEDIATE"
"C:\dev\ages-of-dominion-reborn\android\app\build\intermediates\merged_res\release\mergeReleaseResources\values-te_values-te.arsc.flat","268","REGENERABLE_ANDROID_BUILD_INTERMEDIATE"
"C:\dev\ages-of-dominion-reborn\android\app\build\intermediates\merged_res\release\mergeReleaseResources\values-th_values-th.arsc.flat","268","REGENERABLE_ANDROID_BUILD_INTERMEDIATE"
"C:\dev\ages-of-dominion-reborn\android\app\build\intermediates\merged_res\release\mergeReleaseResources\values-tl_values-tl.arsc.flat","268","REGENERABLE_ANDROID_BUILD_INTERMEDIATE"
"C:\dev\ages-of-dominion-reborn\android\app\build\intermediates\merged_res\release\mergeReleaseResources\values-tr_values-tr.arsc.flat","268","REGENERABLE_ANDROID_BUILD_INTERMEDIATE"
"C:\dev\ages-of-dominion-reborn\android\app\build\intermediates\merged_res\release\mergeReleaseResources\values-uk_values-uk.arsc.flat","268","REGENERABLE_ANDROID_BUILD_INTERMEDIATE"
"C:\dev\ages-of-dominion-reborn\android\app\build\intermediates\merged_res\release\mergeReleaseResources\values-ur_values-ur.arsc.flat","268","REGENERABLE_ANDROID_BUILD_INTERMEDIATE"
"C:\dev\ages-of-dominion-reborn\android\app\build\intermediates\merged_res\release\mergeReleaseResources\values-uz_values-uz.arsc.flat","268","REGENERABLE_ANDROID_BUILD_INTERMEDIATE"
"C:\dev\ages-of-dominion-reborn\android\app\build\intermediates\merged_res\release\mergeReleaseResources\values-v16_values-v16.arsc.flat","268","REGENERABLE_ANDROID_BUILD_INTERMEDIATE"
"C:\dev\ages-of-dominion-reborn\android\app\build\intermediates\merged_res\release\mergeReleaseResources\values-v21_values-v21.arsc.flat","1504","REGENERABLE_ANDROID_BUILD_INTERMEDIATE"
"C:\dev\ages-of-dominion-reborn\android\app\build\intermediates\merged_res\release\mergeReleaseResources\values-vi_values-vi.arsc.flat","268","REGENERABLE_ANDROID_BUILD_INTERMEDIATE"
"C:\dev\ages-of-dominion-reborn\android\app\build\intermediates\merged_res\release\mergeReleaseResources\values-zh-rCN_values-zh-rCN.arsc.flat","280","REGENERABLE_ANDROID_BUILD_INTERMEDIATE"
"C:\dev\ages-of-dominion-reborn\android\app\build\intermediates\merged_res\release\mergeReleaseResources\values-zh-rHK_values-zh-rHK.arsc.flat","280","REGENERABLE_ANDROID_BUILD_INTERMEDIATE"
"C:\dev\ages-of-dominion-reborn\android\app\build\intermediates\merged_res\release\mergeReleaseResources\values-zh-rTW_values-zh-rTW.arsc.flat","280","REGENERABLE_ANDROID_BUILD_INTERMEDIATE"
"C:\dev\ages-of-dominion-reborn\android\app\build\intermediates\merged_res\release\mergeReleaseResources\values-zu_values-zu.arsc.flat","268","REGENERABLE_ANDROID_BUILD_INTERMEDIATE"
"C:\dev\ages-of-dominion-reborn\android\app\build\intermediates\merged_res_blame_folder\release\mergeReleaseResources\out\multi-v2\mergeReleaseResources.json","60889","REGENERABLE_ANDROID_BUILD_INTERMEDIATE"
"C:\dev\ages-of-dominion-reborn\android\app\build\intermediates\merged_res_blame_folder\release\mergeReleaseResources\out\multi-v2\values-af.json","672","REGENERABLE_ANDROID_BUILD_INTERMEDIATE"
"C:\dev\ages-of-dominion-reborn\android\app\build\intermediates\merged_res_blame_folder\release\mergeReleaseResources\out\multi-v2\values-am.json","672","REGENERABLE_ANDROID_BUILD_INTERMEDIATE"
"C:\dev\ages-of-dominion-reborn\android\app\build\intermediates\merged_res_blame_folder\release\mergeReleaseResources\out\multi-v2\values-ar.json","672","REGENERABLE_ANDROID_BUILD_INTERMEDIATE"
"C:\dev\ages-of-dominion-reborn\android\app\build\intermediates\merged_res_blame_folder\release\mergeReleaseResources\out\multi-v2\values-as.json","672","REGENERABLE_ANDROID_BUILD_INTERMEDIATE"
"C:\dev\ages-of-dominion-reborn\android\app\build\intermediates\merged_res_blame_folder\release\mergeReleaseResources\out\multi-v2\values-az.json","672","REGENERABLE_ANDROID_BUILD_INTERMEDIATE"
"C:\dev\ages-of-dominion-reborn\android\app\build\intermediates\merged_res_blame_folder\release\mergeReleaseResources\out\multi-v2\values-b+sr+Latn.json","700","REGENERABLE_ANDROID_BUILD_INTERMEDIATE"
"C:\dev\ages-of-dominion-reborn\android\app\build\intermediates\merged_res_blame_folder\release\mergeReleaseResources\out\multi-v2\values-be.json","672","REGENERABLE_ANDROID_BUILD_INTERMEDIATE"
"C:\dev\ages-of-dominion-reborn\android\app\build\intermediates\merged_res_blame_folder\release\mergeReleaseResources\out\multi-v2\values-bg.json","672","REGENERABLE_ANDROID_BUILD_INTERMEDIATE"
"C:\dev\ages-of-dominion-reborn\android\app\build\intermediates\merged_res_blame_folder\release\mergeReleaseResources\out\multi-v2\values-bn.json","672","REGENERABLE_ANDROID_BUILD_INTERMEDIATE"
"C:\dev\ages-of-dominion-reborn\android\app\build\intermediates\merged_res_blame_folder\release\mergeReleaseResources\out\multi-v2\values-bs.json","672","REGENERABLE_ANDROID_BUILD_INTERMEDIATE"
"C:\dev\ages-of-dominion-reborn\android\app\build\intermediates\merged_res_blame_folder\release\mergeReleaseResources\out\multi-v2\values-ca.json","672","REGENERABLE_ANDROID_BUILD_INTERMEDIATE"
"C:\dev\ages-of-dominion-reborn\android\app\build\intermediates\merged_res_blame_folder\release\mergeReleaseResources\out\multi-v2\values-cs.json","672","REGENERABLE_ANDROID_BUILD_INTERMEDIATE"
"C:\dev\ages-of-dominion-reborn\android\app\build\intermediates\merged_res_blame_folder\release\mergeReleaseResources\out\multi-v2\values-da.json","672","REGENERABLE_ANDROID_BUILD_INTERMEDIATE"
"C:\dev\ages-of-dominion-reborn\android\app\build\intermediates\merged_res_blame_folder\release\mergeReleaseResources\out\multi-v2\values-de.json","672","REGENERABLE_ANDROID_BUILD_INTERMEDIATE"
"C:\dev\ages-of-dominion-reborn\android\app\build\intermediates\merged_res_blame_folder\release\mergeReleaseResources\out\multi-v2\values-el.json","672","REGENERABLE_ANDROID_BUILD_INTERMEDIATE"
"C:\dev\ages-of-dominion-reborn\android\app\build\intermediates\merged_res_blame_folder\release\mergeReleaseResources\out\multi-v2\values-en-rAU.json","688","REGENERABLE_ANDROID_BUILD_INTERMEDIATE"
"C:\dev\ages-of-dominion-reborn\android\app\build\intermediates\merged_res_blame_folder\release\mergeReleaseResources\out\multi-v2\values-en-rCA.json","688","REGENERABLE_ANDROID_BUILD_INTERMEDIATE"
"C:\dev\ages-of-dominion-reborn\android\app\build\intermediates\merged_res_blame_folder\release\mergeReleaseResources\out\multi-v2\values-en-rGB.json","688","REGENERABLE_ANDROID_BUILD_INTERMEDIATE"
"C:\dev\ages-of-dominion-reborn\android\app\build\intermediates\merged_res_blame_folder\release\mergeReleaseResources\out\multi-v2\values-en-rIN.json","688","REGENERABLE_ANDROID_BUILD_INTERMEDIATE"
"C:\dev\ages-of-dominion-reborn\android\app\build\intermediates\merged_res_blame_folder\release\mergeReleaseResources\out\multi-v2\values-en-rXC.json","688","REGENERABLE_ANDROID_BUILD_INTERMEDIATE"
"C:\dev\ages-of-dominion-reborn\android\app\build\intermediates\merged_res_blame_folder\release\mergeReleaseResources\out\multi-v2\values-es-rUS.json","688","REGENERABLE_ANDROID_BUILD_INTERMEDIATE"
"C:\dev\ages-of-dominion-reborn\android\app\build\intermediates\merged_res_blame_folder\release\mergeReleaseResources\out\multi-v2\values-es.json","672","REGENERABLE_ANDROID_BUILD_INTERMEDIATE"
"C:\dev\ages-of-dominion-reborn\android\app\build\intermediates\merged_res_blame_folder\release\mergeReleaseResources\out\multi-v2\values-et.json","672","REGENERABLE_ANDROID_BUILD_INTERMEDIATE"
"C:\dev\ages-of-dominion-reborn\android\app\build\intermediates\merged_res_blame_folder\release\mergeReleaseResources\out\multi-v2\values-eu.json","672","REGENERABLE_ANDROID_BUILD_INTERMEDIATE"
"C:\dev\ages-of-dominion-reborn\android\app\build\intermediates\merged_res_blame_folder\release\mergeReleaseResources\out\multi-v2\values-fa.json","672","REGENERABLE_ANDROID_BUILD_INTERMEDIATE"
"C:\dev\ages-of-dominion-reborn\android\app\build\intermediates\merged_res_blame_folder\release\mergeReleaseResources\out\multi-v2\values-fi.json","672","REGENERABLE_ANDROID_BUILD_INTERMEDIATE"
"C:\dev\ages-of-dominion-reborn\android\app\build\intermediates\merged_res_blame_folder\release\mergeReleaseResources\out\multi-v2\values-fr-rCA.json","688","REGENERABLE_ANDROID_BUILD_INTERMEDIATE"
"C:\dev\ages-of-dominion-reborn\android\app\build\intermediates\merged_res_blame_folder\release\mergeReleaseResources\out\multi-v2\values-fr.json","672","REGENERABLE_ANDROID_BUILD_INTERMEDIATE"
"C:\dev\ages-of-dominion-reborn\android\app\build\intermediates\merged_res_blame_folder\release\mergeReleaseResources\out\multi-v2\values-gl.json","672","REGENERABLE_ANDROID_BUILD_INTERMEDIATE"
"C:\dev\ages-of-dominion-reborn\android\app\build\intermediates\merged_res_blame_folder\release\mergeReleaseResources\out\multi-v2\values-gu.json","672","REGENERABLE_ANDROID_BUILD_INTERMEDIATE"
"C:\dev\ages-of-dominion-reborn\android\app\build\intermediates\merged_res_blame_folder\release\mergeReleaseResources\out\multi-v2\values-hi.json","672","REGENERABLE_ANDROID_BUILD_INTERMEDIATE"
"C:\dev\ages-of-dominion-reborn\android\app\build\intermediates\merged_res_blame_folder\release\mergeReleaseResources\out\multi-v2\values-hr.json","672","REGENERABLE_ANDROID_BUILD_INTERMEDIATE"
"C:\dev\ages-of-dominion-reborn\android\app\build\intermediates\merged_res_blame_folder\release\mergeReleaseResources\out\multi-v2\values-hu.json","672","REGENERABLE_ANDROID_BUILD_INTERMEDIATE"
"C:\dev\ages-of-dominion-reborn\android\app\build\intermediates\merged_res_blame_folder\release\mergeReleaseResources\out\multi-v2\values-hy.json","672","REGENERABLE_ANDROID_BUILD_INTERMEDIATE"
"C:\dev\ages-of-dominion-reborn\android\app\build\intermediates\merged_res_blame_folder\release\mergeReleaseResources\out\multi-v2\values-in.json","672","REGENERABLE_ANDROID_BUILD_INTERMEDIATE"
"C:\dev\ages-of-dominion-reborn\android\app\build\intermediates\merged_res_blame_folder\release\mergeReleaseResources\out\multi-v2\values-is.json","672","REGENERABLE_ANDROID_BUILD_INTERMEDIATE"
"C:\dev\ages-of-dominion-reborn\android\app\build\intermediates\merged_res_blame_folder\release\mergeReleaseResources\out\multi-v2\values-it.json","672","REGENERABLE_ANDROID_BUILD_INTERMEDIATE"
"C:\dev\ages-of-dominion-reborn\android\app\build\intermediates\merged_res_blame_folder\release\mergeReleaseResources\out\multi-v2\values-iw.json","672","REGENERABLE_ANDROID_BUILD_INTERMEDIATE"
"C:\dev\ages-of-dominion-reborn\android\app\build\intermediates\merged_res_blame_folder\release\mergeReleaseResources\out\multi-v2\values-ja.json","672","REGENERABLE_ANDROID_BUILD_INTERMEDIATE"
"C:\dev\ages-of-dominion-reborn\android\app\build\intermediates\merged_res_blame_folder\release\mergeReleaseResources\out\multi-v2\values-ka.json","672","REGENERABLE_ANDROID_BUILD_INTERMEDIATE"
"C:\dev\ages-of-dominion-reborn\android\app\build\intermediates\merged_res_blame_folder\release\mergeReleaseResources\out\multi-v2\values-kk.json","672","REGENERABLE_ANDROID_BUILD_INTERMEDIATE"
"C:\dev\ages-of-dominion-reborn\android\app\build\intermediates\merged_res_blame_folder\release\mergeReleaseResources\out\multi-v2\values-km.json","672","REGENERABLE_ANDROID_BUILD_INTERMEDIATE"
"C:\dev\ages-of-dominion-reborn\android\app\build\intermediates\merged_res_blame_folder\release\mergeReleaseResources\out\multi-v2\values-kn.json","672","REGENERABLE_ANDROID_BUILD_INTERMEDIATE"
"C:\dev\ages-of-dominion-reborn\android\app\build\intermediates\merged_res_blame_folder\release\mergeReleaseResources\out\multi-v2\values-ko.json","672","REGENERABLE_ANDROID_BUILD_INTERMEDIATE"
"C:\dev\ages-of-dominion-reborn\android\app\build\intermediates\merged_res_blame_folder\release\mergeReleaseResources\out\multi-v2\values-ky.json","672","REGENERABLE_ANDROID_BUILD_INTERMEDIATE"
"C:\dev\ages-of-dominion-reborn\android\app\build\intermediates\merged_res_blame_folder\release\mergeReleaseResources\out\multi-v2\values-lo.json","672","REGENERABLE_ANDROID_BUILD_INTERMEDIATE"
"C:\dev\ages-of-dominion-reborn\android\app\build\intermediates\merged_res_blame_folder\release\mergeReleaseResources\out\multi-v2\values-lt.json","672","REGENERABLE_ANDROID_BUILD_INTERMEDIATE"
"C:\dev\ages-of-dominion-reborn\android\app\build\intermediates\merged_res_blame_folder\release\mergeReleaseResources\out\multi-v2\values-lv.json","672","REGENERABLE_ANDROID_BUILD_INTERMEDIATE"
"C:\dev\ages-of-dominion-reborn\android\app\build\intermediates\merged_res_blame_folder\release\mergeReleaseResources\out\multi-v2\values-mk.json","672","REGENERABLE_ANDROID_BUILD_INTERMEDIATE"
"C:\dev\ages-of-dominion-reborn\android\app\build\intermediates\merged_res_blame_folder\release\mergeReleaseResources\out\multi-v2\values-ml.json","672","REGENERABLE_ANDROID_BUILD_INTERMEDIATE"
"C:\dev\ages-of-dominion-reborn\android\app\build\intermediates\merged_res_blame_folder\release\mergeReleaseResources\out\multi-v2\values-mn.json","672","REGENERABLE_ANDROID_BUILD_INTERMEDIATE"
"C:\dev\ages-of-dominion-reborn\android\app\build\intermediates\merged_res_blame_folder\release\mergeReleaseResources\out\multi-v2\values-mr.json","672","REGENERABLE_ANDROID_BUILD_INTERMEDIATE"
"C:\dev\ages-of-dominion-reborn\android\app\build\intermediates\merged_res_blame_folder\release\mergeReleaseResources\out\multi-v2\values-ms.json","672","REGENERABLE_ANDROID_BUILD_INTERMEDIATE"
"C:\dev\ages-of-dominion-reborn\android\app\build\intermediates\merged_res_blame_folder\release\mergeReleaseResources\out\multi-v2\values-my.json","672","REGENERABLE_ANDROID_BUILD_INTERMEDIATE"
"C:\dev\ages-of-dominion-reborn\android\app\build\intermediates\merged_res_blame_folder\release\mergeReleaseResources\out\multi-v2\values-nb.json","672","REGENERABLE_ANDROID_BUILD_INTERMEDIATE"
"C:\dev\ages-of-dominion-reborn\android\app\build\intermediates\merged_res_blame_folder\release\mergeReleaseResources\out\multi-v2\values-ne.json","672","REGENERABLE_ANDROID_BUILD_INTERMEDIATE"
"C:\dev\ages-of-dominion-reborn\android\app\build\intermediates\merged_res_blame_folder\release\mergeReleaseResources\out\multi-v2\values-nl.json","672","REGENERABLE_ANDROID_BUILD_INTERMEDIATE"
"C:\dev\ages-of-dominion-reborn\android\app\build\intermediates\merged_res_blame_folder\release\mergeReleaseResources\out\multi-v2\values-or.json","672","REGENERABLE_ANDROID_BUILD_INTERMEDIATE"
"C:\dev\ages-of-dominion-reborn\android\app\build\intermediates\merged_res_blame_folder\release\mergeReleaseResources\out\multi-v2\values-pa.json","672","REGENERABLE_ANDROID_BUILD_INTERMEDIATE"
"C:\dev\ages-of-dominion-reborn\android\app\build\intermediates\merged_res_blame_folder\release\mergeReleaseResources\out\multi-v2\values-pl.json","672","REGENERABLE_ANDROID_BUILD_INTERMEDIATE"
"C:\dev\ages-of-dominion-reborn\android\app\build\intermediates\merged_res_blame_folder\release\mergeReleaseResources\out\multi-v2\values-pt-rBR.json","688","REGENERABLE_ANDROID_BUILD_INTERMEDIATE"
"C:\dev\ages-of-dominion-reborn\android\app\build\intermediates\merged_res_blame_folder\release\mergeReleaseResources\out\multi-v2\values-pt-rPT.json","688","REGENERABLE_ANDROID_BUILD_INTERMEDIATE"
"C:\dev\ages-of-dominion-reborn\android\app\build\intermediates\merged_res_blame_folder\release\mergeReleaseResources\out\multi-v2\values-pt.json","672","REGENERABLE_ANDROID_BUILD_INTERMEDIATE"
"C:\dev\ages-of-dominion-reborn\android\app\build\intermediates\merged_res_blame_folder\release\mergeReleaseResources\out\multi-v2\values-ro.json","672","REGENERABLE_ANDROID_BUILD_INTERMEDIATE"
"C:\dev\ages-of-dominion-reborn\android\app\build\intermediates\merged_res_blame_folder\release\mergeReleaseResources\out\multi-v2\values-ru.json","672","REGENERABLE_ANDROID_BUILD_INTERMEDIATE"
"C:\dev\ages-of-dominion-reborn\android\app\build\intermediates\merged_res_blame_folder\release\mergeReleaseResources\out\multi-v2\values-si.json","672","REGENERABLE_ANDROID_BUILD_INTERMEDIATE"
"C:\dev\ages-of-dominion-reborn\android\app\build\intermediates\merged_res_blame_folder\release\mergeReleaseResources\out\multi-v2\values-sk.json","672","REGENERABLE_ANDROID_BUILD_INTERMEDIATE"
"C:\dev\ages-of-dominion-reborn\android\app\build\intermediates\merged_res_blame_folder\release\mergeReleaseResources\out\multi-v2\values-sl.json","672","REGENERABLE_ANDROID_BUILD_INTERMEDIATE"
"C:\dev\ages-of-dominion-reborn\android\app\build\intermediates\merged_res_blame_folder\release\mergeReleaseResources\out\multi-v2\values-sq.json","672","REGENERABLE_ANDROID_BUILD_INTERMEDIATE"
"C:\dev\ages-of-dominion-reborn\android\app\build\intermediates\merged_res_blame_folder\release\mergeReleaseResources\out\multi-v2\values-sr.json","672","REGENERABLE_ANDROID_BUILD_INTERMEDIATE"
"C:\dev\ages-of-dominion-reborn\android\app\build\intermediates\merged_res_blame_folder\release\mergeReleaseResources\out\multi-v2\values-sv.json","672","REGENERABLE_ANDROID_BUILD_INTERMEDIATE"
"C:\dev\ages-of-dominion-reborn\android\app\build\intermediates\merged_res_blame_folder\release\mergeReleaseResources\out\multi-v2\values-sw.json","672","REGENERABLE_ANDROID_BUILD_INTERMEDIATE"
"C:\dev\ages-of-dominion-reborn\android\app\build\intermediates\merged_res_blame_folder\release\mergeReleaseResources\out\multi-v2\values-ta.json","672","REGENERABLE_ANDROID_BUILD_INTERMEDIATE"
"C:\dev\ages-of-dominion-reborn\android\app\build\intermediates\merged_res_blame_folder\release\mergeReleaseResources\out\multi-v2\values-te.json","672","REGENERABLE_ANDROID_BUILD_INTERMEDIATE"
"C:\dev\ages-of-dominion-reborn\android\app\build\intermediates\merged_res_blame_folder\release\mergeReleaseResources\out\multi-v2\values-th.json","672","REGENERABLE_ANDROID_BUILD_INTERMEDIATE"
"C:\dev\ages-of-dominion-reborn\android\app\build\intermediates\merged_res_blame_folder\release\mergeReleaseResources\out\multi-v2\values-tl.json","672","REGENERABLE_ANDROID_BUILD_INTERMEDIATE"
"C:\dev\ages-of-dominion-reborn\android\app\build\intermediates\merged_res_blame_folder\release\mergeReleaseResources\out\multi-v2\values-tr.json","672","REGENERABLE_ANDROID_BUILD_INTERMEDIATE"
"C:\dev\ages-of-dominion-reborn\android\app\build\intermediates\merged_res_blame_folder\release\mergeReleaseResources\out\multi-v2\values-uk.json","672","REGENERABLE_ANDROID_BUILD_INTERMEDIATE"
"C:\dev\ages-of-dominion-reborn\android\app\build\intermediates\merged_res_blame_folder\release\mergeReleaseResources\out\multi-v2\values-ur.json","672","REGENERABLE_ANDROID_BUILD_INTERMEDIATE"
"C:\dev\ages-of-dominion-reborn\android\app\build\intermediates\merged_res_blame_folder\release\mergeReleaseResources\out\multi-v2\values-uz.json","672","REGENERABLE_ANDROID_BUILD_INTERMEDIATE"
"C:\dev\ages-of-dominion-reborn\android\app\build\intermediates\merged_res_blame_folder\release\mergeReleaseResources\out\multi-v2\values-v16.json","675","REGENERABLE_ANDROID_BUILD_INTERMEDIATE"
"C:\dev\ages-of-dominion-reborn\android\app\build\intermediates\merged_res_blame_folder\release\mergeReleaseResources\out\multi-v2\values-v21.json","881","REGENERABLE_ANDROID_BUILD_INTERMEDIATE"
"C:\dev\ages-of-dominion-reborn\android\app\build\intermediates\merged_res_blame_folder\release\mergeReleaseResources\out\multi-v2\values-vi.json","672","REGENERABLE_ANDROID_BUILD_INTERMEDIATE"
"C:\dev\ages-of-dominion-reborn\android\app\build\intermediates\merged_res_blame_folder\release\mergeReleaseResources\out\multi-v2\values-zh-rCN.json","688","REGENERABLE_ANDROID_BUILD_INTERMEDIATE"
"C:\dev\ages-of-dominion-reborn\android\app\build\intermediates\merged_res_blame_folder\release\mergeReleaseResources\out\multi-v2\values-zh-rHK.json","688","REGENERABLE_ANDROID_BUILD_INTERMEDIATE"
"C:\dev\ages-of-dominion-reborn\android\app\build\intermediates\merged_res_blame_folder\release\mergeReleaseResources\out\multi-v2\values-zh-rTW.json","688","REGENERABLE_ANDROID_BUILD_INTERMEDIATE"
"C:\dev\ages-of-dominion-reborn\android\app\build\intermediates\merged_res_blame_folder\release\mergeReleaseResources\out\multi-v2\values-zu.json","672","REGENERABLE_ANDROID_BUILD_INTERMEDIATE"
"C:\dev\ages-of-dominion-reborn\android\app\build\intermediates\merged_res_blame_folder\release\mergeReleaseResources\out\multi-v2\values.json","4611","REGENERABLE_ANDROID_BUILD_INTERMEDIATE"
"C:\dev\ages-of-dominion-reborn\android\app\build\intermediates\metadata_library_dependencies_report\release\collectReleaseDependencies\dependencies.pb","1243","REGENERABLE_ANDROID_BUILD_INTERMEDIATE"
"C:\dev\ages-of-dominion-reborn\android\app\build\intermediates\navigation_json\debug\extractDeepLinksDebug\navigation.json","2","REGENERABLE_ANDROID_BUILD_INTERMEDIATE"
"C:\dev\ages-of-dominion-reborn\android\app\build\intermediates\navigation_json\release\extractDeepLinksRelease\navigation.json","2","REGENERABLE_ANDROID_BUILD_INTERMEDIATE"
"C:\dev\ages-of-dominion-reborn\android\app\build\intermediates\nested_resources_validation_report\debug\generateDebugResources\nestedResourcesValidationReport.txt","15","REGENERABLE_ANDROID_BUILD_INTERMEDIATE"
"C:\dev\ages-of-dominion-reborn\android\app\build\intermediates\nested_resources_validation_report\release\generateReleaseResources\nestedResourcesValidationReport.txt","15","REGENERABLE_ANDROID_BUILD_INTERMEDIATE"
"C:\dev\ages-of-dominion-reborn\android\app\build\intermediates\optimized_processed_res\release\optimizeReleaseResources\output-metadata.json","427","REGENERABLE_ANDROID_BUILD_INTERMEDIATE"
"C:\dev\ages-of-dominion-reborn\android\app\build\intermediates\optimized_processed_res\release\optimizeReleaseResources\resources-release-optimize.ap_","30620","REGENERABLE_ANDROID_BUILD_INTERMEDIATE"
"C:\dev\ages-of-dominion-reborn\android\app\build\intermediates\packaged_manifests\debug\processDebugManifestForPackage\AndroidManifest.xml","1078","REGENERABLE_ANDROID_BUILD_INTERMEDIATE"
"C:\dev\ages-of-dominion-reborn\android\app\build\intermediates\packaged_manifests\debug\processDebugManifestForPackage\output-metadata.json","409","REGENERABLE_ANDROID_BUILD_INTERMEDIATE"
"C:\dev\ages-of-dominion-reborn\android\app\build\intermediates\packaged_manifests\release\processReleaseManifestForPackage\AndroidManifest.xml","1121","REGENERABLE_ANDROID_BUILD_INTERMEDIATE"
"C:\dev\ages-of-dominion-reborn\android\app\build\intermediates\packaged_manifests\release\processReleaseManifestForPackage\output-metadata.json","411","REGENERABLE_ANDROID_BUILD_INTERMEDIATE"
"C:\dev\ages-of-dominion-reborn\android\app\build\intermediates\project_dex_archive\debug\dexBuilderDebug\out\3a00ffd910a92e06d6eccba929685f1cc5c95621963d04ee341b4a7f6017f1eb_7.jar","511","REGENERABLE_ANDROID_BUILD_INTERMEDIATE"
"C:\dev\ages-of-dominion-reborn\android\app\build\intermediates\project_dex_archive\debug\dexBuilderDebug\out\com\agesofdominion\game\MainActivity.dex","1344","REGENERABLE_ANDROID_BUILD_INTERMEDIATE"
"C:\dev\ages-of-dominion-reborn\android\app\build\intermediates\project_dex_archive\release\dexBuilderRelease\out\41fe64ee0d1c46a5cae8109742c5104c453a6e0628bb695f192d44ebe875a907_0.jar","488","REGENERABLE_ANDROID_BUILD_INTERMEDIATE"
"C:\dev\ages-of-dominion-reborn\android\app\build\intermediates\project_dex_archive\release\dexBuilderRelease\out\41fe64ee0d1c46a5cae8109742c5104c453a6e0628bb695f192d44ebe875a907_2.jar","501","REGENERABLE_ANDROID_BUILD_INTERMEDIATE"
"C:\dev\ages-of-dominion-reborn\android\app\build\intermediates\project_dex_archive\release\dexBuilderRelease\out\41fe64ee0d1c46a5cae8109742c5104c453a6e0628bb695f192d44ebe875a907_3.jar","3814","REGENERABLE_ANDROID_BUILD_INTERMEDIATE"
"C:\dev\ages-of-dominion-reborn\android\app\build\intermediates\project_dex_archive\release\dexBuilderRelease\out\41fe64ee0d1c46a5cae8109742c5104c453a6e0628bb695f192d44ebe875a907_4.jar","525","REGENERABLE_ANDROID_BUILD_INTERMEDIATE"
"C:\dev\ages-of-dominion-reborn\android\app\build\intermediates\project_dex_archive\release\dexBuilderRelease\out\41fe64ee0d1c46a5cae8109742c5104c453a6e0628bb695f192d44ebe875a907_7.jar","493","REGENERABLE_ANDROID_BUILD_INTERMEDIATE"
"C:\dev\ages-of-dominion-reborn\android\app\build\intermediates\project_dex_archive\release\dexBuilderRelease\out\com\agesofdominion\game\MainActivity.dex","3868","REGENERABLE_ANDROID_BUILD_INTERMEDIATE"
"C:\dev\ages-of-dominion-reborn\android\app\build\intermediates\project_dex_archive\release\dexBuilderRelease\out\com\agesofdominion\game\MainActivity$1.dex","1488","REGENERABLE_ANDROID_BUILD_INTERMEDIATE"
"C:\dev\ages-of-dominion-reborn\android\app\build\intermediates\runtime_symbol_list\debug\processDebugResources\R.txt","0","REGENERABLE_ANDROID_BUILD_INTERMEDIATE"
"C:\dev\ages-of-dominion-reborn\android\app\build\intermediates\runtime_symbol_list\release\processReleaseResources\R.txt","8217","REGENERABLE_ANDROID_BUILD_INTERMEDIATE"
"C:\dev\ages-of-dominion-reborn\android\app\build\intermediates\sdk_dependency_data\release\sdkReleaseDependencyData\sdkDependencyData.pb","1000","REGENERABLE_ANDROID_BUILD_INTERMEDIATE"
"C:\dev\ages-of-dominion-reborn\android\app\build\intermediates\signing_config_versions\debug\writeDebugSigningConfigVersions\signing-config-versions.json","96","REGENERABLE_ANDROID_BUILD_INTERMEDIATE"
"C:\dev\ages-of-dominion-reborn\android\app\build\intermediates\signing_config_versions\release\writeReleaseSigningConfigVersions\signing-config-versions.json","96","REGENERABLE_ANDROID_BUILD_INTERMEDIATE"
"C:\dev\ages-of-dominion-reborn\android\app\build\intermediates\source_set_path_map\debug\mapDebugSourceSetPaths\file-map.txt","882","REGENERABLE_ANDROID_BUILD_INTERMEDIATE"
"C:\dev\ages-of-dominion-reborn\android\app\build\intermediates\source_set_path_map\release\mapReleaseSourceSetPaths\file-map.txt","1399","REGENERABLE_ANDROID_BUILD_INTERMEDIATE"
"C:\dev\ages-of-dominion-reborn\android\app\build\intermediates\stable_resource_ids_file\debug\processDebugResources\stableIds.txt","0","REGENERABLE_ANDROID_BUILD_INTERMEDIATE"
"C:\dev\ages-of-dominion-reborn\android\app\build\intermediates\stable_resource_ids_file\release\processReleaseResources\stableIds.txt","11407","REGENERABLE_ANDROID_BUILD_INTERMEDIATE"
"C:\dev\ages-of-dominion-reborn\android\app\build\intermediates\symbol_list_with_package_name\release\processReleaseResources\package-aware-r.txt","4798","REGENERABLE_ANDROID_BUILD_INTERMEDIATE"
"C:\dev\ages-of-dominion-reborn\android\app\build\intermediates\version_control_info_file\release\extractReleaseVersionControlInfo\version-control-info.textproto","46","REGENERABLE_ANDROID_BUILD_INTERMEDIATE"
"C:\dev\ages-of-dominion-reborn\android\app\build\tmp\compileDebugJavaWithJavac\previous-compilation-data.bin","32420","REGENERABLE_ANDROID_BUILD_INTERMEDIATE"
"C:\dev\ages-of-dominion-reborn\android\app\build\tmp\compileReleaseJavaWithJavac\previous-compilation-data.bin","42313","REGENERABLE_ANDROID_BUILD_INTERMEDIATE"
