"ObjectId","RelativePath","Bytes","SHA256"
"000126c28209f39f537d67ad0f30228b1100418f",".git/objects/00/0126c28209f39f537d67ad0f30228b1100418f","43501","c0644c5fe96501ff78b6ab38d08af34355d9520a12acb5b70e8e494e49f6f683"
"00697215cc59fbc9a5f34891cef416f72b8d3045",".git/objects/00/697215cc59fbc9a5f34891cef416f72b8d3045","104582","ab8b8b4717fda036948b0c047c1288fe5bdc151fad0e0383f4837362537d85c1"
"00f6c9a5eba33edca253d110599cdeafe1156f6d",".git/objects/00/f6c9a5eba33edca253d110599cdeafe1156f6d","451044","63b9c9e1fda647879118d632c07c1f58c9aa0ae72ba135a21d4c7d5dbee7a1e5"
"011053694105e0416c862c8455ba8288a6badbaa",".git/objects/01/1053694105e0416c862c8455ba8288a6badbaa","1601688","8acd78f4371fb157c9ad71bdf387c8fa4c3c99bbac8a6615ea7fc17cd753d5fc"
"0120a1ccfee19ed7e06579a86c3700ade05d230b",".git/objects/01/20a1ccfee19ed7e06579a86c3700ade05d230b","832","b2c857458012fdf73b281f1c807abaef4ad2147c23e29f43a4905f9a74c06b61"
"0143a49f5a9988581583c1f884dd583b67c6ab8d",".git/objects/01/43a49f5a9988581583c1f884dd583b67c6ab8d","1479605","48c1b8d5a32c142077f44f0e4160ee0508d7f0246f49d4b873747db5cc96cf30"
"0159dcf7221e066ee606ea7698f76599302cd5ea",".git/objects/01/59dcf7221e066ee606ea7698f76599302cd5ea","1398897","973c047f55bc99e0ec4280e5e5a6f47f944ef3ffee38ff61cef54f5bbe36c8d9"
"015a687deec57608e55b9c8aacd6b20068de4c2a",".git/objects/01/5a687deec57608e55b9c8aacd6b20068de4c2a","1351361","e68acf146c186ef957ad38f7cac6104d5a75199ce91b4fb57e82939467846bc8"
"0169675552a86bd935cf3b574cba70e20378f3dc",".git/objects/01/69675552a86bd935cf3b574cba70e20378f3dc","509177","5b614ea389bdc72e975ea67fecf0aefe9688fc6651454159360531e096fbba1b"
"01866b3d5c94483dd9b428e8f31367f21b0aa781",".git/objects/01/866b3d5c94483dd9b428e8f31367f21b0aa781","722653","7eb8bec712d8cfd2361bd8c6a92a647b1195bb7e6be1ccd8436283e57a884760"
"0187b8bfce60d7c6f1f69e12baa1df3fe39973b3",".git/objects/01/87b8bfce60d7c6f1f69e12baa1df3fe39973b3","847066","61acaefcf9e454d961303ca837ab487c8938db66b3eeabfd6290ba4f97ba8dd2"
"01ba2003cc1a834293acb166b1888a1a0e781150",".git/objects/01/ba2003cc1a834293acb166b1888a1a0e781150","1487005","68ed95270d446179fa60c7fbb790bfd1785b46819e9d68815d63582911a3dc69"
"0209c3935f076886a68a74622f7620f1a3ea2503",".git/objects/02/09c3935f076886a68a74622f7620f1a3ea2503","935618","50dd4bd73e994fc53123d9eb5eeace460d0cf0c8ee8219b3aada28c77dd3a4ae"
"0213bfd8ee474078b4bceca45316596e04160257",".git/objects/02/13bfd8ee474078b4bceca45316596e04160257","1292","1845a09e4ab145fb5e115204350607016ec03ae4307d07ccc8d2c85d6f479f31"
"02677daaf538b146522d1be23a8b999f94ac9083",".git/objects/02/677daaf538b146522d1be23a8b999f94ac9083","558","38598bca0171d518c372322ee4a5e82a555d653daf7c548c59a6739257b3779b"
"027cf3e1bfc65931d551233b299beaa3678ed06e",".git/objects/02/7cf3e1bfc65931d551233b299beaa3678ed06e","810444","95b2e8c7b292449fb2c57cfda58060a638dd9fe4881559a28f6cd3b712073d69"
"02b6a2707a71e807acd9292060f8b4b6c08f24fa",".git/objects/02/b6a2707a71e807acd9292060f8b4b6c08f24fa","1747636","dff50c646a8fe0e3d4aad061036e31f0762642671eea9683fad6d8db78d6e4e1"
"02f517df75e98cd6252f9e8f2cfc52fbb5521b63",".git/objects/02/f517df75e98cd6252f9e8f2cfc52fbb5521b63","507145","8f5d3b57d475b9d41308f8881a946b2d62e52638d4fff0300e76e15638c37f21"
"03271e0360577bdefdcde2b5e6541a0e365dc104",".git/objects/03/271e0360577bdefdcde2b5e6541a0e365dc104","1730196","ef9add026949c903cb36d2974b9707af075a4d21ebdadf23580684a0cd71fb1d"
"0329f9b36658d40c12f9028a1e7f0fa5d430cbb2",".git/objects/03/29f9b36658d40c12f9028a1e7f0fa5d430cbb2","476549","4d39145ce04a2e692f85b83a17f25eef26ed7e0e70842cb5850ac61f864c0450"
"034e300d7aba9267e8d846dcd8f65c3711cb1a6b",".git/objects/03/4e300d7aba9267e8d846dcd8f65c3711cb1a6b","2102686","80472e1f504ccce014b13bb5df5fba1d53e0caabb1563ef148d63157eab636a4"
"03701cf59e41e69ab3409dcf7fce50abcf006bfc",".git/objects/03/701cf59e41e69ab3409dcf7fce50abcf006bfc","6345600","38e85bfb1b8b8ffd3c8d21bd2c5cb26207421ca819440efc481f864bc1a4e532"
"0370ebddc9a0830258e9cb32bfeb6527b19bf6d1",".git/objects/03/70ebddc9a0830258e9cb32bfeb6527b19bf6d1","40641408","aa4991056a0447dc7226eec47ff9935896f69718fe51a68bca8d089da51f1c94"
"03938435fbaa50a7de1738e9deb95e88ecfd4c45",".git/objects/03/938435fbaa50a7de1738e9deb95e88ecfd4c45","1030","352c61c268fbdfe480369f03810120a8966370fa0bba21e0987b1790dfeb4b2b"
"03a3e944d8c9250c2caaa2c4c467fd4d9da095d2",".git/objects/03/a3e944d8c9250c2caaa2c4c467fd4d9da095d2","1715951","1b92a59d27ec344f194e68ff788f931c65521f59ec3834999763794e49146797"
"03c7e424cd6fd1ebc0d0389f24af96cf1a946ef9",".git/objects/03/c7e424cd6fd1ebc0d0389f24af96cf1a946ef9","256","7a5f83e5874166aa6fe7f8ccfc435c9e78030a41ef6ca73e3bdf50b5db0a13d3"
"04579842040d98758163cfd550203c3c760706c4",".git/objects/04/579842040d98758163cfd550203c3c760706c4","1623331","562794ddd3227e1011e13dbbe78d291005264610133ab046220e60dfcca834c8"
"04b45fe8fa45f9dc6590fda2fe582b43541af38b",".git/objects/04/b45fe8fa45f9dc6590fda2fe582b43541af38b","293","a0d5c577a1683357094c07fcbb946cf1ea749508e016e00264f1de9e7e390353"
"04bbf7ee988a43c5aa4bd9b119ed6edb1db11eec",".git/objects/04/bbf7ee988a43c5aa4bd9b119ed6edb1db11eec","1054857","99c747e693fd8963e3eb346546ea13bc166d472fc5bdbe56f6e2a8a7bf646feb"
"04cca66bfced56ea6cef2d66d26b8140bc574c0c",".git/objects/04/cca66bfced56ea6cef2d66d26b8140bc574c0c","2074103","caee87d6c23bf4e19ee8bf6a41ae6bdda75a74c2c40287abb528c2966a6e9667"
"058d8297961a15754d511a0d2c76a68331c7d657",".git/objects/05/8d8297961a15754d511a0d2c76a68331c7d657","836","bce157f3c9648466637445edf5f2c4f55c692659ff545ee1c490cff964433dd9"
"05cba23a1db6e3a9ff4bee8f4d4dabd35119711a",".git/objects/05/cba23a1db6e3a9ff4bee8f4d4dabd35119711a","1496505","dda442c52ba84ecaa9b4a1b358f030be9fe6b124f0032205ebc22afb215d0fad"
"06194fa90798ab1697416ae6dc7fb8c47dad8d16",".git/objects/06/194fa90798ab1697416ae6dc7fb8c47dad8d16","1644301","4da5415e95cce6f67f12b9d7ff69506aba5988b3322c23d376a0a3af3adb86bb"
"0632757d43289557b52d9949397ebc24b9e64433",".git/objects/06/32757d43289557b52d9949397ebc24b9e64433","1503290","ac7d5eba44ae6a9dcf76ee34a331f6ff91ff37a9ed1fe72293c5c35bae0c35a9"
"068ba9ac3b2d99109fdba8f3576611d6af4a9714",".git/objects/06/8ba9ac3b2d99109fdba8f3576611d6af4a9714","208088","e963cc73fd951cb6e8f7c2deea0051266b68f3636caca3d065ca14413884014b"
"06fd7b06091d8d2fe06ce04a73c5d43cb68f729a",".git/objects/06/fd7b06091d8d2fe06ce04a73c5d43cb68f729a","135705","64570aa2ebef91804dac1798e49b81ae2029387bb6cdf7a4181ffe93ab70000e"
"0725000b01e4896dc96f73d4aa60965777e1ef05",".git/objects/07/25000b01e4896dc96f73d4aa60965777e1ef05","3595291","90d3861b652e97cf6656d8680ace5cfe708de5865d3285270d764059a50fda78"
"073b6ae58b1c47fc4e92eb1fbbeba676265d4bba",".git/objects/07/3b6ae58b1c47fc4e92eb1fbbeba676265d4bba","227","d1eeff1b646636a2c4e1c861dde288620baa11d8731bd8da6eab73fa57cafbd3"
"074b6b06e71e54faa66fd6af9720d38c446ae6ea",".git/objects/07/4b6b06e71e54faa66fd6af9720d38c446ae6ea","1257440","88c21b85f02372dbd047baacddfa9d6002ab2152e096b6523654526e9c6b92c9"
"078d2723b7183fa1ef731ffcded19a1dd8102ae3",".git/objects/07/8d2723b7183fa1ef731ffcded19a1dd8102ae3","513","089a38f4053f5ba97b06265f10a23fe66741baa84a8d6e4ea731b2d65ab3b56f"
"07cfd1f2d6ab4a886a6509b8491b71ef35efe7cd",".git/objects/07/cfd1f2d6ab4a886a6509b8491b71ef35efe7cd","25272","9a0c72a9ad389583c51c857d91bdee22e5b9a8b124b71727971f7ef7f8c3eac2"
"07f7fa4a1395d007ebadf9bcf518cfc385c72311",".git/objects/07/f7fa4a1395d007ebadf9bcf518cfc385c72311","1362296","286cb687f676bd3b54d7a62ae3cd23dc76e98ea9ee4ce21096c90396a8e4f74c"
"081e56fd4153020f47dc79add2b22c687f5e0a97",".git/objects/08/1e56fd4153020f47dc79add2b22c687f5e0a97","10665","9f4a0fac74f06eeb8fa925f1f18acfeb3f685641f4c1f2e34a097b9617394887"
"0854986fa520e9ececee7d10945b4a0e575acda6",".git/objects/08/54986fa520e9ececee7d10945b4a0e575acda6","1264439","b9092c5d0ad7b32e25b7001bb0c92dbc619f29858382137142d617cdc86c11b4"
"08b5f18f20d5e5f5dc8bc9a5293e5626982e99cc",".git/objects/08/b5f18f20d5e5f5dc8bc9a5293e5626982e99cc","5468","9dfbbae0085a15fc03a7d8ffd1bfa8ab30221ecdf45e75fce8f3b5c6b4c850fa"
"08c318f6309ed9bcc6c89ef96b30ded3e864773a",".git/objects/08/c318f6309ed9bcc6c89ef96b30ded3e864773a","1472333","f00c1c76f0c42898ac9420fa55375c17f6ab70f0a02f25b209e479e9f30cb6e8"
"08e0c4857aa350a74bcffa58265cb6fc13ec0773",".git/objects/08/e0c4857aa350a74bcffa58265cb6fc13ec0773","229848","4c4b1c97c184860ecd7b7868be9eda3ea191d4f75f75c273e4d81616534b6d78"
"09190e9dafc9edb7beb1426c52dec1dd9e3de84d",".git/objects/09/190e9dafc9edb7beb1426c52dec1dd9e3de84d","1325022","f7b5282e10b0cf1c39e79924f09f596043beb32b62cd57dc9492a670fc8c9948"
"09277d4eb4d2e5b8b976adfd5f56ecd28e6fe654",".git/objects/09/277d4eb4d2e5b8b976adfd5f56ecd28e6fe654","828364","7202af678f56e3a94a5f7efa2ee9f34c5cd7912c59ff5c8c767738c2d227b782"
"09487256446ce7d8a07d46dcd761a2450822ce33",".git/objects/09/487256446ce7d8a07d46dcd761a2450822ce33","1784648","4b453c9219a8bdf330f65dc775fc122b8618e4a9f6e23c73fc45ac0377045561"
"096845468eb7ae028e4a19722de755dd7174aaea",".git/objects/09/6845468eb7ae028e4a19722de755dd7174aaea","36627","afdbbcd79a0cd07669cd2679464a2d15c1971a6f51111673f3fd736a72327fc4"
"09c1de6095a58f8d538fd2e99883a346f45944ac",".git/objects/09/c1de6095a58f8d538fd2e99883a346f45944ac","16819","9d67a94be2e6aa09be96fb63fe5d46f852228e0e6ccdd42c321d749c7ff21cb6"
"09ef90df226f558dffe801aebcae8bb068225ae1",".git/objects/09/ef90df226f558dffe801aebcae8bb068225ae1","37168702","de3f1a372744e5b62b7a0f0d6fff00d3eabb8c923b38b8bd6e6bdc77cfffdadb"
"09f88f5c6c1ae7c29690b6766a2fc4ac6f5f46c4",".git/objects/09/f88f5c6c1ae7c29690b6766a2fc4ac6f5f46c4","1377266","ce3af761ecc47327f0dab31efc0c5e2437c0b3f36c14c2f1f7e01028d9713aa2"
"09fb3cb5346d7581bc4c68fd031dab468313a44f",".git/objects/09/fb3cb5346d7581bc4c68fd031dab468313a44f","122","e044009370f3ff75014d12a88df70fa7494252b3e8d3bd1203f154b8cbcfb982"
"0a17ab6393a652b3272601e22d53c4791976bd8a",".git/objects/0a/17ab6393a652b3272601e22d53c4791976bd8a","8428","83b6e5f3b0d46c62bfb596cb7518f73188e4505aebbb00fbe7a384dd0b97f4e4"
"0a1ea762f3a2a398efcc7b720cc2149817c495c3",".git/objects/0a/1ea762f3a2a398efcc7b720cc2149817c495c3","5556747","a58ccc02527196a96ccbaf6e655b9bf730af87fb09af117640b53ae9127690e2"
"0a221532ad723c5f4bb1e4d6b8efce1c9c7b8ecc",".git/objects/0a/221532ad723c5f4bb1e4d6b8efce1c9c7b8ecc","79012","d1e3d9a7aa4aa6591f3eb119eba0fcd30056511b515e9b535c164d12f3bd62bc"
"0a50ad6822be64f935c1ccba9ffbd241dad8e459",".git/objects/0a/50ad6822be64f935c1ccba9ffbd241dad8e459","4487","247c9b1cbaa1a3f8fcb1cc3cf9298678641988401c31cbe7ebfe2a6e3b94cfbc"
"0a50d9c553fab97d5b2dbb106faaea0c5d162f05",".git/objects/0a/50d9c553fab97d5b2dbb106faaea0c5d162f05","8906675","a2d2478b303bbc52f35ddf2f612f599401e4c1532bcef278fffd072233721f66"
"0a630d28f47e5e038dddc0dcb9ce57cb37011997",".git/objects/0a/630d28f47e5e038dddc0dcb9ce57cb37011997","82144","9a8a02e0bee3680af730f90af4563a895404ce3f9bf387b4f99e958e404e669b"
"0a7b10c3a1198a96388ff617ecd4fbcc1f4558b8",".git/objects/0a/7b10c3a1198a96388ff617ecd4fbcc1f4558b8","5243000","28c7672c4bcf80e565e0f2d5bf810181df225ba81b624f09da8415e3fcfbadf8"
"0aa3885f69e6d4918a7c88ed7da3422390d3f0e3",".git/objects/0a/a3885f69e6d4918a7c88ed7da3422390d3f0e3","11425","dcb4da0de6f216cd7fd6db7746d01cba347c7e32c614d32edd98892660f9d1ab"
"0ab40acd81a8a2c29ffe6a8fcd3dad065bb2fc19",".git/objects/0a/b40acd81a8a2c29ffe6a8fcd3dad065bb2fc19","96384","572fa9689c56bf6d964900652c43e01ce73d63dbfd50085a1851d2e9c62d3fec"
"0abfb93bf7c0874df4263b5cdfb60c19870ae202",".git/objects/0a/bfb93bf7c0874df4263b5cdfb60c19870ae202","1135345","f2a3a8975954159d14790b006d4001242d49db55de6551b3a1074dc08d1715b0"
"0b2149c5cf4ec33064cbba541f87290913a90940",".git/objects/0b/2149c5cf4ec33064cbba541f87290913a90940","1214831","52e6c8eabbcff07003f5bc1f8b4ae641c5d1cb8585aac74ba6ab920ce741698f"
"0b33cc18d044321171e9734be5524caf61a14659",".git/objects/0b/33cc18d044321171e9734be5524caf61a14659","1497276","7035b6b98e6fad8d973d993a093d92065630e82e9ac2aa2a3b354780f8142441"
"0b3b0b6e5ff2d4d0803164e3b7c511593529c7cd",".git/objects/0b/3b0b6e5ff2d4d0803164e3b7c511593529c7cd","21043","ba355df911be9ebea98149c246a3cc2a338f49390470956786a04f6026d9231d"
"0b65123ae1cd4bb522956f4c79382bb421f585c9",".git/objects/0b/65123ae1cd4bb522956f4c79382bb421f585c9","11801","b0bc83666f125409a2ccb0ed1f6032982c190c680235f3a7aa2176d15613ae4f"
"0b937d6f82e9c3a250d8822ab1311de371954418",".git/objects/0b/937d6f82e9c3a250d8822ab1311de371954418","1300573","5ace128e38e5a2457bcb72aafd41181ea4cfe36adcd039a060aca84311fd4bb0"
"0bccc04bd0a7fb381b5bc1e2dcafea8b1d78d87f",".git/objects/0b/ccc04bd0a7fb381b5bc1e2dcafea8b1d78d87f","172325","77f9ce94c6707d2bc8ab17ecae1997cd3c276556d34a63bf9c0cb2095ff19c2c"
"0c0e33286bdd11cd1bb61473dadfc25f222889f6",".git/objects/0c/0e33286bdd11cd1bb61473dadfc25f222889f6","955182","2b5db276441fe36d99a1d3079b8cc29ada2f7d22ad8ea5deda635872259efc8f"
"0c2181e4b89ec4df36b16cea95a16f0d7ce63fb9",".git/objects/0c/2181e4b89ec4df36b16cea95a16f0d7ce63fb9","5315531","2eb7e373b9891d3cd465fd7e4f022d836c4baddaff7b94142f14775b5723e09d"
"0c70b5df3b2bf56e9ec8f96b019a44316a516eee",".git/objects/0c/70b5df3b2bf56e9ec8f96b019a44316a516eee","32176","798c8398f04a4a3ce7350d52adbce11a5b282c8db722d199949bda52a4a0f582"
"0c92f511403f310347fbf1e6222ba537ef0ad034",".git/objects/0c/92f511403f310347fbf1e6222ba537ef0ad034","446999","b1637fda978a80051ad66bb045dd81c0e0c22367881f238498356494d7aba593"
"0c9bbca9eb84f9d3e75e5f477eeb295222322ca5",".git/objects/0c/9bbca9eb84f9d3e75e5f477eeb295222322ca5","1512868","8aca8f45c453d0ba6e0bc2e685155f3d2b58a65a4d361df2003a2312918013b4"
"0d137b2bc362e4ed73ca1b52c76faacb91e94314",".git/objects/0d/137b2bc362e4ed73ca1b52c76faacb91e94314","31226","25b2bcdb00475e11b2c3a20671103637a3bbd2dbb637aa82a5d1c14c642a09f3"
"0d2abefbafa58fea017d27873c46208e4f7ff69f",".git/objects/0d/2abefbafa58fea017d27873c46208e4f7ff69f","4855139","2f541791c4610598572b3339419c0ab64443e2df95ab1cf07097a0c4d51ee6ef"
"0d704321e2294503fe9dbec1506301a177b31b3d",".git/objects/0d/704321e2294503fe9dbec1506301a177b31b3d","4466","e874d35b749226e2a9e4b78b35a11d33d3a4fc38942b4ffee2b737cf375d2d8a"
"0d7d0c9c99f33ce224b8d691bad6ecc3d9b820d3",".git/objects/0d/7d0c9c99f33ce224b8d691bad6ecc3d9b820d3","1734806","1cc3d5ed6015eec9121b6cf39c16ad1e91c37922323372ecc2eb5d1b481bf582"
"0dab2abef83d9dfafcdf806697d54fa4b96cf0b6",".git/objects/0d/ab2abef83d9dfafcdf806697d54fa4b96cf0b6","134298","914cb2700b0f0cab22e65099038f7a98cfafc9fe9c4d3a729485664adb9f5818"
"0db904733729b56f609e33aad1c8ef53e0fd853f",".git/objects/0d/b904733729b56f609e33aad1c8ef53e0fd853f","1523453","7d565168b07297f68307d7e8588d1adedd4920d370c35cf0825384de3d1415b9"
"0e011b368b8599d8c064dfda674846a7a069ab3a",".git/objects/0e/011b368b8599d8c064dfda674846a7a069ab3a","155","4ebc3dbaf0f38936f7ffaa5f4502dec9454ec2c97ff2f941b556b5922537da7e"
"0e01ddf6598772ae6f9e5791864f25f2740e7b27",".git/objects/0e/01ddf6598772ae6f9e5791864f25f2740e7b27","5709567","f0041b72e5f5377cb7384abda1db5ad3ae6a92dd65e732a33362ace9a48bf487"
"0e128de5cdd20c95729744eab80c224ede1c559b",".git/objects/0e/128de5cdd20c95729744eab80c224ede1c559b","650244","3b8d0db1bae9c8783f07abf0dfbe13ec4b0aefbca380a738a5d3fb145d8e2d05"
"0e22985f948168ef1ff4f62374c199e8e3ed9022",".git/objects/0e/22985f948168ef1ff4f62374c199e8e3ed9022","284863","df3d6c7b7aa00fc624976afd773589edb8c059ebf8c6a67f5edc9d850515b483"
"0e247551baa0599323db4f6bb98e91dedf5a9519",".git/objects/0e/247551baa0599323db4f6bb98e91dedf5a9519","1099152","407f3ee80d5b601ee86310cc60d252701cac90c9647a2be58cc4c079c8ac65b1"
"0e502f95331d44c57c346df2cb9f683a33c5a7b3",".git/objects/0e/502f95331d44c57c346df2cb9f683a33c5a7b3","1121866","cd3804cb7cd39bba3526abaf99521e18d32512ccb5e607a74f6763d16de7ac70"
"0e617f27c663dfe041c072991f8c2e260d61aad1",".git/objects/0e/617f27c663dfe041c072991f8c2e260d61aad1","11995","a86ccbc046f26b8e1d1cc9b6749986751a5e7e33b64ce19b3915913691ad018a"
"0e6dc7aa9ea354e6a73b242e16d3488b787bcf05",".git/objects/0e/6dc7aa9ea354e6a73b242e16d3488b787bcf05","1453377","92fc39a1b2337031f827c3d683ce3667738bccb1e2e2364f4374d2bc2ff1bad2"
"0e784820cb801e113a26de55faf9a01286bf8d1b",".git/objects/0e/784820cb801e113a26de55faf9a01286bf8d1b","1283480","78abb4fbb2deb62d2894c7e73f073a0bf3f0ba6be389d20525c42b9e67a6eb4c"
"0e7f65f967f6384072fd87d1ae354882e65b99b7",".git/objects/0e/7f65f967f6384072fd87d1ae354882e65b99b7","1739104","b278034e55e1b5a5c599a6c197055ea76dfe4fba997cf98527d3ce8395c12929"
"0ee23b2acc90aad3f5ffd0ec9d3b3041871a9e3e",".git/objects/0e/e23b2acc90aad3f5ffd0ec9d3b3041871a9e3e","1787393","298e7ca6712384f91720bf7a83fdee37fd97447c2147c293bd32a60c94476300"
"0f1cdf174c52ece97b72f282fda25ae5d07444d8",".git/objects/0f/1cdf174c52ece97b72f282fda25ae5d07444d8","13609","8b15717b62ea89c86f6e8e0fc86fc899c90ec834968c1a9cd1fe92dcd306fbbe"
"0f6c224150fd1472f967558c0972d12c8acee453",".git/objects/0f/6c224150fd1472f967558c0972d12c8acee453","733","7952a0c1da110a37f40c7be30bffdfa27a6e1a5a73f8e462b4e21782cc39409f"
"0f7ac07252df3f7b19fc9c53e8a0ddff6b9b0248",".git/objects/0f/7ac07252df3f7b19fc9c53e8a0ddff6b9b0248","1802985","c5ab81d8ef458f31b8de7d3ae4e6b7b5d0828d4d5fbe1f9252e85825a83fc372"
"0f7cd3bd36e4566716bc0a06fb5a4badebce767f",".git/objects/0f/7cd3bd36e4566716bc0a06fb5a4badebce767f","444","26b49207313f020b5f6809b14957b16af00df7fb649296097b9789c165aca3b1"
"0f9ae934fbcf5ff77c9b866c1b0dd4dd03ed25c8",".git/objects/0f/9ae934fbcf5ff77c9b866c1b0dd4dd03ed25c8","4821653","93d78cd8a15a048a954997549e10fc91dc0afd6ad8a0efe8bff0917462372c15"
"0fa3432ad26cabc74608977a9e7d8a08c630d26b",".git/objects/0f/a3432ad26cabc74608977a9e7d8a08c630d26b","7676509","cb4f040de0306703744e880c9e594d7ed0e50a50c896c2bbc639be7519e5bb36"
"0fa354c1ec07387df6b1a2ebe10d357dffc673b9",".git/objects/0f/a354c1ec07387df6b1a2ebe10d357dffc673b9","385","667de57733b75e6df1f02b7b89205fb6743f918f88f0f17d9b7cf1a07a7bf0cc"
"0fb8bb72bf255758209fcd60899053f4480dd43b",".git/objects/0f/b8bb72bf255758209fcd60899053f4480dd43b","837","155de2ec36cfa56e45ae9ac37cd5abafa81d3dfae57ea25264238dc3965f0506"
"0fcec6bcd15f83bd4dcfa5b80f5bac2cc1939678",".git/objects/0f/cec6bcd15f83bd4dcfa5b80f5bac2cc1939678","5193609","d39beb7c4b4b15406d9e9f7e6c748fec750ccb1bf589fbbe545b875d1540ca92"
"0fe0b12ecc30be974e8119f922692f1798e81860",".git/objects/0f/e0b12ecc30be974e8119f922692f1798e81860","5247787","a29ee74db7c862943537623f0cfc3c1480e22e2a873e1b1f43258542d8981de6"
"0fe6f45a691e6ca2387b2f431628871b71600f78",".git/objects/0f/e6f45a691e6ca2387b2f431628871b71600f78","1309354","533fed6518ddc35a9dd446d414e0a1a1a6f86e2dcbc8ec762f2ecdad6f9f2443"
"0feadbd931a4458a9c3cf079b1b4c1940f5239f8",".git/objects/0f/eadbd931a4458a9c3cf079b1b4c1940f5239f8","258941","083a7bab21146bb249777711e4c2b1a96048fd2ec56ab9718a52d8e82011361c"
"0ff0f96f9de957c8ad2424e40fa4fca4927e1bc0",".git/objects/0f/f0f96f9de957c8ad2424e40fa4fca4927e1bc0","1229663","8e592e0dc1f72b12ef25027093049e8309c504cdb5b7fcdce4368c5e9964a623"
"100d5baabe38e7b7234d29345d20b55e7ebdadcb",".git/objects/10/0d5baabe38e7b7234d29345d20b55e7ebdadcb","14961","53cb96f5ede8095eafad7f3a25a2f148a991bd7e694d439cda3aad4c49a6c74a"
"100fdbcbd19585f5aede421131fce8c048630053",".git/objects/10/0fdbcbd19585f5aede421131fce8c048630053","7738","2916568c819946bb5f77016ecf0411f6a3243171b61d5a055c49655abc90991e"
"10339414155f1e163b733dd98699b7570309c734",".git/objects/10/339414155f1e163b733dd98699b7570309c734","1484330","f46e1590af1f803f88768da58ddd977884048f56dc969144fcadbbe52ca6cdf5"
"1056405e73c1030962bf43052f46591af986fe11",".git/objects/10/56405e73c1030962bf43052f46591af986fe11","227119","0e4118d71f487699d256c057357cdb0ae8436128a43de01d39840642f2517147"
"1085c743a6c17206a53fdf8c29bfa2f7be6f42d4",".git/objects/10/85c743a6c17206a53fdf8c29bfa2f7be6f42d4","5609786","ca6e593e46f938f3b881e897bbb8d1b00ff7587d9fca5622119952f1066b139f"
"109d791bf0cdac3f8cfe1c0dbd4558216978c0cf",".git/objects/10/9d791bf0cdac3f8cfe1c0dbd4558216978c0cf","228234","88389b6b13c51d749a1465abce5a94a697aacdd5391df0a3523b5255b4bf7e1d"
"10b8180907ee6563be9c9ce5bab74876b504eb0a",".git/objects/10/b8180907ee6563be9c9ce5bab74876b504eb0a","762786","c260ec4a61ccccba9e2202b9b184822a8c39099da6c94878a54d490c9dc7efeb"
"10baeb77ac34edf1d27ce9d4b8ab12d458811d9c",".git/objects/10/baeb77ac34edf1d27ce9d4b8ab12d458811d9c","12296","01898c7c7d185443a721911c5aa5a4216855c8a575e8ac212199476d740bce5b"
"10e3b77c730883c7fff29eea7c28ac7729d2630d",".git/objects/10/e3b77c730883c7fff29eea7c28ac7729d2630d","1237073","c588f46d09d2df37ce611bf7c3979963a918c246eb594413cc13069f16399cd8"
"1102c92634a565720d0dc17e983c2dac465e93eb",".git/objects/11/02c92634a565720d0dc17e983c2dac465e93eb","2004","5791765033c75fe9cd2821704772b981d065de856b1577cd85e816b41bdd22fb"
"110bb3748f5f5970ebda1283ee4d7ed1ac9be3b1",".git/objects/11/0bb3748f5f5970ebda1283ee4d7ed1ac9be3b1","1188265","c219b61f91ff98e609fe9935e804fb25a1322b4b97a4f9f3686c24263d99b69a"
"1112071f0219cd83ca199c96894fcd2a1ac56106",".git/objects/11/12071f0219cd83ca199c96894fcd2a1ac56106","1409395","682364c2a6dbc77b74d71b04fd77c59490b4b9e9da465c739d35ea6b5d271b56"
"111480d516340d1f77ebb14b4a4eb0a2ed48ebbb",".git/objects/11/1480d516340d1f77ebb14b4a4eb0a2ed48ebbb","32818","c206a7d3e2bc3876e23b324ce52bbcd0af7343d0c5857687729acc320988d265"
"11322fe76f93680da0839d18cf840300bf634207",".git/objects/11/322fe76f93680da0839d18cf840300bf634207","6174120","aa15e31525db97549f4be1e5e6aed0ea1754259c854adf4d4b1ff7f6b6158358"
"115d8120fcc0bae0e480ac1a04923fde1f04b558",".git/objects/11/5d8120fcc0bae0e480ac1a04923fde1f04b558","29241","5a5d225d9f3fb2e0a5352bb6f2f6f71bd1941e113e82f528f660ef5a8720d29a"
"11798512c8f5942988ed0cf1bdcf321d6b93d0e6",".git/objects/11/798512c8f5942988ed0cf1bdcf321d6b93d0e6","101630","cad2297750969baf48bc36b32a980c6f02afb4e8a377ec136ce70d9996c21330"
"11939abab9984b17763c9e2113af043bc17f1a0e",".git/objects/11/939abab9984b17763c9e2113af043bc17f1a0e","805773","21bc15cff2319ce2e6b3e846d4c1f0944504babcfc2b9663ed43f027c1287db9"
"119639cc18f1fe2261506c534ee22ac36c01283c",".git/objects/11/9639cc18f1fe2261506c534ee22ac36c01283c","33433","8cd318353169f295ba79e8ca66553c0939546bc4ff234d66371cd1e5a5ed916d"
"11c9afc8d702247fb7005e3c4973087ca0526244",".git/objects/11/c9afc8d702247fb7005e3c4973087ca0526244","2082","721d53a83d22a50b595737025ff6d097c0fe23d1a23cb36d5f00a1b98d640dae"
"1202f1b70981c8e8d90728c87ee70295e918878c",".git/objects/12/02f1b70981c8e8d90728c87ee70295e918878c","1415511","2c31e8a5200989c9b4f447027e76518d6cf4b73eb0974ff31c2eab0a5a070fed"
"121f5b6d642c87ff20d7aa85d506d5a28df3b4b1",".git/objects/12/1f5b6d642c87ff20d7aa85d506d5a28df3b4b1","86278","2e8f8551a4b9472c2393355e85ffbd3fa352008dd8a48245cbb4afc52eaec71f"
"122a95212cdb21d611aad279c2d95f5c843edaf7",".git/objects/12/2a95212cdb21d611aad279c2d95f5c843edaf7","544","b2c43d971294f0a9b61e1549dce4a6e9457589ac3d4986ff7d40c8d86bd20b56"
"122ffd2b76c3f945d7b3f5087460d09845203261",".git/objects/12/2ffd2b76c3f945d7b3f5087460d09845203261","736","af6135fc4857f4e4355dc20b37514355b42b4f5df22130ea3138b6ea0392155b"
"12537d361596807aec5cf77885975713ce1aa588",".git/objects/12/537d361596807aec5cf77885975713ce1aa588","28139","d166c5e3dc52c70b0f2e6536d5d87686b063a0a6ece5634d73420356e13e4e7e"
"12b343f5d04ab58d5e52b196b4d95b13c5d3c388",".git/objects/12/b343f5d04ab58d5e52b196b4d95b13c5d3c388","1289922","a973c84e4f37b636c00241b29f633d88838d8b2def50dfd0dc409b720b78d663"
"1380d7379daf52880ae8880ff041f82f62475156",".git/objects/13/80d7379daf52880ae8880ff041f82f62475156","851228","5ea2c69287ca7d765cbaa34eca5edbbbde8c770e51c4433d46faf8df764a41fd"
"138b4eec49367f10f06c54fe1b22ece67d6b254c",".git/objects/13/8b4eec49367f10f06c54fe1b22ece67d6b254c","272","b27724dc818aa72d0ada839c986d9d5b5d97cddf986cfb373d738662439f1591"
"13aa5eb959f8f2001eccc2f07f834ad4dde95b28",".git/objects/13/aa5eb959f8f2001eccc2f07f834ad4dde95b28","5549950","2d9a8c5d6252616f1d816438375933124132f8a63146bf39a315fb654b689138"
"13fcbba078b19c971afeadfea9ed363b8c0bb784",".git/objects/13/fcbba078b19c971afeadfea9ed363b8c0bb784","523849","339b4d9283a8c52e373f5edebf41bb2a6d2d1c1cea95e189f41e83668e156a24"
"140aae297607da9410b89de63bc94e1a947d92fd",".git/objects/14/0aae297607da9410b89de63bc94e1a947d92fd","481449","12e4ac0e7d058dcc135a4b7ae91dd8f2509c040f6c099ac574a9c7b9c62579a5"
"14280db7e6a70951ee61c817dd4637e89c61a239",".git/objects/14/280db7e6a70951ee61c817dd4637e89c61a239","619731","bcd0aae5de7e82069768fef66a4bbb0421788b55d448591a1d66f53c827c317c"
"14349bb4ec1c759993be185de7a35f493cddb573",".git/objects/14/349bb4ec1c759993be185de7a35f493cddb573","257","add9c34fcef291cdd094117fe31c76cec384c92c19ca31d23775f84abbda73fd"
"1454752dfbdbb852f6d84eeb345f259cfea96045",".git/objects/14/54752dfbdbb852f6d84eeb345f259cfea96045","13367","df73c05138bf62ca0c68f4ddf0292760dd3f91d21b051366ace783a1c13fed10"
"14639d5059fd127ebef3dbfb2f20341649f12419",".git/objects/14/639d5059fd127ebef3dbfb2f20341649f12419","21462","0fd5ec37c744c29a989b4b6c40d91390ca0d63717f56dd357a999222bb549195"
"14e4722ba1b953c70ae63e99a0d69b52e77c00b8",".git/objects/14/e4722ba1b953c70ae63e99a0d69b52e77c00b8","1215341","7bdaa5c19b8f177a98bf4c72cb89cd1109ad39566c554d583be1e50ee18aad7b"
"14ee2fb9d162bcf8fcc5b97f5e0be251a9ebacdf",".git/objects/14/ee2fb9d162bcf8fcc5b97f5e0be251a9ebacdf","1638898","1c9ce0adf4f8e98bc464d0dcd044c85a6ba84622e9ec82324ae6927673740705"
"1537748ec9cb287fa238016dcecc3ae136861a44",".git/objects/15/37748ec9cb287fa238016dcecc3ae136861a44","1305531","16a06f2c034c87ceb7ac608436c36179cd6a9c42aadc3b78ff2e8c7b3db2365b"
"15af46cdfb210343fcf8d8e5f00caa21a19f4635",".git/objects/15/af46cdfb210343fcf8d8e5f00caa21a19f4635","1175755","cfe3f65902ee4bb52291017379f6f5001ff58a4793bbdf789712e092e4b0d322"
"15db3a4d0257a007719519070b7e8b0a1b02773d",".git/objects/15/db3a4d0257a007719519070b7e8b0a1b02773d","1616605","ad13b90111e7e8127b73c412351b6adcbba37c6d55dde450fb182c52fff8bd32"
"161503ab99d3d92a527fa1da172bb639faa6d341",".git/objects/16/1503ab99d3d92a527fa1da172bb639faa6d341","1288235","ce0044740028a40f35e00bf54ffb60af70ed845cab99f6ab32674d3dbaf61cfa"
"1618c0acc0c81975b1bb097dc0ce62f208ac926a",".git/objects/16/18c0acc0c81975b1bb097dc0ce62f208ac926a","73","e5aafa9a62e2602246815d7b162a6a09da3276478f62deca5e41ad9886e1449f"
"1619254cdc8dd68ab9c70d37070a958e785e2ccd",".git/objects/16/19254cdc8dd68ab9c70d37070a958e785e2ccd","728014","b51093a3329ab00efe3b762a845814b09080b126ef42e850f1e74dc2204657c8"
"163bef9cb2152c817d54f7c00d3d1a8ba16c87ca",".git/objects/16/3bef9cb2152c817d54f7c00d3d1a8ba16c87ca","723538","59d447e3ebb3ba9efa3e34b855442bf39b215c071575a968dcce6ca19f465ef5"
"16852fcec957a1b32e5e85e85313016d631704c9",".git/objects/16/852fcec957a1b32e5e85e85313016d631704c9","138205","2d93ae4b224965bf2fa701c9bcd85b860250686e7684db52e66bcbbde4960204"
"169be96a10f2e81e942c0a76a28feec68a8e973e",".git/objects/16/9be96a10f2e81e942c0a76a28feec68a8e973e","2253193","7bb9817a01c33c2cde67c94035c39151a5f5a9fdddb579fd6368893639d1b1f8"
"16a8652bd6cd1636b3219f9b48b46894d0693b06",".git/objects/16/a8652bd6cd1636b3219f9b48b46894d0693b06","1221138","9363f81c73a2804e83723faee0a9c089978faacfc6e1830db822564b4ec46a73"
"1703de8e30e70751166ec166c553a2119052e509",".git/objects/17/03de8e30e70751166ec166c553a2119052e509","258","a77ccde4306cd0b12511d02e23fded42ad3b4887eca9cf8b4c10ad7492c7378c"
"17100672804807ee1d00abdce384a2fa1ff22f53",".git/objects/17/100672804807ee1d00abdce384a2fa1ff22f53","2227153","66bd0c63b838489e976c6d181a90966f53c0ef7dddd86e57bfcbbb7e8180e5c2"
"171de5a78b14a2ad246548f164f3214a66778c90",".git/objects/17/1de5a78b14a2ad246548f164f3214a66778c90","14874","cd2471d290864d5cefb73f33bf3828e31abc30b59b4e26b5cd32ef3c56191205"
"17350586e43952a93e0dbb45ff69e1b932524afb",".git/objects/17/350586e43952a93e0dbb45ff69e1b932524afb","4906092","3f487dba626f57036683e6565dc7631f4df590704165506a42fc92a3dfad4da8"
"174fbc1b8e355c859f8b3376e4492a1dfbdf74e2",".git/objects/17/4fbc1b8e355c859f8b3376e4492a1dfbdf74e2","900940","79949f04a2d6fbad80e05dafe1dee361689bcd42d85829fbbe44f99ae2f63249"
"1763002f3c9c55b5083e401f07d360a3cfc47784",".git/objects/17/63002f3c9c55b5083e401f07d360a3cfc47784","5664059","0333b86e729c2c401a4702e71a929b56ec5907a4ded9211276c6b87dec7436e1"
"176a0b22db55c74f9e4dd96e9d1eb722d813eb4a",".git/objects/17/6a0b22db55c74f9e4dd96e9d1eb722d813eb4a","34189","3e6a2ba6a42e7be283d6b09a4d80363fba574c44bff4df42a56d60a647b67488"
"179aeb3e944a79f7c18c8674a9f6741845eb94c1",".git/objects/17/9aeb3e944a79f7c18c8674a9f6741845eb94c1","1912636","7a0446a5ee9d4051870e6bb763fe91f88306c7a223272873d0e695c03e6a8a31"
"17f5f56c86e967bda77d5f699f9b2660648c1551",".git/objects/17/f5f56c86e967bda77d5f699f9b2660648c1551","514","32a5b222be53e01c9f7d37727a7436505977431dd6b3704e1bf1afe8d283ac95"
"186e5af4540c50608a174fc2dca4a9e26030c887",".git/objects/18/6e5af4540c50608a174fc2dca4a9e26030c887","504308","b91f0ea46489ce7497f85d618274d59b1b98271f21c217b3dbb8b31adc321f5b"
"1886172bbe5cb7f639f30e05e6e79ad9c548ea62",".git/objects/18/86172bbe5cb7f639f30e05e6e79ad9c548ea62","255","80fc2ab0543dd822bb1840a1e429c9f5ef04836d2dcb83422253dd3bd9b5cf67"
"18867e6ec9022785732497db83813486b3d580c7",".git/objects/18/867e6ec9022785732497db83813486b3d580c7","154","da4abe9aa47bb4c5701a2b7521e90ad25e08e7b9dadbe8280d2a5053e853c0e4"
"1889530187ee55244a164bc3008802b412a88195",".git/objects/18/89530187ee55244a164bc3008802b412a88195","11284","f936f60b253ade15fcd56e4dadda032a0a3d24c6795dcc9d43017dab36816ebe"
"19098ead85afbee32c6b1ba8441472923fcad9d7",".git/objects/19/098ead85afbee32c6b1ba8441472923fcad9d7","4289746","a782ea6f2618d64a695b9872e05ba837b3cc4f79e2d1c81eeb6e286cba1cf8a7"
"190b2747a2ab75f1018cfa664ad3dc5a211e07de",".git/objects/19/0b2747a2ab75f1018cfa664ad3dc5a211e07de","4679892","9c0666b936ab85ad0468ed573b07395344a96942b3c2990ac839683a15c9eedc"
"197078592ebc16a41c27106c97bc67c350d452a4",".git/objects/19/7078592ebc16a41c27106c97bc67c350d452a4","34049","2659f92d61303e1f49397c36d12b69fe12ffbfa4f15aabd9c6255643ac65a350"
"19b45971cf9b88b53e7c92a562aff93486ed59c2",".git/objects/19/b45971cf9b88b53e7c92a562aff93486ed59c2","257","02c4ede956e9eeb826a9755005a9d533a57d1756f33337964bca82099c623ef4"
"1a04a73308dd9a63b2a3dd14aac3fc9b87133827",".git/objects/1a/04a73308dd9a63b2a3dd14aac3fc9b87133827","842","71535455e9ec59f5ca93a27cea0a24c7266ab3914100ae3dd6c25fb1cb1dc312"
"1a30e63b61859823abce6cc264516029c4628c82",".git/objects/1a/30e63b61859823abce6cc264516029c4628c82","27063","04d2fbb8526b97b6debc1ee9260d0be88de3d71c8cbec806caf1527c4be53555"
"1a516c0c83800f5101509c79aa385dd6d19a491d",".git/objects/1a/516c0c83800f5101509c79aa385dd6d19a491d","1599047","001b26a9b0da279d60d7cfe91ec8df4852edff505c660d276e908b9c9c5b594b"
"1a5fc2079ecaa724e15e14753f7255e8c2271a38",".git/objects/1a/5fc2079ecaa724e15e14753f7255e8c2271a38","944593","1dff00db13854037cb1d25e5397272efdd3e1ead4904a03b8633b765f1c49f0d"
"1a8ea96432f581e5f408a7a9cfc183191930b984",".git/objects/1a/8ea96432f581e5f408a7a9cfc183191930b984","5519603","b45e308ccd3c54a47d20198f032a30beae5789ddeab143c4ce90a0062c1fb8dc"
"1aa896f13d2c6b25cc61ad861d41cd3fd92e11ce",".git/objects/1a/a896f13d2c6b25cc61ad861d41cd3fd92e11ce","4390","82314d759156ba1c87c84c0bbf597860e01239bbf57e3ffb0ea33eca47a3fe5e"
"1ac00c23898ad55323c2066f4c4ff9419259ed65",".git/objects/1a/c00c23898ad55323c2066f4c4ff9419259ed65","1219203","2ef1137b5f1ebaedccc7bf59effeb950d03742c01818371bb21aed7619ebe264"
"1ac6f76fbe07675c2ea885b50fe497c338c368b2",".git/objects/1a/c6f76fbe07675c2ea885b50fe497c338c368b2","1015368","6fc33d7bbe48fada9c53dc8e43bd93f29530230ea3ca16456d751565b9ab3eb3"
"1b02b4976bb4284565e381a49e28175497350ed0",".git/objects/1b/02b4976bb4284565e381a49e28175497350ed0","6503277","7885a1104095feb2eea83d0679da8f5f90b46ff0db2289e4b58d529a458e2173"
"1b1c27d3469fb3a739f9a44552a51fa6cc1f88b2",".git/objects/1b/1c27d3469fb3a739f9a44552a51fa6cc1f88b2","1373016","f4b5307b01c87a7b839d756ed779a4d7aa820795dbefdfa2ed0a1790300839c2"
"1b3524301eb533636c8f20d608d96123b89073a1",".git/objects/1b/3524301eb533636c8f20d608d96123b89073a1","303","90da48aaa7c093c7ca238f3b45093249b13cb5b194f5e52823ab07b698d391d7"
"1b7f48a788df51f80060052b4022622d74057236",".git/objects/1b/7f48a788df51f80060052b4022622d74057236","430053","bfb60c4ee505af5c65672d44421f531dbb056adbc8bcf647a9be377b2afd0470"
"1b8fc5faff63abff0d997237e21777804ab56fc6",".git/objects/1b/8fc5faff63abff0d997237e21777804ab56fc6","89142","8fc041a1d20001360161470fb65a33ff466acb3605506787dcb1145bbb30938f"
"1ba6c223099dbcf18542bd4e0e8cec3ff4dca5d2",".git/objects/1b/a6c223099dbcf18542bd4e0e8cec3ff4dca5d2","461974","fbcdb9fe88bedb36b0198fff00bb025f670a07c1aa607ed6f939b859e3ced4c4"
"1bb270b722d6ea525c1f72794dfa949265e4ee2c",".git/objects/1b/b270b722d6ea525c1f72794dfa949265e4ee2c","5408527","8f491d83f5366e6119700cc07cca939166b2a3dbe44726b83f10ccef6103d089"
"1bf388db67378b020d9bcf04b156a662bd767770",".git/objects/1b/f388db67378b020d9bcf04b156a662bd767770","2085960","0d2e33ca1fbfd7db9097e62d37b431faeacb717c92ad557714f454c124825fa1"
"1c1035a521e9d6b46ff8184dd97f2d9e2d88c2e4",".git/objects/1c/1035a521e9d6b46ff8184dd97f2d9e2d88c2e4","1343185","36f537100f469eb3f721a2a6a6a225c129acb2e16aada4febf1a2f8c2395f67e"
"1c416c5f4d748a1db198e9bc8a7936a4dfee0bb6",".git/objects/1c/416c5f4d748a1db198e9bc8a7936a4dfee0bb6","1631562","0cc810959bca249fe50dab0ef8209e165decf70a96db479650095a1ed6a176e9"
"1c4a02259dcca25eba5750824fd90af76beac5c2",".git/objects/1c/4a02259dcca25eba5750824fd90af76beac5c2","1398079","25f4f835c56df2cced305fecfcea1ca67c8999e220fd373fdd5c53b36632b2eb"
"1c653861130a9fce9ed230d4b844c27d32bc1fb6",".git/objects/1c/653861130a9fce9ed230d4b844c27d32bc1fb6","1569","528ce2442b14284078aa34a1e7cbaf3e48be6453f652e48d5e5a8dea56d443ca"
"1ccf6bb84eb484f64e8dd1c24621381a7e52eefa",".git/objects/1c/cf6bb84eb484f64e8dd1c24621381a7e52eefa","1311","f25a0a2e90be5568c294cbff2aafc36e4e0d9b973340f911a12b1a08227c6345"
"1d1230d04ac652964d772da3b3f6d6f2392ea17c",".git/objects/1d/1230d04ac652964d772da3b3f6d6f2392ea17c","729","87c216820a09af6ff2ce09eed17d1b7c9578c582aa65842f5221d8a25ff7555a"
"1d4d3a5c39b7af0707702c65dae6bdf1acf2afcc",".git/objects/1d/4d3a5c39b7af0707702c65dae6bdf1acf2afcc","442463","3a91293e624f4e9e83b0562611b4d9b8cc7906985ea7131a58f173f4a58e4fda"
"1d5e6a8c67d3343165b651a43e7cc18c90432865",".git/objects/1d/5e6a8c67d3343165b651a43e7cc18c90432865","248285","11d7e4d81513682d5a40dd35970970b63a4d7c49a648e2b7a6485a17ce3e918f"
"1d5f278847b3db593c1d92b6d830f50a5cb62da9",".git/objects/1d/5f278847b3db593c1d92b6d830f50a5cb62da9","1838886","f2ecd0ddf2b5b5b6021d03ab55acce9431b75907c55f20e198a955117f4946ca"
"1d8151ed77d937403f7caea70cd92458a95a1185",".git/objects/1d/8151ed77d937403f7caea70cd92458a95a1185","256","5b1e9fcc35b845d9d6319dd0f671025580170eae83922ad24970b1918b74c37b"
"1d82c72a336ec25ba4a14598fe5da8b191c19b4b",".git/objects/1d/82c72a336ec25ba4a14598fe5da8b191c19b4b","3320","403b91c992b08b76868ba0ef90571f0438c7ec8f54dedee29d6103afd95cf502"
"1d93306f46ab3faf9845cbccf74fee6da332eb68",".git/objects/1d/93306f46ab3faf9845cbccf74fee6da332eb68","4456","0b516b3a02d1aee535357b1c057609323da9b685e8cc150d18bedfb1aab199a9"
"1db14298b1f090e45b65d6a96f257e3ba0ea193d",".git/objects/1d/b14298b1f090e45b65d6a96f257e3ba0ea193d","1863959","5a2cb220fcf4d26d0b550c7453e4775c705c9580fa3bc5512da99006b42bd883"
"1de654c946630cfa1d4b32ca1bc39e5892797b55",".git/objects/1d/e654c946630cfa1d4b32ca1bc39e5892797b55","189274","d5ec13d9907b8f946c7c2c44ba07fb6cac3743c458be8e888ae473826dbae6cb"
"1e807843462e89e3c0d96829049893dd9af58593",".git/objects/1e/807843462e89e3c0d96829049893dd9af58593","1267226","13b534f93e788fd2327018c8f7378dc41d4b77a8a752cc5f6dbd7c27afec91f4"
"1e844ae1731b2ef8baad0746cf64f57921d53a11",".git/objects/1e/844ae1731b2ef8baad0746cf64f57921d53a11","1323391","cd88f82fb933025db6fdb95bc545ea263351ec6c11073a64c55b344eae0b91a2"
"1e8b2b51fb7096f63c2f08a10be6dc74f78b5096",".git/objects/1e/8b2b51fb7096f63c2f08a10be6dc74f78b5096","33697","dbf8e115b73d784a938f30c42eac3a7860d97581811658777c4c8749f814d620"
"1e9c3477a065cfa33d58c0a8a5cbcd8b587b00bc",".git/objects/1e/9c3477a065cfa33d58c0a8a5cbcd8b587b00bc","1737631","de9ee1a46f8610affbbc4d8a0b4eb1a5d8db5bdd01a18dfea59c5de0fe86fb59"
"1ea24844b03a05ec14c3361ecf3d8068d3bfe4bd",".git/objects/1e/a24844b03a05ec14c3361ecf3d8068d3bfe4bd","246","4294f8d248c23bae32fe971426c47cf9341a718a1abbee25864f33e8563d8078"
"1ec32809de7510d6cb56761bd3d71dbddb0eb5a3",".git/objects/1e/c32809de7510d6cb56761bd3d71dbddb0eb5a3","722096","bc793d70e1f66c099e8415ba75c291873814e3f3fae2636423c96d7593845e9e"
"1eebe90a113870774c9f82f8e4b38fc78977b55a",".git/objects/1e/ebe90a113870774c9f82f8e4b38fc78977b55a","1397","0134a81637becc78d98031c85f69fdce261eb9ac12dc26cb898207154385d7bb"
"1eef633eebc87c85e00f928495a478c3a64db7b4",".git/objects/1e/ef633eebc87c85e00f928495a478c3a64db7b4","19407","a03d8ade9b26c9e44b0bbb8b59f3ea279406db1c7a65ef5a64b404a63c4a626f"
"1f006d3923ae90ba0be791fa51ce8440dfe035b2",".git/objects/1f/006d3923ae90ba0be791fa51ce8440dfe035b2","358968","82bc1b08225eeeea6478b52cab56630333243847a37455d535844c3d821eb154"
"1f446b7e519aa0783eca89e1069bee0bc4e6afe4",".git/objects/1f/446b7e519aa0783eca89e1069bee0bc4e6afe4","8268","3af0196932739491bf2929ff8e10c5c2e2119f290585853079eb9058103dca04"
"1fb039cfcb681d94c57afc53d4f72f940016d116",".git/objects/1f/b039cfcb681d94c57afc53d4f72f940016d116","4237","106cd519ec6da8152c521c08a7540e2abcd6d0be8281c6e8b15fe1d298e88dd6"
"1fcb4a03ffd6e4b88c5a7cabdd044474aa529df6",".git/objects/1f/cb4a03ffd6e4b88c5a7cabdd044474aa529df6","132411","3f07b057e55a7735c49ad9685df677d35fd03ea0fe790423a9dcc3f01c9fb706"
"1fe69650dd43cc28c0af0ae91be66062ab3ac83e",".git/objects/1f/e69650dd43cc28c0af0ae91be66062ab3ac83e","134296","6cf07982a4990e272518ce84ec9b7cbaf3dab1f75fc7cbc1366846f99ecffef1"
"1fee0247a320f742a39e9cb102d3cb2aaa076d33",".git/objects/1f/ee0247a320f742a39e9cb102d3cb2aaa076d33","13384","43996d4db719b86db658e0acc8c784fd9593cac1076a8ae8e671453f89990d92"
"2006d1684f9c4c62b22072e6f3f9d75a058ee9ca",".git/objects/20/06d1684f9c4c62b22072e6f3f9d75a058ee9ca","353","6b4b8c59cc74ddeef08abc5b0e721443b5a0bae55ef599e75d3e2943ad8227d6"
"20079f8523b293f6b3557f8d5d13c4c8ab5cda75",".git/objects/20/079f8523b293f6b3557f8d5d13c4c8ab5cda75","1525325","fc39cf79da27809fa08e6c6f69e4c3758452d685c183adcfcf90527fda8255ac"
"200ae222b1f371980580035d3bc47299db81cbf6",".git/objects/20/0ae222b1f371980580035d3bc47299db81cbf6","798898","3b6e649b9e3e0ce4bf6a7dfa06bdae01fd5063b50803b2dca2edaea9f61f3fd3"
"20225f0cc3905a8be7df7fa19e256803c1fcd3de",".git/objects/20/225f0cc3905a8be7df7fa19e256803c1fcd3de","427278","c88eb90305640b2135e7ec28ee7fdac04577ebe2f5276bcea7eadf7d0af6eb03"
"20533b4e2f80e42759cf35a939d33c67fec6435c",".git/objects/20/533b4e2f80e42759cf35a939d33c67fec6435c","1298","56dd845b9a8495e0924574d2af4b20aebde8808e81fb3e5f1321a7eac73ca483"
"205ac0136f93ffb74f7444637604b546cf42cb45",".git/objects/20/5ac0136f93ffb74f7444637604b546cf42cb45","6746092","5200809237fc01f8f20ecc7cb2eabde337fafc7de01ec471d68d1e73a9cfb14c"
"2092dc0717d2253bdc77d9f29de7fa8adf7c4896",".git/objects/20/92dc0717d2253bdc77d9f29de7fa8adf7c4896","1731292","ecc279197d3944e37ebf3026036aeccce6955aa64e1669bd8d1b2a840a093164"
"209aa5c50eb7fbd0ea7dbd59a46f8ef0a9b7bb86",".git/objects/20/9aa5c50eb7fbd0ea7dbd59a46f8ef0a9b7bb86","1584956","6722f046cb41a49099b9d245045110a2d46fd4e8d8d9ca238ba1b6793d96d766"
"20b19536eae5c5a0fdc9fde98202f461087bea3e",".git/objects/20/b19536eae5c5a0fdc9fde98202f461087bea3e","1358115","de4c330ca74b0a91496ea420ac82785b7457a4606e40e2740167411d1bdf7b53"
"21027c48aab23d4ca51cb46f467b36bf10771e9f",".git/objects/21/027c48aab23d4ca51cb46f467b36bf10771e9f","5364329","634d8f38b94adf1895ac2514b13c0c70d70ccca33e507e3f069d6616b53c4e41"
"214e078c85539f39007616dfdcb1ad90e44c870e",".git/objects/21/4e078c85539f39007616dfdcb1ad90e44c870e","1558302","0ea47444c89808182d9e1d5949d3732efb4b03e29f4e4ccda4c821bee8cdeff4"
"216dc2254fe3d1614af2770c90ac375fc5ab7ad6",".git/objects/21/6dc2254fe3d1614af2770c90ac375fc5ab7ad6","4256","f1b17f82ad2f04c48fcd47ae59c43e32bd9fa1cbb51dc86866587b54fe7e911f"
"21785199471a5cf0a8d2a27df1769e796552b89c",".git/objects/21/785199471a5cf0a8d2a27df1769e796552b89c","231545","40a29b322d7d347a2e9f727443fc5ea849e7615308720d9419fe6dd280f188e2"
"217c7b19167d2c52d186919d2658cd35789cc08b",".git/objects/21/7c7b19167d2c52d186919d2658cd35789cc08b","1406207","a6635a1500b24ea1c09ae2e3be5c542dc78c11daf68210d085b965877b246d59"
"218e139b58f17189a4b9af3ef2030eb20a2fa1a1",".git/objects/21/8e139b58f17189a4b9af3ef2030eb20a2fa1a1","10928","2fa190b3a235c6700513565ff86d5f5a35da0862bfa66e95f0d9ad1e0fa74770"
"21b15c294382c9fddbf9f8020da3afe0a2a40b56",".git/objects/21/b15c294382c9fddbf9f8020da3afe0a2a40b56","39438","c6ec3267b6a32ed3aaf9d051ee69d3b6efd07781757696717c36398214326dcd"
"21dd97e3444646efb7a39749463b1a9e6112cab9",".git/objects/21/dd97e3444646efb7a39749463b1a9e6112cab9","153","b19325120415d6ec2698997e6f5dadedffe7ae2c8e8b28492e1145745eeea7a9"
"21eebc2c3315ffe471814100e72181dfd6afe191",".git/objects/21/eebc2c3315ffe471814100e72181dfd6afe191","22511","5f98cbb2f526120accc470489afc4a1aec9def36ce3f69cac1b27b8143ec6504"
"2206f5d8b52c4358152bee9a3521c3cabaa6aea4",".git/objects/22/06f5d8b52c4358152bee9a3521c3cabaa6aea4","1419119","ec7c155015c64fe66d8f9c7b98cef33e6d278c0630995d9ef5f8c5b07c8f30c7"
"22520427849405ae38c1879431994d45eb977f99",".git/objects/22/520427849405ae38c1879431994d45eb977f99","93242","050f2f563d024796ac11eb8257af412cd9017587a1d457ce354d975d7da11e21"
"226d2fda789cf30f643a9d90e0d0dec3f58b8670",".git/objects/22/6d2fda789cf30f643a9d90e0d0dec3f58b8670","851483","743918a7b4deb7be56acb467350ee3771b031640bcbd10091b5be68b75d098f4"
"22871c768f3e7a1e247ad4b5b295551dc2b5b9e6",".git/objects/22/871c768f3e7a1e247ad4b5b295551dc2b5b9e6","33482","bb728f05b39ce4fa15c4598af018a0fd49bb61252f4f349e27e5d784337d9b43"
"2289270d88c456ebc25f3175c8e5a6fdfbea1426",".git/objects/22/89270d88c456ebc25f3175c8e5a6fdfbea1426","1430262","b7405556168cb4a13826ae104de7bf135371e7afe240a90b3f3abf457b906944"
"2292b5ecca39cbf36e144c69cf77ac7138f90785",".git/objects/22/92b5ecca39cbf36e144c69cf77ac7138f90785","240175","1a6ace04ccd87a9dccef105942930a93c9900cf0ee9f6a107d005cb6c3fd77e4"
"229810b63ef0ca2dc1e7daa35176415fc74ef31e",".git/objects/22/9810b63ef0ca2dc1e7daa35176415fc74ef31e","727","deb2e888c3f4e418f22965e2d3e4313424bfb6c407e2c6c5ba3a71c8ac81d82f"
"22d8d3566bd078111c16231fb09e00d34c2c1749",".git/objects/22/d8d3566bd078111c16231fb09e00d34c2c1749","1119500","4787b0087bf080574a1463f012e22301c9e87f96694542f38a8d9422109f545b"
"22e57777db85f18c58c828291bc630c1c792364f",".git/objects/22/e57777db85f18c58c828291bc630c1c792364f","83093","f3e5b810ed50b0d8506b9077ae70b1c3547b0480e9a80fe4d9201799d6cf3ba6"
"22f24b9888d368aa2026e5c4e3ecfa0d3cc7b924",".git/objects/22/f24b9888d368aa2026e5c4e3ecfa0d3cc7b924","7567599","1f200e50e51035e4921ae2c5ec79316e9974bd94e511bc9d52b7df0aaad267d9"
"233d96a1ad613480365308cf0c28062c190a71d1",".git/objects/23/3d96a1ad613480365308cf0c28062c190a71d1","1115791","d738d4c24430b0847332fbb790a3eb129d057494ad948b8abfd19c97b3ff0bf3"
"2344c68aae6df09ed947323c795717183b066970",".git/objects/23/44c68aae6df09ed947323c795717183b066970","919","762edd7c7fbf32aa1db53e343f19fb99abe22715c0d55969a236eeff3fc4c548"
"235c9988b7155e5e5e308c712efb443ad1ef4365",".git/objects/23/5c9988b7155e5e5e308c712efb443ad1ef4365","1724108","94de16a19c347cc5dbc59d79dc14d9e563f6853bad8a7822035a9453294475f2"
"2368b5bd81a1322f4b5f9674e5b8c71fa44dda51",".git/objects/23/68b5bd81a1322f4b5f9674e5b8c71fa44dda51","1195989","33ab5b3cbba1751fe65f3b077b0a4c321c14be5abe06ea500cff73520cb88202"
"23a7eb583ec4a077ed79046e776918e125eeeec1",".git/objects/23/a7eb583ec4a077ed79046e776918e125eeeec1","9654","d4b56ac13c8345af30c05755764eeee29201141371807c25a3252f665c0a2757"
"241f66945451d58f6b2d0ff45baafea30bdc4044",".git/objects/24/1f66945451d58f6b2d0ff45baafea30bdc4044","1480830","622db346b3592b5983745de0c8f400edffb5fddecf119349223fbbf1bec0df82"
"244fe550c180f636932df1494419d3fac658927a",".git/objects/24/4fe550c180f636932df1494419d3fac658927a","18504","5ba5ddf58ba098e65ed1d9da02f20cb917dea1ae2c7301ef15e486150ba0fd08"
"245037317ed93a2f665d8873de88eaf1edb9bfc4",".git/objects/24/5037317ed93a2f665d8873de88eaf1edb9bfc4","457","6e0d0887393ed5e328ab108901baed106877dbf1c4a118ab41e6b6731a58072d"
"24849efc1627ca6a1916a8f6abb51a1562f79ef8",".git/objects/24/849efc1627ca6a1916a8f6abb51a1562f79ef8","1674295","4dfbfb61585f7cd77886d4f90241bd453dfbafb99967f2ca564210d179fffab8"
"24a6678b6eb9d7b68245e2ecf5b6edac893e409b",".git/objects/24/a6678b6eb9d7b68245e2ecf5b6edac893e409b","49691","fad453fbf02af94a80a48fcbc437d2db6a09092cb5e610a50292bc521d10d9b7"
"24c8e86706ff186d9b31dcf45238091b663cb7b2",".git/objects/24/c8e86706ff186d9b31dcf45238091b663cb7b2","305122","de5ca7312d53766397acf3a065b507a884dd64d427d2a81046634610f4da1685"
"24dedd60dd521ad2a12ff1c6db150d8dfa98f989",".git/objects/24/dedd60dd521ad2a12ff1c6db150d8dfa98f989","115056","20cb07400b6db9c6f0b79e7b57d73d357508800a6ba9245160b762c7aedf68d2"
"24fcd4ff68dc1dd0b2cfb1daefb63b36e9311ddc",".git/objects/24/fcd4ff68dc1dd0b2cfb1daefb63b36e9311ddc","1028124","fa4e4e8f73e4facfa19ee9bf0a67e6702598b910403aca459645533be3b0939e"
"256cebba7f1fedc318038c88ca26f7f1f9357348",".git/objects/25/6cebba7f1fedc318038c88ca26f7f1f9357348","2337895","43b01332e2b66920ac286194396ff2fe93335960a3d7f896cb3c8c793f1f0f93"
"256f2b810c33d5fffa4848da22b47f801a676669",".git/objects/25/6f2b810c33d5fffa4848da22b47f801a676669","1388935","abd906ff1c5684e5b2a20674fd88c4ce776451627930f8439dee2822f280c787"
"259c2afff21bbe9a01c4ea0c69ea740fd60f1988",".git/objects/25/9c2afff21bbe9a01c4ea0c69ea740fd60f1988","19338","f9923800cbcbf9377ca588a22e35a5c06f9108131afc87e89fb7b3cf3ad3379c"
"25bdd3045174ec5580268d1435185abb4182311d",".git/objects/25/bdd3045174ec5580268d1435185abb4182311d","13757","e093fbddc051c6fa3f3728b94006f6ce79d1c258ac18228bf5a8c412de6ef02b"
"25ddefd22860120054fd77c7d4a3e793e6cb95a0",".git/objects/25/ddefd22860120054fd77c7d4a3e793e6cb95a0","112688","4b5b291023a191c1ef8dfbff3122e048e1c06397a0243a82d1ea5d916a281960"
"25f785399c9a7d850460f32279e6b744fe4660cb",".git/objects/25/f785399c9a7d850460f32279e6b744fe4660cb","2275882","5ab52f90bc3eae67d8d4361ce4a37014bd932c298234101a165c072f86e83c1f"
"25f90a1e71963fcf4446a2ac1aeae9c502e800f2",".git/objects/25/f90a1e71963fcf4446a2ac1aeae9c502e800f2","153","135c8964ae1496cc9fa200ec4f7b099cd709afa3064aee6a4d714b8f501bdf02"
"25ff4c928135dd82e2a7251f92e0f1a795237b8d",".git/objects/25/ff4c928135dd82e2a7251f92e0f1a795237b8d","1674616","800b994df47d86d3f5f36783badab5b735d62d1b868d9235a7b7c41a4e6ce7f7"
"2602f8fc5f54269c0c9f6e29e39164ea4f95edd7",".git/objects/26/02f8fc5f54269c0c9f6e29e39164ea4f95edd7","1232541","2c0f971a79bff37b46949315da10635f1b77b0334cd7525324c75d32617d48b9"
"261ee772089acc2a36abcd18cc4a4b5f09996be2",".git/objects/26/1ee772089acc2a36abcd18cc4a4b5f09996be2","805305","6825ab472cd80f90d33fd49f8084c79f8c8d624d2c7f3c5c75686120c56cd2b0"
"2633632fb142baa237caba0207fcffa38cee3d41",".git/objects/26/33632fb142baa237caba0207fcffa38cee3d41","4588115","74f0e6684a866047d61239cbd1726b382ddc882b1c4d0eb33da7027d3c233b17"
"2634d201aac2b2008d18527687dcd95e27428f1c",".git/objects/26/34d201aac2b2008d18527687dcd95e27428f1c","114394","9121940173f1539093a0911a1e3f52a693423443523211e07099656aaeffddeb"
"2688431c7ddf572c39a097d0c2f655c587eab390",".git/objects/26/88431c7ddf572c39a097d0c2f655c587eab390","281","91a88a4112c128774554d5c9b03e8bbf611b676c587757138428ab5fe2658435"
"269b84e350495a036ccaaa36cd75ffd9f6f4e35a",".git/objects/26/9b84e350495a036ccaaa36cd75ffd9f6f4e35a","1095830","529f1755eda50a8d43d175fc1ffe1bfb0349caa79142e750952f43f262ba779d"
"26e58cf74b4fde75f9352eb3c648c97f97ae4976",".git/objects/26/e58cf74b4fde75f9352eb3c648c97f97ae4976","72235","04816a84ca8a7ba95f0bc3391d08ef92d1fd0e9df013d402854bbd7ded937f53"
"27147b73442d74cea833b97e18b31f1a40ad3a3a",".git/objects/27/147b73442d74cea833b97e18b31f1a40ad3a3a","391","2ae31eb316dcfb11843487bc0fe121e5f2401060f5d0a384f0ea0309e8510d3f"
"274051db1d814fb3082fbc842827a8d61e5f0588",".git/objects/27/4051db1d814fb3082fbc842827a8d61e5f0588","31346","6de04fff7fca54b63874d402271788ae62992c382206efd9a28055b9607d86a7"
"27456c68cf72534710c52e3d905b8afff7a2fbe2",".git/objects/27/456c68cf72534710c52e3d905b8afff7a2fbe2","326","39c9e863523e2a7f0267ef396873bd1d4c800b737cbdbd196c614be458f750bb"
"275b0843844c3e9cfa551cd9b5cb262358c5d567",".git/objects/27/5b0843844c3e9cfa551cd9b5cb262358c5d567","95093","670a15410b1dcbd897dc4303ce7a9eb2fa7d201130664230b6bfeff41cee054e"
"2781540a93ae9bb833ebb507dd992ba53de76228",".git/objects/27/81540a93ae9bb833ebb507dd992ba53de76228","295","7c7ce2728879c5b003f3ab9c249520ac775dc68b328b5cb9cfff426f0bd593a1"
"27fa78ffb20970b6e4a2cbba33220effba6aea29",".git/objects/27/fa78ffb20970b6e4a2cbba33220effba6aea29","1415567","940b29d1d26143c9de740d5903707777d2fccc7391f72b8da9278cc718c1f9cc"
"283d0d2f0b57e8486cf90fb299d0ac339cc1a2cc",".git/objects/28/3d0d2f0b57e8486cf90fb299d0ac339cc1a2cc","735","face61a0130969a70daadb6f678775d8a567e841eb6fb797a852f6ce4cf9d18a"
"284c927fc6b0ae4b355630f314a625f981a0045c",".git/objects/28/4c927fc6b0ae4b355630f314a625f981a0045c","2613","68f64b46748900e40b20cf37f03489c4bc425dcb3f1f4d73ae7d34f7d914a27d"
"28775a35dbb4c845772a71dc3e58f47fdeaf490f",".git/objects/28/775a35dbb4c845772a71dc3e58f47fdeaf490f","139082","5ede2c7cbb17c76475a2eb4786c0dbd8acd89938715aadbff5d36c8a98a59fd0"
"2884bbd33bdad3098679b589fb855b52e3672faa",".git/objects/28/84bbd33bdad3098679b589fb855b52e3672faa","16510","0d9b085349fee16592a4b92d1dc9ee1764e8f75007fc62df1a81c68a81740524"
"28e816fe4e94b66247ba100b7e6e6df98dc4c1ba",".git/objects/28/e816fe4e94b66247ba100b7e6e6df98dc4c1ba","497236","d4f927df2735b24cd16b4d69f3921d520a3a3ad7ceb0699c31a5b961e5f5c6a2"
"290edc4e3b10d8f4741cc8310bf19c720fb57c80",".git/objects/29/0edc4e3b10d8f4741cc8310bf19c720fb57c80","493506","0754c25f2e89d18bf070551fc4d8b0712adea3f60b992f76dadc7289e4da8f67"
"292b4dec679ab82d879959d994d66c447cee1b42",".git/objects/29/2b4dec679ab82d879959d994d66c447cee1b42","1067254","05c5b01e61d59dccea48f074a11623ddd57948be73632022bf4383388232d3bb"
"299d6481d0e56aed5dbc061bd7edcb549c1f884a",".git/objects/29/9d6481d0e56aed5dbc061bd7edcb549c1f884a","4378","f2e3b6b105d6b824b6e6d6ae26ce5e6940a06e622a1448e8c83d217ce9f3cb2a"
"29c68de2d527ea178d2fe2d3377a16919d997d74",".git/objects/29/c68de2d527ea178d2fe2d3377a16919d997d74","574111","e120d154ff5f47ffd98ce9ec878fb6c225813031354bfa1ea8a33243e872a219"
"29ecdcb311ad7e690b7dc6c8f69b32435347bdf2",".git/objects/29/ecdcb311ad7e690b7dc6c8f69b32435347bdf2","255","4651a481d324043b812e84772f2ae07fa955ead61b520c7bd565da9099aeba37"
"2a27d4f386250b2c3c3c7b7e239ea0a8221ee21b",".git/objects/2a/27d4f386250b2c3c3c7b7e239ea0a8221ee21b","1508057","44b921e2fce6e64d7bcaf6244da11f42e12b362857eb3e56d6e87b8b1515ac2b"
"2a6326a340a8e0414292a7e8641c2d388118a91f",".git/objects/2a/6326a340a8e0414292a7e8641c2d388118a91f","1614888","f3f4521e9b91890f0029d7f89c971ab50002a3da7dcd43397791d4ded37701f4"
"2ab583eb2c8f130d8d32f667326f858e3fb2b31d",".git/objects/2a/b583eb2c8f130d8d32f667326f858e3fb2b31d","504235","ec9e69dd34baf6e9612fb2036b9dad918b30ca3c81ac8f83c5944b3466f1bcbf"
"2af9593c81b8fc34ada1e9fd52d350d1660fbf66",".git/objects/2a/f9593c81b8fc34ada1e9fd52d350d1660fbf66","4798370","73fa897eee9fc322fa07641f7f8ee4538608bcfffee3a534826b830565482101"
"2b4a66441fbbbbc24bcc3e0b1dace23dbbb56f85",".git/objects/2b/4a66441fbbbbc24bcc3e0b1dace23dbbb56f85","95477","c77eca54f057897f598456fa563edeb0af55a6177ddc51a97a08bb7fd6dc9d80"
"2b52d1830b6f982f93cebb266b5300c4dcc087d5",".git/objects/2b/52d1830b6f982f93cebb266b5300c4dcc087d5","104283306","28f1644ea5edb5693b0e18a2597534c2f101ed54dc6542492ef72abb5868e4bd"
"2b8bae66788bbc259d76ed0e958ec4c5de439d3e",".git/objects/2b/8bae66788bbc259d76ed0e958ec4c5de439d3e","1262169","c1cc55f9c19a72a65604c30946cafbb0ef6dd312cea3954eafafd11452e41eec"
"2b971a227d1e0a791af779143d97f2467b84cc0c",".git/objects/2b/971a227d1e0a791af779143d97f2467b84cc0c","681","7f72e351ff4be965b4c84f4223b12f0c6b99c91a181dda14781b1ee0888ec32f"
"2b9f3e49e26ff21ac29bb07078ef1f967887dc9f",".git/objects/2b/9f3e49e26ff21ac29bb07078ef1f967887dc9f","1416569","b853cda3fe7b44b767e9b27dbafd2618e9e850a96b9ea33e76c275c68e914ddb"
"2bb9bab1afd7f5d21b034e6c2e36daaa1a81b4c6",".git/objects/2b/b9bab1afd7f5d21b034e6c2e36daaa1a81b4c6","6162426","12a95b10942544c44c7779f98267094e0e8d723ba3de994388c9461ac8b65be3"
"2c5a956402abc254da735180015c43b84a6355d9",".git/objects/2c/5a956402abc254da735180015c43b84a6355d9","1149917","d5cf0ae66529649ff94bbfc3b0d99368156177442b14833fcf5f0f98ae572527"
"2c7ae5110ab87a363dcb272afe246a379ca25abf",".git/objects/2c/7ae5110ab87a363dcb272afe246a379ca25abf","1260142","b6502375031bb55900348d035befb2fdb0ab20c4a29bb86f6d7ec3862cc47b94"
"2ca5a9b50dc9f6c14e14f633f76394d8e7c9d68d",".git/objects/2c/a5a9b50dc9f6c14e14f633f76394d8e7c9d68d","1477550","a15913f752e97f0fd082e4c76cb4989e624adee3fc1644831177b970bde9f864"
"2d042141a2eb160147b1d262737ae06d1a193e8b",".git/objects/2d/042141a2eb160147b1d262737ae06d1a193e8b","1373028","df1fd4477364d3c31fa93e995ed5f58fe08f4c5f37de2ca5c4112c1dbaf5fa03"
"2d1c078fb56f6acc1046a0ba1001375a9b009344",".git/objects/2d/1c078fb56f6acc1046a0ba1001375a9b009344","5115590","eb3708c8750f39e4a7a8331aa24379ce4eea9b0df039562a638da5713236eb92"
"2d6685c9767a9022ebf3a9ca6fcddb57ad42a10f",".git/objects/2d/6685c9767a9022ebf3a9ca6fcddb57ad42a10f","23256","1319e0500303916569705cc617bdda09f241f375625463d5802c2e4b559edacc"
"2d6f60c56918dadcf55ca670792e5880e1272c60",".git/objects/2d/6f60c56918dadcf55ca670792e5880e1272c60","98990","956e4a519708fd9c2faf1e8c68968538ab66d3dadc725d7c02da3407b8229ac5"
"2d7d861092efc32a72c726fdaced9e2509e07a76",".git/objects/2d/7d861092efc32a72c726fdaced9e2509e07a76","64","240d32a834ecf80f17e16d9aac764bbce6e9588b5719a75d24ffa80092c70575"
"2db515d6649aa65e7703fdd7f06a3750158d103a",".git/objects/2d/b515d6649aa65e7703fdd7f06a3750158d103a","5915423","ad8fe9b9f6c654b529eb2bfbb64d5eb4c33ce6142c5b1b063f8a4693d15f7ccc"
"2db519935989a891a5cd721b817d59329a3bc821",".git/objects/2d/b519935989a891a5cd721b817d59329a3bc821","5433588","59442bef24280e7364da4a535571d5e1d4a9dbcf83911e27c2215fa254c45674"
"2dc4c912dd31ed82b2e110b4bf9173c20f94de66",".git/objects/2d/c4c912dd31ed82b2e110b4bf9173c20f94de66","1340362","f0b93822a51ce54dffb7f01fc21069c024c67b5f00608d08e7804e6a16a7cc7f"
"2dfc34d66e17d5c80970d3d97f5bba2a7e750614",".git/objects/2d/fc34d66e17d5c80970d3d97f5bba2a7e750614","256257","e4c9ddca73635ede1ac7d08d499110531e8c90a1b3c78a2390aa0ba189c715b6"
"2e13f321ddb5ede5d2de313104b0ea86f425ec1c",".git/objects/2e/13f321ddb5ede5d2de313104b0ea86f425ec1c","1125954","0cb30cba8cb095d16c54d54bae6b48efb03c2c6a307d76a27c367f382f90835c"
"2e146fa3a7e3f5d4d62e3fab7419dfec245d830b",".git/objects/2e/146fa3a7e3f5d4d62e3fab7419dfec245d830b","1047955","e4bdf8d123fbef52d36567400ddba8e52c9ddfb73887e3486f5d56a296ca56f8"
"2e56645a360523910732f476a3e8d89a0736f611",".git/objects/2e/56645a360523910732f476a3e8d89a0736f611","2159286","66449b38608370908e1273c1798a9da92b29897f89456ce2797c8b9d21681234"
"2e6405d4d2d8ff55216a97c9a4390d8c61eff827",".git/objects/2e/6405d4d2d8ff55216a97c9a4390d8c61eff827","1445360","380c74ce28b1ee9476814c1a3f2f9e2974c792e877d6afc1246eb824f48ea998"
"2e7cf401e4b8b58c3fd9eb45ed4d7b1a2ab3ce65",".git/objects/2e/7cf401e4b8b58c3fd9eb45ed4d7b1a2ab3ce65","251676","a2ec44b47847ce9cc2e589ada3ffe273afd93dedce22f10e05630c43cd64738c"
"2e86965dcbc8a04831134adda9b7f9530b4932a5",".git/objects/2e/86965dcbc8a04831134adda9b7f9530b4932a5","134598","cbddaacb86cda5ea108c1906856b64ad604cae5a092837d7ff6b22470fdf71fe"
"2e93cfde76c35cc82344fcd008753593c4e12441",".git/objects/2e/93cfde76c35cc82344fcd008753593c4e12441","447652","8a51f029a2bf7ab57f1ae1a1aceef8ba96d4ca5a70298a09407a9bfb715c9757"
"2ea2f8238cafd5a39eab051375f83a97a91cadd3",".git/objects/2e/a2f8238cafd5a39eab051375f83a97a91cadd3","464799","db464711830c06093f415a1d659bf6c35213154514d055031d5b8991cf17493a"
"2ea7be20f9843d8994982504bc439ec99ab69c66",".git/objects/2e/a7be20f9843d8994982504bc439ec99ab69c66","4479282","a42adc566383dec49bf36b6decb2a04ad360d54d00b6394d6dc13bd4adcc704f"
"2f243703896687e0042b8719484c7289fa066c09",".git/objects/2f/243703896687e0042b8719484c7289fa066c09","134009","18f6a82888dfc3cd32c9a1e9a451f59546c5bf83738fbd65feef2c3404c7c573"
"2f276e9c3a22151030a7e064c79ac895d8d5b5b9",".git/objects/2f/276e9c3a22151030a7e064c79ac895d8d5b5b9","1631280","a76d383975602cb388525d05b47c3314172966fe349084d21bb1d77693cac323"
"2f2a3cd505ec321b12f9c1bd4c2fc5bf2c22b2b4",".git/objects/2f/2a3cd505ec321b12f9c1bd4c2fc5bf2c22b2b4","1092700","cba8945fd3fb41ee2016c54031dd98e25980127e0f9e4a5993b590c8fb29c2cc"
"2f9a125575fe00688ff779b797d6a137e97a939d",".git/objects/2f/9a125575fe00688ff779b797d6a137e97a939d","1237492","8f6925a6f82bdd97425e4675993425286a321ed063257f8f879547c047273947"
"2fb7b3eb9db56b298cbffd86436a35cd82790288",".git/objects/2f/b7b3eb9db56b298cbffd86436a35cd82790288","1459896","2bdb9fbb68637bcb5cac417c94bd03896aca2b233614ea4ff742827586aed7a7"
"2fbd0e60c2d7fab3f2a4416366569f45bfd62d7e",".git/objects/2f/bd0e60c2d7fab3f2a4416366569f45bfd62d7e","19808","158c268b226f86dc14ea7a15de89fe6c990d03c1d7547d64ced76f9953174d7f"
"2fc466c49980f588c4b1fc2389a4150a8063f2a7",".git/objects/2f/c466c49980f588c4b1fc2389a4150a8063f2a7","5027","d25614f862eb7355e99b106fb9de451a64600b28651ac1c94bbe27b6e2badf60"
"2fefd6661a7dd9255901c131de7e5f2464dac572",".git/objects/2f/efd6661a7dd9255901c131de7e5f2464dac572","1259859","fc2fe9d0d3ec41273029529bfd7af88b79a21a8d39d078c646e79afdf1887b5c"
"3060a59bd08821cb6fa5aff3a70ca56942e0f2f2",".git/objects/30/60a59bd08821cb6fa5aff3a70ca56942e0f2f2","29320","9f4b9d83f7ec32e2a1aa46cbfdd71f9eab5ca53aebbf50b2ec7b8462221113fe"
"30ec146916e6bcb7cf41e00a820be3fa83c9c1c9",".git/objects/30/ec146916e6bcb7cf41e00a820be3fa83c9c1c9","659","ef05ae8a2b35fe233f41791097e4b2f19fa4cf9b46ab64cce6cc902c1eb9a41c"
"310099ee47cac86b487721d7b57ce4832f936e3c",".git/objects/31/0099ee47cac86b487721d7b57ce4832f936e3c","96154","4f619b8777801fdb495ef0f346c2c995b4d1173456ccd111daa641458e506c19"
"310d250748dd0328f9a5ec29d9d309decaf61ed1",".git/objects/31/0d250748dd0328f9a5ec29d9d309decaf61ed1","4502503","7fecf71ad70009d34e24e933aefb605caca7b1fa272891c1b9df2fde6518810f"
"3123ce6790fc5ef3243f21fb32b98f550a2d2761",".git/objects/31/23ce6790fc5ef3243f21fb32b98f550a2d2761","11102","12a9dcce6fbc65423ea85bc59af9a040f8cb3c60102669001bccee3aadf480f9"
"31a31ae125768a202a814d47baf8c7ea8a797efd",".git/objects/31/a31ae125768a202a814d47baf8c7ea8a797efd","14662","3ccf0addf17d8553128e54b282bb71de546f328b1ff07e2868fc2dc8d3a70949"
"31bf48dcf8fac1a84316d28a8ee388f474a592a3",".git/objects/31/bf48dcf8fac1a84316d28a8ee388f474a592a3","184955","126082aca309a44f6e56187f1a7ed5bcf62af5caca9a14cddaae9c1ab6b69ce8"
"31e013a06e3f3d4ee2d6bbe5253afeb7432cd36d",".git/objects/31/e013a06e3f3d4ee2d6bbe5253afeb7432cd36d","871","c229a67757ada42621717996d0193ba2d311b4a22dfb1869fa79371720fcb0b4"
"321fb867fb723e3142538fe743cc6bd100a7598d",".git/objects/32/1fb867fb723e3142538fe743cc6bd100a7598d","1441343","5ceb967e028d98099d519f3e112f9b5692c016456b2f28cadae2e7123e492644"
"3247de895885b888cd4b667c62132d970cda249f",".git/objects/32/47de895885b888cd4b667c62132d970cda249f","742828","e3c56911ef10ff0bc539a35c251892e81ce0db94da54da774151c14f59f59b07"
"324ad73b9d25486e23b7caadbe11eaad59d2c870",".git/objects/32/4ad73b9d25486e23b7caadbe11eaad59d2c870","620274","05e5b43468b80be3f3ce6781d8f13649eef0e8e412e79f640386d8ef6f3b0200"
"3263407ef4cbe95cbcbc043a5767271795fae58a",".git/objects/32/63407ef4cbe95cbcbc043a5767271795fae58a","1443944","ed9b6a54d4134085406773e3af753f5a7cbc379f9b1c927c74a86cbc8f9b93e5"
"32d2e052e5d7498d298aff4b9ae0c34ca6c82c41",".git/objects/32/d2e052e5d7498d298aff4b9ae0c34ca6c82c41","777839","25084e716130c010b780288b7475277d0009ea49e4764335a34ab5fa763a6593"
"338e4c4e35e1a774aa185a48e7c4afed6dfb62fe",".git/objects/33/8e4c4e35e1a774aa185a48e7c4afed6dfb62fe","1115701","0cf39f44e1d12a80337cecaa4160e3168b958f08841180f51954c8a41d9abbfd"
"339b4ccd347a9849a56ade731bee9b874c892928",".git/objects/33/9b4ccd347a9849a56ade731bee9b874c892928","34579","37dba9af531fb213067d9f35e487892ad371526198f17c65e24580aba4dcbb95"
"33b0a7653a1ed6d9159f71be655b66db52d47458",".git/objects/33/b0a7653a1ed6d9159f71be655b66db52d47458","1357317","709c026bd7dfc75c926ec24de4fc7f288fabb177cf5e2c746e3dd0d3d79f9b3c"
"340ce431fecd65e169533cb4f3dc89e7b0eb2341",".git/objects/34/0ce431fecd65e169533cb4f3dc89e7b0eb2341","2156857","5668f0c1bc99cf18f428a540e9a4e7111302b92b9f1ea4db1079ddac0a5bcfda"
"340fac0ce98f6c8a0e5689d0b70f285a21de2f4e",".git/objects/34/0fac0ce98f6c8a0e5689d0b70f285a21de2f4e","1383895","351ca323e6c19066aad82535af5309a9ce29b6e81ab2edff3f376659e392d049"
"341d7997923a99e96d8c9c9c1acb744706e5070c",".git/objects/34/1d7997923a99e96d8c9c9c1acb744706e5070c","628759","af356bceba62fd1ac0c80318d8e3edbec41cfb24e503439891647d337ce08845"
"342b90fa86f25380250ec865dbcd7b7a005b78df",".git/objects/34/2b90fa86f25380250ec865dbcd7b7a005b78df","6669894","a975a9aea21d2f14c5bf1ceb73ea6571e47f7ea372ec539b3adc405e676cf15b"
"343e5242b4ed13c8b8ee2dc042032394410e406a",".git/objects/34/3e5242b4ed13c8b8ee2dc042032394410e406a","4235945","0bd44f5a4614cf828074906619865ed8e38d14f8d84deb029a66f2677552bd03"
"345cce45280cf000be11de1828e2065477adc478",".git/objects/34/5cce45280cf000be11de1828e2065477adc478","1151319","edcb6390c84cac142db4b3d42f245fa00bfed29ed6b64ea3b6c54125f205d9f0"
"34b10d8bac923253abd7e8bc6cd68ffff5ac197e",".git/objects/34/b10d8bac923253abd7e8bc6cd68ffff5ac197e","256","a9c46c50069e7d0711757bd91fc056d8e9ba1748ff89ceee5354e7939c4aa00b"
"34b50a9d223f09187e5750490b7885f96b399bae",".git/objects/34/b50a9d223f09187e5750490b7885f96b399bae","1446076","70d675546fe9276210f677fbcc4d9215da04f225c0c69e1ddd2857e533432ad3"
"34eb43f25a4dd43dc2caf02a469949599e972a00",".git/objects/34/eb43f25a4dd43dc2caf02a469949599e972a00","444","42c27bf287360e373b4876beeae72eb03fa3a51416c492afbd2f9287acf0d1d8"
"3540cd07305d3df8ca01956f7b4f214defb5c570",".git/objects/35/40cd07305d3df8ca01956f7b4f214defb5c570","16814","9831a3344cb5f724077f25cc40d93e7a65b3cb78d35705befeb06e6ebb03f1cf"
"3546fe01f8d81a5f2ba596ef0787f28f045bd8c8",".git/objects/35/46fe01f8d81a5f2ba596ef0787f28f045bd8c8","273","ec5a69db3e698399edda184a405bb9c7ff489ee30606e172f50f4c583582283f"
"3548aaa6b9a3b98df340e6378ecab6931681b5f8",".git/objects/35/48aaa6b9a3b98df340e6378ecab6931681b5f8","515","1a3dbc0b4c5ea11fe6de46dfa535c03b0c03a52f576e0ade685e84b4fcb98f81"
"358751eb5f493aa39a034aa8cd813637bbdb3f9d",".git/objects/35/8751eb5f493aa39a034aa8cd813637bbdb3f9d","1332730","7cbd7ea354c0bf7a3410d38a08a963509e5346fdae181121fedb0a54fa57de54"
"35927d3b6ff2cc8c1c3fc1a31b7267ab1af99a47",".git/objects/35/927d3b6ff2cc8c1c3fc1a31b7267ab1af99a47","26111","3629a59108ba950d803ec29ac469238ec64df791b8b6b46ac016727981210fbf"
"35a1b94390cbde44cfc5b2bbdfb8a9f8dfa57037",".git/objects/35/a1b94390cbde44cfc5b2bbdfb8a9f8dfa57037","116312","323d4afe19734deaadfc2df058fdec4a1d789c3431ec5238b0fdd29d6a8056b9"
"3691f9322d2649497ca65133abdff0148b65f4ce",".git/objects/36/91f9322d2649497ca65133abdff0148b65f4ce","1704811","a725b6f9b3eab80d9dd3508c47c3894dc725c102cb3c8dac30c7170883b94127"
"36b6c2cc4e77b96d1f2c5ca5e92fa7211b9669ab",".git/objects/36/b6c2cc4e77b96d1f2c5ca5e92fa7211b9669ab","5413090","318208580ff9223dc409f78c81d760571853e4bdbdfa39994d20a4de8e7d0807"
"36c2e19e657834d48bddb96f29e3cffb6456cf5f",".git/objects/36/c2e19e657834d48bddb96f29e3cffb6456cf5f","10813","9f5d0cb23e0788479ec6749e55f29407af4fc5b4600ec91ae392a07544be4bb0"
"36eac0771f603a8802f6fdd823325e37b7384170",".git/objects/36/eac0771f603a8802f6fdd823325e37b7384170","169356","02d3047a91ae1f93eacda6c93876ba7956d5a5b04105f89498f91bdff0ab71c8"
"37046feafcb32a816bf33eb327b873f5fca19364",".git/objects/37/046feafcb32a816bf33eb327b873f5fca19364","840","6ac14b520e07303323b52ae886204221146738b8ce605e4b04d74bd9d128dc08"
"371ff37eb3610020878186c54f302a3f5b927841",".git/objects/37/1ff37eb3610020878186c54f302a3f5b927841","255","97c4d0fe81494035e5247837a5a2097720e391c504694ef87b4766f7f2327051"
"3738c72e0a07cfd6bdc59645c950643dee947a61",".git/objects/37/38c72e0a07cfd6bdc59645c950643dee947a61","12836","6a0510acae29bb1d7f7aeb8ae9f229b92784bbec37b74364d6d84ebd13fb9f19"
"3747120d11743829c1d9d3f74eae8dfa7ccbd390",".git/objects/37/47120d11743829c1d9d3f74eae8dfa7ccbd390","7602","ed8dfa7cda0db21302982ab44fba6b8b83c5fe22d151ad0f5762d59176436963"
"3758bb67c249df59d4edfd06f00613efbe29ca4b",".git/objects/37/58bb67c249df59d4edfd06f00613efbe29ca4b","1453016","d273867d581fea3166786545ca5276750f32566a870370c8cbaa4eba520d649c"
"37843fac0ada3d0e114aef0ed0d33efaa96d0abd",".git/objects/37/843fac0ada3d0e114aef0ed0d33efaa96d0abd","6167310","e26b02e48e81fa4b23e443fa399d79f7877db7f03114b337707dd6fbddfa0c13"
"37dafdea6b825f308568db13bd09f4ccd3d55021",".git/objects/37/dafdea6b825f308568db13bd09f4ccd3d55021","1885204","c1139fb791f36adb2a22f33e67280e80a4efbb18cce2609fda47847594c31550"
"37fc7a569a1ee62eb0581d1f58393b82b7ed2495",".git/objects/37/fc7a569a1ee62eb0581d1f58393b82b7ed2495","23425","842fdc4ccdbb40b6906c9e2376027c446210ff66d308bdea6c1f23c0f23dcb37"
"382162b9b792d4acc27a1899ae702e5c8d3bc352",".git/objects/38/2162b9b792d4acc27a1899ae702e5c8d3bc352","860185","61d358267270ba30860027096b9055abcb1159d70565b0404a8d10e132654432"
"38225a9e1b84083369ab64bf851e9c5b258f8c28",".git/objects/38/225a9e1b84083369ab64bf851e9c5b258f8c28","969579","ec46401d0a9b9d5ef69db27220a36b9a7b0710337b6a7600a664ed861101e2cb"
"382f694777a93d92e3a5181f0dec0286e60763a2",".git/objects/38/2f694777a93d92e3a5181f0dec0286e60763a2","29731","a06cb576bb1283e6c2d9e025d32b09010fd993840521afe52bb91986ade962e1"
"38400bb268b30c256d4f7e884f5d85c36f189512",".git/objects/38/400bb268b30c256d4f7e884f5d85c36f189512","389","742871fcf2da2e16d482ac8bec6d3241dd27161f5b6bc89618c2433b4e82ea8e"
"385a49342fa00af594a4b703218f9b65b51f1484",".git/objects/38/5a49342fa00af594a4b703218f9b65b51f1484","1066596","b30122bec540167beb930ea56ff666b033ee3cba685cef26509ec5cc53e7a9da"
"38aa2dc2505bbe7d0dc8dba5c41817a3605d8953",".git/objects/38/aa2dc2505bbe7d0dc8dba5c41817a3605d8953","256","51ca56836a49bb4e7e96d14f1494a49b1e5d416011b203f11252a27da2593e53"
"38bbe8cceb2a85f97a9abaf1c01871b035927b7d",".git/objects/38/bbe8cceb2a85f97a9abaf1c01871b035927b7d","782","c0570205db677410fee03297e960acfa45d69795535e050a708cc6fff8219880"
"38c25fa9537687c478b21fd0a600a6743bd7a47c",".git/objects/38/c25fa9537687c478b21fd0a600a6743bd7a47c","1570329","986bf96e75613900c2d5ced25fe11e0d0d71eabfde37a6ed5cfc44f1bc0d2987"
"3920dab457cb1339276bc6f46d6ac534a5d2ae38",".git/objects/39/20dab457cb1339276bc6f46d6ac534a5d2ae38","642","aee0cb658d3bbcf7af24e334e07fef46ab0562485e9faa82656c6911f28347e4"
"395dad899870b6cf02668ca391f162498205e3ec",".git/objects/39/5dad899870b6cf02668ca391f162498205e3ec","469","f6656a3deeb30bd92f75ff66d6ecbe32b69f401781fe151bc926d7dcd3c8f3c1"
"3971dcbcabc55be89aa698c87f7cb62f2822ca5a",".git/objects/39/71dcbcabc55be89aa698c87f7cb62f2822ca5a","324","535d8bec76d19fc89c5227b42240b1646e21c52c3d5a2af93fed7cbbbd545041"
"3991e4608a037a97bc7c317bab59ff8bc78e90b4",".git/objects/39/91e4608a037a97bc7c317bab59ff8bc78e90b4","5638030","fe39816d1b5831577924420b1a82da6d31abdc9c22bffb78f63344482a5bf51f"
"39a250b5ab1b5fc182f2cc80257ad3b753887376",".git/objects/39/a250b5ab1b5fc182f2cc80257ad3b753887376","976031","098258a9b324a459686e4e6ef332fd58f2a02cdf90b9d11999ea0d111af614c3"
"39b3ab4127af8c0a32a57f71428c8366a013e72c",".git/objects/39/b3ab4127af8c0a32a57f71428c8366a013e72c","87150","6bce49151d886f69109ff3569542a6ef7d42e81ab99d2fc14e80cbde1dae9649"
"39c1a7f0f6686b5beb43aa2b1f1aec59e9d5e376",".git/objects/39/c1a7f0f6686b5beb43aa2b1f1aec59e9d5e376","75842836","a26fb44268b01e49715cfd6850a5bc8e8e5a88f7976f42ed5eccfb78c3b023dc"
"39c6048e55c6565c775cbaa73d9c54fa28ad16c1",".git/objects/39/c6048e55c6565c775cbaa73d9c54fa28ad16c1","86653","750a0f356fd63176355838b7f6146ef9f58717c20a5836394f36fbc1853d1461"
"39e3067418b602fdc05778c1cdd43e7d4c87919c",".git/objects/39/e3067418b602fdc05778c1cdd43e7d4c87919c","683","1e595f33c46058911fad15548bc7feeea2dddab1403aa71055b2f5390ff35654"
"3a072acbc8b9a1a1b0c0932daea4be507dfb1884",".git/objects/3a/072acbc8b9a1a1b0c0932daea4be507dfb1884","1340152","9a6e466ce54a988c4e281d872b3a0165251a0e23f58bbd6a3e0c439dbfad7d16"
"3a4252c942087fb84e88f231acf400f3d895d395",".git/objects/3a/4252c942087fb84e88f231acf400f3d895d395","86619855","290e282b3afcfd4b7f2ed82c14dd88b2836b5b38e43414bd9ac3370928b3d06d"
"3a59b9866f376859bd4cd9ec54fce61298fffd7f",".git/objects/3a/59b9866f376859bd4cd9ec54fce61298fffd7f","1485338","da7df8e236c7e39d3a9040a88971519b0c7d3431256745801367b49d1e7a2790"
"3a66f98fa9046f007b03210cfc7d5b15655782e9",".git/objects/3a/66f98fa9046f007b03210cfc7d5b15655782e9","126","e8ba8d299a652d1051e42a31761e6c582a55aee49b326df2dfdba8032bba22d4"
"3aa9da9db9e6cbde98c3d23b3f135fde533c50a0",".git/objects/3a/a9da9db9e6cbde98c3d23b3f135fde533c50a0","5594765","d4e4dde97778ef56ca6f0d5707707156956bf78e978c7b7153a657f8bb102850"
"3abd67e68bdb9c6cba093c9640c25b60072415d5",".git/objects/3a/bd67e68bdb9c6cba093c9640c25b60072415d5","317421","023cf4270838e70488c0580d2b4c13ac4b78290c12d11f0a359590f2e0767db9"
"3aee509653454c8b4c18da66c3dfcba7703c8424",".git/objects/3a/ee509653454c8b4c18da66c3dfcba7703c8424","736771","596f996e2892de7620aa8317d7a24bf261035809295ac7fc64c672809bac135d"
"temporary",".git/objects/3a/tmp_obj_Ql13oC","131072","f3ab4b75da63f468f3bce70d2eed15f36db371d44d158d77b7e53f1159a48988"
"3b813484a202a283d4217a5351d5cbd76ce63b74",".git/objects/3b/813484a202a283d4217a5351d5cbd76ce63b74","727969","16278fd329a04f762008f5e77e10c730c7af70b2c5a5ec559c693af38b81a244"
"3bc0272c57111f2789b07302f4a620df3cba650c",".git/objects/3b/c0272c57111f2789b07302f4a620df3cba650c","14947","5ee7b87098146552a71c9ce7b708e2a1604a3750ebdec5e7443225c911ca023e"
"3bcb478404076947cf13d5fff77d53124872ed7d",".git/objects/3b/cb478404076947cf13d5fff77d53124872ed7d","2777","8604fca2f2ebd1ed57cad4ea4432098a0baec96c12c1b7df98c855fcd8e484d7"
"3bd25bdb427d31fdc73f0b584053f33f2cdd8bb0",".git/objects/3b/d25bdb427d31fdc73f0b584053f33f2cdd8bb0","1501534","74f3f92e915855375a6d617a1a0cf680b3756393d8c8bd98d04e9e4861e96627"
"3bf4455e503b800daabb736e563158eebdb0a203",".git/objects/3b/f4455e503b800daabb736e563158eebdb0a203","1581","bff5411f706ce54e04f0b62b61cc2cfcb6053c6726f3094746e7fb4909f6b04d"
"3bfd406c82da7ee248082757e047696dee31c3ca",".git/objects/3b/fd406c82da7ee248082757e047696dee31c3ca","106832","3872755d6d3c03f529d048ecafe6175123385a7597410cbc849324e1092e8588"
"3c1d862887244503afa20ee36e53896ac0273360",".git/objects/3c/1d862887244503afa20ee36e53896ac0273360","16580","12d96df58260f709905333bf9e5fb3b052b3ea064be7f3de6101f05f81f5db1c"
"3cec0f95999765ab0c4afeda81979100264f7491",".git/objects/3c/ec0f95999765ab0c4afeda81979100264f7491","1346299","27bc680c472b98f697f301f3f0915efd4a727d8cb38a052a1c4643e9156d3f20"
"3cf86ae4759822f90ee21a39b0d5b4145e087bf8",".git/objects/3c/f86ae4759822f90ee21a39b0d5b4145e087bf8","7802348","309bf9299a9391ea7755a9444e7e8d2f56eead0fb3056cb61312ef7a9a553041"
"3d33a1dd6d36730bf50555004247a52aa769a26f",".git/objects/3d/33a1dd6d36730bf50555004247a52aa769a26f","52438","c965329e63a46e04619053ac04b9796e772b08cb6c1be66474b816cf458cde27"
"3d482564a12504c0484cb39e9f6f39b37cfc1e5b",".git/objects/3d/482564a12504c0484cb39e9f6f39b37cfc1e5b","1316346","c4b8130e1f14dbb9bce07648261000d6d41fc27c5f8b164dd8d2e65ac32b3793"
"3d7a7f8074a9e19a1cf75648ce9c4f1e5919aab8",".git/objects/3d/7a7f8074a9e19a1cf75648ce9c4f1e5919aab8","2112584","b0708abc6d2432abaf695a691db8843b6ad83cfd37440bc367ef0390e40e3457"
"3d8fc69285e8aaa8f087f82492e24a9e54a1e765",".git/objects/3d/8fc69285e8aaa8f087f82492e24a9e54a1e765","108858","ddd34e2b6c4f06b70636c6c3a95f76ddec138c3c192a23e460c4bb8aca1a8bb5"
"3dc5a6ed3bb7b27372d5c6c10132fd8540ae0956",".git/objects/3d/c5a6ed3bb7b27372d5c6c10132fd8540ae0956","113","4ad106282ff7906374dd21898049f2129d734559a626ff994bd169e699ae2dad"
"3de9cfdc86a116a4f3ce2d12a5165094b2f997b6",".git/objects/3d/e9cfdc86a116a4f3ce2d12a5165094b2f997b6","919","7ccc81d085fbb28de1623ebfdc540e652c142a0d444cda81ab50d46682ab8c19"
"3e49bce7113fb58524956d8f16c51d1470fe1977",".git/objects/3e/49bce7113fb58524956d8f16c51d1470fe1977","1360817","298a5116206070fe21b9fd53d55d7a06472c01563ab497e6d0b838e24305bbd8"
"3e5db5563079f51a4e7a6bc8336848aa727c0d54",".git/objects/3e/5db5563079f51a4e7a6bc8336848aa727c0d54","40000841","a07b23cdfdcae0682be66c277e38106f8a48c050779feaa025fb651478bd0840"
"3ea09121f1c88955f93480d7fc6e13c018f1841a",".git/objects/3e/a09121f1c88955f93480d7fc6e13c018f1841a","6581","132dbd60aa76b8d401dfa902fc32bb1daeb8dc232b5029fd7435420265c7953f"
"3f55bd6a870d06553d993d0df9d91f1d942aca4b",".git/objects/3f/55bd6a870d06553d993d0df9d91f1d942aca4b","1471817","c1c2349260a267047cad02c4caddab8aa8f7834c4d4ea7428c0a4806dcc952ba"
"3f8bc3cbfbbfd4f56502fb95dc86c290a436dd54",".git/objects/3f/8bc3cbfbbfd4f56502fb95dc86c290a436dd54","113","e85738099a984f791f80bddd757bacd1b08d101660e88700ebe991f721c2e0d1"
"3fba4d8514b4a16329da873c3aba428ca2e3ba30",".git/objects/3f/ba4d8514b4a16329da873c3aba428ca2e3ba30","1262689","b4c976369de349e06c0f8ba4dff14234eca2575ea02ac050f4b54ee636964f60"
"4009dca66c629ce93848df47ab92caeae5a0ad7f",".git/objects/40/09dca66c629ce93848df47ab92caeae5a0ad7f","332","fb90a59adb3c72d5a1d1f73644226ed8b5eee9ae7c5c6dd3346e5c77adb49637"
"4009de346ad26fd7934a36b4f3c2c4f5924513eb",".git/objects/40/09de346ad26fd7934a36b4f3c2c4f5924513eb","541","8c8421f2ba9702ac1158435e996d047437cb373f361a04aa2cbc1f041c7786a4"
"401f18350ad5762f1777447fc6fbd58ed1714e47",".git/objects/40/1f18350ad5762f1777447fc6fbd58ed1714e47","17891","af7db18b49dea2e8c4f75a54161fc49f794c3a130060cbd7a5f6d8f4ebbee03e"
"404a5552c97ab55c3b6df30a15c1d7efb72f8b36",".git/objects/40/4a5552c97ab55c3b6df30a15c1d7efb72f8b36","2078382","e0617b25c8e6f93e14a39b170695a76d03bc3d75fdbe43c9419529091d2d2e0a"
"4079787751e507603e43cc439a65148afe396af7",".git/objects/40/79787751e507603e43cc439a65148afe396af7","122","23272e045a318c0874932eab6fd8fe3b50782bd4b6caa825d15fa39ea8b4baa3"
"40b2db5ec7535f1441142e53a3ca6d3ae7ddbdfc",".git/objects/40/b2db5ec7535f1441142e53a3ca6d3ae7ddbdfc","1284647","b801509816681ccf693f4acf9ac186aa617c1d6d4b66d2f26ee3baad2ada46ed"
"40c0649f4e293e5d6d55cf353706067ce41d6c94",".git/objects/40/c0649f4e293e5d6d55cf353706067ce41d6c94","273","2cc3a50e4ad36027bd280b51df7002fbca810bbd555602876b7cd6e1e4002d7f"
"40eae7eab665537570be0ed37069111cef74f327",".git/objects/40/eae7eab665537570be0ed37069111cef74f327","14362","ca0e92220132c524840890754b30d9f92a4a0ef6ccfdcb78c6b79433bacd54d1"
"411bd078f53c7501d5cc1d6bbda53c9b04dcaeb1",".git/objects/41/1bd078f53c7501d5cc1d6bbda53c9b04dcaeb1","1744540","0e11f43da28501dac1211aaadcaa556a5998afcd90d6864ea8db416d486dceea"
"413b244534a2fefefe46ebe7b1c157dcc969af6f",".git/objects/41/3b244534a2fefefe46ebe7b1c157dcc969af6f","31847","e8ed067ace3b4a7d5b3fdc494804b99690dd5a2ef13ed273dbbfc7683fb5a7f7"
"4148402a21b91b8fb4447aac1730a24abd656488",".git/objects/41/48402a21b91b8fb4447aac1730a24abd656488","518741","10535b5fe9f42272bdd4d7bd28be4dd0312a560b5b2727d50cbfc0ee5af80dae"
"4154984837ea3f2ac1db0626520c325605c848c1",".git/objects/41/54984837ea3f2ac1db0626520c325605c848c1","5829","1de8a2d0b0066174fc92a9deebc0ecbd95e8b36c3892ed44cacb25292cebe704"
"41596311f9b8e0f5ba441714e8e53b4c9d917cb3",".git/objects/41/596311f9b8e0f5ba441714e8e53b4c9d917cb3","257","1d376f2d3ea359a4fa388cfccd770050ee8c41324c846b6c6679a914a7670c7b"
"415a1f95caae03424be1744554744ad1beaf87f6",".git/objects/41/5a1f95caae03424be1744554744ad1beaf87f6","1388930","8945db7d6c08480f3ca01880da0f67762a56d27152a9e285ca1a51c4effb8846"
"419fc58e7a15f5d61be05bf4184d05de371fc545",".git/objects/41/9fc58e7a15f5d61be05bf4184d05de371fc545","1378961","7e0630cfc12c74043361ffb6dd1f67d232ec9726f78c4a114e8a7eb4955547c7"
"41e8cc79579541ad624d75103caeb495a43ed19f",".git/objects/41/e8cc79579541ad624d75103caeb495a43ed19f","1516285","58e0d97eb75c59399008ba1df744168f37970f701d27f6db711cbec11cee84f2"
"41fc36c2d15915199970c68db0f3c6ddf7f4db97",".git/objects/41/fc36c2d15915199970c68db0f3c6ddf7f4db97","343660","b133a79faf552b7303cdefa83d80beedb5aba2e777726d564d9005b4c0d03fe4"
"41ffe691b6dffdd6fa734258b93bb10761ac1d29",".git/objects/41/ffe691b6dffdd6fa734258b93bb10761ac1d29","1200904","0dce068639ae17d8dfea85465c14993c3dd2c52122ec61126232af2431f03e84"
"420715527874b89240b9ca8792673945e0f299f1",".git/objects/42/0715527874b89240b9ca8792673945e0f299f1","953913","6851568d5b02a856e58328d696c1141c6b5930d9bafa1de0a5db9b2bfa35f29e"
"422b8c7c7e32f6df5e381913b8681513b5e55623",".git/objects/42/2b8c7c7e32f6df5e381913b8681513b5e55623","5584634","cd9c67525dc7309068b4d638fbbd93f46b4a961f5feaddaf11e1def5b9a6b819"
"423dcedb7eaa57f543738b679e18d3554c74d24b",".git/objects/42/3dcedb7eaa57f543738b679e18d3554c74d24b","25773173","350b9029ecf64ce09335b456104458ee7ac8ffa0f77153bd6612c62b08df2031"
"4263b2c387e94ab3e52786becacc6fcd13d71ecc",".git/objects/42/63b2c387e94ab3e52786becacc6fcd13d71ecc","20638","a51d3bd01ca0614b4dd381f3b3bd048339b2f4d9b71a558802a93101d85b8b2f"
"429d0555289c61b309ef3f48af76d747e5a5c01f",".git/objects/42/9d0555289c61b309ef3f48af76d747e5a5c01f","1544149","f1c83ffda28bb11610712e50775b6ffe3e9dc4e9e8625002dbb3dd262f14eab0"
"42a91e588b5ad7a7b75e2dfc48379f0c5aaa250d",".git/objects/42/a91e588b5ad7a7b75e2dfc48379f0c5aaa250d","1758","db686fb5ba422ffa33004ca509e15ade68b8b5d79412392f1e76b58590d2a32b"
"42bebb46c2b3900b510b9335903c1c9a68f902a8",".git/objects/42/bebb46c2b3900b510b9335903c1c9a68f902a8","4282360","c2f3100c366fc7cbdb2c803ed760bc041eb34e5f1528c6f54765adad2aed0ed1"
"42c7600307c5857ea61a72d19740334d0b1a8ba8",".git/objects/42/c7600307c5857ea61a72d19740334d0b1a8ba8","837","a7eb43a872df57f34e87bd492e57c2de3ab8fae9ac76b05ead4152aa967de9e5"
"432f155e4da8b215056ef59bf92635e5dc6c60e8",".git/objects/43/2f155e4da8b215056ef59bf92635e5dc6c60e8","1603902","2619bc50c20ca3aedf2734d20df3bb42b80a9d0ef6081699aecc85180dca6264"
"4349b0c3dfbc72317884afe1327c8fbabef386f2",".git/objects/43/49b0c3dfbc72317884afe1327c8fbabef386f2","1399112","2dd97f02cb328dab97c3b17d15a4e845a91ba271670f8634577e4da80802f2b0"
"436bd19837a3b33745783f2d73e968894afd9ea7",".git/objects/43/6bd19837a3b33745783f2d73e968894afd9ea7","255","c4c286afa862c1b16d23f812e2dc6c9a99057bdab85e1f5748edc6da6a899f88"
"4393d632a01c14009f2fdf0b6fb9a2788f496109",".git/objects/43/93d632a01c14009f2fdf0b6fb9a2788f496109","17626","bb028d4432c1f7abde01fabc7c5a3fe5a3dbe7c9a72ae295f389c6666dad62ae"
"43cb664f7eecc8faddd988cbb599a9b509d4a734",".git/objects/43/cb664f7eecc8faddd988cbb599a9b509d4a734","248","5e08b3fc3f71d4424ac42a6c87a5d1b32f31b851e79585c29d9cb098777f6ec4"
"43de63a56b4461d670f6f2ca30bfad77345a47ca",".git/objects/43/de63a56b4461d670f6f2ca30bfad77345a47ca","1491426","3bcd46aa0c14d3dc66e5cbf3092c2a841fe18cf1961fd39ce34b82da52957600"
"440292fa23920750346531ec63e95bf1df9a994f",".git/objects/44/0292fa23920750346531ec63e95bf1df9a994f","15920","2940eb31575d11e703c6c5a766e24866369ea17f9fa09132131a5559b0541587"
"4405d6e57775ad9ce0b35873a6b3bd5410bbb9e7",".git/objects/44/05d6e57775ad9ce0b35873a6b3bd5410bbb9e7","2112520","98d26eabf045161920512611628a6bc7bfb5fb295afaf492552760a0eb97e6fd"
"445bc9deee76435f03006d3ba8059145a7f75fe1",".git/objects/44/5bc9deee76435f03006d3ba8059145a7f75fe1","1207964","33e04d32310896242df1895744f2ecb0d91215371b07f57fcd6525f0fef45277"
"445fa9a3aa76d6d0aaa88b0d548942bfca5f82c0",".git/objects/44/5fa9a3aa76d6d0aaa88b0d548942bfca5f82c0","640","5cb9f171846bfa20cbc4fabb2ba997e89f014846d2a541730257bcd515029877"
"448e64a450dcdcb42ed9dd0168ad75316d392d25",".git/objects/44/8e64a450dcdcb42ed9dd0168ad75316d392d25","2137314","4d1f62c00bfe8728248ded25894d011cb19f93439c1289416fdf0ac90169ddc2"
"44c1c0b60446ee039656a154bcd5383538305a60",".git/objects/44/c1c0b60446ee039656a154bcd5383538305a60","6060176","faf54d6edd41427c664fc71ab90d275ccff668b56f0a6c04c71473c1b4510e1e"
"4528f73951831addfd07e443ae1ef7292207ddac",".git/objects/45/28f73951831addfd07e443ae1ef7292207ddac","743038","0bc068ed701add28e6c4e80eff82b90f293ff69960e9be566629741f90b0ad73"
"455d71f279f1f097dfbe130b8a69544010cf5998",".git/objects/45/5d71f279f1f097dfbe130b8a69544010cf5998","591143","3643be79d6a1bfcd103f308939bad0d5ca77afd00056d80aaba8f833092c291d"
"458045e3986615fa2d8c91cb0526f7b054129240",".git/objects/45/8045e3986615fa2d8c91cb0526f7b054129240","75613","b62d5dcc16065d0f74a6743896c8a1bfffb69f77f2d9760d4e01a48cc561ac24"
"458dcf945151d7c17f8719628ca1c181fdf504b7",".git/objects/45/8dcf945151d7c17f8719628ca1c181fdf504b7","11932","ce83cf31f7196464bfb3a3ab136ffcd56e17fd93f3feea487bba671da3421320"
"4612931d0d683a47411b4c9b9814ec323c208400",".git/objects/46/12931d0d683a47411b4c9b9814ec323c208400","255","ad5cac441c9b317888b8f4547996331e9602cabfb7aa205ad721d393059fee3c"
"463391b7759518b698a4dc07d63922f94d962f39",".git/objects/46/3391b7759518b698a4dc07d63922f94d962f39","1910","81431a8573efaffa8525f12533e244a67feb94e1be814234f8bd9a29015c1bdf"
"469bf075aa93481fdbe1560c4ebbbcf5c7f9f55e",".git/objects/46/9bf075aa93481fdbe1560c4ebbbcf5c7f9f55e","14031","bb83997949f7306874e2518b8d0a0a89fb0442412fefa177aa30c5ff5a5037b6"
"46b1377ce39800f426f8cc03debd3936bb7e1714",".git/objects/46/b1377ce39800f426f8cc03debd3936bb7e1714","84575","5391b81caeb525c12e89a0ed0ece6cdcd0940dba3d2df563aa3d3576537e33b6"
"46b5d5172e80dbf8d60292ad06acdd6d3431bffc",".git/objects/46/b5d5172e80dbf8d60292ad06acdd6d3431bffc","1543621","dc78da1130c3564179e14768a6a881054e3442d3290e4980ab2c6590740b4ae9"
"46c5d9afc900862c6f148be707ba6befe1be18ce",".git/objects/46/c5d9afc900862c6f148be707ba6befe1be18ce","1363087","d2bd4b4ed1280fe13883d024aef901d04022b011eea8c494ac5788c0a7422a29"
"4706f6c6e03f3dc486bc478486217a5bd01a2c2c",".git/objects/47/06f6c6e03f3dc486bc478486217a5bd01a2c2c","1468325","63dc1babb1ed1239cd01475d138dc43e20028607e1b04284c81765de9bfd2139"
"47137bad8e71d55f8135b1443c4c9b55b441d64b",".git/objects/47/137bad8e71d55f8135b1443c4c9b55b441d64b","2936","cdbc7e70a2433e4cc07e5553907fcc9be7a5d2d7b3f1d2b974df99e7c1c0c691"
"47143a785fc57d9e953bb2de6c34f3b9bfba9b06",".git/objects/47/143a785fc57d9e953bb2de6c34f3b9bfba9b06","449185","dd03d4186ed10f053e0c438c5b89c3143caa023ba3c799bbcc8179c8402da479"
"473ab77373ae096c6d0e34dc874092abad8f18cb",".git/objects/47/3ab77373ae096c6d0e34dc874092abad8f18cb","7649","fffeacc6ae555e489cc3b4dcf6ff50f020b2439148606f338ec852edfb5fc994"
"4791c79febf53968f3f59c9d943e49c886d93c37",".git/objects/47/91c79febf53968f3f59c9d943e49c886d93c37","1424110","82638586a1b2cf79b9c00c8d5aa9858c99c8df7db41c17e9bc2867c553c08ad3"
"479de71f0188f3a9ac9e7a8e28a875148babdaa3",".git/objects/47/9de71f0188f3a9ac9e7a8e28a875148babdaa3","1104849","e33308c023201e4410d03dea18349fa82e1f4ddf7560263bb66035c3ec9960ea"
"4808714b68cdee9a0d5a21c450ad98018711edf9",".git/objects/48/08714b68cdee9a0d5a21c450ad98018711edf9","12232","98ef0cf79cfcc1a73c79c2c19fbf1e8eb9a71c14c17639bf9ea77863e9d32419"
"481eb29eee6819609f3cc1dea68b99d5e1e59380",".git/objects/48/1eb29eee6819609f3cc1dea68b99d5e1e59380","1257802","29b9253b163a00c102d92fbcdd642ab838d6fadac40bb51bd308f361014fcb09"
"48325097b823ce6b08461b955e0b8207cd9de863",".git/objects/48/325097b823ce6b08461b955e0b8207cd9de863","51339","b5083ebbeabc3b0839f1ddaed997a62f80b658356dc69ddda61454635354fc4a"
"487dfa2b45c78bf3b3490caa72d804d7c1698196",".git/objects/48/7dfa2b45c78bf3b3490caa72d804d7c1698196","20741","ff11e19a2bb24ddbdc5145619dd93db989bec8b4b416cc9f669f277b0bd80ad9"
"489e8cd7ca031b37065985cd1c26efb7c6f0b584",".git/objects/48/9e8cd7ca031b37065985cd1c26efb7c6f0b584","103578","a7ad9ddf6b416bf1350a2b6e7a323cec4fc679cbe04565eb13c75e3ac1c68526"
"48f9a8448ae9cda71e6b33bb1c32b5337385e11d",".git/objects/48/f9a8448ae9cda71e6b33bb1c32b5337385e11d","1404376","0f727a23fee63ea5a58537db33044af56e9bec12a0a18221deebea7028815f34"
"491022f69c4e1d7d19217c99c8b27a1ac1940b21",".git/objects/49/1022f69c4e1d7d19217c99c8b27a1ac1940b21","2875","dc735064685a562c23900b4ee37bdd768fab7c470dd36c8d48c4d30209bb15c9"
"4960ea2bfb9a541f9caeff285af6ed0a0f0059c0",".git/objects/49/60ea2bfb9a541f9caeff285af6ed0a0f0059c0","147881","565830acdf5a33c658fc426e070dd759e416500ea447d6cfd03b1facdd18c529"
"49dccfe511d55598a1053a60eb610b566239e227",".git/objects/49/dccfe511d55598a1053a60eb610b566239e227","1517721","3cef9d65fb3d78a2178cb494edbb1b17eeb047c1bca8d2284b5f412ec8be2214"
"49ddb8afd93757924858ec77337afbd4e4c405c4",".git/objects/49/ddb8afd93757924858ec77337afbd4e4c405c4","480347","0000fab3cd5018e8509d0f924f6f110601ed87548441a7d1c4f192c596963afd"
"4a033f7b969825f1b9bcaeec459b0b5d172332f7",".git/objects/4a/033f7b969825f1b9bcaeec459b0b5d172332f7","2029443","719596551b62481c9d912aee3b59f59208f32570a1bffd6750645f9a82e4e48a"
"4a07cde656a15a9f3948791debf3fb4f580f48a4",".git/objects/4a/07cde656a15a9f3948791debf3fb4f580f48a4","515","7beb3f02a8bc87be138830fbed22681e21843ac22959c92c9e069af7d4705e36"
"4a2dabefddf1901dda99cbf697e6df62c0fe8e0d",".git/objects/4a/2dabefddf1901dda99cbf697e6df62c0fe8e0d","668139","794aa32cecc5981151f375e3f4151bc3ec13a8e9204a55e4b9794d4ae56dda9f"
"4a3879ed519f3017690f6770f342a85ca2c424c9",".git/objects/4a/3879ed519f3017690f6770f342a85ca2c424c9","390","35e004db2ec78261d61cbadd1f2f4f9ffe2258fd84943394a26e32857b9293c0"
"4a7c9d4dcbc59f24e2cbc46736a7c34eeee13fbd",".git/objects/4a/7c9d4dcbc59f24e2cbc46736a7c34eeee13fbd","403850","676dcb6543d7cbe14e61743b1734299c3696a4bc52961390727ed657afd7c79f"
"4a9655d548a74b97ca3743dc958fa95b74352183",".git/objects/4a/9655d548a74b97ca3743dc958fa95b74352183","368722","b9388ef227b854c6b340c0de6218fed91c11fbc0a0be5757eb3b0e86f48bd145"
"4ad4eac56f281de38b502d26f25fd8809df77a05",".git/objects/4a/d4eac56f281de38b502d26f25fd8809df77a05","4492851","7d091985c933575c40bba1752108d0ab7b6965b6dab762ddd5a809a4bda583be"
"4aed032581dfd4fe95982fb635ca74ee4daaf33f",".git/objects/4a/ed032581dfd4fe95982fb635ca74ee4daaf33f","1261660","cf9ee035cd3523a2e6310cf1b9ac8dd2e0e8bdc86a066fe03e27c90f31653816"
"4af429eba1f665550972de751f725a82029395f0",".git/objects/4a/f429eba1f665550972de751f725a82029395f0","25986","f1c8d0ebae9d5180391d8707a5281c96d16b25b040c458978f6f9c8b14df870d"
"4b20879934ea779c34ecbf47ba71911e3ed638f9",".git/objects/4b/20879934ea779c34ecbf47ba71911e3ed638f9","1509154","28216be465c975737b477238e30656d8475db11263716a3c741f3501d84ef896"
"4b996a49001d4f104baec61fc3bc0459e7f947f3",".git/objects/4b/996a49001d4f104baec61fc3bc0459e7f947f3","8896","1d159218b8b58ee1048893b802defe3b1046534581a4f47405f93adb7c63bc77"
"4b9d073ab11e8c4126e92f64351f9732bce631cc",".git/objects/4b/9d073ab11e8c4126e92f64351f9732bce631cc","447","926c7c154ce92f20f74a9c12cb0809546dea538e10cad66187df500489863271"
"4c05b93194a265a986e1cab43e84b38ed54b49fa",".git/objects/4c/05b93194a265a986e1cab43e84b38ed54b49fa","38397","c3d471f9e8b1171476197febc9b43c760772a0929bd3d915b6cbb667c3df4663"
"4ca1efe1a727ccab979d85e76b90204454ae3d78",".git/objects/4c/a1efe1a727ccab979d85e76b90204454ae3d78","1085708","3a106d005af9de1f9cd8ce8defae10a5ce3eb454a0a410fb5db5b2c3acaef846"
"4cb0b94991cd1cabbcdd2a46ca461eba7b911c6e",".git/objects/4c/b0b94991cd1cabbcdd2a46ca461eba7b911c6e","205925","c0f4014038641fcd0f3b60d25ca699c49b2ff79e4e5a26c231dab8d3f4dad728"
"4cbe56d0715b6b6951017c3251cbe95628bc07d3",".git/objects/4c/be56d0715b6b6951017c3251cbe95628bc07d3","8388","0f49e563817ad29830f03c46bd0c83267a3b350f2be96eec0022989e95740b7d"
"4cd13526448b68210c357521a7ae6fcd06cdfa49",".git/objects/4c/d13526448b68210c357521a7ae6fcd06cdfa49","66584","a6da46634f33d238ef4d639cf9440147fa3e4b2b3d02b404c41822d59ae71045"
"4cdfdd986480c4e101aab9dec163dc6733f21f5b",".git/objects/4c/dfdd986480c4e101aab9dec163dc6733f21f5b","1634149","722a7299a9144effd8966b34d7970df0a37a826cb87168ad7b7e119280069157"
"4d6a569e1753324caa1ed254988fb78e130cc795",".git/objects/4d/6a569e1753324caa1ed254988fb78e130cc795","2157591","09947f8bf91a5b67ee58dadf590751a2fd820c4beeb3e8e7387e78db4b6793f4"
"4da5cf33423f9a6819bd749df6e2630e91ad319f",".git/objects/4d/a5cf33423f9a6819bd749df6e2630e91ad319f","377","c51176497e190fd711592be815222487f5aa1450e0eba26ccd8a3660670504a7"
"4df4f8f53fa25614db4949d53957aadfc839a6a4",".git/objects/4d/f4f8f53fa25614db4949d53957aadfc839a6a4","25989271","8e2ce5e45d03bc7ce424ba647fbbf985a5e4249a4bea6af3d121cbd7ae07f8da"
"4e512f6b86f19fb0429eb9df5c0646c87941f69b",".git/objects/4e/512f6b86f19fb0429eb9df5c0646c87941f69b","6135","33cf3f2cc81fccf6efe75216e9ee6937865f73e15822340b185ec4ef0821b618"
"4e72604e7d8a666abff01fb428d915ebfb0f527c",".git/objects/4e/72604e7d8a666abff01fb428d915ebfb0f527c","90356","fa85236bd98827e28768657ff9b8991e61f810137184cfaa2668898e55e5284a"
"4e8093fc1bb7d4eeaf4a0d27b40b36a8c29f226e",".git/objects/4e/8093fc1bb7d4eeaf4a0d27b40b36a8c29f226e","1267522","9fb7cf1baaf39cdec2b2d23f90fe14599a5e039c318643f7613dde01dec35012"
"4ece117dfcb1aebb3f28363f20416bf6df71aedf",".git/objects/4e/ce117dfcb1aebb3f28363f20416bf6df71aedf","1218015","52fa3cfb023522b4e3eaaa061d18b3bda144c4488756c12133cba30945a589a9"
"4eeba0fc36808d63c4d300acc96b9251031953b6",".git/objects/4e/eba0fc36808d63c4d300acc96b9251031953b6","624876","5a532a95ffe1ce33ae4f090b1ac3741e75800afc1e2ff4a9e04c9320a97c807e"
"4f43bb356456a81f3974192487dcf39e21edef62",".git/objects/4f/43bb356456a81f3974192487dcf39e21edef62","198620","a2e8c3312955a380a39f623ff47bc9cde3106565ce2e0999d0feb17fd8cc52f9"
"4f4616c689e4cc85848945a0d75dc767d25d3f9a",".git/objects/4f/4616c689e4cc85848945a0d75dc767d25d3f9a","137335","06bddcc80d6f5133989015978dd93dbd99bc20dd95bbd7525f58d2d93274a046"
"4f48dd93d2627387a0fdce1f8e9bd7335c3408c6",".git/objects/4f/48dd93d2627387a0fdce1f8e9bd7335c3408c6","6418334","2f9d321ee885d89b52f7816d5d87fbde532b6584bf3d6fce15d00442c412ea12"
"4fc8ee1869543ca83d93c71cfd5022bb9bd2db4d",".git/objects/4f/c8ee1869543ca83d93c71cfd5022bb9bd2db4d","155","a6444d2cdbe4814bc1ec32d7051272efe51bd2704685dace63f0de67dce981b8"
"50045e94f6497d8c936ccf16859fc05adf2d7333",".git/objects/50/045e94f6497d8c936ccf16859fc05adf2d7333","5638562","8e8b4a5986fee210e4daa870a5e1c0cd65abf76d96c623ef8f22824ba2dc291e"
"50133e7973ff2935b53de6ac29df6f0685b484fd",".git/objects/50/133e7973ff2935b53de6ac29df6f0685b484fd","6058057","933535ea5115c40c3ed7e8879a0550a09374e58f103377d443065b562a6b4447"
"5022ae45f5e5adc3dc4f889f08e2706f722e4953",".git/objects/50/22ae45f5e5adc3dc4f889f08e2706f722e4953","475885","6098f71ef23404c3709f2094be0c06b8956aac6105dca38d0e46f5998f2e0e8b"
"5041b3f1db9a3d5b88fadd95a41070e67320d5d6",".git/objects/50/41b3f1db9a3d5b88fadd95a41070e67320d5d6","1355868","7065e2eaf31d3c17e41420469f6c7673f5c1a4e537aa3389494eeeab89c7289a"
"5083043d22eaed0677626dbc3c68d40dba7ed898",".git/objects/50/83043d22eaed0677626dbc3c68d40dba7ed898","2107324","8ba851bb6ff5b2cd8d4410ab0b648dae99d7ef315269dc6096eb649cc2504da9"
"50a643331c6503d4d00b787326cb4cef0690b2b7",".git/objects/50/a643331c6503d4d00b787326cb4cef0690b2b7","294738","fea8cfc2323072184013875db68161fffa446ba688652ff4b2377671198640ee"
"50a7464e4d146ac8bb966263521bf3af8e71ba19",".git/objects/50/a7464e4d146ac8bb966263521bf3af8e71ba19","1855731","7573a808f65cd8f13908929453d7c652a3c376adf4243efa036d176ec5834d3e"
"50b8f7a6d4d2994ecd5537a93a65eb840f4c2f46",".git/objects/50/b8f7a6d4d2994ecd5537a93a65eb840f4c2f46","5499356","2f765f522c7b0d3f038238e0f2486d38d3b87f8c65ae766586fb373542fa8bf4"
"511a815ec3183fb1f8d8a09bff8fb52edb2be511",".git/objects/51/1a815ec3183fb1f8d8a09bff8fb52edb2be511","3127","538e55fc2d6bc3047154c39d08ad51199022187fb9a4af6b120cb1ef8860c2a9"
"512b40896dbf18305066643454923632f37315f7",".git/objects/51/2b40896dbf18305066643454923632f37315f7","3005","561032f4dfbed4e2f880d2ca425377fbf1ed65470913ca2f6bf91f58e881be10"
"512d221fd842fad15198ac69b4d6b79b586737e3",".git/objects/51/2d221fd842fad15198ac69b4d6b79b586737e3","825505","24c7355b93470db603069793813e70271f94918de69f209eb9185dc491cfa02a"
"5138bfdc67e52ae7098376ee89e9d452c26064b8",".git/objects/51/38bfdc67e52ae7098376ee89e9d452c26064b8","1003886","54461f8a6979476f76258ca4a0ff93d5fbfb5917e99b0eb46cb467e486d2660e"
"51563b287289d91721025bfc1f1cad3a0d74aa36",".git/objects/51/563b287289d91721025bfc1f1cad3a0d74aa36","520263","ce6a3d2d9bb8a413e928bad98c13b7b2e1dd104b14a637aa673bc75e567a4570"
"5187c653c113485fdfb43b3c64255e2d87823f14",".git/objects/51/87c653c113485fdfb43b3c64255e2d87823f14","1381329","344a72518109f7393e6f544a7bbae12e466df892b7724c3a1980442c074d2956"
"51f34dfea30d3d28a8105defd43806865d8be421",".git/objects/51/f34dfea30d3d28a8105defd43806865d8be421","254","c74797054eb24696eb4bf81ec0480b64ec97a541c38ff719c56ce23d520e06a0"
"52289b6d63ce2a121b3d0da812bc3b1ac684485b",".git/objects/52/289b6d63ce2a121b3d0da812bc3b1ac684485b","390","f3440e9a133256f95a189bfb438fc8641fba1067fd524729690865af1c1b5df9"
"5231cd2bfbbf7e9e81c4eab17c5adbfd6251c3c3",".git/objects/52/31cd2bfbbf7e9e81c4eab17c5adbfd6251c3c3","1960547","6005bf27af7a4d31531a955dd077f6f17f9810ea6838533f754201db491fcd4d"
"52382ee500909f99b5d1beaca2b16bbe9ca86235",".git/objects/52/382ee500909f99b5d1beaca2b16bbe9ca86235","6124791","d577db3d9e09c66bee48bac27df67c6233ce36b550a526a48824e4283c4b488a"
"5240a96b83015f880bca4f2ffde2f2fd74b3efdc",".git/objects/52/40a96b83015f880bca4f2ffde2f2fd74b3efdc","1431030","19b9587e87d3036e16f5dc54dbc943808cac1cd47b8df95ebf7bb414d6d52507"
"525f2d702bc3b7c7e5f5514c59d35ced3c7159cc",".git/objects/52/5f2d702bc3b7c7e5f5514c59d35ced3c7159cc","472987","8872860a9bb68d39618a124ec842bae51bec2b67637d737f256d47f666e0d138"
"5272e61a2bf04337b3072fafad90dc0b964ad85f",".git/objects/52/72e61a2bf04337b3072fafad90dc0b964ad85f","1777903","29fad0f723b6bccadbb614d995aba8bfe735a9351d1bc8ff1c15d2a7d4735137"
"52bcdd8c2f1a47fa81242626d10544f37e14653c",".git/objects/52/bcdd8c2f1a47fa81242626d10544f37e14653c","456005","b36e3625b49270d07863c90c60c3d9783865c4837e6ff47f30131e7fdf232b83"
"52c10242fff4f69ba56c02cefef5ea33d65dea44",".git/objects/52/c10242fff4f69ba56c02cefef5ea33d65dea44","785915","95d8959059de725d94a629e780d3398c4a0c9bacbdd223b219a7f9b56678d10b"
"52ff322adb5fc66e34f7c87c81a3b8c85229bb46",".git/objects/52/ff322adb5fc66e34f7c87c81a3b8c85229bb46","1488964","6cd4a4a95b46ffdd26737afc9e9bc99c34d36b66a10a3c33a5ded9af26fc6939"
"534c8bbb84d86046d37c334a2aeb7c352b34ca63",".git/objects/53/4c8bbb84d86046d37c334a2aeb7c352b34ca63","1664192","5d265f85e4d606e8335dda5a22e29e4800823a1f0326c3b50e4a0c62b36cc2d1"
"536159b3afc74ba32993b24a5507d792d3fc4e35",".git/objects/53/6159b3afc74ba32993b24a5507d792d3fc4e35","1007597","092b435df1329bb5fd3b6681fdacfbbd4bd45b1a643284d806951b3c29e0dcf5"
"53eb9afa7d0189c380b36932d082b6848a84a10f",".git/objects/53/eb9afa7d0189c380b36932d082b6848a84a10f","7307","e7cdb29a6d5756676caab9ee57f26178ff1276c4eda0feef282c0a3e8dbdb40c"
"54b310408c026fc955673ed7fd7ee8d8a7bdc347",".git/objects/54/b310408c026fc955673ed7fd7ee8d8a7bdc347","1619104","9adb82bbbbd970a47844ac48bad190ec9059b1b515b71ab3292598728e190b24"
"54d5bdea3f120d55beec70b5d6b916faee4e375a",".git/objects/54/d5bdea3f120d55beec70b5d6b916faee4e375a","38751","917dcb719e5490b64c190e85fd278010c0301948980f810165beda8dab4b3ccd"
"5511128fbd42a15560379bd3c53161db29f4d424",".git/objects/55/11128fbd42a15560379bd3c53161db29f4d424","2066","24fe92cb6a10097d6291da03cc1b60d7e1caa0ff90332035cd96838982a7e991"
"5559fe865ad96c99ebee24632c6e12abea6ffdf0",".git/objects/55/59fe865ad96c99ebee24632c6e12abea6ffdf0","1034388","4971ee01704e371e10d3aaa68738cdacaa6339dca32d3cd115b4c852ebb47b64"
"5573777b92a6c3164540c5d4222acdd13c2d27eb",".git/objects/55/73777b92a6c3164540c5d4222acdd13c2d27eb","102286","c3d75b26ed4d2f86fdcdb7076a7a3634057cc591c9b053f62585b0ec305f3210"
"5573db55deabff2120284f6fdda455b164f3c590",".git/objects/55/73db55deabff2120284f6fdda455b164f3c590","1275050","147dda6aaff5b13735b9812993def31fcca536d73cc2b66d20a75269ca95282c"
"5597106189eff0e93e8016b7c04eee42f20b8ffe",".git/objects/55/97106189eff0e93e8016b7c04eee42f20b8ffe","729","edd9967f35abf2edaf202e60ee2b7513f420928f0719506b280c4ec10bebb3ce"
"559b09830f315dc142b9783e3aeffa1374efba53",".git/objects/55/9b09830f315dc142b9783e3aeffa1374efba53","461380","c87de59bfaf7364fb366deb7c4080b03491c41f2d176dd1cb3a704dd0dd3d4bc"
"55e0ea20c5e8434372f1fd59692c3d144927ebb3",".git/objects/55/e0ea20c5e8434372f1fd59692c3d144927ebb3","5629915","6c1209d3f5aa6de2e6dffa88847a6072dd1ad603e7b75a4712b4c6f8e49994c3"
"55e3812400605239a97869e13b499cbb1f73dfa1",".git/objects/55/e3812400605239a97869e13b499cbb1f73dfa1","1529931","cd97ecbbe60a1c0d49c035ba58765466d0a44a8f01193010114ee5b8cccf3a0a"
"560bbebc97dfb6466f6cb95b7616bc1dc0cde220",".git/objects/56/0bbebc97dfb6466f6cb95b7616bc1dc0cde220","13178","d3688081f64a0614d26f22f25e87a056a5bb7f5700ab277291806a17302cf643"
"56549af5e25e60cd1055f468fbe54c11240589de",".git/objects/56/549af5e25e60cd1055f468fbe54c11240589de","2255569","381dcaa2c121d25c846921f1523ad5dab597893b8133d05f075b96a6865b6ee0"
"56605b7bcaec5c7cab77baaef89236b9995ca061",".git/objects/56/605b7bcaec5c7cab77baaef89236b9995ca061","6377154","d61a7693bf762ce8e29078d07dcc38a83b123c49e4359b99a7af0e9a9d9ce1be"
"566723ce86faeee55f8de4da680075e9f6b67d84",".git/objects/56/6723ce86faeee55f8de4da680075e9f6b67d84","5760637","5d2f3512e68150747688a8188f18afa6ab2d83857cac23a873f7309951b0f802"
"56bb122508fecb72e682fc8559c0537cd07ad697",".git/objects/56/bb122508fecb72e682fc8559c0537cd07ad697","1137972","6c57dd09da24c8a37b24c53599f8b2164707e2b6c13eccf4f27915f24cd49fd4"
"56c5b893827b4fb555b721a8a619e7ef0687f8d7",".git/objects/56/c5b893827b4fb555b721a8a619e7ef0687f8d7","1448719","d397a48fffb9b6455fd632c36267fec49159fbb5a468963ed8094adf3e599b49"
"56fe156729f72602cd2da878517e1bb9191f5b73",".git/objects/56/fe156729f72602cd2da878517e1bb9191f5b73","2596","d2df01cb28d254cee0e6b02d45fe946d3aeabba93a7df016376f970227b38911"
"572d2e18bdde2dc707000fcfe1c0caffcfb65390",".git/objects/57/2d2e18bdde2dc707000fcfe1c0caffcfb65390","21641","3b9dff925034969a04b57d3e39e1c9eee3ce4009dcc160d42c4c50e39de9042d"
"5772a3220fc46edec0e0c0fc3e903949ec8fb0c5",".git/objects/57/72a3220fc46edec0e0c0fc3e903949ec8fb0c5","730","bfe0f4a94bdf6c3f8e87f98b333b667cf08e475df7ec0ad9818f35c9bcced138"
"57803f9a16e10342289ee019e4f5124abb72b494",".git/objects/57/803f9a16e10342289ee019e4f5124abb72b494","399","955c85c0eb8b11cdbd9e9ccab605c34f490628c219f961e83a8e16013552ba6d"
"57960d3fe99c5074a791e8220075788a2664b21f",".git/objects/57/960d3fe99c5074a791e8220075788a2664b21f","273","705f2bf69e5839ae54a93588ec6d52c297295a24aaf8229af9b78e5c57896fa4"
"579a44c97d32bf9c383f4ee1228d45b793b0bda7",".git/objects/57/9a44c97d32bf9c383f4ee1228d45b793b0bda7","5690457","81b0b80178bd941c8402b6b989019f90775c566c3ad014cc5e759c54802663f2"
"57e681be441b07a16d411ccc38c371dad96db3fb",".git/objects/57/e681be441b07a16d411ccc38c371dad96db3fb","132291","a68afc47d3e45260e428ee6642147ccf728ef94ff39c2688c0495bb82a912c69"
"57f4ea555f6f357f1e139709f06c249c14614a2b",".git/objects/57/f4ea555f6f357f1e139709f06c249c14614a2b","6128215","e7d8600d2cdb3cf1e6e9dd81ecba17ea79b6305f70c510bfc60ddc64a17e60ba"
"5804c0f02adf8afdd54f63af9b668d2302044551",".git/objects/58/04c0f02adf8afdd54f63af9b668d2302044551","37324","643e7595b7a6029af870647c3135b1dd6b637927ab4b16714a60af7599858542"
"5819ea6b123aead3d1143ec38219490307b4a714",".git/objects/58/19ea6b123aead3d1143ec38219490307b4a714","116200","d84c3046ff3c2841e9ad3d52b5d8db02e1f773e92a69d8e7ec91013504bc8d07"
"58a02890103ec5fc2f3e1a28bbed0f84682c750f",".git/objects/58/a02890103ec5fc2f3e1a28bbed0f84682c750f","4217","2cc3e03d17cecbe666120ef5e94e67c95102f8de23c95bd80c79c85ea3adbf5a"
"598e0e2c93a463656ba9de309217372c91cf7407",".git/objects/59/8e0e2c93a463656ba9de309217372c91cf7407","2326198","e1c3cba237576bc242373918035772d79185a75d7d17ebc17dd291c07f236ee1"
"59a6f532cc11d7a97a418be392996b160dd0b481",".git/objects/59/a6f532cc11d7a97a418be392996b160dd0b481","75261","4b094bc16b850c54ecc898c8a8b4bf3c18c7904e869ca4cbc9999fa5573803bc"
"59d9ee261e95cce573854f88e3b375055cda14ae",".git/objects/59/d9ee261e95cce573854f88e3b375055cda14ae","7574","86b095a3c3fb55b51b7cbc77f85e35402e4dcebf0034d4bfc37d1a361161669b"
"59fa40ba0701c832314f6ae1dfdcbe6d1f8e8245",".git/objects/59/fa40ba0701c832314f6ae1dfdcbe6d1f8e8245","362","6399ed178f3527046e24abe1331cd8597d8a5a0af28a56d3559ff8b9239ab9f0"
"5a21e35a15d8c2695519d363b5640ce98165413e",".git/objects/5a/21e35a15d8c2695519d363b5640ce98165413e","390","babcebca33921601020900c0b799ae8389637bf9ddb99614cae404ce09e544ce"
"5a31d0f93def8cda1a504a2a1e5b8c4f58fbb721",".git/objects/5a/31d0f93def8cda1a504a2a1e5b8c4f58fbb721","1916","393f614658f26f4e1aa966807f797ba9b90faa328c59079fcc68916b31b26113"
"5a586098684b0ee88527f4a32175dd01b4b73afa",".git/objects/5a/586098684b0ee88527f4a32175dd01b4b73afa","75424","165fbc9fe6b1b2f564eb2be2e234632c7329746e4e2e1d5dbecc12eeee61f42a"
"5a6871f105b5afa7faecec2508f4984fd97e2af7",".git/objects/5a/6871f105b5afa7faecec2508f4984fd97e2af7","18335","fbcde5e133106d6d629d7995265d35cba61716ccae9e989abbb4959234e23433"
"5a8adc643894477cd92df3e620019cd1645ee1de",".git/objects/5a/8adc643894477cd92df3e620019cd1645ee1de","415752","7b41007a42199f9d4bbf4ccd27ca6dfb1a57f1b33cd2dda8232348b02c4601b0"
"5a9dfdb18bfd9d6d6681a5f636db6f9e72bf93f4",".git/objects/5a/9dfdb18bfd9d6d6681a5f636db6f9e72bf93f4","389","6a3489280ee8af22c22333e6993545a2bf287aced640db1d94c6fee6a8276d5f"
"5aac53300a28c547d98f7f26f3d80b463b16bedc",".git/objects/5a/ac53300a28c547d98f7f26f3d80b463b16bedc","517488","a970e1dc5c342dcf3063f0dc40ea9bce52c3a794dd1f3617f5fc84fc6bbf58f2"
"5abd23f1f97f21504ec779fe84ccc3f51b9666b7",".git/objects/5a/bd23f1f97f21504ec779fe84ccc3f51b9666b7","68106","5a0a1bc553e0b0720a68eb2eb222b56e9081bb25a2f0b98682e19a019381b6df"
"5af310ddf9eebcd83736efc38d3e7b8756908123",".git/objects/5a/f310ddf9eebcd83736efc38d3e7b8756908123","1953","226ee2d9f2493053d7e22cbf33a6e1f78377911abce10c7b0efa9eeeb91c2a08"
"5b382463e745a9ff82b88bcb0f961eda7f768e27",".git/objects/5b/382463e745a9ff82b88bcb0f961eda7f768e27","86659","ed5ea3267bbd0ef0de64510b31186e851027fe1f051fb566610b3a03ce2739b2"
"5b3b4bff2fbf67d8b78a81c0a11249678cf7530f",".git/objects/5b/3b4bff2fbf67d8b78a81c0a11249678cf7530f","25206","cdbf70afc3a8993995853135986c55b6d24959e4378d3d1ee359f7abb53e9d25"
"5ba0bfb63f8edb08b9db2f007782678fc605ada2",".git/objects/5b/a0bfb63f8edb08b9db2f007782678fc605ada2","9868","a5731553644d915765041122f1917647b6831ca38941db543b37996ec662e394"
"5bbef7bc29227d4850daaf15d642447f9d60e33e",".git/objects/5b/bef7bc29227d4850daaf15d642447f9d60e33e","828400","eac6bca141967874d7c075de92ae5f57006fe0286f2603cee464ac405ced86bd"
"5bc5efbaf20f7fe5c32b528f0e9d682bdb590a08",".git/objects/5b/c5efbaf20f7fe5c32b528f0e9d682bdb590a08","51128","a6111a6622b329a60b7de0a87485310185d1636839483f80f29c3522fe61dd90"
"5bcdd4c39cf4b5e6bb509f6f8d86405c0c6cb390",".git/objects/5b/cdd4c39cf4b5e6bb509f6f8d86405c0c6cb390","99077","b72e30ad23423ea3e4d881bd654539ec21503aa43861dedadb63fee43cece8cb"
"5c56131a530e3e1d7101c7165c14bf1df3196fc6",".git/objects/5c/56131a530e3e1d7101c7165c14bf1df3196fc6","493","662879826d975570cd14facbac53df9750a0b4e7844f4c1947bbc5ed265184bc"
"5c577a2432fa5646e1ffce33771ca108da262b1c",".git/objects/5c/577a2432fa5646e1ffce33771ca108da262b1c","101072","0717bfa1a1149a97d789d9d672b3be8d3c96b119624fd01ddfaba0ef759fac51"
"5c709d7d4f9f75aa4e8578bd32690005cfad2c28",".git/objects/5c/709d7d4f9f75aa4e8578bd32690005cfad2c28","363","1529ef3c78814d02ef5e240a5050fb27ff5f0e7c19afe02da118bcea2a4bfa97"
"5ce0ec5ce7cfd77e87783065a5c1bfd6d189cedf",".git/objects/5c/e0ec5ce7cfd77e87783065a5c1bfd6d189cedf","1243185","0b7e48e8ac08f78fca0df4b225a0011884c119f6e59e05508b083546a1a74e72"
"5ce159a17f169add155723298929f495262be0f5",".git/objects/5c/e159a17f169add155723298929f495262be0f5","105584","488274a6231a0054ffd64c6f5b1caa2ef497f93ce6bc23df12d55a5598f39ab2"
"5ce2305c7cd64368b0ef507f6698be18cee4b1bf",".git/objects/5c/e2305c7cd64368b0ef507f6698be18cee4b1bf","2177140","aeab88e01a74e999d52a525061bb5f5a2d1c76a37018a5dd6e5c7f304dd54ee5"
"5d00b3f362f4d4bbcccc20cc58f2492071108880",".git/objects/5d/00b3f362f4d4bbcccc20cc58f2492071108880","6539347","3ab8bf4830d880f87a79be63ce8373195646ac1437f12073a1cb63af92617436"
"5d0bccfe1ec8f6e839c8d876541e686d68f87306",".git/objects/5d/0bccfe1ec8f6e839c8d876541e686d68f87306","17823","2dd9e1ea545b873aef9a37cde2ecf06ce326cedf6c0b239128513db8dd40fd7d"
"5d296b20cf7b289fb5a88306a64df7735b380376",".git/objects/5d/296b20cf7b289fb5a88306a64df7735b380376","6122786","58387fb9a9514dcf6e247ef966d8ff1178c27c0b794f8fe523a5df9d49d40161"
"5d4aec275c0a42f7e0b4633c44f9e491a90abf88",".git/objects/5d/4aec275c0a42f7e0b4633c44f9e491a90abf88","1654141","fd2dc760da59c6c23911a87684ebfa62d807305a5dd274f8d2d922c95783f4b0"
"5d4eb51c3778d324f153eea890832d30181c11e5",".git/objects/5d/4eb51c3778d324f153eea890832d30181c11e5","1069394","32f380d614cb8aec3cf87f59878537a450202d13a85f4583c40de7670e232dc7"
"5d647ab5b3679de4589717ff891a9cfbba80c0d8",".git/objects/5d/647ab5b3679de4589717ff891a9cfbba80c0d8","3612915","982d0e16930d3811100f1953138de3a2a542c012d8dda8352303d71f8c4dfdd3"
"5d6d65020928224e94299278530a5de5fa4330d3",".git/objects/5d/6d65020928224e94299278530a5de5fa4330d3","54974","c964415c4742c66f74b4c5f19bf911d369dcff5523c7cc753bbd02ffb65fba8b"
"5d853152485bd6ef09400a5ab37ecb45852913e1",".git/objects/5d/853152485bd6ef09400a5ab37ecb45852913e1","255","35680904554d8b623bef95424da6650fc80da8292f1235b4d2f92a376769a346"
"5dca3435b923977ed99e5b2216f33313ac424119",".git/objects/5d/ca3435b923977ed99e5b2216f33313ac424119","1444938","271487a5cd50351f724fb41ca50c099dfa185dd31ca1bc77aaf40dcb00a0ec3f"
"temporary",".git/objects/5d/tmp_obj_6Mx60k","757760","dbeae902b0ba7932017ef34bbf430d0345782bc663805afa229d78f0b56eea0a"
"temporary",".git/objects/5d/tmp_obj_7IACtK","1024000","b603833ba8713fd270acf6bfb848bdadb55c961d02efafe9d715d412343ab71f"
"5e14bc5c311c384523d7777182820ee36cabf0a1",".git/objects/5e/14bc5c311c384523d7777182820ee36cabf0a1","6628940","42a254893c2e730456ecc8442a5b3ce150590288c29584cf96c4569737dae1ef"
"5e1d76112765b171f963b7fb0e51fd54560393e7",".git/objects/5e/1d76112765b171f963b7fb0e51fd54560393e7","1496612","9f50e4be6dbd54c66500487aeb194bcc1cf376edd3d020062279217bd3f4d24c"
"5e314804dc96e5abc0bbc9891086cdaabc5602ec",".git/objects/5e/314804dc96e5abc0bbc9891086cdaabc5602ec","484351","79489ebb4f4b72cfd5643fb801c6d4f94fc5ef0ae23c7de53cf6f0732008aec1"
"5e5ca1dd9ef8ca0056c77168549f7089b61e8740",".git/objects/5e/5ca1dd9ef8ca0056c77168549f7089b61e8740","1290842","6f92aab3fc24487cbd56b29d4607314948e73ed207e29390ef67ad61736ffc71"
"5e6b793089bb383c5bd1fd330c916596b2cf2fd0",".git/objects/5e/6b793089bb383c5bd1fd330c916596b2cf2fd0","5220360","89202c994966aeb7b404af40233ca776031c6444bcecf564fce29c0104733474"
"5eece5ac17ba2066219d9025f12aeb1382dc4b87",".git/objects/5e/ece5ac17ba2066219d9025f12aeb1382dc4b87","6471003","044145df41611f6e4b20ad846531962f27020a73eb053f67bb14ee2ef4b863fb"
"5ef9a067a8e6969270318e13dc19624307b592c1",".git/objects/5e/f9a067a8e6969270318e13dc19624307b592c1","13008","d80ca814eb6ff90d077e66f6425e130ff81c946481036c93ab09c6cc5f76967c"
"5f76a312aed3cfb3196ecc7bf6e7f7cb8a4ed232",".git/objects/5f/76a312aed3cfb3196ecc7bf6e7f7cb8a4ed232","72009","67f571c71ba802fe6528883f341a4e99a0fc2e95ecfb01725d58a0a91462175c"
"5fbd62e7e09d7fecdef97a768ea35abdac36878f",".git/objects/5f/bd62e7e09d7fecdef97a768ea35abdac36878f","11771","888345035ee6f0cde193db69acc12b64195b8e1e32820fd7c4dab99d6afcad56"
"5fc95e83316a1c8d5b91c8f6c884b859e364ef83",".git/objects/5f/c95e83316a1c8d5b91c8f6c884b859e364ef83","47264","202ae585b1ec8bd59b002619873e71db2cd536207561d11f163ffc6847b14e9c"
"605bc1cabf8d97a99acb613c109cf70b9f87b536",".git/objects/60/5bc1cabf8d97a99acb613c109cf70b9f87b536","2504","45512a18c2041a9fced5dc6027f69227f2e3660fdc8a49a501eed23b9b9d656e"
"605efff5bde68af445b241bf7f5a67860d14ca01",".git/objects/60/5efff5bde68af445b241bf7f5a67860d14ca01","1468110","df2b870d637f494277e82afe81d1aa16130256f435c41bf0c22836c2412c60b1"
"606ebe5faef5de136ac03063d7f11b640fd97298",".git/objects/60/6ebe5faef5de136ac03063d7f11b640fd97298","9003","1f7013c3e51694efe7eba1703dfbb9f2afdd8aaa0d13b4acd09875827c1fa210"
"609be42ce111084f1f38faee91bb57c581abf173",".git/objects/60/9be42ce111084f1f38faee91bb57c581abf173","4974272","f760814d37680f75b14ecea9774219ea93971ff95c19487eedafa565831acfd4"
"60a7055f4e42917d1500a5f700d1c34a36ade87f",".git/objects/60/a7055f4e42917d1500a5f700d1c34a36ade87f","895","1db16d58dd56281e1b70e1052a72918141a0935b67909fab12a564987aff9723"
"60a8afb9db510987e4cbf01c86d33f1ddccdf579",".git/objects/60/a8afb9db510987e4cbf01c86d33f1ddccdf579","122","7d6b7a0b76dcb08feb7015525cfe52bd0087b9e5cfaa3dc8531cb90c8263c7f6"
"60cdd26f84caa95f65890462f55cf3a0f62463ef",".git/objects/60/cdd26f84caa95f65890462f55cf3a0f62463ef","739","c46757059231fd7d3e2b47a3daa9336645e484e258393abcd8746d919e86efad"
"60d2a79d79d25fa2674f212be85f6f9c0ff6930f",".git/objects/60/d2a79d79d25fa2674f212be85f6f9c0ff6930f","254","2ce1460e7a4e97d679ebc78dde0d273b4ab8f79a759017a2c5593e6872726a17"
"60d4324856058dae985f52207f5bfad233b6dd86",".git/objects/60/d4324856058dae985f52207f5bfad233b6dd86","6943","e3b212d8dd9c4d56f3a5e712cb2e6767123c403e8b49aad4ba0ae21fce356243"
"617ec01713aff1184ac924525413080cf8e41df8",".git/objects/61/7ec01713aff1184ac924525413080cf8e41df8","5972373","17f583915918ae4e344e61112d5f4341e47ce5e0f14f006adb3a4b6d5335257f"
"61b77f2ca1a86e05768b87aa2c5bd201697375a7",".git/objects/61/b77f2ca1a86e05768b87aa2c5bd201697375a7","1071","592ac95bc2c933873f800d838bd3e077af360ea0fd0e66a6b9bc967341eb26b1"
"61d49f95cbf9d94823659fb22876e9e2030bbdbe",".git/objects/61/d49f95cbf9d94823659fb22876e9e2030bbdbe","1556379","f5978d33ba0d02ae6f138abc1030ac0bcb2053cb8c401953313beadbeb1dd5b8"
"61da0220fd9576b9491a43f1bc92dbca01e48fb9",".git/objects/61/da0220fd9576b9491a43f1bc92dbca01e48fb9","1559350","d1a15b0a8d5cc942a59c5b7043bdcc4fac6172dc6cfc5052e46b42b3ebb9cf80"
"61f7ff9db23050278d30a0499914ab3e54dd7c53",".git/objects/61/f7ff9db23050278d30a0499914ab3e54dd7c53","139793","f44f3672f9f12a82455fabfba6d55abe37c337fe791b906fcb721bbb11cc0811"
"6211ac212559db92f80980a580f626d733854da1",".git/objects/62/11ac212559db92f80980a580f626d733854da1","99532481","ecb444b17653aae0c883e33161b85b6270159f824294bd23bf07bf6225932e51"
"62355fe53fe680e1e3170eed33a6fbef466f4a2a",".git/objects/62/355fe53fe680e1e3170eed33a6fbef466f4a2a","297","bd2764d7fdbd6f2a7b0aef388eb2daec56c810f97d527fdc9c6a25edf38f78f2"
"625ded1be5dd2684518e94ea0a520e5f1f6f9b92",".git/objects/62/5ded1be5dd2684518e94ea0a520e5f1f6f9b92","12463","b433c8ea95ee91aa97328174f5584f106f8f39d155041635960010cb9caa318b"
"6274e4d268586c02858616cefc85a934c2acdbbd",".git/objects/62/74e4d268586c02858616cefc85a934c2acdbbd","1176201","cf036eba041ca129855c4b90bf4a7cee38b58b4058a6c16bbd18524d6a15cc90"
"62e9140fc83212b1d4ba077cab8310bda65a59f8",".git/objects/62/e9140fc83212b1d4ba077cab8310bda65a59f8","4566","3d84d7a65cee0f4a1a43ddd35231c665737f04d5cc433a4e5fd2a9a98fe4b97c"
"62f10009ce93a74049e1bc4178a4bd96ceac226c",".git/objects/62/f10009ce93a74049e1bc4178a4bd96ceac226c","579","dff37e41a7c5cf1dd1b575dde4ebf076f59d81e3a4a0dc7ddf7cee2ad94b021b"
"62f75f9d44f1d81d7169783b87d1b5c1af8d8a14",".git/objects/62/f75f9d44f1d81d7169783b87d1b5c1af8d8a14","1460270","c4929082e50fde2b87746abaca337f4bf20952a010ec409fae20977b0482c7ea"
"temporary",".git/objects/62/tmp_obj_P32xJz","16924672","9c0100773a2f70b95582351027717bf73dbf162e325d91c22c79fa2b63ee96d1"
"temporary",".git/objects/62/tmp_obj_unZ3KP","81362944","fa1d25a4c476f3f72ba2e5a7158172cac8c82568e2042588857d442eec934bf1"
"temporary",".git/objects/62/tmp_obj_yJusN3","25939968","5d6d566ec6d1aafd343e9a204c4e8723a58294c751c6c4127dfdc899563a8678"
"temporary",".git/objects/62/tmp_obj_Z7As5v","8134656","ee9530285f32c31e28f44c59f8c98c8167e9689f191e6e389a5e020653d0c039"
"63361044f36337b90cdea922dcd53ab235ddf455",".git/objects/63/361044f36337b90cdea922dcd53ab235ddf455","2174286","a5501715de1354bf4a0a85a5df0b9d3935d93bd533daaa3a3b383da8b2c3ef4c"
"6351a4502dab298d2b8227a0ad5b88f0c424ba5c",".git/objects/63/51a4502dab298d2b8227a0ad5b88f0c424ba5c","2598","c28000e35e70f9690c17ce2fcb97a71e959140a20b3d56561b892cf0d0720980"
"635a5672d24d89262fe66308f0b7390dae7fbcd3",".git/objects/63/5a5672d24d89262fe66308f0b7390dae7fbcd3","2145816","3bd0f7d490b2e0ffd3c71e24ce0389f70761d06d6a6b9c9d29a36b87fbb0d054"
"6364aa226f088e45c18dcce23b593643fcb782c3",".git/objects/63/64aa226f088e45c18dcce23b593643fcb782c3","10399","158c9be2e5338089f721860f6c36d2bceddacb3454c240486b0dec12c8c0b8d8"
"637b42587c254c386a2d738226d3c871e72d3eb5",".git/objects/63/7b42587c254c386a2d738226d3c871e72d3eb5","6188134","80cae9db5bbc7da398690d22b677e2d8b35db3a05b02169c8392d0bb747fb23c"
"63fdd017139763f9efa8c07b3e5f1e3134b046d8",".git/objects/63/fdd017139763f9efa8c07b3e5f1e3134b046d8","1309545","549535d4531c54449b43bc52d5a26d201603553e2bb085b91f548665161d9ad5"
"640f161058859967c370950c0d350bf4b00c159c",".git/objects/64/0f161058859967c370950c0d350bf4b00c159c","1639325","d20609dc1387e2c599de1fb5f02ba630e7e7b9e5d8264793f2b77b4640da0787"
"64254cf092b3df79be2ce01e9ebde70ed04c8154",".git/objects/64/254cf092b3df79be2ce01e9ebde70ed04c8154","255","6c83d0089a47c5fb8dfa54460f5c4c0c3cb167695aeb318919cf14257c913321"
"64418ef2d32e725e3130bbac0329d9f6b66ca215",".git/objects/64/418ef2d32e725e3130bbac0329d9f6b66ca215","1194384","63367aff2dd1a6678093ee786384bede6154f729a5415b432e4e73cc56a10a5b"
"64489c4c9413d34649b3bb9437a7bb9a3984b309",".git/objects/64/489c4c9413d34649b3bb9437a7bb9a3984b309","58191","72f7f978c23136447e8cf4d8d31f49396b8b109d51be119c4e22e7aa7d95c3ef"
"645e5257bf2909f805de2cd80b3a64e39c932150",".git/objects/64/5e5257bf2909f805de2cd80b3a64e39c932150","451048","e715e37f8109292b960bd140cd767ff11be376959a426fa8cd2bd5189db829c3"
"64663d2e993d64566b5c1f2fdb3b7d0d2b1104c7",".git/objects/64/663d2e993d64566b5c1f2fdb3b7d0d2b1104c7","12208","fdc7fb1d290b74a21d4e4061906822c01ac403bb1f8cd73a44ad9f3cd3e2d378"
"646c425131a653c8415df4e6cf07c68cabffc8f9",".git/objects/64/6c425131a653c8415df4e6cf07c68cabffc8f9","117516","605a6f4040ef77255168fdac88dc82b657ad431b568d7ae24950759b74a079e7"
"648632f309b726c7381098f14b2a11a78e0aaddd",".git/objects/64/8632f309b726c7381098f14b2a11a78e0aaddd","3990572","eb91e64abdf60300e326ac57656d78842e07f0d060ab7dd16944b9046083ce77"
"64b5be5d83c4ee977317535392c3d9e35a34923f",".git/objects/64/b5be5d83c4ee977317535392c3d9e35a34923f","1044119","f2ec5070ba866cc3a8ec01308b8e6205c41a4086c7740b69a0addfc9cf5dd03d"
"64d663a93d4c4270d2fcfea4fa0a369136f24353",".git/objects/64/d663a93d4c4270d2fcfea4fa0a369136f24353","1166111","e8eba47bbed78d2e28260431cbc3ffe33a2ac50462158ece87870adfd0d5d9e0"
"64dd6b89007e9ff258c089552e9c0d1540681b61",".git/objects/64/dd6b89007e9ff258c089552e9c0d1540681b61","496224","3022ca0e4318ad82b61903b0234b3c67b8531a23bae2c8ad1b0f680cd7a0625c"
"6509ed66cbbb4d110b26fe1ebfc3a189cf8fb105",".git/objects/65/09ed66cbbb4d110b26fe1ebfc3a189cf8fb105","480521","e5902f0bd9f469a1ab0f83f11bd624d7e79a7cadaba10d6351550853c3806891"
"6566c3cb792616fa9a666471e829f52febfc7d93",".git/objects/65/66c3cb792616fa9a666471e829f52febfc7d93","1293163","0a2d7e53ea08e773fcfe3dc4d9db58ca36822812d532529176b40fabf2ba5703"
"6581388e6667c910a477e111eec93f119bfecfa5",".git/objects/65/81388e6667c910a477e111eec93f119bfecfa5","1041806","b63747f0dc33f3e64d740243b34f4e1d8e32303ed52bb82eca766fc3745c6d41"
"658e0902e369a06483c7263c35635f735b2c4714",".git/objects/65/8e0902e369a06483c7263c35635f735b2c4714","1400082","e62bf48fe5a1c3fba9b621ac0158934d02e5d7d813e708e7b8ef969f62545155"
"6594d75144c7bf0f3ae9d9cf5e7484de5ec079d4",".git/objects/65/94d75144c7bf0f3ae9d9cf5e7484de5ec079d4","1305261","a056dd72dd185bab53622d939341effd627961cf4cca2d3f3e00fcd3e6fd8a04"
"6598acefce94704ec63bc42fd48c8390dca1633d",".git/objects/65/98acefce94704ec63bc42fd48c8390dca1633d","5268901","caac78b4f450e3b85a895b5323ce028d55260745efedf9fffcf2125a2d3654d8"
"65b43c989aa6fde699fbdad1210e0a20c403690a",".git/objects/65/b43c989aa6fde699fbdad1210e0a20c403690a","2407","2175c79394d2394a3cd90afffd9db2232b1ea77189c2f36c6a79256088725a4d"
"65ec4a0f44e8c6f3075d9f3fbe9f56c27f3ad91c",".git/objects/65/ec4a0f44e8c6f3075d9f3fbe9f56c27f3ad91c","746260","f15c533b8ab5bead492741e34f7ed88772127fb9e2dc3423ea82ec18f36b9eb0"
"65f89ffd161d93fb6f664d3eb0c71d784b4cec77",".git/objects/65/f89ffd161d93fb6f664d3eb0c71d784b4cec77","400755","e7fc87a1b9e949372a3d379117b1b1a977fe50d531c8112518fd02680828c823"
"6608a61caf623777d110a435955a80a16b2e64ed",".git/objects/66/08a61caf623777d110a435955a80a16b2e64ed","211298","b970e805201b65cd0285ba1c4d0d4aef7c053e1f7bde8481dd589b9975ce4094"
"6609164d2f9b2fd6db3b94a4d61020630f107b92",".git/objects/66/09164d2f9b2fd6db3b94a4d61020630f107b92","5412570","974cd17d00cc33e8b19253be3b30fb011ade2ac1515cbcf9bbf3eef7145c0955"
"661b867d00b069d99076b82019c0c58ddece0695",".git/objects/66/1b867d00b069d99076b82019c0c58ddece0695","1716215","5af77341dcf0937b85bea6d302f7160b11aac396f50cd7182749d1270d7ec716"
"664f8a479ce9dfcb354bbc3f572c7f28175bcf55",".git/objects/66/4f8a479ce9dfcb354bbc3f572c7f28175bcf55","1278143","66203846ea185383f4e4491d16117cdb3de05c654c2a45a1d3d360ec01b58c8f"
"66a293013f511dcb187b002ac4501a364740a967",".git/objects/66/a293013f511dcb187b002ac4501a364740a967","1437513","e40c87cf7514fa454a16edabac729f1677c98eb56749db70849e71134a4448bb"
"66a43debe092ae26c0a92118e38c7ec34bf1a4c9",".git/objects/66/a43debe092ae26c0a92118e38c7ec34bf1a4c9","40023","276c7180728c24d14983de91020129d8562f30e0fe835c4765158c2a31d104b9"
"66d538b86a11d7df6fc7f8ab4412376d0a4159f0",".git/objects/66/d538b86a11d7df6fc7f8ab4412376d0a4159f0","34119","8650601cb92d80b0506a2a3fbc5b350f872738e34f2d1142d127a234a524ed7d"
"670c3ba9b3681dbac71d9bb4671e05d3c48d152c",".git/objects/67/0c3ba9b3681dbac71d9bb4671e05d3c48d152c","445","ee3aa99430a5202a231a824055763ec9b4cdd746cdfb968f6b87cf360a118161"
"672009d47f6eeab7e983eabfa9c9efe418b550dc",".git/objects/67/2009d47f6eeab7e983eabfa9c9efe418b550dc","3040","d7cccf40f95c48420acff904f39dc734608c6de1a417e707ef93dda1b81699a0"
"679024a11bd5bae6ac06d0e80db7c75ab97ba3ae",".git/objects/67/9024a11bd5bae6ac06d0e80db7c75ab97ba3ae","2073514","b177b36ca9ce973fc6b2bfd40ff17ac6d2a763222be231c9acd4b844f2445e70"
"67a056088408b3db7cd6b7ed308cd551fce9f46f",".git/objects/67/a056088408b3db7cd6b7ed308cd551fce9f46f","50745","4f443119cf6e85a4b9fbfce51a7370ae9782641537004c405623f061db04ebea"
"67b4390f4965aa6c2338f9132ef979216c9734b4",".git/objects/67/b4390f4965aa6c2338f9132ef979216c9734b4","2276417","1089ad5b36a825921ec5c7090bf6021eb7c92cef10d4b30e8499f791fb48014b"
"67c94d8325770d0281b5a9f791246fd3aed64c10",".git/objects/67/c94d8325770d0281b5a9f791246fd3aed64c10","6192482","655d48955572ce57a18257bd3aeb29ca4a4cd90c72f2d7cbee73ab50aa22c8ef"
"67fd05d0f48dc4a46b8b4113e372692bdd2616bd",".git/objects/67/fd05d0f48dc4a46b8b4113e372692bdd2616bd","1099183","e55937285239e334a733188a6f1e6eb9a4a6d21338ac2b151b3f0880416ae528"
"temporary",".git/objects/67/tmp_obj_MBfZnU","0","e3b0c44298fc1c149afbf4c8996fb92427ae41e4649b934ca495991b7852b855"
"68235880337bd0b2efc72bedca376af9c1dc4516",".git/objects/68/235880337bd0b2efc72bedca376af9c1dc4516","736","7d294724274903de870ff19cbac4f9e77a9486be2e68ba439034f71dad08cd2c"
"68ac39247dc5a57b088a8a54603ab39280745224",".git/objects/68/ac39247dc5a57b088a8a54603ab39280745224","5428847","a2b3b11422fe3b843f99357b9ed5565b3da45c4a239b52aeb17b31bc89c71bb7"
"68c06d152300efea846990e1d19e7232a36a3926",".git/objects/68/c06d152300efea846990e1d19e7232a36a3926","2151725","db85c2e042643e546e558f03ac9e8b6d28ceba7bd749f53f434154a9e0026a61"
"68caf434ea9458ac05210ab9f5ec1c611e8a25c2",".git/objects/68/caf434ea9458ac05210ab9f5ec1c611e8a25c2","37956","2fa6365d77f7596dba87d68a4c400527251eefed2b84d497fd3ebec9b35ae17a"
"68cd782d787458654d6980883a9eb37e146a85a1",".git/objects/68/cd782d787458654d6980883a9eb37e146a85a1","7700","912f5c90388ee945e5822e885b1fbac34f12aee91ccba71a1dda49aa283d9ed1"
"68d46abb6ebc590b3b6c662f168321079a12cb7b",".git/objects/68/d46abb6ebc590b3b6c662f168321079a12cb7b","428354","183365dbaa93b86f1c9b24aa0a0266c23aa426e6d3a2313b71a4dee3c8814b79"
"68df88407c1ff4b9374fecca5b04a10e7b493b9c",".git/objects/68/df88407c1ff4b9374fecca5b04a10e7b493b9c","448","57dfb0ee6cfe9f81277b41f7175b6ed492356428da6ee265bd23c2041c3e34bb"
"68fe0dc1dddaa9844ca9a11cf37f5436add4ad64",".git/objects/68/fe0dc1dddaa9844ca9a11cf37f5436add4ad64","935076","5c4a87331727fdb252f38d1eea1caacf0b100421b7f12c366bdcd07738f90a2c"
"692e0d919070c8c08c74699084d83e920b898497",".git/objects/69/2e0d919070c8c08c74699084d83e920b898497","1666901","34e4330ec067f7850ba8267115b720090c8f3cf9311e377171f46f4b9f98af07"
"69427073de1213be096c65132c798a55c117665a",".git/objects/69/427073de1213be096c65132c798a55c117665a","1518965","9abd0048753a4c46917e83ca238163ed71ed3300f1ed67fcab48fef8bc78ec21"
"698eb057801169276bb9b9618a11081b5d017ac9",".git/objects/69/8eb057801169276bb9b9618a11081b5d017ac9","215560","ada414008fd0593ff4ce588a5a97f6c4062271977ef5a9fde229213aad56bbcf"
"69a6b3126b18fd72c52c72ba0f955e4a59ab7926",".git/objects/69/a6b3126b18fd72c52c72ba0f955e4a59ab7926","102853","d277864011949cff511625bfae8d751c90d2feaa51bfa5ecbf4c4250d55629a1"
"69b5cf1fdbddebefcfa819dba2edc652506c26a3",".git/objects/69/b5cf1fdbddebefcfa819dba2edc652506c26a3","519510","f1197ca085f1b8aa4df2d675549eae444dd561d9757a8bb9c828724741178856"
"69c155dd3b440d7aebfebdf1b770d443a3723f0a",".git/objects/69/c155dd3b440d7aebfebdf1b770d443a3723f0a","359072","ca2a75b8ae8bb2a5af227dc7af3c8d4f32ee7632644060a8d3ecbb49c011f408"
"6a20724d78b845cf02452d01c43127a29917c151",".git/objects/6a/20724d78b845cf02452d01c43127a29917c151","1693238","0807953d9aa9c3c2622c141db768c6f273bea26f6e6436f0e602652cd44f4905"
"6a22bca38b6136f8a5f0d4276d8dfb6379bcd000",".git/objects/6a/22bca38b6136f8a5f0d4276d8dfb6379bcd000","1697674","d3844e7720e8ddb46be4243b7f66775ab36e207192b636595ae8168613aeffeb"
"6a6e1a26051e57665442a5ec06d0ed26ed16171a",".git/objects/6a/6e1a26051e57665442a5ec06d0ed26ed16171a","264070","a6d435486455df16560d4c78ace3850f1da7d143ba2e97b67c0ff0ac2867cbb2"
"6a7fc4e15f6d4365a7f0cb4f1c559e26ae0ab0c2",".git/objects/6a/7fc4e15f6d4365a7f0cb4f1c559e26ae0ab0c2","736","e445c9727f4084aa57df0f59573e5b178912f6b3a16c2c49ad5acfe5243c1195"
"6a913403e3e58d13e742abd362a2a47252ddbaac",".git/objects/6a/913403e3e58d13e742abd362a2a47252ddbaac","2214061","6da473d32f66a5d2345561a541f9c687f7f5a66ccdc545bfb0e02efd3f16af9d"
"6aa3cc4b7a882861fa7d306d55debbbe796ab242",".git/objects/6a/a3cc4b7a882861fa7d306d55debbbe796ab242","1370871","ae254ced3f7d443d8969fd0137ed386ce20ab79ebcaf546b34e82cbb71722b28"
"6ab39d2470851cd5143ea27cb50c0fe4b4758fd4",".git/objects/6a/b39d2470851cd5143ea27cb50c0fe4b4758fd4","688","28a2101d76497ed44113244de81aabcdc6e651d6d8c76b0de8b564d003c23bd7"
"6afa156b61361c121cb62a52bb0509f9fa5c922b",".git/objects/6a/fa156b61361c121cb62a52bb0509f9fa5c922b","5770373","cbab1b8bfa099ae824ebc67166616a3fdd56b3df7a8dc8091010eab22983eef5"
"6b09c748eafe565c66ce8f81fc29d7265cd0dfb9",".git/objects/6b/09c748eafe565c66ce8f81fc29d7265cd0dfb9","6293495","3472942ad0abe1fe30ce91cf2e7ee7b366621477ce3b3e2267ad67dbfe1cfadb"
"6b2e9e978a4aae94aed38da7c2f3aea660c75352",".git/objects/6b/2e9e978a4aae94aed38da7c2f3aea660c75352","2057248","a6f89325112c8cfd16a964ccedecb533ce488a26349a2672d6966e153d305220"
"6b53f4d71d10bd9f05c1f5b3223baba4643db346",".git/objects/6b/53f4d71d10bd9f05c1f5b3223baba4643db346","69373","050c0558e7ebc811abba212b7e32f792a1cf9478055b029b0481d6de54f2a1f3"
"6bc815efb8158b008c7c584dfbf5f9da267bddf4",".git/objects/6b/c815efb8158b008c7c584dfbf5f9da267bddf4","12671","44bba4b6896872de1ca1fcebd5bf663f631643fa9316064d914d959d08b16b6f"
"6bd20c6bb3c82c38fbdc3262f7b65abc89f9bccf",".git/objects/6b/d20c6bb3c82c38fbdc3262f7b65abc89f9bccf","5576688","549650def2a92076e0b88d055da59dae83f8fa1e77467ffa96a19c931965202d"
"6c034c9e909218fe525e942b14fe39a7854f6a3e",".git/objects/6c/034c9e909218fe525e942b14fe39a7854f6a3e","3916","2b0f3844dbefaaa86e3f20e87b633c1bc140358d1b54e977a10e97974e7504ae"
"6c12a07697d29e2f417992fd4e6f5fd6d73bf2d5",".git/objects/6c/12a07697d29e2f417992fd4e6f5fd6d73bf2d5","513","0ef402745030a8e5c08614e19eaa0d2133047b618418086712973845b3694439"
"6c1e33f0f9fe78760086e4a22b631e89f894b801",".git/objects/6c/1e33f0f9fe78760086e4a22b631e89f894b801","1534520","005fdb75e98184d7a0932bc3b0f77354e6ce627993b047a4ee5ec0d60438e173"
"6c2c7760915b5eff9143059cbb3fa1225e076240",".git/objects/6c/2c7760915b5eff9143059cbb3fa1225e076240","1337519","d308f9e63c99f3c7c697957fd64b078ed08b04759ee96e3d140c033599f3e966"
"6c564c6b1cd0844ff11df30d7062d96385121a56",".git/objects/6c/564c6b1cd0844ff11df30d7062d96385121a56","5018210","0780faa5a2ec7eafcc504bc0791439b27f11957fe1ce51263e1198a62157f6fe"
"6cc4b9ac36885f422e4fc09a707906f333016029",".git/objects/6c/c4b9ac36885f422e4fc09a707906f333016029","134877","48cd379d2019887ed078dfe977487a5da0866e84fc5a13fd5b8c9c9dde7aa695"
"6ccaba72eaab2d568f49ae552101b9e0ad963d57",".git/objects/6c/caba72eaab2d568f49ae552101b9e0ad963d57","89280396","9b6e59fb673eec54c1bb508ce4fade1cf310caa519fa9d2202cdd7c9543ef169"
"6cd14fda9a931139de88e42ee58ba0e1a72c4ae0",".git/objects/6c/d14fda9a931139de88e42ee58ba0e1a72c4ae0","101794","2eda84fb84ae0fa5ba6d120c47ca77852a827076a6ab3b67df5aff18b09f46d7"
"6d008dcb3f3704fed569ad6f3b0c855f11920ce6",".git/objects/6d/008dcb3f3704fed569ad6f3b0c855f11920ce6","1568956","7dc44b5fff0083bbe36c00b6169821ff29059a4aa0532b8e44df38b414f20004"
"6d25950df90a5344d890f3096c06607fda3ccffd",".git/objects/6d/25950df90a5344d890f3096c06607fda3ccffd","60967","23c9df0a329cbd267caa81c3c495a3ee9e0ca44f96129fe079888d8ce13210b2"
"6d3a05dbd8277dcace311d6a0541605a55c7313b",".git/objects/6d/3a05dbd8277dcace311d6a0541605a55c7313b","524","3e06fc41af53b175f326d3c98aa70d7c2e40a500ae0db1fc879890eb7d8c213f"
"6d8bbf99c4459d3d563689b1d832aa4030966351",".git/objects/6d/8bbf99c4459d3d563689b1d832aa4030966351","24259336","f7bf40aa67e0e1eca0e8ffe2bc0e80538f9015a474693b1eecca5e3623ef74a4"
"6d8efa8569bdb4703125ed1cff36898209baa878",".git/objects/6d/8efa8569bdb4703125ed1cff36898209baa878","643","fd4340a8adca507db43382429b7a44fd5d8517d97d3bfe9bfa68df5675729961"
"6da52d417513355d5e525417ed862c78940e6991",".git/objects/6d/a52d417513355d5e525417ed862c78940e6991","1197508","060871cbb5ed37f9cd9211d25d4dffda235b10b711c4de6c495ccf3cfe8be0c1"
"6de3751aab75d4704e46a61a0f43375eba22f6fe",".git/objects/6d/e3751aab75d4704e46a61a0f43375eba22f6fe","841206","35984f8339678be9dfe59ecf01e38454bfd621f4716aea5cc2b203563b769362"
"6e601c7bef3dffc0206825926f23f452c4681b98",".git/objects/6e/601c7bef3dffc0206825926f23f452c4681b98","5475","6cec0489346038cfc094a5d641a97e5aca82a16acbe3961281987df2e3be45a3"
"6e86c0c97fe1090612a4ca221ffeba36c47237f1",".git/objects/6e/86c0c97fe1090612a4ca221ffeba36c47237f1","1778064","9f900d57cd697b12ef3a1dad90d884f41777aaa1ae2c260cf57fc7e9b36ba8c4"
"6e988cc6bd7ed2a48f0bcf263edf8335492273fe",".git/objects/6e/988cc6bd7ed2a48f0bcf263edf8335492273fe","2955","6706ffc8bf8a93bb0e6ee999e64b6393ef31dd2912820ad31487ab1cb1efac12"
"6e9d4f3aef5f27ba212b47d60c2b8d9ab4b245e6",".git/objects/6e/9d4f3aef5f27ba212b47d60c2b8d9ab4b245e6","1203359","f3e1802af59fa8604f799cbb54db15a0eff98975fda596d1fdfdc204b4da05df"
"6ec2a9cc82c69f66be5c4ce07768110181bd2b5e",".git/objects/6e/c2a9cc82c69f66be5c4ce07768110181bd2b5e","711510","6e242d597411edec96ee8be467feab590053dad9885f6c7913a36006ee6cc9e9"
"6ecf3b4e772110de7ecbca3f0fe3a60ac17d9c88",".git/objects/6e/cf3b4e772110de7ecbca3f0fe3a60ac17d9c88","1250819","aa134728343fd68c2d224f4f80c732b2f8a29c2b169c035784cda2b3b5eba906"
"6f2ce9fe23bad10c68871c6479eb07e503e4fa29",".git/objects/6f/2ce9fe23bad10c68871c6479eb07e503e4fa29","2461","4da30b2140674541c87644ace27ad031a8dbb67585c7d0eece7db067b67485fd"
"6f2d8935c71814a8b792ed397b4695297570ca26",".git/objects/6f/2d8935c71814a8b792ed397b4695297570ca26","7191","46d4fce16c449674c14508f10f11be9e214f1ea8bcfe7983e18c7f3030bc84f1"
"6f50ebc0cd70647ce934318c2e7dd2384ee1cf8a",".git/objects/6f/50ebc0cd70647ce934318c2e7dd2384ee1cf8a","5866277","acee54a8afb86135cf916da5c2b3dda692285fdfaf059942177ace6a5e4feed3"
"6f6e74bddab78a141f0eccddc0d445f560746a3d",".git/objects/6f/6e74bddab78a141f0eccddc0d445f560746a3d","541","b507e834f1cfcca3509c54df92250d74dc62d25ac91d4bdc812915d11cea9fce"
"6fd1fdf91528927516fefacd5fe9bafaa5377671",".git/objects/6f/d1fdf91528927516fefacd5fe9bafaa5377671","1368221","a555cc22e8ffb632d0ef406ae58c3489ac080e3822572dc2bd82a2aac6f69ea5"
"6fee78146970f1fdfe80f3e6cff04a757bf36edb",".git/objects/6f/ee78146970f1fdfe80f3e6cff04a757bf36edb","206913","f634d8cf68374561fdf89621ea1d5f93f76ea597bd89c6d63373c792edc2020c"
"7039c7e42d4815e0468c190f927a362d86eb4f1c",".git/objects/70/39c7e42d4815e0468c190f927a362d86eb4f1c","149224","6edde3ef248804e4a710da403a28d9a248962f560098e1a713882a6d62b0e2df"
"70b4dbd6021ca990769ffb270b1124b035c87578",".git/objects/70/b4dbd6021ca990769ffb270b1124b035c87578","512","93c9c86afdd31b80946758b0085e61d3236095a1f23e74dcc2ca88c5f59d5fac"
"70b7f95a2fb57a3a7ee63ced9c9670f71fb762af",".git/objects/70/b7f95a2fb57a3a7ee63ced9c9670f71fb762af","31768","dfd4646a19d4d89664bb15365b257db67a0dcfd47698db403c080f3e75a94abf"
"70ca61a5b6ecf70f8fc6ebc48f6b9fd674b48a91",".git/objects/70/ca61a5b6ecf70f8fc6ebc48f6b9fd674b48a91","2017644","91a5274cfa8f3d7d04d6eb87539f24ed8217de277fa859396f606957b9888fb2"
"7120dcf8d72e6b3df89206e37308f0946f3e653a",".git/objects/71/20dcf8d72e6b3df89206e37308f0946f3e653a","1679656","8e409d225e308b2bb09e9d7d5918273d7ad0c7efd49fdfe2266f5909bebfe12f"
"7179d5e86bc9e13bfc01e24f483cbdf750dd730a",".git/objects/71/79d5e86bc9e13bfc01e24f483cbdf750dd730a","4996749","0b541b8b346514bfd152d6448af3a3f66cb864eeb25e5dfbc1571d08d364a432"
"717a62930d674b87a8d7a886861ff070cb29b709",".git/objects/71/7a62930d674b87a8d7a886861ff070cb29b709","5235","df4fc5bcf2f452ba94aece22f51fbd0fe7a502b50d9ae4349018c975445799ff"
"7197b4b49b81615220e0133a23c70b25079d8e26",".git/objects/71/97b4b49b81615220e0133a23c70b25079d8e26","10678852","b7c1f25c86a24d988a4fcccef8448fc0e9c7b7bc61d665f945bbdb6c93bc83bf"
"7207ff1fbcd007388e78959e617932889204cb38",".git/objects/72/07ff1fbcd007388e78959e617932889204cb38","1272849","6b011fcaad79c138c129008204bf7e6adf00123629b9f65136424e9586434ea2"
"72703bbee70992ff0db06e5fde8b3750366ee914",".git/objects/72/703bbee70992ff0db06e5fde8b3750366ee914","258739","1d3138f338c6e37dde05f0eccb617a494c80e7459f3f35dc934c1dd55eb74e61"
"728089ad2e4014afb5f7ee4eb02d833dd5ae739b",".git/objects/72/8089ad2e4014afb5f7ee4eb02d833dd5ae739b","13726","13d8e6e760fd01fb76b6e7415a31803af101e670b96f7b0a1e39c7ff8051f6f9"
"72bbada614d1c57513f80324960ac6e66122eada",".git/objects/72/bbada614d1c57513f80324960ac6e66122eada","1073286","1c554ce44f5654cdd157481fa4f70abf75c90dfa35a2f4f6a31c5e6d74ebb0fc"
"72bdd72f27ff3530145d5187cb4087b6709cd7cc",".git/objects/72/bdd72f27ff3530145d5187cb4087b6709cd7cc","179334","51c61f3fc9542691eefb39124e70a1f8657b4e578fedf9dfdb18c397e52822af"
"72e323fd86e1d5de913bee7d7973097f69c1a5d3",".git/objects/72/e323fd86e1d5de913bee7d7973097f69c1a5d3","636047","a15d7e24c46f83db71d33fa668e15ecf8d7b15852e731e7dc5d34f0c38e1c053"
"73062de337d42710abedd935f99466d21d10f9e6",".git/objects/73/062de337d42710abedd935f99466d21d10f9e6","297","3194f406fe54c68c280655d9873bd7c78d073cedff8ec49b531f8854b68b4b1b"
"730a5013b2941332fdb0fb7634348e14ed5a35ca",".git/objects/73/0a5013b2941332fdb0fb7634348e14ed5a35ca","452977","f0bbd7b31caf8e8d32672c7ebd1703d1d22cd68a58ffb833870fab972a045edd"
"731010629a9a839bfbb40142389d52a2ae9053a0",".git/objects/73/1010629a9a839bfbb40142389d52a2ae9053a0","1372","59aba977c24490da09b9f0a9bcbabeb2976c98c217edf826e23ac43f47d561ce"
"732aa8623411e4d5a1879db0988eee7d37bc6e01",".git/objects/73/2aa8623411e4d5a1879db0988eee7d37bc6e01","2734","a783ffc6819292e1c3e112634081dacf2cab9c0349e3340206a049777f25f245"
"732b8bff0949f405c44b5c42a2d39b899c69bfff",".git/objects/73/2b8bff0949f405c44b5c42a2d39b899c69bfff","4396","d5c88cb138a050d946bc2111a0479fb1f1f10292ebdb84bcb69376fb7aac3081"
"7339b23aa2588205054f5c12c7a620e7d2d8d4db",".git/objects/73/39b23aa2588205054f5c12c7a620e7d2d8d4db","1360971","34629b44a2dd7656848800c7525f33d497b80b2c04376991f585d764d7898c52"
"734557206b335419530580d4e73a418e0536f7da",".git/objects/73/4557206b335419530580d4e73a418e0536f7da","1441527","dfc7dfbb5aec47beb07013081500eb68d182dc673fff21520da389580bd567b6"
"736cced08fe964af4847ad17cb832a43baf9e44c",".git/objects/73/6cced08fe964af4847ad17cb832a43baf9e44c","5746575","2c5a84bfe55bda68ea9e9ecc16bbe491efd3beb9440e4bf49a69d1da90744572"
"736f1c114fd4fcd2af125ecf5ff81dd61b8b39c2",".git/objects/73/6f1c114fd4fcd2af125ecf5ff81dd61b8b39c2","328468","9ae0114976731db8c8bcdafde903d0060b7507e2555e34df70dd6189fb393c8d"
"7395c5eeb50ccb0a637b4bb2c5373963aa56ff89",".git/objects/73/95c5eeb50ccb0a637b4bb2c5373963aa56ff89","6030017","4cbd5d8e99f8f95d66f0b3857c1a1f1cd070ceb7c544ac576872bf5908fea3f9"
"73abd8aef08bb5e5a3f4e4797de2e9ef8863239a",".git/objects/73/abd8aef08bb5e5a3f4e4797de2e9ef8863239a","1119276","34d2969c53528a9b5208ebf510bd0d89ab922409add5464872cb69ed4f483ef8"
"73d2cb1973edab8788a2baf97a04ecedf3d5d644",".git/objects/73/d2cb1973edab8788a2baf97a04ecedf3d5d644","452724","ec7ec7a0fcaeaaf7e45b5ba1ec1d11ac396cef94e2f25426e3e8dccaf94870e9"
"73ef23fc4d6b8ac77ada4375e8cc2d9fd9614864",".git/objects/73/ef23fc4d6b8ac77ada4375e8cc2d9fd9614864","1288491","1277df42013b91f6ac628264372236f0ff8d68f0155844c31874cf35b5cdc13f"
"745bb7dbd9bffc307e1e576da6e88d0a8c479d41",".git/objects/74/5bb7dbd9bffc307e1e576da6e88d0a8c479d41","481129","8273c085e278c6f79840253eaedf70d70f0de69ae81ff8dbf3969c4e1ae1c938"
"7465bd924282879e067c0185a1cd88d2c6d1f163",".git/objects/74/65bd924282879e067c0185a1cd88d2c6d1f163","38893","2650ff52850a6315b1cebeb7e21821dbcf9a0e117302dbeb0ad007a0967a595c"
"747c8de9b9dd034b400e8123d4f8b537c94902ac",".git/objects/74/7c8de9b9dd034b400e8123d4f8b537c94902ac","328710","249ed41fb5ef669e98b98574579d0832bb416cf53d1a8f4849432c82e5be8f62"
"7511a1a441b414de4ac0dc47ebf69524e551dea7",".git/objects/75/11a1a441b414de4ac0dc47ebf69524e551dea7","1314540","2a1e15ef1353599614ac64217aa9a726ae9135f338501d445a3ebd0e6a5d281b"
"7564c1b3f7e7a99d6ac424f5266bb2fe11f3daa4",".git/objects/75/64c1b3f7e7a99d6ac424f5266bb2fe11f3daa4","1175876","c85c6e29a515a215ffea16b2d9300aadb4b82f844eaa099d96aa9cf62120af9b"
"75d623fdf9d618198c9c7a03c5cb0fdd93d4af95",".git/objects/75/d623fdf9d618198c9c7a03c5cb0fdd93d4af95","1550099","1f788f42502161e5ac590c5f4bb8e5a1165c4f6a8bb47e16b37233ea48c037bc"
"75e56df6380218f82d5b1788077caa8955b7c1a3",".git/objects/75/e56df6380218f82d5b1788077caa8955b7c1a3","116586","9c85e6ff0b3f3547787c69c3e96317e1322dacd690717d4284fab2bfa3840c69"
"760ca526aa565864e03d818e8f507ec388645513",".git/objects/76/0ca526aa565864e03d818e8f507ec388645513","284740","c7f00673250eca9f65c58e21422059bc1ade3741d7ccc25bc19f8ce2512ac53c"
"761adeaab2a55e2c36cae493a32da70911b686df",".git/objects/76/1adeaab2a55e2c36cae493a32da70911b686df","2186163","dda4c07f9dd7ca869bc9304ac1415ea43ff9cc11937f80214b99cd94fc54f3e9"
"7639e2ae5c967ef0f71db3059644a3c126609d8e",".git/objects/76/39e2ae5c967ef0f71db3059644a3c126609d8e","6450189","5cfaf6eb3c1ac4ffe51420f4240d2b42fc25c4b5c2993d3699980a0c734125f6"
"765ce85f040c91243fe3236643fe04247c55f4b7",".git/objects/76/5ce85f040c91243fe3236643fe04247c55f4b7","1497986","f065c67e162dc7c96a297ae81d7649310c38090339d03ff3b22874eee07dd702"
"7662bb25d8190ed40fffc141f3b1d3353e18cfa8",".git/objects/76/62bb25d8190ed40fffc141f3b1d3353e18cfa8","1853223","ee037f67512877b6a34091ef2ed539e442d0ec503be446aa6bd08bf9d35b9de8"
"76d44669b66d65b8f66f75c6ba831a01a07deca3",".git/objects/76/d44669b66d65b8f66f75c6ba831a01a07deca3","493","60ef83d637879602dc6ee90b653fa340586d4309a673e086c99a210d4efd9a34"
"7722b8e46749c0ad01183ef401eedd2f6572e9ba",".git/objects/77/22b8e46749c0ad01183ef401eedd2f6572e9ba","731","e2fcd8dc705599c54203ab27f0bfcf7a7e1dc7abd9f16c3b8da752bf4f28c1b8"
"7768876173f021b41131d347ee778e1ec0c63a4a",".git/objects/77/68876173f021b41131d347ee778e1ec0c63a4a","145532","6b704b49667de97af45885009fac2ccca5e4935b665687e5036166aaf88a1f27"
"7781a37f6e9aab91e384edac51b2567b109b3b2d",".git/objects/77/81a37f6e9aab91e384edac51b2567b109b3b2d","475833","5c02faea0522e023c5bcf03beaee41412f10e5279baf34e6186a3dd63f228fa8"
"77fcf1610b9ee6a7ff2afe9ef6e6c4b1bde8055a",".git/objects/77/fcf1610b9ee6a7ff2afe9ef6e6c4b1bde8055a","234240","6b0cec8630afd1a32098f0c08f77213e130626df25da84f85216b78958694d39"
"785336098d301496269fca148745e6207fc744db",".git/objects/78/5336098d301496269fca148745e6207fc744db","450112","44a4621675cefa75dd37cf708dcf3dc7b503d740ea3af65692a73c8c770aefde"
"787a7101123f6347dcddca5cc06fdf96a46898ee",".git/objects/78/7a7101123f6347dcddca5cc06fdf96a46898ee","1437163","b3fe1074f4c872d8b6396e771fe1b7ddb2400e5ea7c246e6ab453fbeafd8287e"
"78821e5127f0ba561df1561633c3042b811a6269",".git/objects/78/821e5127f0ba561df1561633c3042b811a6269","4730621","fb64a9180fb0d67629fe948ad91ff7f2d511c37735b2e164ea6cd46aa080d46f"
"7884ab1ba8a97e19ea66ff51bfa7dd3f9ffd45db",".git/objects/78/84ab1ba8a97e19ea66ff51bfa7dd3f9ffd45db","1161283","4a2b57d399b37f90bb83184595b96494fa064cb5bf0ac0759b8dc47d3cf3307b"
"78ced6f86a8596728f38c40f44811bac7caae043",".git/objects/78/ced6f86a8596728f38c40f44811bac7caae043","20609","043b8c090ec13f247d6fada2dad7c0bf759e6b9e59d63f8579d5bb83c09d7cfd"
"78cf8f9a9e3d8c206909e0155726868062f549a3",".git/objects/78/cf8f9a9e3d8c206909e0155726868062f549a3","6101","24070ef71c6be5753fee3d8934e525c7a8de0eadc89281619c3f859880d8cfe7"
"78e7f0b22eff6e84e5fe81d296854dfe6985f14e",".git/objects/78/e7f0b22eff6e84e5fe81d296854dfe6985f14e","4052","3af400ec921aae7230aaa377ca0b48d2a6997c2555f0a661384bf5bf29f5d7e0"
"78f8ea54b0d2307048cf977d23bfbe3097ce2eed",".git/objects/78/f8ea54b0d2307048cf977d23bfbe3097ce2eed","73349","151aa0b925b375348ce59e3b4392d47acc8d3e7c30a27e7a792b648cd503cd7a"
"79595d6945395f085ca54f36fef3dd5e1cce05b4",".git/objects/79/595d6945395f085ca54f36fef3dd5e1cce05b4","5599898","83fbdb0f5fde7190e357b49766c3a5023430a4f899e90b3833e39c497ffe97ed"
"795a7e893ae12bfa0337844eeb4cd5d660946b02",".git/objects/79/5a7e893ae12bfa0337844eeb4cd5d660946b02","402","ff9c6856826b56f6c919ea225a46089971ae961e909de5d0fa70b2173ffe5047"
"7a4e7bd2ba7247d87179192be2cb6a55a3e01337",".git/objects/7a/4e7bd2ba7247d87179192be2cb6a55a3e01337","1570544","8e6762a41ac7e5d956b3024bf15973e0bf0548a231b41b0e4f0156f4e74b0fe6"
"7a5d2f390f168382c66508a058e7f7ec84831c4a",".git/objects/7a/5d2f390f168382c66508a058e7f7ec84831c4a","1821241","5f5add6994c63e45eb5c0b7ef5c663a6e0ebfd92d6efe2e10ee64f77f77e7cc6"
"7a6aa2423277ec9c9de4c50f05cc929ed785031a",".git/objects/7a/6aa2423277ec9c9de4c50f05cc929ed785031a","6358924","e9c72202c24b15bb1333afc1621d3a95e3510c4ed07e47e728f2de01bc997e45"
"7a6ff89d9e3f55804bb3863eb5d660786cd64316",".git/objects/7a/6ff89d9e3f55804bb3863eb5d660786cd64316","1338304","97050ed05d09ad2cb79ba93d504674129a9e47c8233bce1fe0f8e37959a9b998"
"7a8f0a7bd4b818d4391d688c6aeb01e8eba99e3e",".git/objects/7a/8f0a7bd4b818d4391d688c6aeb01e8eba99e3e","1344825","ec6deadf1d486dd3606cf06f96cc366a81f3860a0d7ceb60e953462e4f3bcadd"
"7aaa73263cb8afaff8b08fa7d6da6d4b4427a6b5",".git/objects/7a/aa73263cb8afaff8b08fa7d6da6d4b4427a6b5","1661857","594bb9537f2c0b21533f18ab30c4ceebb74656694047be1de7ac1c9c21d18762"
"7afbe66fc26fde655e31aeb4ff8d114dc4d2af3f",".git/objects/7a/fbe66fc26fde655e31aeb4ff8d114dc4d2af3f","1683371","f6d4794bd5e0c528ed2f59a55da8edfc1eb66f9c3fb667dc6776a2e011963af5"
"7b00053b707183aac2d0bbf17008f990e34d1994",".git/objects/7b/00053b707183aac2d0bbf17008f990e34d1994","189877","07f07fcc1bd0d22e375b0d8878884c0517685b79a90dc5bfc3b4f367a22b3170"
"7b355f23bd08b7a501b40f24874c20cd09b49423",".git/objects/7b/355f23bd08b7a501b40f24874c20cd09b49423","1704983","cf567022b84e0f577bc55761ed1cf3bd0cd9cc907a1566314e5d71aa7ac02f36"
"7b86b45204e7a33948280d89d53456d14d0e9c4f",".git/objects/7b/86b45204e7a33948280d89d53456d14d0e9c4f","6805","1f4de6ffb7be37919a4ad3f53d0cb004dc9851f519b26410f092418b3416db08"
"7b88b6116b31600cf15cfb965499df0cf82f9f98",".git/objects/7b/88b6116b31600cf15cfb965499df0cf82f9f98","832525","b2a7db0ccdcf7ea6b5359d1fbbbc435f758e172d4dd56ab72305b1c94eabcc7c"
"7bef7f72c09ec794d8c0201f5634b4749aa052c1",".git/objects/7b/ef7f72c09ec794d8c0201f5634b4749aa052c1","23899","5860db0a79470e49d3ff1a55a68404383b3c446d55033dc5d4d429f5a284728d"
"7c0d2420a68b639bba4fb8282d13ce7a2051d222",".git/objects/7c/0d2420a68b639bba4fb8282d13ce7a2051d222","109445","17da9228e32388a0ae965afd0b92a61dd87bc72472508a80abc86666d9a24ae0"
"7c710464badb4c3ad914d2f0d42f7d7f7aa76653",".git/objects/7c/710464badb4c3ad914d2f0d42f7d7f7aa76653","47836","f57b220b9f8a6b9cb00406bbdb136e83269349b0622513b5501aef68132fb894"
"7c8ef94d41bc81ae5d8f942330768712b93f8609",".git/objects/7c/8ef94d41bc81ae5d8f942330768712b93f8609","5430379","1878ee2a458608da2cd0f2f3f8b05c1080afc01c6cc95618639f99ced1c2a9f5"
"7cdb2ae01e67adea4e7ef333232bb9a37f7c041b",".git/objects/7c/db2ae01e67adea4e7ef333232bb9a37f7c041b","1033556","585940818f56e48ae3193783d8f5b2a2773dfdb348495a01dc0e746e6c5e9340"
"7d3bc99cf68e6e4cb9aaf4b3128517d08586df5b",".git/objects/7d/3bc99cf68e6e4cb9aaf4b3128517d08586df5b","461094","22df6c735d3fa9596d48c8c1caeab1276785756cde038466be63c16b00f45504"
"7d4843bbb351e9ad24efd4f7b3d4f1d1b95d7c5f",".git/objects/7d/4843bbb351e9ad24efd4f7b3d4f1d1b95d7c5f","1378588","561c53ba82b44fb1d47055263b9c4a564d43847b95bd82cccab943bf395f44fa"
"7d4996a67915f4b1b8a6094f760f7f5695ef9e4e",".git/objects/7d/4996a67915f4b1b8a6094f760f7f5695ef9e4e","254","43f1d71196773194e89b81807e6d60e39bbdeefa8f401e8360569c0a8697f706"
"7d4cdaf3d9c0aaff63697d70c23bf327a9f2c4f5",".git/objects/7d/4cdaf3d9c0aaff63697d70c23bf327a9f2c4f5","5811995","a9c299663d80a941e95ec50917532f83f31a5cfb405091dd535ae2e00382c310"
"7db98dc7cf8b6d2bd62a91c5ae7028d833cc70e6",".git/objects/7d/b98dc7cf8b6d2bd62a91c5ae7028d833cc70e6","854","45196b55027e4bb086832c288f3ce13ab5907496b693d6d2dda466a07e48afb5"
"7dc223008b0d2679cb797ef5a3ad65df038785c1",".git/objects/7d/c223008b0d2679cb797ef5a3ad65df038785c1","1395755","e13bd00536c64da419bbae2ce2a155910366c624fd3d6127f4bd44c5e5253e8e"
"7de4b281080e9b5337c87144bb5910192239103c",".git/objects/7d/e4b281080e9b5337c87144bb5910192239103c","455342","054fa96a8486ced6d668c41d0ea36dd99904bce68f48aa46a2d30c766d028619"
"7e01c01332cd69ed48faa6b79f9ae52b3f6d9ca8",".git/objects/7e/01c01332cd69ed48faa6b79f9ae52b3f6d9ca8","1492299","c55071137266b7359919e16af6d2ee393f6074927a22aff00c59ebd658b96c94"
"7e2d89bf42d7a7da33f838e148bc7415bb754b32",".git/objects/7e/2d89bf42d7a7da33f838e148bc7415bb754b32","495541","124eff3a9384efd7912cdafc73c9bf6db5c90fd63bfdbf15265e72c101eb6682"
"7e741784ade11806686fe0980004aab17e9a5d70",".git/objects/7e/741784ade11806686fe0980004aab17e9a5d70","22411","9cdbc86cabf731c5708c8157d913f07e0a56273b7d5ff1230a3fa977860cfcde"
"7e8ffd720d21185a060ced9f8d4fd93a73a16e5f",".git/objects/7e/8ffd720d21185a060ced9f8d4fd93a73a16e5f","4767330","33332664c0d267ad5d9c6ed4b6c1a5faaecb66c3081623df26f63b4e8bb81d82"
"7ed663dfc08a5fc8e5cd14af3f500d01694f3d53",".git/objects/7e/d663dfc08a5fc8e5cd14af3f500d01694f3d53","258083","eda3ddb48ab1ac914a2ca575ef152f772b60d206b6f365588d1542e53ef0103c"
"7f51031fa6401220ecd8fec923e5d2f23b28a6fe",".git/objects/7f/51031fa6401220ecd8fec923e5d2f23b28a6fe","1472690","e322afc32d6b20dbed68c7c39a9c766a3b97da39c7b2c8b8d8aec7ed9220348a"
"7f6846f1b8a60bba6773c7c54d81fa71249cb33a",".git/objects/7f/6846f1b8a60bba6773c7c54d81fa71249cb33a","30929","7580396f8d323caf39cb8792abb63af58e16801d22debd6bf334fde7fd4acd1d"
"7f6a9f76cdbd77072fd6e7a2d99640282a8c1a72",".git/objects/7f/6a9f76cdbd77072fd6e7a2d99640282a8c1a72","1144343","085909cfa2cff8372b05607fb1aca16192c69269380176dd2bf06b71df084d75"
"7fac3848dc92fa0952b81b33495541fc34f32bc1",".git/objects/7f/ac3848dc92fa0952b81b33495541fc34f32bc1","830","ad5918ecb51a0bfb934a0ebf4de5d1d7e22531b0d9440ec0b0424d61690c9b8c"
"7fdf2d0552567393b77f15bc9d090b98ec00ddcf",".git/objects/7f/df2d0552567393b77f15bc9d090b98ec00ddcf","8195","c56dd999b1044942329fb5c26239ea800b68e8042c11e126201457247f03e9d5"
"8021b50b12ff4dd86929c6c22fc288096baa7a51",".git/objects/80/21b50b12ff4dd86929c6c22fc288096baa7a51","388845","77f89e3473ef0c92ab556f248cfee80288b240006e5f7abce972b085dd685a2e"
"802cd7267c8fd0a3b553fd3140334035a02f5ae1",".git/objects/80/2cd7267c8fd0a3b553fd3140334035a02f5ae1","734","e5662049f584092d97a7e10507b50f2f3723e206a3d02cd263c7ee11c7441cd8"
"803155703cefb2bc15af744930b303ea38a08a58",".git/objects/80/3155703cefb2bc15af744930b303ea38a08a58","1210290","4069a56aeec4fc14ab0aa0f14c834ff08d933b9e690b0239721ad6b6baf0634d"
"807a3c44bb28e8e1b3f65f72c1428ca2d808281f",".git/objects/80/7a3c44bb28e8e1b3f65f72c1428ca2d808281f","1017","108777841f141b5b77dee200950fea020531536670f224b37d6650013f567e8b"
"807cf2f7a5c39cc6c8106a24ffb6c9bff258c094",".git/objects/80/7cf2f7a5c39cc6c8106a24ffb6c9bff258c094","7615","d6e72eae178f8c7b6000a8c9cde1f648081b75524c79469cad8d4635f35af991"
"80ac0157490bce8034660cd55e72b1070bd98f65",".git/objects/80/ac0157490bce8034660cd55e72b1070bd98f65","6581","7481caf390b76c3c9230c488d47b3ec546369c382b8d92c9b44a745df5b37c6b"
"80b2d90d13e88f2a51260cfc6f29a9c2a7d222ce",".git/objects/80/b2d90d13e88f2a51260cfc6f29a9c2a7d222ce","2094698","b8239146850aa8c36cd80e1ca91157db2c5b799d7b0c1dc46b120fb5c3b8e636"
"8129eac0ae73f3a7430d4b8b97464436714c528a",".git/objects/81/29eac0ae73f3a7430d4b8b97464436714c528a","571","6897fb75c0750c804e2953c41a9b0032ae556062fe655eee46dd7f45f6c40f8f"
"812dd5cdfc8007d73a99a671c212ef51f44fc1cb",".git/objects/81/2dd5cdfc8007d73a99a671c212ef51f44fc1cb","1862939","07c92e59c2ba56defc0bc8dc05a46f4ff6c319c2bdbf15f682d0dbb27c2c5747"
"813f64a8a62874d61bcaeafff83d2ead9f4468da",".git/objects/81/3f64a8a62874d61bcaeafff83d2ead9f4468da","1973009","2c0a75f584d68d3c1431328337ccc03318314c3c90a8d545ed44c19842ad18b5"
"8150db44cdfc351efdb1eae0cd3b2e285c8711fc",".git/objects/81/50db44cdfc351efdb1eae0cd3b2e285c8711fc","67330","976bee3e93c131b571ea49c7af72ffce19db5f3ded7b4db08f0a189311957801"
"8193e2f9e14488730bfcc0862b59698dd2bead40",".git/objects/81/93e2f9e14488730bfcc0862b59698dd2bead40","1174846","ba659c6b00d8c14b37cc0e83eb06d8aaedbe9b410bdb96a1c836d8f55e30fefd"
"81bc82399cff9c9cbe995be68b82e6105d5e6713",".git/objects/81/bc82399cff9c9cbe995be68b82e6105d5e6713","101869","8373ef9abc5dee46fb0fd122f30f4e11165cff38081387d275df6276747642de"
"81ca0e099ddb45ffde0837c0a34bb82c5e1e5bf0",".git/objects/81/ca0e099ddb45ffde0837c0a34bb82c5e1e5bf0","2166780","0e42e8aca9a2ecb7e24895f1531ec3bc231fc728d0784a04221af641ea4046cd"
"81d48507f050fd190d5a6ad42939076362ed3b68",".git/objects/81/d48507f050fd190d5a6ad42939076362ed3b68","5218","2c9dbba4c8411add57f15a45546f678088480ef442ab0781e87331ce15b63349"
"81f74b3968dcd6e9e1090464465d8e1336f5aa05",".git/objects/81/f74b3968dcd6e9e1090464465d8e1336f5aa05","1260468","f7a31ede87a3303a50f271382eb739204c5cc702776d4e6f4b0c167b932acae2"
"820281bdb063e7f3fa308772e4497324c42eb236",".git/objects/82/0281bdb063e7f3fa308772e4497324c42eb236","6166675","b493556f0ad75680f474705a03a38577fcf30b474d90abd99ed37977acb62617"
"820330dd63ae4f3cdc22d59507b436b49d64afbe",".git/objects/82/0330dd63ae4f3cdc22d59507b436b49d64afbe","949651","e13f7b6ffc10a07fcdfd0745943fd5b92bf4b30ef289ca17e95cbd5625abcbdd"
"821c4a7de21e4d1b79078b6e4177f0fb337dad51",".git/objects/82/1c4a7de21e4d1b79078b6e4177f0fb337dad51","110567","e5a9ed640b9b3d1c591c3c672a0fc97e34ba3e3f842aef37f39dbe7c61ce8376"
"821df15b382ddc785bfe18a83c7bc03bc43d7d4d",".git/objects/82/1df15b382ddc785bfe18a83c7bc03bc43d7d4d","19270","627cb424e49acfa4a908a1dc32e0cf6d9c2647a24b2c6f51bb269eb84f2112d1"
"82249ea0b943124e48cc4900270c05b6c00121ee",".git/objects/82/249ea0b943124e48cc4900270c05b6c00121ee","24714","e2570069cbb26eafb3b35127a2daafd98fcd7df729e70d1fd2dea39152c249b1"
"82418c8bd487c942f891eed673dd498168ea2615",".git/objects/82/418c8bd487c942f891eed673dd498168ea2615","183903","b16c30815fc34cf06860b7ee1ac667a4cab2e3e39dd0a97bfa704b3c5bc8f92d"
"828ab1c6c29fb56d0141c881cab7b2f2fc05a00d",".git/objects/82/8ab1c6c29fb56d0141c881cab7b2f2fc05a00d","1346","36c854da22274d752effcf4231ffa57a6cf40b6d5ede361928db8900f8d02833"
"82ea3b55a6acee390dd7654ddbcdf89cdf210104",".git/objects/82/ea3b55a6acee390dd7654ddbcdf89cdf210104","732","8eb49ded65759dc094810fc19461bccc264626a159ae6625a58da4e7a60e4e59"
"82f7b98f7b21951724eaa5b35b9f14ac5f58e7c9",".git/objects/82/f7b98f7b21951724eaa5b35b9f14ac5f58e7c9","257","25753d68d320ca62684d046bf96cb3e5aebd1959e782b0498d8db76a6bc3b411"
"833b6f03e0e5e0be0e090ddaccee49489b7d9171",".git/objects/83/3b6f03e0e5e0be0e090ddaccee49489b7d9171","95287","b9a848907b073694b2f056d74ac0aabc8332810cd74a0116b167cb4bb55a9e39"
"834824ff5063b7c52f7cb937e3db37135dce3103",".git/objects/83/4824ff5063b7c52f7cb937e3db37135dce3103","1149328","5b19d35994138eaa2b557f3f224ec1cfd9c5374ceb82e44a30bee55b3998f170"
"8385c69e9d9ccfb6a2cbb855813ae533f5b64cda",".git/objects/83/85c69e9d9ccfb6a2cbb855813ae533f5b64cda","2267833","229fbd07b7981e5bee8045e56b4940f3f08ed18b0f09c2ad911db035114a69b7"
"83d8e9e7f60996743abd857d9528121f026814d7",".git/objects/83/d8e9e7f60996743abd857d9528121f026814d7","100766","d673da6b01bfac830533781931cd23478d55d751807dd0152f55a10625f9ef07"
"83e4acfaaac4ac306918b6b5923b5e3519101194",".git/objects/83/e4acfaaac4ac306918b6b5923b5e3519101194","201446","7f536bc0b6ce4c7f511e501818dbe4f0a11668bb28edaabdab2e947456bd97fb"
"83ee0482cbb68292e12d99bdd92d20f2bb56fc92",".git/objects/83/ee0482cbb68292e12d99bdd92d20f2bb56fc92","767","868f55ee04f537a82afb9e3db9f8544ee539ffe03a9796148994f87ceb230fa5"
"83f80137afbb9e5e1dac20c9a4721399a6205c5b",".git/objects/83/f80137afbb9e5e1dac20c9a4721399a6205c5b","631878","3c44e20bb02bb8af49a86c89dcd1366b6eec5195b67cf09fa7606497505569db"
"83fd5c0acfb04939d3779f770d7e90ec1bbd103f",".git/objects/83/fd5c0acfb04939d3779f770d7e90ec1bbd103f","895035","575238a52015057fccb9d62f8bd3d5bea35ade92bc487ecd0e8998267e2ddc51"
"8436ddeaeefe70f02b02273116ba4cd5fb0c13ae",".git/objects/84/36ddeaeefe70f02b02273116ba4cd5fb0c13ae","1273","bc7ac7837e871452a21a141a80e5681bf1674aebba3525a4190fa1670f4d27c9"
"846a5cae758cb821f0c523988fed25e220161b0a",".git/objects/84/6a5cae758cb821f0c523988fed25e220161b0a","24539662","bfaa6fec31dd8f63568beb43e9374106b93abe88a9d6b97c73e24ca964bbc722"
"8473dc8b6f09d8c1c5ad6bff09ce844746d87951",".git/objects/84/73dc8b6f09d8c1c5ad6bff09ce844746d87951","5109283","45ad1efee5884fc080c7b1cb247fadb9c59537d839bd38d26e50bf4d4179e069"
"8481d9d0d0707d4ebc3ab749b00472fd39de0e15",".git/objects/84/81d9d0d0707d4ebc3ab749b00472fd39de0e15","10874","3f37323a2e263f7aef23af114cf4a1a7331bbefda1a4163afc5b3e62885f3811"
"8484700532053c92108d7c383a153cdaf0874320",".git/objects/84/84700532053c92108d7c383a153cdaf0874320","1725815","b573fa3387fddedae23454d487b91e86c54dacbef804d1ba9be27bad34a1f75c"
"84d8f09d7570dc0fcf98ed7f2820030b965af98f",".git/objects/84/d8f09d7570dc0fcf98ed7f2820030b965af98f","11754","9e3c7703eb51babec5513ca21e9ad410f98cb1cef9b07807f245931bf526e283"
"84dcee3d0243cd4530e67ad2f9c87be7d1119a10",".git/objects/84/dcee3d0243cd4530e67ad2f9c87be7d1119a10","117914","eeffacb7c76abcdddd899cbf8ecf2f583c41245e0687049ecb6ab595a4eec9d3"
"84f6c35c54bbc179811064ef0fbfdb65a052730e",".git/objects/84/f6c35c54bbc179811064ef0fbfdb65a052730e","1459998","06c3c502f091e7271ab21bd28a140ad888d0c3723139ee92988fac1fed150ffd"
"84fdade9fcb3cfec754bd312eeafc09d8d4992d8",".git/objects/84/fdade9fcb3cfec754bd312eeafc09d8d4992d8","7588592","beb180e15fdd3aeae8b837b11ab3b296677072ea7570fdb34fa18cf2a4879aab"
"8500bde11e30534bb8c1f2ed59db60070bb63860",".git/objects/85/00bde11e30534bb8c1f2ed59db60070bb63860","1193552","9488573656ae35351451faddcd1231270d250a349d1bf845a8c6d222d5a4da61"
"85783b6b1abd9906f8462f09c3b1a8b3a71ea036",".git/objects/85/783b6b1abd9906f8462f09c3b1a8b3a71ea036","31772","767bb06efc2cd9b8456a23dc6aead03e958b648d00ca14507e21d4ff0e75ebb4"
"85ae71abc452716eecfb67f235e2fc6433e59cb5",".git/objects/85/ae71abc452716eecfb67f235e2fc6433e59cb5","18146","7a00eacb74b02792ba530274d460993bac8481cf9ebc0f8912a2a66bd7c47e46"
"85bb7cbb62e15a0bf3fe87b730f828d05e7d8fde",".git/objects/85/bb7cbb62e15a0bf3fe87b730f828d05e7d8fde","35936","04c3a974618946bf88da628e0473d7a8fe5393682dddccf9e3814a084308f4f3"
"85e52bfe40119a3c3d72b2fe5ed3adbc6276ec03",".git/objects/85/e52bfe40119a3c3d72b2fe5ed3adbc6276ec03","206741","faa05f7e20050bc60011f3f8a5c9eaacbab0e32254ecf1c1d76a1dba4518335c"
"860feab224c526eb0bb00e6e64c0e282d918bcc5",".git/objects/86/0feab224c526eb0bb00e6e64c0e282d918bcc5","1139237","dd441a9eedd6eddc9085e9ea1f609e89ff6af47caa5113c5524b19066f0213ce"
"8629d45d2f3aef1a89023b3efd8ea03e015439d6",".git/objects/86/29d45d2f3aef1a89023b3efd8ea03e015439d6","1003186","077ea94bda472b4cb4e5ecc57acb040fd56efe75b720f65f097bcc787b6548a8"
"86551881ec37b430725f3e0899b01a3427047132",".git/objects/86/551881ec37b430725f3e0899b01a3427047132","417499","c281d5d50058d98c7e65329cf2bff82c22f7fce4bf48e007d8b1a57799e345de"
"86dda0a870cea07732d72b0508504432022e45fe",".git/objects/86/dda0a870cea07732d72b0508504432022e45fe","320674","f107a1c705882555ff569420e80c85fed2a860aeb81dcf265ed5eb18db5556b7"
"86dfd27040339d8ee1f489c9d7b5ef544a76212e",".git/objects/86/dfd27040339d8ee1f489c9d7b5ef544a76212e","5507072","4160ac32f2b6266f9fdfb5f45cf5d72f7d37cd431b570a2a3365c029b82e18c0"
"86ff2b51283453a7025a4e4b1f5b9b81f70f8292",".git/objects/86/ff2b51283453a7025a4e4b1f5b9b81f70f8292","249","ef079824338ed196e4d330b86bbaa35585f6a3a1a8ddb672aaf5bb4d6602e350"
"87052d0ea7498be4e28704c1030f84d4cbd841fd",".git/objects/87/052d0ea7498be4e28704c1030f84d4cbd841fd","390","8fbf194d61550dd6cb301ffd0fb509b14c84e21ef4e343465cfc59efcadb750c"
"8708f57cbfe1b36f3d98518029524553e45bdad2",".git/objects/87/08f57cbfe1b36f3d98518029524553e45bdad2","1553524","fb02568e05d7d2c6b8491bd865146f791a09ed7571c7269dbd2090cafca6854f"
"870d17944e5e94f6595da52de9956f3ccd585872",".git/objects/87/0d17944e5e94f6595da52de9956f3ccd585872","2162454","8be8f4d6ca2d7ceeaf50fff7ec4a23c822f05bbfdd6b6a8e019174645dc61885"
"8724a29cd06409023adb7b91e6edb5ef20d455ac",".git/objects/87/24a29cd06409023adb7b91e6edb5ef20d455ac","1510598","b484ff1f30a8e70753be8580b267c9dd8bdcd55a3d10f150411e42f1680e89a3"
"8734c08545229db02ca2e849e3e314e734f7a0ae",".git/objects/87/34c08545229db02ca2e849e3e314e734f7a0ae","123","adf79b4e590a6ca6809c2f20181d012cf6827e8f04a4bda90162f50b0ec6e076"
"8745945fbc1b11eb2b19f442442ef3abe6726426",".git/objects/87/45945fbc1b11eb2b19f442442ef3abe6726426","109038","eec7a14d6e16ec19fb7ce1f54e7fa05fe2b0879a605ec2d5db84eaa3ad60b72e"
"874b445c291e36b9dc3b4ff0b56b8cc933a36838",".git/objects/87/4b445c291e36b9dc3b4ff0b56b8cc933a36838","830","7652aceeb49585f18a3c6d801d00d6aa97f7be7b3260135044e7fe53864d3e56"
"875aae4d1172c04b4708981d08289eb5003bdff9",".git/objects/87/5aae4d1172c04b4708981d08289eb5003bdff9","27332","dfe597c8353984c521efb8139a3ec6c0fa041c1100f87616e7f2beaa4c138c78"
"8761a5e634630688c693a633eb81d3f1690e94a2",".git/objects/87/61a5e634630688c693a633eb81d3f1690e94a2","16667","3d5251ccd3cd63c5e008ba96a8bc107571e503990de05cd1ca6ce92fa882cab1"
"877785dbe3ccb21b3bd42cb2e24a8e4a6e62c45c",".git/objects/87/7785dbe3ccb21b3bd42cb2e24a8e4a6e62c45c","1971","4a897ebfa57e6e67c4b66e413b133eeef8c5a7fe86d013376601eee1e938d4a8"
"87806fc8330cd9e7de5cb394ab3bd6356acd9f86",".git/objects/87/806fc8330cd9e7de5cb394ab3bd6356acd9f86","4652675","67ec9be5ca9d05295a521ddbab97d541678a2899af4ef3a8024d44dd5ea8f997"
"87b864b3bd10c3c012222039d4a89bfef476f02e",".git/objects/87/b864b3bd10c3c012222039d4a89bfef476f02e","5316224","a6c682a84263852fbe4b84013dff858b7e288f6055b7efee899f27cb4749e5fe"
"87c1e07ea4d3100724f54c71681549bcbb3a7fae",".git/objects/87/c1e07ea4d3100724f54c71681549bcbb3a7fae","1108","7e97be2be97e634d5881a42bdc0a0db6bd40ecc844af414eb6184d72996b8e40"
"87eb0023d2cb9b91e50ceb1e111bb2e649c8ac54",".git/objects/87/eb0023d2cb9b91e50ceb1e111bb2e649c8ac54","12090","895a35a4b2ca3c6cc7ce8bacfb90be6141cdcc2dce11d4703cb5eedcf0cab097"
"87f6391399c864543402880cdbce5169b407d92c",".git/objects/87/f6391399c864543402880cdbce5169b407d92c","1420849","4b58fa597264d0d016fd2d04c6561a52e31c3d35431dd5ee9c91c1df852dbe04"
"8853cb8d815431043c41be8280b4d79a3984cfe3",".git/objects/88/53cb8d815431043c41be8280b4d79a3984cfe3","20299","97ac845148e695470da2c9d766006112c3812bbfbea8c8f5d09e49bce3bc809f"
"887f740c03fe50a4a0e8c8e959046dcf78907ab6",".git/objects/88/7f740c03fe50a4a0e8c8e959046dcf78907ab6","1396309","b98b9b9bc594a800f04a04206e317aba42c97621d28007c909adce1302df4a6e"
"88e153d999ba3de1202a2c13c4a0c1e0d83abaac",".git/objects/88/e153d999ba3de1202a2c13c4a0c1e0d83abaac","1990548","d3ce33ecb668c2283da841c4f85e14019c8dd28179506e009e8f32efd58854c2"
"89009847e7431727510b2eacbbf8dec9c3f34024",".git/objects/89/009847e7431727510b2eacbbf8dec9c3f34024","1257830","bafc6feea1a9aec486dda3343ff25515ed27fa9fbc94e62ab8664added7f491f"
"89084d93a3797ad7f6537e869bfcfe8f02159a41",".git/objects/89/084d93a3797ad7f6537e869bfcfe8f02159a41","1057","c1b24f14b087da2f1dbe65f56d0cda8577db02426b1f6f5f430ad6b10ed49a39"
"8916d1814b37d96938bf72d8af9eaed046c1c8c5",".git/objects/89/16d1814b37d96938bf72d8af9eaed046c1c8c5","5597565","e923fe445182067a22298052ff25714a1f97cf102bd1f068c8fef7f44fd2099c"
"895766361803eea11d263fb225a36da6d112570e",".git/objects/89/5766361803eea11d263fb225a36da6d112570e","1257496","46f2140f4571c97cfbf62ffabb7e532ea6b96dff9cf47075816bf0dea234e874"
"8974abce8cd2420fd4c5602f53446938145d6941",".git/objects/89/74abce8cd2420fd4c5602f53446938145d6941","2170115","23d34c82b26697fe3cfc004e176f52d06fbc35b595fc90a9f5d5256008db07da"
"898f7695b3d911ccdf1110b1b9c757059d00bb4a",".git/objects/89/8f7695b3d911ccdf1110b1b9c757059d00bb4a","1238481","5788d7666c9e6fc8cb165a90acd2635d4c745c2b63033eaee1957842c354c44b"
"899b3ce8bf9f1ce0148ba30bb2e1bfb8ffeb4b05",".git/objects/89/9b3ce8bf9f1ce0148ba30bb2e1bfb8ffeb4b05","1142094","8e1665a84edd29068fac7671c25412f04a94e58db3be822b941d61337e014d90"
"899d7dd0a7fb058cb3582f606750fc8682398a2d",".git/objects/89/9d7dd0a7fb058cb3582f606750fc8682398a2d","1114228","977663778496b587aab9c9ab57fe46e7d7d1859e33f0d915710e4b4fb79068f2"
"89c58b26eb0e27413d9b2bb29f042dd17071f828",".git/objects/89/c58b26eb0e27413d9b2bb29f042dd17071f828","184079","508af0db021c22f5d4ee0f012354b1a7e9cca641f874efa509dc7cb4ab2c8174"
"8a04f2140e4096a944b9a720b90842eb62163955",".git/objects/8a/04f2140e4096a944b9a720b90842eb62163955","325991","99330e2e3d0889e88475967b251798a4dc20b6f216e14996e93d71309cc28ae2"
"8a109c76ca1cb9e6dcc87ad3fabc9b0fbea337ad",".git/objects/8a/109c76ca1cb9e6dcc87ad3fabc9b0fbea337ad","28468","1f9badbca894f6625a5ee75e82d964967617cdcfe9dadfe7edc45cb2073dfd4d"
"8a10adf3eb11e01b2d7497045a2304f8f796aa7d",".git/objects/8a/10adf3eb11e01b2d7497045a2304f8f796aa7d","1319415","40e718c1099edba212602f06a2cb3e93331fcd95aa8a6b799d32203de25f1532"
"8a2e4bbda20a298b93c6aa18491e589dabfd1353",".git/objects/8a/2e4bbda20a298b93c6aa18491e589dabfd1353","1703108","b65f6674e50a3e3c2a5c6be5d609fd16cc48025380cea0dd03543986c8e65fc7"
"8a827be0c8f0539fd41002b91b4d08529b8c2b66",".git/objects/8a/827be0c8f0539fd41002b91b4d08529b8c2b66","7828","b6dd4fef81dbf19d49b2fb09589195767eba1bcafe698da3ae74f4cae1ace4a6"
"8a8ffafd6f0c0e52512f28fe79260bec702302fd",".git/objects/8a/8ffafd6f0c0e52512f28fe79260bec702302fd","27980","d60ea8d48c5b67327ed32c87646dd5c95f20fb32e2e901c7ccec1fc6800d36f3"
"8aa30c1765730efa81dd48692408803124ec8424",".git/objects/8a/a30c1765730efa81dd48692408803124ec8424","1656483","a4a9436fcc0a9ade39a7d9bfa030e23ee487eefe3b8b8d7076f5037788455367"
"8ada8a05f6573c438a1dbe55b6c70999cdb1f621",".git/objects/8a/da8a05f6573c438a1dbe55b6c70999cdb1f621","73","06d323e8a6d70c3adbcc0d1228523d1cee102777d7f63f9d9168c9449adac007"
"8aee13115ce40781babd39da56a982a434f3d1dd",".git/objects/8a/ee13115ce40781babd39da56a982a434f3d1dd","254079","b5aca23fb97fcf825ad6c938067dc47adf39ccb2e6976650a518ca5044d93512"
"8af3f3204410f92c9a9ef71cbd6974f82f4ca547",".git/objects/8a/f3f3204410f92c9a9ef71cbd6974f82f4ca547","3895388","ed15a23ceb758ab41d7f1f2d181d7382e4c7901580358bdbad9743e204d133a8"
"8b556c4213a932488c866de5a1da8bd8ad7c2980",".git/objects/8b/556c4213a932488c866de5a1da8bd8ad7c2980","2031818","a3b1182ad54a6c3fd5c9228d6c4cdae6bbe036b82bd46226e8ef11594f41f76e"
"8b7c12cf3cc0a30e3d2d6a6dabb2fe1c239ccd2c",".git/objects/8b/7c12cf3cc0a30e3d2d6a6dabb2fe1c239ccd2c","410149","5aa8ac2519704404235ff70ed426fb01750559b536e6e8eb7278518a8b3eff81"
"8bc340e3d304783311eda2f3b0933e3b9825197b",".git/objects/8b/c340e3d304783311eda2f3b0933e3b9825197b","2021699","19bc7c9cd026d807e3f634481d0879ceac18a0f7523939ec0afc6c2e16718b6f"
"8bc50730bab24b405439e581bf04ec1d955c6cff",".git/objects/8b/c50730bab24b405439e581bf04ec1d955c6cff","383","58b29bf4550eb824ce4710462abd3d9c80edee56dceb5156f865e88643c6986f"
"8bda1ea26c3786601eb7fdda84fa5edd5a30b7cc",".git/objects/8b/da1ea26c3786601eb7fdda84fa5edd5a30b7cc","7125","6c5fb6de961eedcc51c1a7c3441551fb696b0b2ca1ef4c0f0da0b2e1a338a7d2"
"temporary",".git/objects/8b/tmp_obj_yIKSOa","39350272","99a9ca6f001381e75609e3863ccb3142e6d324b579f452e0e8105ad5065156be"
"8c3526ec3e98a3fc825538072b97f5823bf4eb30",".git/objects/8c/3526ec3e98a3fc825538072b97f5823bf4eb30","43568","dee67889b79967a0604a5c44cbe333b534dbef0229be6115cebcf0280653250d"
"8c4dc8c8534e8c46c7893552215260f29a2e2a37",".git/objects/8c/4dc8c8534e8c46c7893552215260f29a2e2a37","290","51b78144ea49d04fb1c70a40f052aef346b96db0f5e9d21d9ea531840cfec075"
"8c5a66b97d546c2fa0a50e75310c8852383b21d1",".git/objects/8c/5a66b97d546c2fa0a50e75310c8852383b21d1","1408174","6afe0d1c72591b01fe79f18aa53f70e9f9277269e131d9d03888c75d14fc8433"
"8c9756bcfbba1e2974dedd42fd73d3d9e23a8c0b",".git/objects/8c/9756bcfbba1e2974dedd42fd73d3d9e23a8c0b","5116336","d07c92f6ca5936339792d8359401b97818fc7a965882f2a8e4d2536fdee43a0b"
"8c993cab95d5ab0561b8968d37aec175625f3b4f",".git/objects/8c/993cab95d5ab0561b8968d37aec175625f3b4f","1439910","b832c8fc6fc7615883e5d2cc0dcb5aae9a662ed13affebea66f57e6a74b4eb2f"
"8ca593a38cd50f766229dfba9bc00278596fb798",".git/objects/8c/a593a38cd50f766229dfba9bc00278596fb798","1695096","2107ca91f6ec5bffee3816e506b7179b2d8966c6903375b2e1c59c09c7f780d9"
"8cd3f57010e8de634e44aa82bf8900626823d429",".git/objects/8c/d3f57010e8de634e44aa82bf8900626823d429","808413","0e4ede49d8fc7c00a36ef950119dfec7a323d031f22413d715490760af69eb5d"
"8cfeb0499f4d1d87500e3a5e83f47ba67c5ee5e4",".git/objects/8c/feb0499f4d1d87500e3a5e83f47ba67c5ee5e4","834","c8cd48eeb4426406561fcfead2da30ddbaeafbe66818a7561c79b1f8305cf56e"
"8d31c91f0c3473d9e92ca9d095d1972ae979e5a2",".git/objects/8d/31c91f0c3473d9e92ca9d095d1972ae979e5a2","5147","3103db22a4539411fb28b805879643ad32605790156f80e034aefbc9093e1b42"
"8d4281c34d88907edec12d20b08a737256286471",".git/objects/8d/4281c34d88907edec12d20b08a737256286471","1514051","8c6f2eecc277fa1d42f2b863d46816d8197e336de5d88d5ea373acf194ad0d36"
"8d5d0d7bbe46bc861b3822fdb13ed6e1a074d75c",".git/objects/8d/5d0d7bbe46bc861b3822fdb13ed6e1a074d75c","3437","cb65a67e150a1ba79acbee16b8bdf03227e1dfeae3398b649709d8dbaa65270e"
"8d7318731b69f810f9471340d385ba460f514bec",".git/objects/8d/7318731b69f810f9471340d385ba460f514bec","206611","f24f0b77e78e83a870c141bdaf2b09b3d7199188615cc6e67f242d62ef1c9ea7"
"8d8a6f4243357e771f7ac7c683d00fd73c7775b8",".git/objects/8d/8a6f4243357e771f7ac7c683d00fd73c7775b8","174165","9ae2b997c371af4f22db96d6f78539f66b38d16f41a226333cd74b7084b7956d"
"8d8df98ac0dcb8eca556dd56d036077fd7c194fa",".git/objects/8d/8df98ac0dcb8eca556dd56d036077fd7c194fa","1508304","2bf7cada73829a2814045799b8ff7e8ea783fd727f4af702a709fece8c83f755"
"8da0a54e389a83a54f8b505f3b0d3ec3eee5cd0a",".git/objects/8d/a0a54e389a83a54f8b505f3b0d3ec3eee5cd0a","176831","9400dae8e48b7c32f3eb60c251ab4a13a4012b1ea5b1beb264902bb484438189"
"8db66202a68bc4de027e3990efee9a91e69d576d",".git/objects/8d/b66202a68bc4de027e3990efee9a91e69d576d","120274","24519c35b9dc8fd1ac528326c0071fe8afc6bb54fa261d98d4bc4c377cc5caea"
"8e992ab9fe7ad038ae455529523fbaf12ad4727e",".git/objects/8e/992ab9fe7ad038ae455529523fbaf12ad4727e","154","d920782e89dfd076b9a6bfabdff26b841a3ed921936ac184d56b14103098fa35"
"8e9af1692c9dd45e80f313f431daa0314fac0261",".git/objects/8e/9af1692c9dd45e80f313f431daa0314fac0261","463092","5bbc6b0bad053d97f3c211313844575d9471cb4c6352eb22fc657c64e0609259"
"8eafda5313c2e4799135e8fc363014da992105e8",".git/objects/8e/afda5313c2e4799135e8fc363014da992105e8","6273878","8ff3c9b7e78323b0f5b6139cd3d425eae39ea21f1f58af89e944152faccca765"
"8eff631d9d5a53d90049d06df1497c9a9233700b",".git/objects/8e/ff631d9d5a53d90049d06df1497c9a9233700b","73","5233a0e97f30dcf528db1cea1ea2f5a0ecb5fd184e3ab8195047fcac1852152a"
"temporary",".git/objects/8e/tmp_obj_8PsuJ5","5853184","6c472a671dcef3dd50b9e865496f4e99462eace9236bcb23e6858651db551a86"
"8f4538ac680d45ba87272a72562fbac9f1655c44",".git/objects/8f/4538ac680d45ba87272a72562fbac9f1655c44","7945","4ba8aade5f576fabd294063be11bd5f6e4d1b79ba8f2f3316574e2b663b7b17d"
"8f53026817f8e5ad4b20bd2b1035087a8990a883",".git/objects/8f/53026817f8e5ad4b20bd2b1035087a8990a883","584538","f8c6034cde7c53d85ea5c72441ddce4d7c225788c54a7bde4a01e9ea879b9b93"
"8f67581558b01282da705ebee227de117063d8d1",".git/objects/8f/67581558b01282da705ebee227de117063d8d1","430895","a8b98533aeb68507e791017e854e7a73a37cb1115dcfa33d4103bbf18db31ce9"
"8f6d88cee1578e5106928f038de9ef33e6278e0c",".git/objects/8f/6d88cee1578e5106928f038de9ef33e6278e0c","57534","db60e6eb19d34fc9610809dba7ea5853942428f94776a47fb15231f86a5f5bef"
"8f8c9c54476075772151d6ee241706f427337e04",".git/objects/8f/8c9c54476075772151d6ee241706f427337e04","5463412","80550a08e28e1f9a6d22262566dc25b8feed28b9cb0cc4da0b9a3efa6db371c6"
"8fb2e598b8a8859a574d91f5943dca5a4ce4c51b",".git/objects/8f/b2e598b8a8859a574d91f5943dca5a4ce4c51b","580823","fa1d240851added61c5d05000b564617a573d889cb11cdd27fd2edb1de1c00ff"
"8fe5a1783ea2dfd1228aba36b36ca6bf7f6ba6bd",".git/objects/8f/e5a1783ea2dfd1228aba36b36ca6bf7f6ba6bd","64724","a664a512e9e2a72b75d0fbd9e3a5202e89b136fbef7fb9fc46cc62b085c7755e"
"906ea8497957bca7c393faf7446338da22da5464",".git/objects/90/6ea8497957bca7c393faf7446338da22da5464","742804","989139b5bb2347b88921adf39ffce3e6935e7eea44ee0532a093cde56aac44a7"
"9076ee2c69d44c19922064cb6ac2903a56355853",".git/objects/90/76ee2c69d44c19922064cb6ac2903a56355853","37762831","93d3ecd8f4e3e11292460697f2c3bc2d47d5378e41ac0cd5a4d15d32978f2f4c"
"90a250f8d02366a40700807d494fabdaa55a432e",".git/objects/90/a250f8d02366a40700807d494fabdaa55a432e","3323","57461cc29c91552a27d06a61598210bae92cd96ad72a0868dd1d387196b8b8c3"
"90c858dd25da5815854609d6436a65660f7bc604",".git/objects/90/c858dd25da5815854609d6436a65660f7bc604","4504362","770461616ce97430b139d6907936ccc50e5d650f5c4cfaf30c20dd6bb6381016"
"90fec154b4bc85ece166244fe694e5672565e9ab",".git/objects/90/fec154b4bc85ece166244fe694e5672565e9ab","354","7f36a372b5ce4d8c13ab1b252cda4f0c223bbb9204cabbec104d4cbb16af4b1c"
"913325cbd36f624a814d51c7f25dec2c684a77de",".git/objects/91/3325cbd36f624a814d51c7f25dec2c684a77de","32304","6b6b3d805f75824f925f2c13d207fdeb74328cd5396c026b28688c3954d1e64b"
"91503f805e3637fd48377b6121f687818ae00f2d",".git/objects/91/503f805e3637fd48377b6121f687818ae00f2d","1237","e427da7485af87e7e282d91b5b96744ebaf9c63506e6f54721cee5ad7c9ad9dc"
"91691d54664b63c9fc8dee3162a297ca99075490",".git/objects/91/691d54664b63c9fc8dee3162a297ca99075490","289950","9711fd03a35a4a5b8eb68a2c43e8c36bab77f4b9fb5a3c59b442d66b9b0697da"
"918425f8f20e255cedcdda129770ac29774a5640",".git/objects/91/8425f8f20e255cedcdda129770ac29774a5640","434967","6d7dabc386f9769899ba470d96796c60783bf29f8035b7fbf0d35d1b02a533d2"
"9184978b18bfc68f63d185aabc05540abc492bd8",".git/objects/91/84978b18bfc68f63d185aabc05540abc492bd8","272","581215956a847ed79b3dd9f40af4a0e077c5a703c4fb347f9a97ec73cef03e10"
"91fb93323d76a559ba583ca39001cb5fd6a1e6e6",".git/objects/91/fb93323d76a559ba583ca39001cb5fd6a1e6e6","1690420","2ccab43691b99f7d237a8dbb046af9eabcfbb02cbf60d11e3aeba38133edb43c"
"91fd510648c27e81c55065b64c48709e7189c475",".git/objects/91/fd510648c27e81c55065b64c48709e7189c475","419467","7d5ffaf316f45fd3f0159ebce922058976e411837ca910df59fe2053cbbfc6b4"
"9209233ea74e68f98e0b0c6f6718510200726543",".git/objects/92/09233ea74e68f98e0b0c6f6718510200726543","613","136dfd94a7b857cba11f1ad8455583531118b697df970aef739ca6c8af4cdff8"
"921487a33320325b373a3f7a19ccc9ad0d375ab1",".git/objects/92/1487a33320325b373a3f7a19ccc9ad0d375ab1","2132868","97c4ed2b212932bc8536914da89966a12c609ab7904e8a6d17e908952e68ce10"
"92729f89dfb7e148e66662cb5e27a6291d94cafd",".git/objects/92/729f89dfb7e148e66662cb5e27a6291d94cafd","2205205","94eee34642aca31feea3fb5d4c225e9941f5307aac8fa7a15797f75e8766c2b8"
"92780fdb7dbc42f3eb0bbe8cac5587f92fb19e46",".git/objects/92/780fdb7dbc42f3eb0bbe8cac5587f92fb19e46","291","5b147c050777c6d3538bc550809969b6f15c95919bd2a90e8d849296b8f9132f"
"92a5c9983120055cfc06d71d6a96e8e4ce4c9db4",".git/objects/92/a5c9983120055cfc06d71d6a96e8e4ce4c9db4","8982","cfb136719d7f37d96878925849fd119bc817b82ddc61e7623af7b171b72f93fe"
"92a8089dd9e6de231f2f01402e04abdf9fa45b5f",".git/objects/92/a8089dd9e6de231f2f01402e04abdf9fa45b5f","452550","7b18928cb7b0b36037e3a2ce1e5f5a38725873f97ed93c534c21ac4ee7b24d7f"
"9357188bec536af73bcade2aee157b7c1869979d",".git/objects/93/57188bec536af73bcade2aee157b7c1869979d","449073","5a29bb7b2bb36947f5458fab7885f10ea9f7accd2d6ac43418b9ff96d071d664"
"93613526e71680c08d560ac0a282bb64bb1b900a",".git/objects/93/613526e71680c08d560ac0a282bb64bb1b900a","254","92ebb2123c8db865102679d67d6ac5951c2b9a82bf3a796bce5c10b7ca43e078"
"9396693cf700a5af0ca828e5da4d51bf991977c3",".git/objects/93/96693cf700a5af0ca828e5da4d51bf991977c3","2520","37e36fe47a4c3e6d191e2405b8c34afc4087a21c5024d08c2e850f26482b452f"
"93a98ec5ad8e6a88181573f87f03366f4f17fff1",".git/objects/93/a98ec5ad8e6a88181573f87f03366f4f17fff1","147085","5759c2e66d89847243fb42b072cacaf6afc9e346a8701b7d9358faef91d2d29c"
"93ec1bcb4defc4c5d9a8146e253468f9a9b95be1",".git/objects/93/ec1bcb4defc4c5d9a8146e253468f9a9b95be1","5821","c2dab992ef5caa88c749e01f647521cf915db9e9e123c9e0a7f7fb2c270958c9"
"93fd9f027526b48476fbf0db3f8b24c72d25a821",".git/objects/93/fd9f027526b48476fbf0db3f8b24c72d25a821","1740888","fdeebad8fbc692e0165b4cba81881a7c1048f123bc0f3f5d96d85023117502c9"
"9400e147c00f36cdf3526d7065848b6cac0314bd",".git/objects/94/00e147c00f36cdf3526d7065848b6cac0314bd","3629","9f9cfb1cffa3578e8eda1415bed67d36e409ec4a322c6dd31d4709c42929a45c"
"940dc6045b3f093bbf0123afdfc00dc352ccc46c",".git/objects/94/0dc6045b3f093bbf0123afdfc00dc352ccc46c","786274","221b8df326eb4847b99a8dadb8f3643fc022661104750e8b1eff78849e4b0147"
"941f41d8ba7c3163924746979adb6bb036d6c1a1",".git/objects/94/1f41d8ba7c3163924746979adb6bb036d6c1a1","1051","e1dd54f5a6fbe1b4e95b620026fb2c8eca552aba42e9dbc255784fb16e0d9dea"
"94ab00b35265d40851b4e83f90b0e55f9e319eac",".git/objects/94/ab00b35265d40851b4e83f90b0e55f9e319eac","1588954","2f679da90c6f0bbe359b3a24e5c0b6dcdedfcc09b0498b36c13f2bc0ea130977"
"94b17c37933dc077183b453f3933f8243b060023",".git/objects/94/b17c37933dc077183b453f3933f8243b060023","736761","ade3efd04fe49510b4ac63665175f4dfc4d970e65f7b8767b01ac24260599358"
"94b6bf4b4a2527421f51457dcdfa5c2ccacbc3b0",".git/objects/94/b6bf4b4a2527421f51457dcdfa5c2ccacbc3b0","739","44fd0542cd4a01adfa1eefafaef8df9c8ee93d3404d9ff5c993eeb866b05fb85"
"94da0aebbd526af3b353a6f9cd6e7e73e3fc5c7c",".git/objects/94/da0aebbd526af3b353a6f9cd6e7e73e3fc5c7c","17004","4a7bae1e7dd9996beded3e115598af02c8ed1af4cd4d3bf26629af22a048df27"
"9508d865b1da772a1e813570ed4397d168635434",".git/objects/95/08d865b1da772a1e813570ed4397d168635434","169495","e12507b00361b3e4e1207958e006cb478f9130d10b1e29f0107fc884131d9093"
"951ad69fc2c477e2c499993a20e38264ca0933f0",".git/objects/95/1ad69fc2c477e2c499993a20e38264ca0933f0","1091076","fa0145e8a2bfa843b9061afbab580c24c27adc643d6539a1611ee497f8bcd23b"
"953d269058a6438b15a569d04e1890a13c97ec09",".git/objects/95/3d269058a6438b15a569d04e1890a13c97ec09","1446926","fe0f0c1b5b972c535b3b4b75218cb996a409149e6117b836915316c318f3741f"
"95461ef95023ddc8dac5f72f692509f82c56a30a",".git/objects/95/461ef95023ddc8dac5f72f692509f82c56a30a","434574","990aeef4ca4105a2f95d66a76979906bfb40ab77bda566622b8e197b6173c334"
"955c6e30a43956bf8a7be75477c783f9250ce950",".git/objects/95/5c6e30a43956bf8a7be75477c783f9250ce950","207671","5de3515000e3a4ad01d3c031b7bc4b88f051c755bdf30c832961222bba547e34"
"95978893acfbea8ad011de77edd84657b55b7c82",".git/objects/95/978893acfbea8ad011de77edd84657b55b7c82","1602094","2d9e6d0da7de5a346da843af42c158bc816302441150e8fab6aae73bec336073"
"959f7ad1a218e49e7c059deeaa993f14e123d44e",".git/objects/95/9f7ad1a218e49e7c059deeaa993f14e123d44e","1442263","38a72fe04cdd569c534ce7c23b18afe1d066455e46f8a43163a44df58ef5c6f1"
"95ee55214af3be46dcb166d1e9709956e4b6b075",".git/objects/95/ee55214af3be46dcb166d1e9709956e4b6b075","123313","c23b40a56addb3c16889218a74b314827877e116115e3ef9ee8b51ab9b8ff7a9"
"961071790e0b6ffc2be64865c5132990ad70bda6",".git/objects/96/1071790e0b6ffc2be64865c5132990ad70bda6","28571","dd422d2322f32bf10a55b6bc18ba824122b7df2891a44ec625c67f21b4ec6a3a"
"96b375b74991a373e2a0b188094dc991b2bafe7f",".git/objects/96/b375b74991a373e2a0b188094dc991b2bafe7f","476322","7c764c8e238c5ae2811432b8906e0bc2360b64ba35de4de1b8a1cf5e133fdb54"
"96e0403efe9aa9e2820e8f81a648534187fcf7e8",".git/objects/96/e0403efe9aa9e2820e8f81a648534187fcf7e8","3544","85257894aef0e4d1b4a421621cde07aeaa5505dc8adda0579bf6af36c013e24d"
"972d84d03d3b2d628b0f049185cbc14c67f190b5",".git/objects/97/2d84d03d3b2d628b0f049185cbc14c67f190b5","430268","c99919c288278bd69fcd1f26d5a2e7b9228eef6b2a649008c4a040c8f8e67f3c"
"974fd5b09ba1cd0d678c58ed1d72b69c0cc7fe15",".git/objects/97/4fd5b09ba1cd0d678c58ed1d72b69c0cc7fe15","7138","368647168c082789e19a3f4a15c4362758a475b35477ff100507a04a6c4a3f15"
"975daa7f204980b4e8a92cca3b15ea2940f16740",".git/objects/97/5daa7f204980b4e8a92cca3b15ea2940f16740","34033","201f013a073baaf365af7ce4c4fb7f4871ddfa424070547406b6459f82d9013a"
"97be80e035c9af12e96c5cc1ba073f96d87c067e",".git/objects/97/be80e035c9af12e96c5cc1ba073f96d87c067e","7364","57a981e0743eff4846a69d763dac2d7ce5a169086951aaae7873615dfafe208e"
"97c9a131b2545255addcf0a735773783a9a47b2a",".git/objects/97/c9a131b2545255addcf0a735773783a9a47b2a","6001539","dfa036bd9dddbc2ac8d1f58cfa3c27b924cf3ce9df7671348b20644e47e126ee"
"981bf0bb250cfd1f1acef0e8db9607c0be426729",".git/objects/98/1bf0bb250cfd1f1acef0e8db9607c0be426729","68144","9f11ae86ffd61fed3859b2f3fa0e975fdec811a3a459c4afa1a312549095d938"
"9850c12c194cdb4125162d5f63f51caf87628743",".git/objects/98/50c12c194cdb4125162d5f63f51caf87628743","239598","f2859da4d659ee9cfeed59d1af36711ad06c8c2efaab811bb50a03b155670ba0"
"9864adc1746fb1b6de0ef31ddaec8e8c58bcc1f0",".git/objects/98/64adc1746fb1b6de0ef31ddaec8e8c58bcc1f0","594553","a6fca9e517d91f89d6f1cfb7f35459307d59dcd2de8f46294539dbd6d7d2fc3c"
"9888a07e11c9c5dc3857ac302ef2e69a121e41cf",".git/objects/98/88a07e11c9c5dc3857ac302ef2e69a121e41cf","1545294","09aea825a387015f0f6b759182e66889ff43920b53edb17b2e7fbc2dab596df1"
"99345de5aa7971fa5938c9173b10e2fd55c28268",".git/objects/99/345de5aa7971fa5938c9173b10e2fd55c28268","82402","1eaa42513b53f8775a3bd49a229a9f88f1470e73fc4071be75eb27f38ced3c62"
"993e718e1600ad43ec782aa133721541bb481539",".git/objects/99/3e718e1600ad43ec782aa133721541bb481539","727381","12dc8e8d0bc28da7489058e759589b44f03d0214ba8f5084e5bb299b39702f55"
"99452674624318b93411ef458d257de7e89ed1e1",".git/objects/99/452674624318b93411ef458d257de7e89ed1e1","633","a7ee8de5798a59138c8b01b22387c1317da7478935fbaba38e864e008d58e4f2"
"998abd281b0dd4f636d6b824626e746bc3bf80a9",".git/objects/99/8abd281b0dd4f636d6b824626e746bc3bf80a9","40956","6696edafe407d6a475d47fad3cb48000d3cbf8e65dc14d11b97c8d8690976a6b"
"99998c3407a1e86437ac8b0a30a27882414c39a7",".git/objects/99/998c3407a1e86437ac8b0a30a27882414c39a7","136717","c34b59d7742330acc7389757e6805f0e4a1b761436a593a7ba1c1664eefd91e1"
"9a38049b95241d556cd3bb693eb6a4bfd8031e5c",".git/objects/9a/38049b95241d556cd3bb693eb6a4bfd8031e5c","25499056","16799b293d327b4de2f11fd49a65478680fccdc173c599319f3dd1bcf3a86cb8"
"9a530ec7b345179738c15bfa2026e9b49759760f",".git/objects/9a/530ec7b345179738c15bfa2026e9b49759760f","733","d44cf8599a2b2eb247c6e20ac3dc5384f01fcc283423d88ff790ff15d504d36b"
"9a5b0f4906601f05963715651c3d069b7c4c9ab2",".git/objects/9a/5b0f4906601f05963715651c3d069b7c4c9ab2","4718880","6cacb16a4f46139d2f355e59c7130539c43f6cdd3b76936fe39854eeba627710"
"9a818f6bf4efa1c773e023edb08c1bb0b066e350",".git/objects/9a/818f6bf4efa1c773e023edb08c1bb0b066e350","1386859","1c27f4789a43150318f4a311488b7e1515e5c31f233fe132a36db08e9e26874f"
"9af3b30899467e4c74d2e113384758f9a7274d3a",".git/objects/9a/f3b30899467e4c74d2e113384758f9a7274d3a","180796","2f965b70452f7db37c4b2dba31175bf778e79b4d777581563891f2bbfc4e57d0"
"9b045981718989b98a5a74dbd669da4f331a6a68",".git/objects/9b/045981718989b98a5a74dbd669da4f331a6a68","1273757","8cee7b7f8519fde4a74abe227c0dba3362e92aca4eba82eb2b208038745df883"
"9b7a5496e2e16a7ba8d59dc643ff690927801c27",".git/objects/9b/7a5496e2e16a7ba8d59dc643ff690927801c27","767018","c666376aa94b62e1f91de89529666e81f5c4e6e4ce08c586c4fc7fb02fb61505"
"9b801ea9202e5ea338dff0ef8b94e7eb38fd37ac",".git/objects/9b/801ea9202e5ea338dff0ef8b94e7eb38fd37ac","14261","80814cfa8c991304afd15b91540a5f3d8849c0896f152cae5b73feaa062df695"
"9ba0fc94c8a2b72ef9a3df1a25f771e76be54037",".git/objects/9b/a0fc94c8a2b72ef9a3df1a25f771e76be54037","18758","becb4af85a379759a1a2c425426003810dd0c4a04295e037dfcb23f81c3787b5"
"9bca4ce9f86e8048f0f976316ffd33c4ef6f4082",".git/objects/9b/ca4ce9f86e8048f0f976316ffd33c4ef6f4082","377493","b7a933bd9737019e86233f34e01aee92abd81d3744863387258c079ecd235ab1"
"9bdb66aeae7c61a6f0ace2e5b46ae551c23df690",".git/objects/9b/db66aeae7c61a6f0ace2e5b46ae551c23df690","2066215","b04174634023e5beab4a1e2f1c747b59a452f73f33925fb39f2bbbd6efb8689e"
"9c03b912103be6be2fe49ada0fa69aeee45794f8",".git/objects/9c/03b912103be6be2fe49ada0fa69aeee45794f8","1383220","ed4a479beffa137ff0aab88b8d2d384af687a859551ba3bd97463f41705da30e"
"9c1d7fd11eedd6bbf3819d0ad29dcf19bece992b",".git/objects/9c/1d7fd11eedd6bbf3819d0ad29dcf19bece992b","2304","b899fa0fd1c0863ec45c5a884bb767ab8f75a78df6111331fb343b157ea76c27"
"9c39bf5914f54b0e03946ef20a53382a46fe92a1",".git/objects/9c/39bf5914f54b0e03946ef20a53382a46fe92a1","3296105","15820762788c8892ad9545373fe2b0da7349fa51076bb96916a7685ca39df280"
"9ce27d94a1386fdc20dbf5e50e28e60219b5e2c6",".git/objects/9c/e27d94a1386fdc20dbf5e50e28e60219b5e2c6","1261477","fc7b6cb036bb31dd53c1411b0fdcace2187dca9ae92488dac7b6fbaa9eb0ee9a"
"9d3e683e21336e1fc8939311183888349982768c",".git/objects/9d/3e683e21336e1fc8939311183888349982768c","90828","edd543a3c31e517b9513107336b2100a1e8497bdeb5efa085c748804b8ae6b2f"
"9d726ee6ea2c478fa43bf48263f97e52282607df",".git/objects/9d/726ee6ea2c478fa43bf48263f97e52282607df","34224","b907418450445f3effcf14fdc60f08a6b8c129659cd32998930c0fecae378712"
"9d82751825ef86c9e21d6a80838b64cc3ba72c29",".git/objects/9d/82751825ef86c9e21d6a80838b64cc3ba72c29","1797888","a41870191b60af0025de19c55a9934fbc37105b1553869076ddccfe36181ca38"
"9da4ca25efc134a19783027acff2b6977de7efb3",".git/objects/9d/a4ca25efc134a19783027acff2b6977de7efb3","46687","811021dc42f4c6ad1f9bd17699a29f45c5fca420ff5a7f3474853185977a5183"
"9db6fde766925f5f971ba693958b9c7ced4cf178",".git/objects/9d/b6fde766925f5f971ba693958b9c7ced4cf178","41995","ac87f3c14c362d601a2da122e33e113003be341b685212130a7a8ffc3fc088a8"
"9dbbf6e8d21b2e4bc8365cfdbcaf85280b66cdf2",".git/objects/9d/bbf6e8d21b2e4bc8365cfdbcaf85280b66cdf2","6350371","36d348866d85b45feb4af4627e9af9aa0af1cd443b2c7283e65e6b8407fdfd7b"
"9dd7ffcf40cc38a9ebb4e33513aae019f8caaa9e",".git/objects/9d/d7ffcf40cc38a9ebb4e33513aae019f8caaa9e","848617","ca80325ae109773bce9d58717aa1f3196b2453974dd9c7edfc3a3ba8db5f0538"
"temporary",".git/objects/9d/tmp_obj_DnXjok","1839104","f22729b4362d615139430016bc7159a70377954f92255551a479a0d64b8f3fcb"
"9e0d04ef8ead968825a146328b362499894c150f",".git/objects/9e/0d04ef8ead968825a146328b362499894c150f","795856","04e8748b1afd30d1cda0693a9d54b5eb80ac2f81bee544ad856c4bd69fd07f8d"
"9e57caad1fc026c40181eb825792d3e8e2e7c9a0",".git/objects/9e/57caad1fc026c40181eb825792d3e8e2e7c9a0","446","d1f06bcb016b18d8658709f5c3141713cfa6753f0d41eb9cd4b04c15545b604c"
"9e6b093a4171f7207a0f56da3d3dd5349896509c",".git/objects/9e/6b093a4171f7207a0f56da3d3dd5349896509c","2138266","e5ee4a9690bd27c2c8e15c175d2de13a007e8d8005e49501e22cca3fbe5b2ad8"
"9e79f77a5b6878b574520fb8c9b727b5a135b400",".git/objects/9e/79f77a5b6878b574520fb8c9b727b5a135b400","1153853","73a15752c241d03031969c8bd6d83231dc4b914e0366f2332c4aae3f0fd49f34"
"9e8bf46ca09e18d56791ab46c098852c674af2b5",".git/objects/9e/8bf46ca09e18d56791ab46c098852c674af2b5","571892","082996eebbf6c01c1c9ec7c3c40ef3ca551180ddb68d3732ae65eef7f6503a98"
"9e980ad91576db2b9ce85e4cd1498a414fd68d5c",".git/objects/9e/980ad91576db2b9ce85e4cd1498a414fd68d5c","1017982","c0a08063b5acc842c87fd06313f2cc0bfeef1d8b1c29d9782f962ef17fff982e"
"9eca454a281476e630384b96e6e2c6f0a7f4a2e0",".git/objects/9e/ca454a281476e630384b96e6e2c6f0a7f4a2e0","5528774","751cea6ea262ca627ba1d929dda502fe438eaec02ca3e8b1dadb4b5e6ac0ea8a"
"9ef055d337f084116d7235daffdd3f852ed59762",".git/objects/9e/f055d337f084116d7235daffdd3f852ed59762","1610","668ff069f7d11d6995b44111ecca0c5bbf4b7263feff935f2bb560e631e0a12b"
"9ef4cb9276d2a22aa4c644392b97d0729a1927bf",".git/objects/9e/f4cb9276d2a22aa4c644392b97d0729a1927bf","3989","53ad06d642332fa6afee08740a02f687c0e49c93b2bdc6f081706b45511d7b92"
"9f2da475d3f5376cb7f268e5f8894153ff53869a",".git/objects/9f/2da475d3f5376cb7f268e5f8894153ff53869a","83731","8527ec9005b38c8396a5647a3faf3a44bb84eea80fece022b81aebcef7298a17"
"9f48fdca5a11a4fb3d01ace8312dc988bfecb085",".git/objects/9f/48fdca5a11a4fb3d01ace8312dc988bfecb085","222800","d50296c4bafe39b4903af210df6c5ebe2ccf94bfb6d9d0c7c7068309f443d9c2"
"9f7cb553b207ab224561449cff1f4a9df18b6cfc",".git/objects/9f/7cb553b207ab224561449cff1f4a9df18b6cfc","4843","3edc59cc7edd4ba9dd656b0b6b18b7a9cf8e2b7508979d91d22a03cad6f80e2f"
"9fcac0b9434c0ee64df055f566e178a0653b728e",".git/objects/9f/cac0b9434c0ee64df055f566e178a0653b728e","1227173","2e38675afc8c1493257e395b6032a197b8681b250287cc261aaf6e6a30bd8427"
"9ff624991a9b5a3cf3b66e574016fcb3c77903b4",".git/objects/9f/f624991a9b5a3cf3b66e574016fcb3c77903b4","1391870","9bae715fda0c9b979981b77e9d02b24b920adb16322bb299604a6b7bbdd9dbf2"
"a04d5641a3599bd6abbeeaede94a55c861532364",".git/objects/a0/4d5641a3599bd6abbeeaede94a55c861532364","5579726","ead8b00b49be4d791d0ab54cf99cdcf41eb009603416e27d2c9009b4489622d1"
"a0551150a3055430a24357f4789c3511b2b0c262",".git/objects/a0/551150a3055430a24357f4789c3511b2b0c262","1924350","f2f7b50068db3da726bcce6cae1ad260b87c72679c92d27c9eb3518e32abd66e"
"a063c1e169c2c8e8329cef2de32354045bf22801",".git/objects/a0/63c1e169c2c8e8329cef2de32354045bf22801","954203","2d8fe6fbfa560998792e18c71c4ec745f166e768f6d45784d72e392c7d904e35"
"a06a3ccb7ab2325f46a82fccbb4b34e6a891318f",".git/objects/a0/6a3ccb7ab2325f46a82fccbb4b34e6a891318f","1301265","bec1c9796794209ef83b1eab71a15248c18c1b0c6fd24906155ec2fa30faa330"
"a0900cf99995d98f2bca15658a30a6874d5b276a",".git/objects/a0/900cf99995d98f2bca15658a30a6874d5b276a","1553192","ae0cca061e6f13c912e8fe1662cfc9845027b2aad5ff8956e6df246cf5032f7c"
"a16fb76e13e81869eec1886cd68756d386d41265",".git/objects/a1/6fb76e13e81869eec1886cd68756d386d41265","1769","7bcb4ffcc984f2205b7d49ff5ee2f8c37ee7cc9311ac0a08c1153b0adc4b4d32"
"a1786cc7d619614df6347f9426620c1fd9d550b3",".git/objects/a1/786cc7d619614df6347f9426620c1fd9d550b3","25159931","379a2d56bd094aaee71703a9edf9a1df7a7aa122855c2fb01889493aac9d1857"
"a1b9798e515a131a74cd981ce20e892a7cc78f3e",".git/objects/a1/b9798e515a131a74cd981ce20e892a7cc78f3e","4933385","716ad0d3494fc243f915a8d194f8e493553ccb7099a990adc70524930dbc0f1f"
"a1e1e9e4df7cd6a18fc8ecc3a9c1a7ab3b334b84",".git/objects/a1/e1e9e4df7cd6a18fc8ecc3a9c1a7ab3b334b84","1680892","d8d284e406d71fa2cb29853e1bbb6c9d7b0857f570c5e881ed9213055bd4a9f8"
"a2060f3b51d8014e80f76cb785b221bc38aa7033",".git/objects/a2/060f3b51d8014e80f76cb785b221bc38aa7033","936302","7a83ded8a67c1dcbc7793a2435f34717a5ac20714956f91f7fccd88597aae040"
"a22095956ba3458728c6e2921cf2def7c8ce15e5",".git/objects/a2/2095956ba3458728c6e2921cf2def7c8ce15e5","28457","90e60834f0521ee52f150915cc5b33e00f88406d97bc6a3b3023b77d86b4924b"
"a2291be5cd7083e71ade3a256a02a1b8bd2cafe5",".git/objects/a2/291be5cd7083e71ade3a256a02a1b8bd2cafe5","1568520","f99ba1cd4ec1bf704ab846d9c67038d1c4d2e150087f768ec79146aa55c87334"
"a27a63236222247429cd9c096031b39eeb9f97b6",".git/objects/a2/7a63236222247429cd9c096031b39eeb9f97b6","254","1c2d09f0f8dfc16aae04adb3a5d0fb3e0e0750a90cb914f624923803eb47f605"
"a27bee1af16c5d45ded15f287a3b873d3ea39525",".git/objects/a2/7bee1af16c5d45ded15f287a3b873d3ea39525","482775","de04658deac86b1ad2e5231aae37055dbc899575d2190d55b005e6c1c73005d4"
"a2d21ea06569d2d462e92ef06afad18c21a00c41",".git/objects/a2/d21ea06569d2d462e92ef06afad18c21a00c41","743","08a65eef1042e6ddf167297875c3c01dee5461073560a147425f85bad828cc1f"
"a2d633208df8f28e68f52ef30d97b6612f1a5f4e",".git/objects/a2/d633208df8f28e68f52ef30d97b6612f1a5f4e","732","484bb3ce4c22ad898a5473e8d7d7897c8f62f6608b5e4439408f10dcc575918e"
"a2e95101f180f04caebdc9b5dda593b647c8cf56",".git/objects/a2/e95101f180f04caebdc9b5dda593b647c8cf56","6486","52d1fad03813f960c30baa89b18e407b4a8fddef88940a63cfb8e2727a4f3fd5"
"a2f2027dc4568c4dd59e04dafddceb008b2ad5b6",".git/objects/a2/f2027dc4568c4dd59e04dafddceb008b2ad5b6","26436","e56c1fd048bd49de3bfaafcc0171ae3728bde5d10c3cf3179c9f82c9872198c6"
"a30375ef487169c6b63d9ee63af4ad397ca447da",".git/objects/a3/0375ef487169c6b63d9ee63af4ad397ca447da","38678952","243921f3a9fe8f8dae4d1059459b50b04cc9c1ca444a85e09c649358309f8be6"
"a30ec45d4302694431636b79da77059dca52ca45",".git/objects/a3/0ec45d4302694431636b79da77059dca52ca45","87485","a708974811a954c1359c6f10b69a6b65686496b774394c2fd549967215f89e21"
"a318165b1d7002225c031ca3728bc38fadac5e09",".git/objects/a3/18165b1d7002225c031ca3728bc38fadac5e09","309078","fad447d07db39ec77d2ac072911d01546f3c28cc935a228f6a0f0580c22626b4"
"a33b33f229ecc927fdeb61227a63ff1542f9ff6e",".git/objects/a3/3b33f229ecc927fdeb61227a63ff1542f9ff6e","1579835","6b9502ba1818a6cf664ac882f463338bf329fcc7060ed6d176a1af77acc4169e"
"a38fb4583042e8967e2b999c91704d2bb557fe15",".git/objects/a3/8fb4583042e8967e2b999c91704d2bb557fe15","4423","e6114bc9c16e92cefa73f7ecdb405e9125e180abbe7db68e04b61a390947f3b2"
"a3b8196c8b60ea93e1fb53225066033a4f05d425",".git/objects/a3/b8196c8b60ea93e1fb53225066033a4f05d425","1344057","2f2e598bc8d9a45eab5ef3307412c8d04c9b8167d308f18ff754d0068d8fd5c7"
"a3f4ccfc651f672269caffa8d4d92c8da7177eda",".git/objects/a3/f4ccfc651f672269caffa8d4d92c8da7177eda","79735","597e5a123655d1bd6a18734222670716435d1de5f09225652086e4e896074f94"
"a415d23f7a0f2c725bb2213acb247687dca9a8ec",".git/objects/a4/15d23f7a0f2c725bb2213acb247687dca9a8ec","156626","af675b5168df2c1779ff257429c84a59305c2c3baa199ff5357fcb07b0e8ba32"
"a4304ab2d88f5f3364542f1aebf00fa3eeba980a",".git/objects/a4/304ab2d88f5f3364542f1aebf00fa3eeba980a","36395","fcf9a7a4c7d2532be63d3bbd5b88d00e981f87128ce0ac1a969d6989005040f4"
"a47a129b2d70eae6468515364cbd9f45296b36b4",".git/objects/a4/7a129b2d70eae6468515364cbd9f45296b36b4","205238","be972ef887c3331bb958cf836d5e1cc2ad43e10ea89de9edf9920965a90ff5ee"
"a494360627596919fd8971ea4ef7ee603fd93621",".git/objects/a4/94360627596919fd8971ea4ef7ee603fd93621","1121801","492da92d0141633b44b457af2f6e952e028b006a0f55af90dec8518220eb133a"
"a4cee75965cab71b891e17bd520e2cbc07c38481",".git/objects/a4/cee75965cab71b891e17bd520e2cbc07c38481","1305440","b0b8ad270e0a7d1b9ad273551f03cdd92012bd6514836eb6c9fc98fd81342d57"
"a530d61d54eb3730c17cd547a47746881c6e6e99",".git/objects/a5/30d61d54eb3730c17cd547a47746881c6e6e99","25001","04e3ce56a99fbff69efe691c0558cd13732f6f13360fe22a630cd28640e863e2"
"a55dffa1f3b5fb1531196702be4a61dfcfd3d598",".git/objects/a5/5dffa1f3b5fb1531196702be4a61dfcfd3d598","284383","c448997984510f9adf0a4420f69d056468692c2944f7d782e1a5197cbe665029"
"a5718b801ae5a8267da0367817978893f178c7bf",".git/objects/a5/718b801ae5a8267da0367817978893f178c7bf","13336","e7f5b2bbf65c9ca73a7630e9735a39a3280d2f12d16f865d5157260da726ef6b"
"a580bb2dcd8619d6c4ce71dba47441f115a1827e",".git/objects/a5/80bb2dcd8619d6c4ce71dba47441f115a1827e","1254124","49da55d90b630b9c865f0fb1f2f80278bc71e64238708b85018f39a35370f2d0"
"a59c3daf37905f18ea48086cd718410b432492ef",".git/objects/a5/9c3daf37905f18ea48086cd718410b432492ef","1274410","55a816152bf9a166b66725aec35f9afbeff61bd18825d0eeb80ecbfebc69295e"
"a5de4fa849417e828c5767b6c5fd8a274d787552",".git/objects/a5/de4fa849417e828c5767b6c5fd8a274d787552","455458","56128216f6699e8be73409ef8e7c87fee3dc2d3921f83e44eec24400bf042cbb"
"a63b0df575501af0cb05a83db783a8552f711f46",".git/objects/a6/3b0df575501af0cb05a83db783a8552f711f46","9503","7a270f7ab3259726d9fb443b540a1518766b97a032ee10085e8c868665462a87"
"a6a1bd20f47893226f32cd4895b8d112a1c0b56b",".git/objects/a6/a1bd20f47893226f32cd4895b8d112a1c0b56b","736","6a27b50d80a77bc78dac4c4e05cfcde26b470faf177d7280e075e3f1c915eede"
"a6b1a343e7abf3078a21ad7e12335163a99342d4",".git/objects/a6/b1a343e7abf3078a21ad7e12335163a99342d4","447876","9aaf5420a11b2eb3824a0731c3d9c47a33b9a19dd657daf73bed6ae3bc816ebb"
"a6c0f6af0836e107d7955035fe84396c2814dae1",".git/objects/a6/c0f6af0836e107d7955035fe84396c2814dae1","2124852","36bb52a3075f6e5b825ac2fc5456ad06ca0f353d8887281b9f4a276c80c4a255"
"a6c5d113a33a65a5d59c1e94def38877f2990ad3",".git/objects/a6/c5d113a33a65a5d59c1e94def38877f2990ad3","5101330","aaa842b332cbb12d545aeff73c2991a7f782776bda1b77b177228527f1acc011"
"a6f4b8a4ea65b2a1fa7b052cf7255735127cf104",".git/objects/a6/f4b8a4ea65b2a1fa7b052cf7255735127cf104","2225052","4a13adbd666ea949f5723ed320d043955e35cc323803c6ab1b3cbb50466c0e72"
"a701086c18942e065c86ecf3cb513c1547610688",".git/objects/a7/01086c18942e065c86ecf3cb513c1547610688","1147723","601058283900970a7d878d8deb94ee10288d957364dc10441b79e35a0a98196f"
"a711eaa51e473dae7bdef903b942190f67540736",".git/objects/a7/11eaa51e473dae7bdef903b942190f67540736","2089741","007177b9664f616f11fa7066e5cdceee7c86fae3e6383475eb3e703ccff85e3e"
"a7766633ae9aa181cda475b4faac8c467668e6fb",".git/objects/a7/766633ae9aa181cda475b4faac8c467668e6fb","17283","393f6d9995a7a1e751c8630c6b1d96e26ff39902d152be8a6604bfb72cb0d07b"
"a782e46c84a5b5b7e989544f18f44bc25983514a",".git/objects/a7/82e46c84a5b5b7e989544f18f44bc25983514a","48432","ebbee05e66e08092e25e133a64a172d0b9d7bd7b73e717b496ef14369bd8fd17"
"a78b887b5e0970b96b15077b004fc4183f0e9af8",".git/objects/a7/8b887b5e0970b96b15077b004fc4183f0e9af8","1437153","e92623fcf970626513a812e9e5150e905c56cbfe0ba94047978d5dc731208210"
"a7eee256eeeda11ed34d297fa2f021426eb4a59a",".git/objects/a7/eee256eeeda11ed34d297fa2f021426eb4a59a","208","0e5927c343de0b4611e6c19373f0cd3bcdf519b7f515ba90ed925f5d3842a0bb"
"a8599a519479f9c235f4a2caf1c471118b178ccd",".git/objects/a8/599a519479f9c235f4a2caf1c471118b178ccd","1618008","5a4c70a255cdaa5a6e30041a98cd835cdfc2683ec61d98262643b4d6f48c9fcd"
"a8a617881c03025308a80ea66b7e67fae84046d3",".git/objects/a8/a617881c03025308a80ea66b7e67fae84046d3","104921","5088b1cb5769749c2d5b6524c24283db521b513a7c31c945ed6e88584c1065f5"
"a8b7f2a3fb270ecc8c347d4ef94c4e46fc069a09",".git/objects/a8/b7f2a3fb270ecc8c347d4ef94c4e46fc069a09","3212","8b422fb0997251ef9fda60c2c59f26476b5efb834090dfd310acac242056dd54"
"a8b80fef2fe487d716781c85b27fa52ada162242",".git/objects/a8/b80fef2fe487d716781c85b27fa52ada162242","4880374","803a444f274357b575ccef0dd312f23dc0a9598d373ca078fe4989b805d0e294"
"temporary",".git/objects/a8/tmp_obj_koJXl1","4104192","dc7a8943c60125eb62002c2629950b24249f45713802d0971b65aac57e6958ee"
"a902c20fc72feb5049f4544e19df35477915db4b",".git/objects/a9/02c20fc72feb5049f4544e19df35477915db4b","43050","bae5c711f15db298f67bddf4cfc98a15c2d4c7075a4eebd097bb2dadf744ee95"
"a9273cf82c4b2c55ed3087ef5cdf8ddb4e34979b",".git/objects/a9/273cf82c4b2c55ed3087ef5cdf8ddb4e34979b","6242254","ec9f915ec9700848e143cb343649d8ded4fc9501b2259332da46dd222fa90376"
"a96c9d6924a87ea89c237beef3430ad2cc052450",".git/objects/a9/6c9d6924a87ea89c237beef3430ad2cc052450","19488","36ecf3e74666f8ce418711049959ffdf5c8bb62729d671790d3c3b8e3054b6da"
"a99e76e78d6641e1e5aa2917badc851c0c552eea",".git/objects/a9/9e76e78d6641e1e5aa2917badc851c0c552eea","1485601","b49417eb7df9274dd813ae22cea2ad9c6ccf9df6086923f4259ca3ffdd2f572a"
"a9e045eff05aae86449ed5363b3abc26293b5786",".git/objects/a9/e045eff05aae86449ed5363b3abc26293b5786","849403","e1f02bb771227c37007fd72cc4623c467fb3d44b79a6bc6ad5beca0eed07204a"
"a9e8df1b16dfaa85a6b74664f562b318409125dc",".git/objects/a9/e8df1b16dfaa85a6b74664f562b318409125dc","97228","c92c1e00f734e9517c10e597d5ddc597e0514caea557717e9eadc4ccd5ff1c23"
"aa2facc59b49ea4139a7be2deeaac2e692d0f919",".git/objects/aa/2facc59b49ea4139a7be2deeaac2e692d0f919","590040","c4db7da40568601c8e8b4d4e3dd4f3f8a9e2ea90d8f8436d7ed73c8b11dab666"
"aa51a726cad1663f2b90c71ea778a91ab3983c0a",".git/objects/aa/51a726cad1663f2b90c71ea778a91ab3983c0a","12076","2fc1a9fa016af55a1cf4ef914e69ad2b38e4e4f1f05398f9ac9d34daa0639ea7"
"aa64884af8fc4aef9e94a70329f37abb2c61911f",".git/objects/aa/64884af8fc4aef9e94a70329f37abb2c61911f","1500203","1a079132ceb8143c003e7e28c0d5a72d71a4d372f85d26bf54850e298d5c13e8"
"aa898047ad675dc3acc4c025cd67b5270fb49b5f",".git/objects/aa/898047ad675dc3acc4c025cd67b5270fb49b5f","1398411","5a4c6ae2355e9249d7ad5b42f4cb6624cb40f919d776e548ad4fe36aad137444"
"aa9ae23e7cc1786620a87822046e6f8991eee05a",".git/objects/aa/9ae23e7cc1786620a87822046e6f8991eee05a","1113725","a291ad432522cc52e5ae26e119595ee96171f9d4e95b1f78d22e5d7259842a5e"
"aab18683d1e6de1f526a78dccb080856d8deadea",".git/objects/aa/b18683d1e6de1f526a78dccb080856d8deadea","374","65ad7add9646beeac036b7a595ec4161c294a1cf0a463cd4c25c47da50bdfc80"
"ab328447bdc47805dd21a109c114dcf6ef75e714",".git/objects/ab/328447bdc47805dd21a109c114dcf6ef75e714","115724","edcae6f8722521e7ddbe39bdd5e4a5a1856e5c31e8b3bfa55831d3833283163f"
"ab9f0b72daca26d1bfdea708ed03ec503740865e",".git/objects/ab/9f0b72daca26d1bfdea708ed03ec503740865e","1458690","14e4173c0b6382791e74b42f2d951413e15f66194ad54734ea33ea8056c578c8"
"abd654fa459f293e61b7b2e50e90dfdb6976692c",".git/objects/ab/d654fa459f293e61b7b2e50e90dfdb6976692c","378001","790028466044e1d731bcde7aff59d114ffa4720273eeacab14603414977f9378"
"ac1b940f9afadce7470a2cfc5d275f4bb020f26a",".git/objects/ac/1b940f9afadce7470a2cfc5d275f4bb020f26a","284249","3fc3214c41dd0a9e831fc97cea9636c3b4e561a742404a66d46e40719e6c875c"
"ac26376ee2dfac875fe1edb2e9f2ef4609563a0e",".git/objects/ac/26376ee2dfac875fe1edb2e9f2ef4609563a0e","118125","6e969654bd2d4ec1b8674dc049d01c2b4812f70b02a309284d6296238c25472f"
"ac3edc923369a5f5ee372d6f5e2fb65a88d52472",".git/objects/ac/3edc923369a5f5ee372d6f5e2fb65a88d52472","1442637","bf0754b15723139136309378b9d0353196799a5cf5b8f6f8dfbb51d0d58fdf60"
"ac5a50e45c7ee378990aeff53df9060555755d14",".git/objects/ac/5a50e45c7ee378990aeff53df9060555755d14","13955","dbc4f7644911cad1843bb9e5a5d03ff430f54ad097356146b80fe2a4a366201e"
"ac6531f866d9f06e6362fd430a5be9cf21191fa3",".git/objects/ac/6531f866d9f06e6362fd430a5be9cf21191fa3","476","9fb7e35f44809b5e47635b9c034fbc131c459148453f03e1353f0b77d30124af"
"ac681c22ffc46862a80ea3371b2df9f305efe5a8",".git/objects/ac/681c22ffc46862a80ea3371b2df9f305efe5a8","1140977","cf33e530dd49e1205fc3daa7013938b31debb4a78c5ab2fd53378eb7f8517625"
"ac9d44697672ab7b99af4690598194deabb3e7e4",".git/objects/ac/9d44697672ab7b99af4690598194deabb3e7e4","897","1dd357dda1b96cdbe677aed8a96d1552f7c13c26b324b752078b8f4d002ead41"
"acb01e0479c882c32755542c45e1388821949400",".git/objects/ac/b01e0479c882c32755542c45e1388821949400","1243","dbf81bcb7d32913ff6b0ec22663f1b4ff7a58cfc177abbd79f409d71669dbf7c"
"acb7227d22c1502f186b5a99d75f9c9eec702b78",".git/objects/ac/b7227d22c1502f186b5a99d75f9c9eec702b78","5633","55a4d623c5bafe8dd52560014fee6b1cb96bd2aed94ce573eaa24c0408a51570"
"acc9350d27d868a5714284eef224d1ceb46a4662",".git/objects/ac/c9350d27d868a5714284eef224d1ceb46a4662","1030552","0de06ef77e883203c13ef725243d6c85d5f61864bcfd7a9cef8aaec8f6d84139"
"ad406ce432b5e6c112d0946fb779a0e890dd9f6b",".git/objects/ad/406ce432b5e6c112d0946fb779a0e890dd9f6b","272","f9d6743658f60400cc6fe2f30cede904894b55aaab187b9c88efc11353056ccb"
"ad5d8dc264e5e6e0ae5f43b54e2bee98cdd9bfe8",".git/objects/ad/5d8dc264e5e6e0ae5f43b54e2bee98cdd9bfe8","6180425","a505d8c5185b620eb3a2ad9fb424018e39b0fe84699eef9b1826dfc76811dba5"
"ad7a78b17232b74fbaf75cbe9508abd60d9bbdeb",".git/objects/ad/7a78b17232b74fbaf75cbe9508abd60d9bbdeb","142432","867cd21bd4d32f1f7ad0e515637d8b23baca9039bddb5f9ea7d1fe504477b77a"
"adaca606b13450337bf8810552120e54ecea10fa",".git/objects/ad/aca606b13450337bf8810552120e54ecea10fa","1444378","8bd39d1aac57a3164738fb7569b0747b8888345a876c28da5c2c0fe94cf21126"
"adbe1bd28d7df5fb605163a626baa43a717075c9",".git/objects/ad/be1bd28d7df5fb605163a626baa43a717075c9","2086926","57196640a7cf7f8e462fdd242ccb4cd41c7f468c7f7e597acaa4c74d82edf0dd"
"adf957544a963eccb42a5fa61a59b94714d810e2",".git/objects/ad/f957544a963eccb42a5fa61a59b94714d810e2","1865","836ea29c7b2042c0d83584015f13119bf1e571dca7886402493951f8232d1239"
"ae062128457037f68965244a9e6a6cb193955074",".git/objects/ae/062128457037f68965244a9e6a6cb193955074","1132772","88eedee23f0987aa7c36abde15510db327e28183cf57762e5cedcc97010fe079"
"ae0d99f0605b7bdbb45fccb351b8d57ae9e4eab9",".git/objects/ae/0d99f0605b7bdbb45fccb351b8d57ae9e4eab9","559097","52e71b6598dc773cb0f1ca0409bdaa36009d1c22ca3fb8130753e00ed8abf225"
"ae191752566a06c0537cb375a4ffd75859569a8c",".git/objects/ae/191752566a06c0537cb375a4ffd75859569a8c","463","32ee5a793347222586c81e65ece357342d833998d1e98f62fe89006bf567624d"
"ae1a8985888cee48df5a0980c6386738c15fb67f",".git/objects/ae/1a8985888cee48df5a0980c6386738c15fb67f","697856","af3a110f0feaeb5bfbc2fbe91923a53b19b1805f39dfe8cc65de1af8dc8ffd2c"
"ae4f318cdc94057b092bcffb12108b426c485f07",".git/objects/ae/4f318cdc94057b092bcffb12108b426c485f07","1239122","061f906bf0f52a4b13d56c69e8b446322cf9a788a078a04b97f94c89871020da"
"aee641f9602833451afee184f99dd2a7f82ee414",".git/objects/ae/e641f9602833451afee184f99dd2a7f82ee414","2021905","18fc830c2dcae22febaa41b0e8caacad7e377c6d4c4aee460c7f50274e032499"
"af4a2b834876846d4163ba7f180871fc3a5447f7",".git/objects/af/4a2b834876846d4163ba7f180871fc3a5447f7","583651","463a400072367c716e9ef350d82bdfd0cfdb1047c011085f33f51ecc29aad916"
"af5877dd432fcd431da249bf0e0193da99d4b700",".git/objects/af/5877dd432fcd431da249bf0e0193da99d4b700","39151268","85010b36817aca3b846a653ce73a2beb78620933161b0063d1070c5c72714779"
"afe264bab1172b28336004cf40a9117335d741c8",".git/objects/af/e264bab1172b28336004cf40a9117335d741c8","600","f0bf9f240f9fbe6b57e14aff216f5ee7dac2763b4b77dea6a1605843b593daba"
"b01acf8b6462fc1b5c0cce0598cfb85621ea4a39",".git/objects/b0/1acf8b6462fc1b5c0cce0598cfb85621ea4a39","737","063886e9a23ad9def35398d6e227bdf958b5ad0613e8527f1b37cfa55e5cc0fa"
"b03117f5a94ecf9f545ed9d58151b3496b9cceb1",".git/objects/b0/3117f5a94ecf9f545ed9d58151b3496b9cceb1","216941","5d81131bf401dc309e3495181e7df5ce5189c408adc45053cf6a22cc064a9a93"
"b037e242061c38b057f72cb6a414f2a08ff00459",".git/objects/b0/37e242061c38b057f72cb6a414f2a08ff00459","638","164be0c39f71dba21ab13134d5414d285d2bbdde4ee91b2bc344a969812c96fd"
"b08ee3cbbb0d895cab4257359956da86785b50c9",".git/objects/b0/8ee3cbbb0d895cab4257359956da86785b50c9","5877780","138aec4c5968cc1eebf163539a897d4753f6d485aa929f40e70239f45b1027e7"
"b0a3960acf5d3b7f09bbfd402e88778d888842bf",".git/objects/b0/a3960acf5d3b7f09bbfd402e88778d888842bf","2466","d41638b531d09f0176a8e77c28de1461e350d2d17b8c90b01bc40f8a0653935f"
"b104710efaa481bd2cc81a50f05fb4183b028291",".git/objects/b1/04710efaa481bd2cc81a50f05fb4183b028291","7666619","25d7c555beb03b819c62e84f9acef389b7a6d4b0ddc87ec68edd2b36515cbe70"
"b1476322029b35ef66e62ab114c1c6e81c05bfb2",".git/objects/b1/476322029b35ef66e62ab114c1c6e81c05bfb2","360366","29a7cc98f71bd2dd77c85870b83b8b67c8496e1ab07aeac1e0dfcfed9f8e447a"
"b16151336913a9e2ec00d53d09293853f3ad2166",".git/objects/b1/6151336913a9e2ec00d53d09293853f3ad2166","1730646","4d7d9d51ef0d8b13950eac7744f48bba044eccadef256b72aa2c330b057c4d70"
"b1c4649e562f11f33b3682102ee8903bba3e2ff9",".git/objects/b1/c4649e562f11f33b3682102ee8903bba3e2ff9","1476375","1d0483902638d054b058244832d1b6fea86b83d3d68814a0a3c9b3d8fc20e72f"
"b24128ab4b86ba2fb366038706cccbce283b892b",".git/objects/b2/4128ab4b86ba2fb366038706cccbce283b892b","4840","625ebb3ff9788c51ca1a519e9183418b35e25509852a3c056aaf70ce4e0aa2b4"
"b24609261462e6ee589aa8aafd81527caf94a1e9",".git/objects/b2/4609261462e6ee589aa8aafd81527caf94a1e9","434928","41fbf8dc5b55abf654bf8765526749ce2c8a172e67cc7f8e344958c824c48678"
"b25408c3e8779630912637ac52ee08d7f966823f",".git/objects/b2/5408c3e8779630912637ac52ee08d7f966823f","1417","b3d457f40c998bd6317e4239a975249263eb74de2bd90945a1014feffa4aa421"
"b2546a296dd3bb846effe1cca7bc44bfe20082e2",".git/objects/b2/546a296dd3bb846effe1cca7bc44bfe20082e2","779","c2c1fe26c47c03d94739ae79c69b77e3e926680091e94ace7eb631232c358e1a"
"b259e60a728163389a13226982fd8ec13d1de49e",".git/objects/b2/59e60a728163389a13226982fd8ec13d1de49e","107753","cba7762f8e0277e0339273f348bf49393aaf9dc7b5f9c1042608adbdce61aa43"
"b2d0d22f90f9bbc663c6af71102ff4501d93b201",".git/objects/b2/d0d22f90f9bbc663c6af71102ff4501d93b201","6464512","e0451c47775948ea00714116c2655c56e377b2e5a13684a9df00e30f2aff417e"
"b2fc2e2b9aab994cb074cde0f31ac55734577371",".git/objects/b2/fc2e2b9aab994cb074cde0f31ac55734577371","832","6457edca409e127ef35a1ebb3571cc5d22661635e71322d53a30eea0d012280f"
"b3167eca154097f830a5a70d15a14a48a3157696",".git/objects/b3/167eca154097f830a5a70d15a14a48a3157696","1940477","58fe250f9ee485b0cf3393d6312737397ef055a1c5dec9179d4b2c2388294207"
"b33df40b4ef42b1c1b86405a8f879b778f2d3441",".git/objects/b3/3df40b4ef42b1c1b86405a8f879b778f2d3441","2137886","bed054a6710748b35dbff863f797a0846c115b6cea619aab40dc7afb88764a80"
"b3467ac9a6e3037bafd087f35e3b25147d241132",".git/objects/b3/467ac9a6e3037bafd087f35e3b25147d241132","739","a228ca23fb10e3048ad869f8288185b3c163e4987f5fd43e12b80764b9326c05"
"b3ba4dae9c8ea6207af9623dbd72cd8b43f15135",".git/objects/b3/ba4dae9c8ea6207af9623dbd72cd8b43f15135","16318","f3022c6a7cb1441b40ada06dec9cde4d31f8ffac058544e927e00dc918526c36"
"b3c9babb69d1f4f99b1b6597821c714860d93081",".git/objects/b3/c9babb69d1f4f99b1b6597821c714860d93081","5921566","db8e3f5bb26f7a0aed4f5b1d82c4b9c050acb011d7f5147f7e6fef2f7493d54e"
"b4301ccad0c064923a69b4b55e5bc4dcfe6b0720",".git/objects/b4/301ccad0c064923a69b4b55e5bc4dcfe6b0720","956569","194fc258326bda5daa353880e43167fa5263c0b266b5d59bd8075cefeb7c911e"
"b439f54a4c835b02875d2fb59fd003184bdf41a3",".git/objects/b4/39f54a4c835b02875d2fb59fd003184bdf41a3","747323","af461e660fca3402af518e43903ae1480bb115e33e53467245e33a2f4f877adc"
"b4567adf247f3bfb73c8e369f26c3fcfe10d020a",".git/objects/b4/567adf247f3bfb73c8e369f26c3fcfe10d020a","1122578","49172243cba22cb8d8de3440ac2bc7a4a7251afd92d6f104df0a747946852e7d"
"b4cc4f406a722bfa207bab2cf3570cc01dca193f",".git/objects/b4/cc4f406a722bfa207bab2cf3570cc01dca193f","1489532","13618dddd0a5fe712f2a2b0243c78382737fea5610ff1e23e2dd8a45edf9c8e8"
"b4d2a6dcd4dec31c00c02af8bc0a68cab1d85e13",".git/objects/b4/d2a6dcd4dec31c00c02af8bc0a68cab1d85e13","468674","b29b468477a467db5be440de49f0e3a701d6a13fa57cb6d774b28aef4f4e188b"
"b51ba0616fa02d1d8aff0bf090527e806ef73021",".git/objects/b5/1ba0616fa02d1d8aff0bf090527e806ef73021","7069","19d47bd7796a93c5d7e620ed191aa5b8625842afbd0e7b59f39c54f74798e4c9"
"b535077a160eec5f3d8677afb6fed48286411c46",".git/objects/b5/35077a160eec5f3d8677afb6fed48286411c46","75200","1f6f1e709bfbcea0f3ff5750c226838ec71dd9ad4d80563acebce0e4242cc061"
"b5695717b6cd157969df276ada7b0adf813c33b5",".git/objects/b5/695717b6cd157969df276ada7b0adf813c33b5","2065412","e86732f220ddcd2ad2dc2534d7359b94e5fd2391775886fe51e7d108852e601f"
"b588a269490b37bb89d5c9297f5c22ab9b3011a0",".git/objects/b5/88a269490b37bb89d5c9297f5c22ab9b3011a0","32330","193b8cb74304638a40b7864a61e97df58248578fd8ec4cb595a759ab56519fd0"
"b5ad8c14dabfdf183ea4a42eb5332cc012ebaa85",".git/objects/b5/ad8c14dabfdf183ea4a42eb5332cc012ebaa85","3017","8ae5c15ab9323f5ba75f3afff407a9b13026515949290a872052152d4c8e3db1"
"b5b67029c59f9a4808eb5a57cf5484bd983534a4",".git/objects/b5/b67029c59f9a4808eb5a57cf5484bd983534a4","1595470","8fb52910eef49ea4a1a7897e5ffbd97c209147af4c98a56d8ca621c6274c85c3"
"b627b53843fa87a67f574020d722252e11079774",".git/objects/b6/27b53843fa87a67f574020d722252e11079774","250","6e2eaff62281e71e859c31c5995fb19212044a439367ccf941edeec060289e1e"
"b641d7c48c17e82df527f5071ffb472c9a50c9dd",".git/objects/b6/41d7c48c17e82df527f5071ffb472c9a50c9dd","328395","80eb353566620f61e9162da99180ea3432cfea23e96c4fe45a1a79c4e9d25423"
"b661324856f20131fe59193e0728c77e16357c90",".git/objects/b6/61324856f20131fe59193e0728c77e16357c90","38384","7b09c198812f32974fd53d9d4dfe372383d5dfe64c746d0469e3af5e2d822baa"
"b6c381d1a3413d052ecba3d665c9e9d1367dfe1c",".git/objects/b6/c381d1a3413d052ecba3d665c9e9d1367dfe1c","575089","ecf5040ba23b114a6de8b176cc2be2e695c7242fbaf2aefb74d23a4a042a1c1d"
"b7083c46a033b31aae5c0c0d6f9a216a378a7f0d",".git/objects/b7/083c46a033b31aae5c0c0d6f9a216a378a7f0d","10177","9ed17fb8654f3940c8273ed8a0e99145ccbdba7c5bf3ab1c623a116b9fe874ef"
"b72ab767f515942e4be4ba00069e2e5ccb264b86",".git/objects/b7/2ab767f515942e4be4ba00069e2e5ccb264b86","5247395","b791fe96a7e0f6109a6505d17943638b4738f4f34d8963d0486a97fe70a3f378"
"b72d544f451d6488e4f4c018188f5ce75f84eb46",".git/objects/b7/2d544f451d6488e4f4c018188f5ce75f84eb46","513","d77f543631984577516a69bf1469d15572b6d50f06497a5d7495d515b365cfc1"
"b72f54a3f0ccf01b49592692dcdaf6a6814b44c8",".git/objects/b7/2f54a3f0ccf01b49592692dcdaf6a6814b44c8","257","b80ae736065801300f079dde673d6ba8b699ef0f140c02d29e762b9af4960a76"
"b76e53852cdbcf54c14528117c8a89fd8e14bebe",".git/objects/b7/6e53852cdbcf54c14528117c8a89fd8e14bebe","643","831d3385d99fcb6965870a2e04173729523b0c4a6043166e6c1ebac86077ab74"
"b7a1ea88241508caaeac966e48fec7382f3d5119",".git/objects/b7/a1ea88241508caaeac966e48fec7382f3d5119","639","02b5881acbb880fe3c39a7e1551de4032e27c4e6f9ab9f237481ceb3f3094cc1"
"b7a6507599f756a50b5f9b56aa086deba060dfe0",".git/objects/b7/a6507599f756a50b5f9b56aa086deba060dfe0","6161","fc7c86cf39807aa63aa9dbceffba750ed3eead2b44285ba891809e9f2b6b88db"
"b8058cad69a72c37b480c590f3448180fdeff08b",".git/objects/b8/058cad69a72c37b480c590f3448180fdeff08b","1571540","31633f7b083853aa1fa0e8ad078ec9baeab61cd5ce8794a54391c775e325442b"
"b81c88f6934cd3097a11267197d8eef2c3865c9d",".git/objects/b8/1c88f6934cd3097a11267197d8eef2c3865c9d","4841415","9ce37967667f62bf04beda6c5d8beec13f6640bb6cf07f0a2fc66de595f2f868"
"b820135fc9f6c5120d08da5091bb7caf26f4a6d0",".git/objects/b8/20135fc9f6c5120d08da5091bb7caf26f4a6d0","1514216","a2bd6948f9c2786b35cff77726f96ff5330f19db4a6d9a7a807ad985a19d8638"
"b8339b04e2fd558b2ac522db929ccd1f188cf0e4",".git/objects/b8/339b04e2fd558b2ac522db929ccd1f188cf0e4","2185102","40520436409e9e7a8c89e445697c7c7a4cfd6a97c71085bbce0f168124e372d9"
"b848fe3147f7b212283bad1fea47b574b2c6b779",".git/objects/b8/48fe3147f7b212283bad1fea47b574b2c6b779","273","ed96f0da81b4fea4ff39e8fd4004935edd7deeb6c96497213274b19085247dc2"
"b8544ef2a5c8e346437a557c92d8131d7f583200",".git/objects/b8/544ef2a5c8e346437a557c92d8131d7f583200","28799","b2f5974f96e77711f4ec99893c9b12f069a611173c6b5e550f3c2a92c5939cc3"
"b86ac4a8e2bd37ddc4316303a28d01bc64447f44",".git/objects/b8/6ac4a8e2bd37ddc4316303a28d01bc64447f44","5166507","f20d8328124db289fca89296edc86a070a28a66036289fff8deb6745b53d8c10"
"b86bfcbf1bb966d0af12a3628b6b75a33710085b",".git/objects/b8/6bfcbf1bb966d0af12a3628b6b75a33710085b","1779068","3e58bba3bfeaa12a59094a773a5013c326dcfd817b90482cd9f69207096a2322"
"b89ec27ad14cf27e58f98e6f51845313f944476e",".git/objects/b8/9ec27ad14cf27e58f98e6f51845313f944476e","13201","0413df417f004807542dd4f317caee98db719f2fe4453d26f7bcd96e43c41b7e"
"b8a070b0fe6dfeacc9d2afc3029d5cae07687cd9",".git/objects/b8/a070b0fe6dfeacc9d2afc3029d5cae07687cd9","851","cdcbbb4f09c49477bab973c0030d87c6ce1432893fa1f3d36822a379999f468a"
"b8a28eb4cd690c5c3353172c41ac0b57024bbeef",".git/objects/b8/a28eb4cd690c5c3353172c41ac0b57024bbeef","448338","9f931d57d765fd423805b45c8d2b4c4d50ff88696a97f6e528f5fe39ac3ca780"
"b8b3a4d64158477c462712ead5de0741f469f7f3",".git/objects/b8/b3a4d64158477c462712ead5de0741f469f7f3","1378590","565d55439d0ca7835624a15d893fd5a779ce2e195319e324eb88a4d8f15b6692"
"b8d65cced6f7c79d1d600eb47fec860967b632f9",".git/objects/b8/d65cced6f7c79d1d600eb47fec860967b632f9","2461","cb23dcb021c1e1e4968c5601706785b44e5f3dd673103a22fef3752a3ece5466"
"b95ee2d0d6c77e70c144b04b02af4fbfffbb629d",".git/objects/b9/5ee2d0d6c77e70c144b04b02af4fbfffbb629d","1207980","73b32ad35ff6752d2210cb7631b1d9b521f7ca05084df570d27d2ac4127471f0"
"b994321002ed23fd2c0f2b88339ddb2c92bce9eb",".git/objects/b9/94321002ed23fd2c0f2b88339ddb2c92bce9eb","1483002","802d8dcd7c12026ab27a3f1329507edfeba14829f5225ec1c5cdbefc747bc8e9"
"b9a360d732f38123d958c699cf0775a08e88d80d",".git/objects/b9/a360d732f38123d958c699cf0775a08e88d80d","30294","d8da1b5f4a29aeb610fa74e79d3a6862678362bd79c5e7d5d92a89a23a755619"
"b9b1b5b2b62df2f2a5e7d55a0ff2d582c15aa510",".git/objects/b9/b1b5b2b62df2f2a5e7d55a0ff2d582c15aa510","360933","f8744b85c37045f3f211aab11d3ccf2000e0c4fb951c440efb3829e38e1adeef"
"b9b1f5887f46a5ca029c39c16c57b295ab718359",".git/objects/b9/b1f5887f46a5ca029c39c16c57b295ab718359","120691707","c4556b4b482f805dca60653cb45b1148c229d579fcd7ae790e6c3dd6e172d59b"
"b9d7e7d9233dcefe3fcd65a027b4b662be357ce1",".git/objects/b9/d7e7d9233dcefe3fcd65a027b4b662be357ce1","4255","8620d68c6602e8b36d61e9a1d1abe230143c88bc14e5a3ebd21d2329efd5165d"
"temporary",".git/objects/b9/tmp_obj_5Xiab4","24559616","78a13e142c293c92bd8f80b15ddb2e74ca1e872ed05d312687c17e3c3066f6bc"
"temporary",".git/objects/b9/tmp_obj_8O4ZDq","15564800","460c39905e4efecf8fec10503d56758356f640fe5e0cf77cae017865413161ee"
"temporary",".git/objects/b9/tmp_obj_8T6iiy","15007744","e2537a0331a5d9ead41337163d0c59d3226edf6e765b956582515067d17b5499"
"ba0db8e844078b63df0aa8bfe39f1d0bfb6685e6",".git/objects/ba/0db8e844078b63df0aa8bfe39f1d0bfb6685e6","2037","1b33d40aeb090ac1f78558999b69adee04348895deee6c7c8732584581e18d62"
"ba3b24f94fe181da1e8a5bddecc13c41afa9d043",".git/objects/ba/3b24f94fe181da1e8a5bddecc13c41afa9d043","1116750","053f4a0c7be2221282b2e29ed06aef7f3f4046efcebf8c28144568feb2bb5b3f"
"ba6796b9d6273a489c324bee3592b2e3e7e6c810",".git/objects/ba/6796b9d6273a489c324bee3592b2e3e7e6c810","1794","62def621f0cf30e376e761db7b1e222173303ab835e736e985ddba52182c6fcb"
"ba795245f3611da517897db458d1dfa33f039cf5",".git/objects/ba/795245f3611da517897db458d1dfa33f039cf5","1629204","c18a0e6a52d4f08db9722643c289676e0771fcdf8f8391bf919681d664ca24e1"
"ba7e68bcfbb147d1373ad045db158aa0bdc6eecb",".git/objects/ba/7e68bcfbb147d1373ad045db158aa0bdc6eecb","735","3c850a792b36e3ab41a484d9e56da98391f3ddd13bb63b102b10cb7aced6209f"
"ba832717781ef7eb837a8b5a35a1f83744967eba",".git/objects/ba/832717781ef7eb837a8b5a35a1f83744967eba","343837","fbee41465fc423b857ef4cbe2ddb7e1372b575fff3f6489acb4cca8946c9f2ee"
"baa03abc5843421c453a5b2eb0989c97ebd77d2c",".git/objects/ba/a03abc5843421c453a5b2eb0989c97ebd77d2c","290","c6323586e24d1b8163cf073b336fd7289694e440aa7487a6675e18c180e00261"
"baabe06cbc47f92cd5cd227657241fa208503b19",".git/objects/ba/abe06cbc47f92cd5cd227657241fa208503b19","26394679","cd623770edcaf1169ff5019f35d5c67e38d2ae6e20963916e4e65978b4a1ad07"
"bac8699ae61cfc89236f89f5007b96629c16d043",".git/objects/ba/c8699ae61cfc89236f89f5007b96629c16d043","1190544","46839a2f24ebeeca79ae1416f8d5e59b13e04e0e73a7857182a8ff8bc3d14e90"
"bad9a6b9a0badf4d2bd38400c3fe611eb180ffb9",".git/objects/ba/d9a6b9a0badf4d2bd38400c3fe611eb180ffb9","6151709","ad24772f23a5b5f4ef248536a0f3b2af39a5b382f6c3c2103f8f83d4d706d5d2"
"bade8753660731fc9a50f56610d79b6879f5d2d4",".git/objects/ba/de8753660731fc9a50f56610d79b6879f5d2d4","1232668","8caf91c0c09ad9e7922d80e8889dc99b280f01c52c67a775d068264d4b5cc82f"
"bb66857acf4d70fd601954f17e27eabecd210603",".git/objects/bb/66857acf4d70fd601954f17e27eabecd210603","354","a721eee0e02b8548bf4e42c0d34383e7d5524547d6c3fe9b26bc84be06a32880"
"bbb20f1c6f3ab04eb8fb811d07611d98ef60d218",".git/objects/bb/b20f1c6f3ab04eb8fb811d07611d98ef60d218","1764287","08acb33783959834fa3c83a92eb5236d886e8d115c600c9cd8d8f3ef7424a823"
"bc18128a1cd692e9b8517828423970c777f9f1ca",".git/objects/bc/18128a1cd692e9b8517828423970c777f9f1ca","1665697","7ffdd3d8f5b09028b40a724fd3cf3264d48cb161f96b87f931a37b05dfacc4f4"
"bc222c410d78cdf17f537eb1e6873e9d80dcd89c",".git/objects/bc/222c410d78cdf17f537eb1e6873e9d80dcd89c","343720","dd87e2e29a457fc8a9ff60fecd1addf4717988dd14e6e0dc9a219ba2c369f5cb"
"bc2f4ac7593001c8dc351f4852910444ae27c595",".git/objects/bc/2f4ac7593001c8dc351f4852910444ae27c595","1443349","802e4cf37008c86e60a854840942ca2be9bfc7c15760cede179ed6496554e070"
"bcafad385ee4fd49dd30d80933367b317f11c881",".git/objects/bc/afad385ee4fd49dd30d80933367b317f11c881","1192414","3f3952125333a307df435e7544bbeb20484d6287f261ff2784832c90295712d0"
"bcbdf9a38679551e294a53a0f4376e2f5d0e8f99",".git/objects/bc/bdf9a38679551e294a53a0f4376e2f5d0e8f99","9144","40082f3f40a4f40c2df406a4dc64276a38cfc1d2e2601fa66c65870365833275"
"bccbb8b488951418bd89081887cf24c855fc2d02",".git/objects/bc/cbb8b488951418bd89081887cf24c855fc2d02","1367573","a087d348c6b6b5060ed0382abe27456e0af4ef25e9b3b2b84ed2fd2cfb41fd7f"
"bd0031b29aeb394f8a8ac313a4eada0411a389f1",".git/objects/bd/0031b29aeb394f8a8ac313a4eada0411a389f1","1121745","fba5b0eaf8f5e790329836ee64b00531b537473a9b43043ad67ebaf39d3c75df"
"bd14f0577f626a7189db42094bd4bd1cd965dff2",".git/objects/bd/14f0577f626a7189db42094bd4bd1cd965dff2","1108157","6c60ebd576f1c7ea89fc745c990a61824fcf330c6511f50cb327d16f783b3f6c"
"bd283eef731b9d22aa13708d1fb980478f86c2fc",".git/objects/bd/283eef731b9d22aa13708d1fb980478f86c2fc","1271227","72627f284f503f87e6d91c87bf74dd4dbb531c6a8c5ef374e57334fd6de7078f"
"bdc66bf1330be3ee5d221d9cdb5ffde9981170b8",".git/objects/bd/c66bf1330be3ee5d221d9cdb5ffde9981170b8","3779","ecd4a6f86e12a872b1daa521e93eae874715797c7c60f61db171a4ca90453d6a"
"be12611f714983e84b123efa787bef24536dcc4d",".git/objects/be/12611f714983e84b123efa787bef24536dcc4d","31471","66a2797e610ce09869ea3a1d5fae6e481396c5709d18eab2a91b6a95fa13ac4c"
"be12c9247ccbb4bd3e9ce03518153f86deb53f64",".git/objects/be/12c9247ccbb4bd3e9ce03518153f86deb53f64","14552","0db95fdcc741d59d34dac785c2d9fc9574503d5cae814848a7008d03b20d8dad"
"be190bbe41cdf1d13f400fad660fdda3d24e02db",".git/objects/be/190bbe41cdf1d13f400fad660fdda3d24e02db","374699","4e6fb430e947e03c59c419e14b89756bb6b02a98d84a06c958c55201f2df8f47"
"be4d824b28db404d1181ed88cac0a8dee10e6a32",".git/objects/be/4d824b28db404d1181ed88cac0a8dee10e6a32","27701","6b93f94e7beda90b3604fef2d3c71a224da0b0aba24e0e738bc3f48da8fc6a70"
"be9353ca1292ea66b8cabbc9429dc61379177e0f",".git/objects/be/9353ca1292ea66b8cabbc9429dc61379177e0f","259428","8fd21befa9f9ae75f58bdf0573e151d9a1db25c68cd32c5a59b1d3cbfc8ab7e3"
"bed8625024d66371d6faf685ea7644abca1e4c2e",".git/objects/be/d8625024d66371d6faf685ea7644abca1e4c2e","82705","493077b4eebf8f80b9c0661426ec9c5e84de785c7f88dab649bf2749e793a518"
"beedc55d79dff6b54a15b853e79ef2f2ca52f2f9",".git/objects/be/edc55d79dff6b54a15b853e79ef2f2ca52f2f9","1419085","c887dcfe98d97f067afb4d09b1412c9877de650f70715a473798bde77370217a"
"bf4a63e767f1b3cb914ab77382a7c5b24a652616",".git/objects/bf/4a63e767f1b3cb914ab77382a7c5b24a652616","16075","aaa7fdf071fe6b8a58faf858b8d36138cfefb4d2b3eb97d2af369c13ae366a78"
"bf6104723882d686d13c97ca1b8a4b51caab2338",".git/objects/bf/6104723882d686d13c97ca1b8a4b51caab2338","147793","12c325e1f21a14dd9e30b5dcdee48487ef2a989944cd5ef4aa141d74ce766c81"
"bf6160f9e01cee8751e95fcab0b447b0ac90a037",".git/objects/bf/6160f9e01cee8751e95fcab0b447b0ac90a037","24773479","ead6fb54a4e09b7f15a4b6c0c77408bec60fec088402891a4f28e3d3dd3dbbde"
"bf695bfdabaf8b23b41be37fdd982bf6ce89aae8",".git/objects/bf/695bfdabaf8b23b41be37fdd982bf6ce89aae8","13536","9c6e47ecfd4bea4ccd22e82827167cf9dfe04caa56404877e4f5576eb598522a"
"bf7e9630ab468ea262bfef17dd0314444e59fcef",".git/objects/bf/7e9630ab468ea262bfef17dd0314444e59fcef","1690775","17adb7c904571d1f5c8e0695279e28a2f791ba9819fc1bd752487d2f667e4117"
"bf98ee188b0c226dca0ceb307e126afa5368a633",".git/objects/bf/98ee188b0c226dca0ceb307e126afa5368a633","4891519","aa8cba979c63f1532413d962c7d43735bbbfe74d88cf461accef6a3d7e446f95"
"bfaef13c44cdb73dc957084c8ef5c371858f7eaf",".git/objects/bf/aef13c44cdb73dc957084c8ef5c371858f7eaf","29467","ab7a6d786c8654290e9b5b302e445ab322820a645027eba5f4331359ef09946e"
"bff2db2d4f46cc1ea1e0c766e98b7745a5104196",".git/objects/bf/f2db2d4f46cc1ea1e0c766e98b7745a5104196","1569336","c7960d623f721274e1eaf72e1ab544e02217af13c28f43ad4e508f5381961d54"
"temporary",".git/objects/bf/tmp_obj_GGqbNz","177740","324623eb2acffd796ab156b056a2e66e75d5fc76d781e9c1e44bdca506cc35e0"
"c03f1966b45942117dad8c547a7629506ef6c6ff",".git/objects/c0/3f1966b45942117dad8c547a7629506ef6c6ff","40820","2ea9e3902f46103d75a88b0363ab4c6bc80400897156dbeb95df1d5209d0ef4e"
"c077216885fd1081b0bcd9a53f944d4833b69a44",".git/objects/c0/77216885fd1081b0bcd9a53f944d4833b69a44","1034122","18398f93a429ca231acbe262e5ab448b1cd069ecb83696d139c1c9afc376d861"
"c0c2a1ba5a4fd1d3d0b7504d659c7d7a4df375e2",".git/objects/c0/c2a1ba5a4fd1d3d0b7504d659c7d7a4df375e2","6426081","c8312df3ef53e719391d9680fa202694d4bd96e968c1e4bd3fc13ae7efdf44b5"
"c0dadd6d677c41221e2472b8e18593eca2e176fa",".git/objects/c0/dadd6d677c41221e2472b8e18593eca2e176fa","2814","ec1ee386cabbcd313b6848ad029adc803d5751deebcaf41de9171f3385a91100"
"c1732bda55117cc295032a23513921a242410677",".git/objects/c1/732bda55117cc295032a23513921a242410677","630","ab27e16ad30719e1cf345ac518e12d633e5752323df1c3103c66f4061665e3ba"
"c1bf6a09bf55cb6826498b96ce09d377f3505bcc",".git/objects/c1/bf6a09bf55cb6826498b96ce09d377f3505bcc","318","7c7256d286a4aa9d4f90fd722753587bcd26a7ebce59746d9f9615e9228c3734"
"c1da86a2ab09d77ca16ba06213bf81c3a41d241c",".git/objects/c1/da86a2ab09d77ca16ba06213bf81c3a41d241c","4959611","9ce4c3293cf32afa374105712cd603c549400f28f62c1f84d88f891a7caa699c"
"c1eec4d8a887bc710edc1b4dd9390f39e4ca0086",".git/objects/c1/eec4d8a887bc710edc1b4dd9390f39e4ca0086","284","fe8a99865b403fff20c97a939e0beb50d4d73ef577078cf63dc4853091fc0fcf"
"c1f2c9dae7ee8c5480c16e1f42cea37c4af3cf5f",".git/objects/c1/f2c9dae7ee8c5480c16e1f42cea37c4af3cf5f","1623697","7a8466c2a023b7e96a258c29476ed7b536b5f412dff573075252a94933d448bb"
"c20d7fb4792106a231984adf67e03f24331569be",".git/objects/c2/0d7fb4792106a231984adf67e03f24331569be","1191284","ff36dd9e0cbbb21edd603289f3a541827a9f3cdae1e615e2ebb38e24c72872dc"
"c220d442bb1960dc349ced2ffeb654d0973bd8f9",".git/objects/c2/20d442bb1960dc349ced2ffeb654d0973bd8f9","836","b512a9f23dba090040dbf8496f9dcd1ee06ab29cb0a44573bac9b2a94324666c"
"c2217c35e53b13146f976ae4e4c02b4863522048",".git/objects/c2/217c35e53b13146f976ae4e4c02b4863522048","1516968","6f2c91e6e535b9b8b16352d775c07b443c4fe775dc3931d4662162ead169c8f3"
"c2226a25d10f92f6c0a6d68be9c6a336066d3437",".git/objects/c2/226a25d10f92f6c0a6d68be9c6a336066d3437","698359","0d3314a3946b6cd78246f822227c32c4de893c6440d6b75c929b1a3cd59736f7"
"c22c49125f1b3b7d782497a4b9631088b35e6cad",".git/objects/c2/2c49125f1b3b7d782497a4b9631088b35e6cad","1677381","7b0a8fce382b2cf564108aad54c9e709f3fd84fc870a3fcda867bbc386b52c35"
"c25243dd5e42c9aa9166dc14c80d52cae4852cd5",".git/objects/c2/5243dd5e42c9aa9166dc14c80d52cae4852cd5","895734","e50f88884ac796f5b20d45d6f63e800d9041968636de2d1ea3e5a56699e05e5a"
"c25be0d6511a8b028d2909694455d3958f676081",".git/objects/c2/5be0d6511a8b028d2909694455d3958f676081","1241382","221a4ae8545c83f84cb253fcd6b1342d7d98a4e7da792267eda2c31950814130"
"c2606b185d3b0bf32eb7006bde8579007fdf1f7e",".git/objects/c2/606b185d3b0bf32eb7006bde8579007fdf1f7e","254","2ef339a2d9beff61624ef09361254f10b44b273a2df3d970a4f843866cf7a821"
"c2f37cbc68fc1ad7614935948094b13697618d8d",".git/objects/c2/f37cbc68fc1ad7614935948094b13697618d8d","560545","b957ca49ac940db10195ee885b56546ecd4626873364f456b698bfaeb956178c"
"c30354e23d2fe769be511b0d9050860c07e36e5b",".git/objects/c3/0354e23d2fe769be511b0d9050860c07e36e5b","2478","8b9490aae6c9273176c6303cd48d90f5224b6742c9cf2b511ea416d989d8ecf4"
"c32af52bb96311244e0e5eeb91e696539d54580e",".git/objects/c3/2af52bb96311244e0e5eeb91e696539d54580e","630831","4bf702a5184ea5e85bc109a4e6302b13aafbbdc334b9f53793301d0afc7cd0ed"
"c32ca8727cf93930abc68e73aaf8c140cb9f51dd",".git/objects/c3/2ca8727cf93930abc68e73aaf8c140cb9f51dd","1327","f7d13f5bb9f47d767a3254eb5dd9f085233aef41b112ba89b568579e2d6f485f"
"c36af4347ee31354aefe0e002a149a146418ca54",".git/objects/c3/6af4347ee31354aefe0e002a149a146418ca54","2329710","b5231539c4a1f2cff41d6d53dd91b13c43bb15888e0b2d6d92dd64a81bc75422"
"c3b0789042650daab8e818e88eb0da765cb3188f",".git/objects/c3/b0789042650daab8e818e88eb0da765cb3188f","1615771","edc03d96464ffc8139a73f768ada239fd244ab8850c6e6ecf8fa3328b3bb73b4"
"c3b706d1a131bed47795804a0ca4eb110d8e172b",".git/objects/c3/b706d1a131bed47795804a0ca4eb110d8e172b","5434","ca4a0bc147cc87da0a6d34369c962f6f025502a0479ced802b111c82d5e32653"
"c3c1d3dbe514b6f276a21de66cff17a352bc3901",".git/objects/c3/c1d3dbe514b6f276a21de66cff17a352bc3901","4923310","d03daff6ba6840e8ba598d12fc92093e8433db5f83dff0c0d62cac055e273c95"
"c3ecf73982b9c4e2ac274ea7edf0fc1e6556229f",".git/objects/c3/ecf73982b9c4e2ac274ea7edf0fc1e6556229f","1056","02546536557e8428b28d6ceb31d5f1b88bbe35bb56d8911b4a08a75648abfbe0"
"temporary",".git/objects/c3/tmp_obj_TnO6zv","495616","47ebe57ea4c0ecb506af34dddf46b80491aa8745c2c717cdf19e6b86deea310e"
"c4314cdbac05a5380233dcbd16b2a57f9f746eef",".git/objects/c4/314cdbac05a5380233dcbd16b2a57f9f746eef","700567","9c9589cb2586a52949e3296b697f043a9863b0ffa85c5883a872c00e5c0b0198"
"c4491d08487d89dee4aaa0da315eeaa0c577544f",".git/objects/c4/491d08487d89dee4aaa0da315eeaa0c577544f","1512713","90ff9edf0dc6cf991519d1a4b6fc93ed04656dbb4795ac654517c4fd918f1cd5"
"c472f65a80f463b2e3f8116da067e9f33ab8a73f",".git/objects/c4/72f65a80f463b2e3f8116da067e9f33ab8a73f","33906","7d3e650deddfe34df06ce6386a5cb3dc83b36bdaaa0311cfa2b4b07efe4381d3"
"c4bcacf0fc138cc3a1da14008af206246a9d5c27",".git/objects/c4/bcacf0fc138cc3a1da14008af206246a9d5c27","57577","1250f79132d88612b1feedbb8d4f760c7ee51da25faad2c5906e7e50031a6f53"
"c4d09c8a134422c3404a990f925b50979b82908e",".git/objects/c4/d09c8a134422c3404a990f925b50979b82908e","117450","5ac7943d8c404ad1440579de9b47e56c043aa081f3d9fc02f69359ed5af4a2fb"
"c4f4a2a836d219084d52ce2f8cd8bbf54021d39f",".git/objects/c4/f4a2a836d219084d52ce2f8cd8bbf54021d39f","1524864","424d1bb4df9cebc90a8b65cf28cb792a23f1b6b5511eb044543ea11eb2144aae"
"c5738496b2c97b86dac746a6e9018b035208b4d6",".git/objects/c5/738496b2c97b86dac746a6e9018b035208b4d6","168","d814260648dece9fdf16aa63fcb3776ea5b23cb8f54c99f8d0fb25f18d6c8964"
"c57a18f3e8631b35df98f338cb50d727850ae6d6",".git/objects/c5/7a18f3e8631b35df98f338cb50d727850ae6d6","482136","f16ee6a47f6ac5c6062a0f1873e329d69c385464496a3effb7f489cb8dcd431f"
"c5a51fb57bff7a0fd680006349e02aea26fa6e1a",".git/objects/c5/a51fb57bff7a0fd680006349e02aea26fa6e1a","1574530","7429167771a3e125b0dc9feeb1ffd9a4a5491da7e565c10af75d34db9a36f102"
"c5b1fd155c98b2aa14a92a4ef035a6580097cb35",".git/objects/c5/b1fd155c98b2aa14a92a4ef035a6580097cb35","5532294","2bf412e69c6b16f0c569f40b7a712ccc0e56911548c6fb14d84d9e5121c4921a"
"c5b79b8af557d40192d5dcaeb3a39b77120683fc",".git/objects/c5/b79b8af557d40192d5dcaeb3a39b77120683fc","3376","d94b41510fcc12c1ef7012490f3d75d0d52b40e6236354275ccc135d1259007b"
"c5ea3de1605895a4aef09678db7c0f452c2aa2b6",".git/objects/c5/ea3de1605895a4aef09678db7c0f452c2aa2b6","1628420","8cb8ee72d3cdcf6c2725a25fbffd4766a4991f97605bc37373f5bb11b81f7379"
"c5f2c16794ccb7e7e4a79accda914fd33643ebc2",".git/objects/c5/f2c16794ccb7e7e4a79accda914fd33643ebc2","1396732","c5f5f3f374a94b0052df3be7781c258cc3e57561a5e9c89a122f97e06317edcb"
"c64f95d6fee33d9a4f3555c37452e575c323fa1e",".git/objects/c6/4f95d6fee33d9a4f3555c37452e575c323fa1e","1447696","cee814c4339d182f9f51d9561884932f03a754f17502bdb9db56f24be060e42d"
"c705be7e140ff08f7eff84234b1735e19202e5ab",".git/objects/c7/05be7e140ff08f7eff84234b1735e19202e5ab","1466010","acdf854fefacd9b3f35db2021c27a640e3c39138e4cadb9e2f5dc97c17c3361d"
"c72936b6caeb5f938bec75d12414b01c22e52dac",".git/objects/c7/2936b6caeb5f938bec75d12414b01c22e52dac","12832","2380a8d208fba2f99eba3acf95f55e7a15afcb67932216a4f394d9d157e170eb"
"c7792794045d21c088e12d909bc8a9e4d70382e9",".git/objects/c7/792794045d21c088e12d909bc8a9e4d70382e9","121053","a647d09601e6e3bad434e3d7794b40f1647cec065685498282fb37dd32484380"
"c7b720d950219189597306ceda086ab702e9923d",".git/objects/c7/b720d950219189597306ceda086ab702e9923d","1621032","5bf7a0e114409e9e4aa60c6aeafca5856c1cb4970ed59289b2ba961ca59f07c6"
"c7bc9c817197b75a1c251891844dfa7c6a446ef1",".git/objects/c7/bc9c817197b75a1c251891844dfa7c6a446ef1","34838","c7848930e41d0121f11e71ca8f577a9c5248dbf889ead74dbe1a5a71c728574d"
"c7e61017ee35c9e7f324b18b67ec2c5117f570bb",".git/objects/c7/e61017ee35c9e7f324b18b67ec2c5117f570bb","733","bf646c2aa6308d2f206965a3a3b615ab1f9a3057ec7f7cea9e9684e3a72ee07e"
"c81f8e1325372d02f5ed3978bd151c85ff3b47cb",".git/objects/c8/1f8e1325372d02f5ed3978bd151c85ff3b47cb","453297","9d8b41318df89228b72e39d9abefaee4a57611d3c417dc761b56911209c19a45"
"c82bc904cc4e23d7b3845d98dfbab1fd2fcf92f6",".git/objects/c8/2bc904cc4e23d7b3845d98dfbab1fd2fcf92f6","428190","84afbe304c3f41c43744500cee706a7038a88462af45d6c41d2471c19ee92287"
"c82d19a84e3bb2617298e2290ffacec075baa663",".git/objects/c8/2d19a84e3bb2617298e2290ffacec075baa663","1276519","e087864123b02645a55ddeab33b2d1dc6bdb2ed47cb5d5446dc221e209125179"
"c82f94ce759620d88d22bfeb247f28f4ea107501",".git/objects/c8/2f94ce759620d88d22bfeb247f28f4ea107501","8041","728883c5cd263599e19de1514139beafe2f0577fda46651e9c9b1e4b2f1d06ec"
"c86a08878667384c6102a4a3a3ba71203fe05989",".git/objects/c8/6a08878667384c6102a4a3a3ba71203fe05989","1468189","16772a91c832c92a36ec4bc3dfb3caad1f2a572f4ed047cd7cd03e238a6a4430"
"c88c6fe3aca59f3261c0e51eaefca7d3823ed7f0",".git/objects/c8/8c6fe3aca59f3261c0e51eaefca7d3823ed7f0","34315","3afeb3ca5f6795965a881dc4eeb7711e044d3495d0dab532507e247e009b544a"
"c8952a6fcaff3038bd9e6ad4ebd88bca34c5ec89",".git/objects/c8/952a6fcaff3038bd9e6ad4ebd88bca34c5ec89","446","e5a7bda363f7bdebe7df4e5fda583ae1034369ae9b26774bc8f981be06a95fa4"
"c8978a35a166f3beee890f7c5382d45be15afa42",".git/objects/c8/978a35a166f3beee890f7c5382d45be15afa42","14758","a8dab18dee26186b5b4fb98f8d32e9e54ae23e42e1567c2b8b3bf9e5d65bd02b"
"c9285138b5519df579b8dd62a8d5a6e2ad5cf0e7",".git/objects/c9/285138b5519df579b8dd62a8d5a6e2ad5cf0e7","12530","15673ae5a2a2720286750216621afc314d68f722dfe0adb7033ef423bce505e6"
"c94867ccf82e5150d3a4c9c8588d7c65d9f6b085",".git/objects/c9/4867ccf82e5150d3a4c9c8588d7c65d9f6b085","5995200","6eddbab4770afa57fe79559e19e108893f8246520692b7cb8fd2df1cd159faf7"
"c94d77f16211a1b461e3e4ddee65703b3cd17cbc",".git/objects/c9/4d77f16211a1b461e3e4ddee65703b3cd17cbc","927","3ab48ccf5ebe0b854ccf2e6985bd0432651013826573dc063080aba302ece98e"
"c95fcd8351dfe90d407d5885ca4f3e589aac1a31",".git/objects/c9/5fcd8351dfe90d407d5885ca4f3e589aac1a31","85040","69bdf12494e995e5bb79b6e7211b4795363a02c24bc245dc654b57ea44b4b6b4"
"c97f149a742598b194e83d9f35bc56a8eaff0581",".git/objects/c9/7f149a742598b194e83d9f35bc56a8eaff0581","254","3a1993a6b3bf8b91f928b38341917d89fe52bc22e1ef8edeaa157dae4f815a7c"
"c9837e2f25facdb4a5c98b3b7c856d0a33ef1310",".git/objects/c9/837e2f25facdb4a5c98b3b7c856d0a33ef1310","7212","a65d103020d39dfdf2ed17aeb3daf4eff53fff331a5724d3fb1c374611f64697"
"c99dfbe3bc362d1bdd1750cb9c0bba30fa696f25",".git/objects/c9/9dfbe3bc362d1bdd1750cb9c0bba30fa696f25","1048487","c96eefd9f7b47d56d76e7a3c2f074b0c5a62a064159ff8db33f7db347d33c858"
"c9a7d087a63fecee7464ec226975b25af048e4c7",".git/objects/c9/a7d087a63fecee7464ec226975b25af048e4c7","90406","175d558ad810ebc1913f1eb42cb47c88bd7109bcb6d9a85f6e40e844c90b7c24"
"c9c986442c9decdb6e022650e53ffb26da7a89b6",".git/objects/c9/c986442c9decdb6e022650e53ffb26da7a89b6","594058","6b0d04ccc39940c9e50fe001e2edc9a2de5d85fa998a53927c7f62ab0221a90e"
"c9dfc74f26d79370caaa6af36a492dacca28e65f",".git/objects/c9/dfc74f26d79370caaa6af36a492dacca28e65f","273","e3343bf14d43b6464f2f8396b603fd6fe2dc3c9d920be3827add3ea5d922edfa"
"c9f9d6dcfe6f3f70ba1b4f14ee8196f700e58775",".git/objects/c9/f9d6dcfe6f3f70ba1b4f14ee8196f700e58775","733","4f7b7fc99d86bad5a0f7d005e9c083387ce00309f8172c73280fa2615ebb17df"
"ca0d19c4a29e6e670e947f64817616d18b6669f2",".git/objects/ca/0d19c4a29e6e670e947f64817616d18b6669f2","1468230","21c23b9287148b3911086e5312cfaa813c3c58ea7534f4e1e3f90fe4a4eef8ee"
"ca38a4877c199e088cf3edc54d39a3c96c150094",".git/objects/ca/38a4877c199e088cf3edc54d39a3c96c150094","724874","7f9e06cad233e194c91f53a86bbe12f59d62237364d812b8808ff5f83e7a860b"
"ca45d8586f857b0f8c5114223d71a0144c097714",".git/objects/ca/45d8586f857b0f8c5114223d71a0144c097714","72540","cd6f4a603b837ac8b96d64a564a6b266f8bd5486f92d1c9d34ce131518fe570e"
"ca4c797d85337d124daeb7893050e56d5bdfca5c",".git/objects/ca/4c797d85337d124daeb7893050e56d5bdfca5c","5517044","2b5a600b3a48ed5261001b3f8d2a23014403c93e0da90765fc1f90e6856318c5"
"ca616e76fed190ee6458950dc48f5e31e2e88d9b",".git/objects/ca/616e76fed190ee6458950dc48f5e31e2e88d9b","1690974","4b8302721d1a9d44fef067b614d1c6e4cee4e03cb851084553e904b9933da95b"
"ca6bd558ee5fbb69f0ca8e0a7959bc24fd9d1624",".git/objects/ca/6bd558ee5fbb69f0ca8e0a7959bc24fd9d1624","1596871","889d0c1e3e9eede4385628b2cb82d957d41c4bad11656139c48dd37c30853a06"
"ca7d94bac01f8a5089ae17c149b33655d6bebf69",".git/objects/ca/7d94bac01f8a5089ae17c149b33655d6bebf69","510","36551700ff2d26ebe1d4f3761d5f879ec80d00626bf6476e698aa37fd1e54562"
"ca8289fe43cb0d1a971a70f3bb4aa4b0c280a130",".git/objects/ca/8289fe43cb0d1a971a70f3bb4aa4b0c280a130","34497","a1e3b62342382bfc6f930661539fe9b7a1475020656e4c915fbc60bba04b8694"
"cab83916873a8c6d478bec6a4625b5f9f511f559",".git/objects/ca/b83916873a8c6d478bec6a4625b5f9f511f559","6786","301afca4280c621e1b69a57e82c74fb85c50c388908badace18a5d023863fa12"
"caefbc4d6121523e204ea2aa57f8d943a8e1a7a9",".git/objects/ca/efbc4d6121523e204ea2aa57f8d943a8e1a7a9","506758","df6ef6c75518d963eb8079db97b520c88302f84a617c51519deaa25282fc461c"
"cb27f586d4ef6fbc37f14757c822f935bb08d432",".git/objects/cb/27f586d4ef6fbc37f14757c822f935bb08d432","799945","11cf1ef92ae2544dfbbea5646426acaa094a01c365546f24bd5c6d62814d58bf"
"cb9207694ca491282ffab764fd5ec7f66a6c1923",".git/objects/cb/9207694ca491282ffab764fd5ec7f66a6c1923","729","2c9a8d6ceeb335d58dee670ff16082ccb97efef4fc72de15a7a6468de3ddc4eb"
"cba16cb97d9497b8e25c1c32ba9574e10541fdc2",".git/objects/cb/a16cb97d9497b8e25c1c32ba9574e10541fdc2","2769","3dc32f0bdb18f6860e94ddb0b1e2d0f36ae18de01ed06aa08257a0c319da8854"
"cbbcfe5b086a04cb6365845bf6bc568d46113296",".git/objects/cb/bcfe5b086a04cb6365845bf6bc568d46113296","1445195","e1464a3abb64d3338a834d76ee97edd887e7d26beb545d780d129fcf946c433f"
"cbc11933f0ed6cb6cf429f85878a4e77292447f6",".git/objects/cb/c11933f0ed6cb6cf429f85878a4e77292447f6","3771255","724ba61fe01634e8356b389052c3e46b6f7e62fb54468c7fc4678d4eb58c6496"
"cbe58e1e152da2cf8d3b205e8a48b007a1e1073e",".git/objects/cb/e58e1e152da2cf8d3b205e8a48b007a1e1073e","84118","d6e44d403e65430896ccb38c009a5a05964953eb752e631e2264a5eeb79d3958"
"cc6c8815a9339ab8ed6e85d0a0a91fa55d166f09",".git/objects/cc/6c8815a9339ab8ed6e85d0a0a91fa55d166f09","42212","e509efde38ff56450d62c95936632997093e47f3050958c0c997a4d3af5f0467"
"cc933e193672cc46d07ec56e8a775db4b01922a0",".git/objects/cc/933e193672cc46d07ec56e8a775db4b01922a0","123","7ef7f6ae33fd00fd618fda9e337c74e04d8e94941f892ba214c90e9f81b29ab0"
"ccc6ac0a6a5d064237e062f20e28e1a71a183d53",".git/objects/cc/c6ac0a6a5d064237e062f20e28e1a71a183d53","458033","6ecd283a89228cba2a826cd8241492332c24511e0a7707889b4b8674b2e16ec4"
"ccc88f972967b53f4199ed046881021b334b7ef6",".git/objects/cc/c88f972967b53f4199ed046881021b334b7ef6","7631","99126622d71e30b474a3ea67d5ad989dc4723d2660a4238922a4ccbd3f2504f0"
"cce00f97d64b735a232d3de917dee4087941c8a3",".git/objects/cc/e00f97d64b735a232d3de917dee4087941c8a3","593909","23b16adbdfbf13a1f88d1261ac86ed631445f295b6334cbd91bdc96d5952ba90"
"ccf118098a714817ed2df39bb48903bcf8b8d848",".git/objects/cc/f118098a714817ed2df39bb48903bcf8b8d848","639","0744f8aa5ff140721b4df5ee543639fe3f10316ffe1816fd3c4841e7340ccc40"
"ccf1dc7b45d87fbb6c3e524fb07f37abc6c5f512",".git/objects/cc/f1dc7b45d87fbb6c3e524fb07f37abc6c5f512","255","077611494979ed80ca91ce828bb52c5e7f947d5970a671245fc4efcc711787ae"
"temporary",".git/objects/cc/tmp_obj_hKqWMn","28123136","666909443569ab9038f1ae608edb12f186181e219dfd9db1895d91ba8289388b"
"cd2e6f924db0cb4f44ba1e71196513e5c3701865",".git/objects/cd/2e6f924db0cb4f44ba1e71196513e5c3701865","74525","97ded85024202cc7f37a1e123086208c3b87ab51356f0e1df180c2f6b101818b"
"cd4704a2efafc6754d62bab9be04013d95b4f128",".git/objects/cd/4704a2efafc6754d62bab9be04013d95b4f128","4637","703ba4c1e591898c9c698023e6662ac15df7f005731cb2686e0192fc4e97b535"
"cd566090ab8ca08adb4b529ca3323d7a8bd2e3b8",".git/objects/cd/566090ab8ca08adb4b529ca3323d7a8bd2e3b8","4337052","2ab382f70348e1f9c0dd1a1c9b3e4cda2e4fe7adff67d6b1df4b468aa3e9d898"
"cd6488b5660a58117c45362c5b51f91fbafada2a",".git/objects/cd/6488b5660a58117c45362c5b51f91fbafada2a","94579","e560d619a82bb34783c417e2fe7db368b3a4098de57dfd33e9cbad1e40cf6c41"
"cdb435a1a0445baa5097dfc86d0887ee99a95b9d",".git/objects/cd/b435a1a0445baa5097dfc86d0887ee99a95b9d","31725","4ba3f7fdb380c59567af113e40f5283ef8e2ec3d044530a4cc77fffc67f5678a"
"cdbd4f4779f0edbf237be0ea251f0fb22e805e66",".git/objects/cd/bd4f4779f0edbf237be0ea251f0fb22e805e66","1295801","95390971924ecd8a0e16fc014ffacf800d24d112f22493adaf577640c92bd3db"
"cdea5369c63aef7b1c4b872ef7acf3a362cd945b",".git/objects/cd/ea5369c63aef7b1c4b872ef7acf3a362cd945b","734","63416955850ff0a0602e86771813e148676fffd8985070d66527aa613ca0497c"
"ce117ddc2c31d3d36342a931969d250820a15e4f",".git/objects/ce/117ddc2c31d3d36342a931969d250820a15e4f","255","d81d03a5c5ceb706eed2046c75ed514fd6c084489f40a80e2338a6eabb345e60"
"ce4601f7d49a5c2b6ea816338d3b9ad959ca24a6",".git/objects/ce/4601f7d49a5c2b6ea816338d3b9ad959ca24a6","4622","d5c7711a1d8b6f182d1b90265061ad883927c8008fdd01ce68f94512b3004670"
"cec98b31c6bcf66e64398581b9f4e7769a573c8f",".git/objects/ce/c98b31c6bcf66e64398581b9f4e7769a573c8f","2980","c1712f0c8d826cb049e0b07dcf579de870b73330c78717601974268d03c38fcd"
"cec9a81893216694f40557ab403902f104ab7eff",".git/objects/ce/c9a81893216694f40557ab403902f104ab7eff","1540730","21db9fc156566803ed4580ff3a23071c98feab6121c6044ccba790e3b99673e4"
"cee866777c73105fbf0eb149bb0904aa3f828cb7",".git/objects/ce/e866777c73105fbf0eb149bb0904aa3f828cb7","5521282","ac96dc0ac0e4f216d355eaae3a0502f18ba9506d8714537dc7dafde4c0790c25"
"ceec664d577b203d172aa003325e518297ad5d19",".git/objects/ce/ec664d577b203d172aa003325e518297ad5d19","634","7a2550aef56fd35a7cc48880355b193b15d30f771bae94f047483cebe59d1523"
"cf040cedc6974d609483426121a1a93a5658f67e",".git/objects/cf/040cedc6974d609483426121a1a93a5658f67e","1265892","acb510977892690fdcc7c6434ba34f6f53bc998ab01e26d54549cca4e36931f9"
"cf0a9554d52ac86af15ffc11bbc9fd6455dfe368",".git/objects/cf/0a9554d52ac86af15ffc11bbc9fd6455dfe368","737","98bdd22f1b16420e9a7e22ced8438e275403029bb51dc9faaa9948f0a309be7e"
"cf1b7e7191fa892155f3bcebfdeab5ebe5ec1d67",".git/objects/cf/1b7e7191fa892155f3bcebfdeab5ebe5ec1d67","1100964","25f24d4f664a999d79e1fca888f3d6b1a26e27b082fed2d544acbf31852b0e49"
"cf586b40af8c284a63b7daa85742624b961f29ea",".git/objects/cf/586b40af8c284a63b7daa85742624b961f29ea","17151","8cd5483527199f467741f05cb099d684d9600f3eeeee24518d1b7e62e3947187"
"cf72cd128f37b2e9500a178296eb816a036e7db6",".git/objects/cf/72cd128f37b2e9500a178296eb816a036e7db6","1089584","5f99b6957f473a271dcb6c3a0ffb85b99fca99229b01feeb897cc4e072ef9acf"
"cf762e243b7b3a93c2957caaa6e4090e48a90a9f",".git/objects/cf/762e243b7b3a93c2957caaa6e4090e48a90a9f","12585","a630f4e08f0413e14d0a0acbc962dbeb8b932df75c9a7c3c921c2120ea145e65"
"cf9be4328e55eb256c602162ec8d392ee2141f4c",".git/objects/cf/9be4328e55eb256c602162ec8d392ee2141f4c","741","4def59a99eb8e060691a1ffd3bb10a41b39ebe554b0332e8075a07efb2bf2054"
"cf9ef1477571549728b81671d3a5a9e7c76d9880",".git/objects/cf/9ef1477571549728b81671d3a5a9e7c76d9880","347059","0f3705d442e53147bd600dcde2ac809a3931dca9ebbf6a486d68fc3cf447a776"
"cfb635d5b5232305590d73c6f6581626e66cd561",".git/objects/cf/b635d5b5232305590d73c6f6581626e66cd561","3734317","ee99335ea68f4b5f30a0664ccd37a30bc446fb5b1b141b256bb8c291fb354949"
"cff4747a89f5a23fcd8a5f9e90092b2f8ac7fd33",".git/objects/cf/f4747a89f5a23fcd8a5f9e90092b2f8ac7fd33","13461","0ba25285a5e03c8676d5e0dd7194ebc9a9680cabef6052397453bf8cea85847b"
"cff7623f9d66ea0e7147730d0ed27737632f241f",".git/objects/cf/f7623f9d66ea0e7147730d0ed27737632f241f","2050432","efe2fc9502f37b7ba6c7c994d017dd979fddbf08c72965ca776bca4e7a9de342"
"d00366522e33ca2dec2a0c74a9fd6d5acb3e204c",".git/objects/d0/0366522e33ca2dec2a0c74a9fd6d5acb3e204c","515474","55782bb0f89a608367d3bba74aee4fd9aefb2b165958077cc5107467f072ed12"
"d07b2d9f972ff21d12ec4d3b190cc7a335b82883",".git/objects/d0/7b2d9f972ff21d12ec4d3b190cc7a335b82883","585","ac3a379bd622fe920d2e03e7f027ea322f34bcdc0dd1a5790a8472a649115e23"
"d08dc01cced5793c97a985a274f9348bcd8b735d",".git/objects/d0/8dc01cced5793c97a985a274f9348bcd8b735d","1535979","5d9628ebb564a74e0442c6c1bb0cb154a7a5189948ccca3883901fe74b9297e1"
"d0e6ffdda65ba32639e3e952959d35c4d348693e",".git/objects/d0/e6ffdda65ba32639e3e952959d35c4d348693e","425395","0b711d9b45f98eadf16566c2a224bdd6ae52c1d84bb0957b9e949322974c0f4f"
"d178b267545f32a075f3a66dd9294a84e39992f9",".git/objects/d1/78b267545f32a075f3a66dd9294a84e39992f9","10796","0d1187851247ba8d8ea35a435db89f09cc32e48f6b77f1c41da83ff1c08905e2"
"d182c0dd2033df61326e79195617caa5d11c9a4a",".git/objects/d1/82c0dd2033df61326e79195617caa5d11c9a4a","664753","570b712e759e31398f17b4e33e24cbb4466b21841a8a9262aca40ab8cb52abee"
"d187966bd4e8c33bbeff53890af7b5f983c1f21a",".git/objects/d1/87966bd4e8c33bbeff53890af7b5f983c1f21a","8663","34f62350d16e815b53a86953d6a6e01fb6ec13b2bdb8d4473e2a8d6e0e25c7b6"
"d19456a12fe15c07188e02ffcc77ad2a77626b96",".git/objects/d1/9456a12fe15c07188e02ffcc77ad2a77626b96","90394","b7667651ad407b69d150cf6e3dfc8957837a0db15f0e5c25d171866314a29d45"
"d1ae0c45f2d9aaf24838c3d08b72bddafd520d2e",".git/objects/d1/ae0c45f2d9aaf24838c3d08b72bddafd520d2e","6097763","500aade2abd147000b8a9c886d95403295f3b0968750d74a1245b7d6d84021bf"
"d1b66a038ee12a703831b8bd64ddf8b4dd181732",".git/objects/d1/b66a038ee12a703831b8bd64ddf8b4dd181732","30462","8142e09f5c58b0075bddfb631ce8db35a88c8032dd003c17e12983acbea500f1"
"d1eb9734ae592407efc4efd1b949b45afcf74c36",".git/objects/d1/eb9734ae592407efc4efd1b949b45afcf74c36","112326","20858e6fc3673d56739f81f2a320e410b963572d82d6115e551cf97ef1cb1921"
"d204fc43f36c1d0012274935d3dc292f22ba7969",".git/objects/d2/04fc43f36c1d0012274935d3dc292f22ba7969","102028","f21f6453e74e4ea11deede0124d24392bc79a95c8cfd57845071ee00df9c1936"
"d220eb60ebcaac2d6891a29ba9354255f65e7dc5",".git/objects/d2/20eb60ebcaac2d6891a29ba9354255f65e7dc5","36126","0d529b80abb6fec33e8a24daf2ab087775ec3b8c54ee1fbfa73e9e747f13e27b"
"d28f9f505f4d09eab6e91e2d56c553dcff891d58",".git/objects/d2/8f9f505f4d09eab6e91e2d56c553dcff891d58","273","3ac0a5c2f20fcf6894f9c9cd4695bb2b3f749039b28ea46347b3d45b5aa155f5"
"d2b04ef5a68c04cc5bde7ee33dacf06c21eab5f5",".git/objects/d2/b04ef5a68c04cc5bde7ee33dacf06c21eab5f5","6148814","78a15468fa1d6da0dcbc7b6ef93590cc9d8f663811837e9d57b58f3a7092b515"
"d2c42e4dd9467c6872abdab5c3e9bfb66fadc74a",".git/objects/d2/c42e4dd9467c6872abdab5c3e9bfb66fadc74a","376771","4b3381d197f357880d7a799ac76eb3bf4ea455ec3de8a4d1f37e98eb8bfa06e3"
"d2eeb7ba77e9b1515292aa03f4d8473aea15a45f",".git/objects/d2/eeb7ba77e9b1515292aa03f4d8473aea15a45f","729665","c0fc4d41ec4438e530a196bab247c47881b55b54f32ae95c51599da9cb32a671"
"d2f78e46a1f9c0dd481b3988669b365eff42c3b2",".git/objects/d2/f78e46a1f9c0dd481b3988669b365eff42c3b2","33480","8f55ed7245fad9c99e5386c0216d0fe5714bb31ef05ae1e6529c071aeb52d05c"
"d32075581a354ad98fcc06a224b6136922387b94",".git/objects/d3/2075581a354ad98fcc06a224b6136922387b94","1242564","4008cf7aaa9946aa3f0cecedfe25fed7752e5fa4104684e20dd4961eaf82fbc1"
"d372acc71d609644251bb7ab9361b719e8a2a8ab",".git/objects/d3/72acc71d609644251bb7ab9361b719e8a2a8ab","1590080","d13d538706df49bbf5e89ede920cef6b1101da7ef2e8f1f14994f6458cd6405b"
"d3809de3411068f4eb0c9996ecd644f52e70ed41",".git/objects/d3/809de3411068f4eb0c9996ecd644f52e70ed41","102916","d6465742cc4110ea9e64a38d2e4df45b1ababbdc0e9eb124220bef3530315846"
"d38589e629c49d5ab0fc57825c5ab1bb697a386e",".git/objects/d3/8589e629c49d5ab0fc57825c5ab1bb697a386e","303","fae1cbf1e1689de9f573ddbe4400f5daeb1b488448147ccc279c07b587a37ac0"
"d3912e1c2031a224c1f00fb5713913a7cc877439",".git/objects/d3/912e1c2031a224c1f00fb5713913a7cc877439","82537","dfc82b7db79de6b97ceb776cd7f00557f69f1f59a83b1ee8a928cfb925d563c0"
"d3b6677defff3b20fbb1f324d6af6d2e5c53c523",".git/objects/d3/b6677defff3b20fbb1f324d6af6d2e5c53c523","42055","427850722d73b1a2ef27263009dc06dfbd6f6a24fca18af3963432b6b2e0270c"
"d3cf2f74604873adcacdbcedee77dd245a5380b6",".git/objects/d3/cf2f74604873adcacdbcedee77dd245a5380b6","11192","cef68bb04b76d8c0a2701207773a09552321240e3da7a3928db05d1014e5d5fe"
"d3e3c339d094cdb2207ed8c894fd9282a33a805d",".git/objects/d3/e3c339d094cdb2207ed8c894fd9282a33a805d","479302","a45faf8fc1f2806648dab2c3f8e501ca6de4f553fc2e0dc03ea7594a781cc947"
"d3f574b81e3d4ba7f9e651c3643c6c147cd8beef",".git/objects/d3/f574b81e3d4ba7f9e651c3643c6c147cd8beef","16939","9db2bcf71eb3e1892d5e4c9a0a0c3a21c74510a1266024ac72ffb9fb7ba91c51"
"d3faad4255945953598ae709aa94f4ccaecce622",".git/objects/d3/faad4255945953598ae709aa94f4ccaecce622","514","13947ff88157455e2e5c3ef237a3cab8abbcd20c9bb4bb60d63b7a1766ca0d3b"
"d427ed40a6e4759b6ef855d9689fbc0e921a2126",".git/objects/d4/27ed40a6e4759b6ef855d9689fbc0e921a2126","90698","4bbbdcbcc7b98b47215a2a49ef21922e655f37bcbdf58c1598fa10578c69d131"
"d431e4e441b71f498f5cad8eaab1840d03b71248",".git/objects/d4/31e4e441b71f498f5cad8eaab1840d03b71248","504","3482c9a39453d80b32b97401bef381a795a22fe7b904fb0c0e63799d66d7d695"
"d45046f7e9290c67e080b20ab0b4729bbfe69679",".git/objects/d4/5046f7e9290c67e080b20ab0b4729bbfe69679","2041893","188da2eaf1c486d4bd223878f9301cdd070320d3037f0e48556c933deb6a82c4"
"d4757d315c9fb8ac73d8692dbbe84d2e31a39aef",".git/objects/d4/757d315c9fb8ac73d8692dbbe84d2e31a39aef","7931838","b8201bf3ac755b7dae7cb18303e6dfbe281965d1697ed1c363e2ab6a3da2e776"
"d4793d4848067d5bbc01a7ed2be4d128a1a60b72",".git/objects/d4/793d4848067d5bbc01a7ed2be4d128a1a60b72","311717","aa2a39929ddfca89a98359b62d821b6ae696c02dcb38229d5310b5c73020e844"
"d49565724150753580873ee696db42d3ac8d9c1a",".git/objects/d4/9565724150753580873ee696db42d3ac8d9c1a","113","09da07009b104b802dd5c06cebd360dc0eb9a7f6805dd5c1fd80791d2b38e02b"
"d4aceea50f329b78cf47a397204b0fc11a0a50ae",".git/objects/d4/aceea50f329b78cf47a397204b0fc11a0a50ae","253907","90b9711c20342269152d312b1ab29c65da80c4b9eafa3260844708745f87d7ec"
"d4b7e5f83534fc5653e1a43dc31a095403756ea4",".git/objects/d4/b7e5f83534fc5653e1a43dc31a095403756ea4","5578763","23974d25e19f8c44f265baf92faa4bc7759cd41434b7f3ad22ccf5765d99074d"
"d4ffeb85574fbf37666e9c186b9aae9b096f440b",".git/objects/d4/ffeb85574fbf37666e9c186b9aae9b096f440b","135818","f7465e4138774b95046d5f27ef4c600b26f111d3a5d6943dded7846ad200b4b7"
"d50bb8a5af8a16b5ee6577b9159033de0e64a8e5",".git/objects/d5/0bb8a5af8a16b5ee6577b9159033de0e64a8e5","13519","9539ea38c622b339febce77932f92ca17d455619fd19967b12ec087d20e02d72"
"d54cbea926af691f5fb217bf654b8e574987df80",".git/objects/d5/4cbea926af691f5fb217bf654b8e574987df80","604","c3d5e9280aa50db63f47ae6f817050ffdc98792c32f3705cc2e7661590e86793"
"d56efb38dd1a60dcb0fd6298bf05ded9cc39eae8",".git/objects/d5/6efb38dd1a60dcb0fd6298bf05ded9cc39eae8","81312","ea4933e886d71a2f0d929f429b4715cc7042f595e8b3cc59ce902141b71ce774"
"d57e1348f7628c13a528696b4a631972dba97fd6",".git/objects/d5/7e1348f7628c13a528696b4a631972dba97fd6","916340","0853becdfc24026e496f716c2849a2264549f749bf9b8c2823fb266bece3e69c"
"d588d4f6a75858e3b33a8cc8d467bc97715a0539",".git/objects/d5/88d4f6a75858e3b33a8cc8d467bc97715a0539","3370","f9f971295317e124c3c575729889b49c6cfb4f15f8a9e72db9f81e3ce9e77882"
"d59166ef0eceb34bdc59a1b7c687c2c5ac0ac39f",".git/objects/d5/9166ef0eceb34bdc59a1b7c687c2c5ac0ac39f","1674339","30d4eb86cb15a7f9a8636da670b1d338a67c38796aea02cf14c26baaa3fecf22"
"d5941cb26fcd101424c037769aac2e50293e03aa",".git/objects/d5/941cb26fcd101424c037769aac2e50293e03aa","1410679","910969815b90cabd3bf37faa34ebed505fce9f5780ecef628aa807a19dc0e619"
"d5b14cca844b5f2baf1c88665c9d2df93f22d3c4",".git/objects/d5/b14cca844b5f2baf1c88665c9d2df93f22d3c4","141942","38f8d151fb63eb731ba0d0551b22cfc41e38bb0f9a58a086eb09c85c912d21b8"
"d63d22f157cf72a75929c7716874b511a7dfdd9c",".git/objects/d6/3d22f157cf72a75929c7716874b511a7dfdd9c","641","3355183899c4177fe0e1dbb76b3be76b103e58d16b9c6b490bb3cbdf296ec8e0"
"d6cba1462ab41cac91233287aa8d5c0fe4872321",".git/objects/d6/cba1462ab41cac91233287aa8d5c0fe4872321","166534","6da1dcce4f941af7ff7528fd6996ce1a54765c91dabae9cbfadc3e2fc49e3c3b"
"d6d4fd7fa48d395792d1c82405be7bd4db58edea",".git/objects/d6/d4fd7fa48d395792d1c82405be7bd4db58edea","1483846","5669e5a1ba7cfb51226d19b8ca846519b9bda4b45226bffd459b419380e41585"
"d6d5ffd3f5f053c81056fbd60163b67a9578f95e",".git/objects/d6/d5ffd3f5f053c81056fbd60163b67a9578f95e","528785","615db922603c3a0a901348628ae89a6fdcd12b8f829c430e88060686501a1135"
"d704d6235c7d0b116efae1caa92d76c57f245011",".git/objects/d7/04d6235c7d0b116efae1caa92d76c57f245011","888144","eb7d9825dac420d34458bc143ad6825857d2fc48049a96a3186d08e7258127b9"
"d7307ce21488b7054e09d51cfe64d342bad22454",".git/objects/d7/307ce21488b7054e09d51cfe64d342bad22454","55495","8f5203217c8c2a115a2700a2d663f2fc205c3eec90294bbf592a168935b7de73"
"d744b4dec04f67cb3f81d58c0a4201b3ebaf014d",".git/objects/d7/44b4dec04f67cb3f81d58c0a4201b3ebaf014d","814413","4366da98d545bd41506aff88fc654500fcb15e9c304a26f5251341ad3e1fcf39"
"d778c0dd72145dc1e5cc4c2418d5e67d8b632eee",".git/objects/d7/78c0dd72145dc1e5cc4c2418d5e67d8b632eee","5556632","968d5e0162eddd805783bc855b9cf126c0419f45712ecedf39edfcf1fb11659a"
"d791d226b1df1c3a3733767aed17ae8566c96bf2",".git/objects/d7/91d226b1df1c3a3733767aed17ae8566c96bf2","1269292","a052cb4192c82a1270253e5070a19a4ee21f056404be9f0c1abddaa20fb574e6"
"d8688458fc0e977573bbe4b3decdcfe23a39bcf0",".git/objects/d8/688458fc0e977573bbe4b3decdcfe23a39bcf0","1311197","69f63a3fabd5d21d7cfb1d08391c7e6b0ab126d3dd8606bd2ef4ccd415a1d9f2"
"d872eacac6f6e1ad3cb6b6d120974b7ba588f30c",".git/objects/d8/72eacac6f6e1ad3cb6b6d120974b7ba588f30c","1283859","f42c583bf920a956076c22611da9f557dab100f05695d2e9e5347c540e1b3b5c"
"d8b9d5428de05fd40236ef51f539ddff25ace655",".git/objects/d8/b9d5428de05fd40236ef51f539ddff25ace655","68923","469b37551dd70762f1e3d389c3adb0ec32c3ab8e89d67fdceaff6258e756e270"
"d8d38b2eca554eeef4ef325b1b2ef7bbb32d2e3c",".git/objects/d8/d38b2eca554eeef4ef325b1b2ef7bbb32d2e3c","7979","83e00e875ed607bb0ad661c01173103dfd524ca6d55334c71826aed7b06534c0"
"d93a1c8ca02575d658c9babbf50ede4a99153005",".git/objects/d9/3a1c8ca02575d658c9babbf50ede4a99153005","1085980","587e4bd7dfa37b7b835e452bbe48320c6977eb38c27b2f0b19ea7171c9a41f24"
"d98368d6907a0a649170aa52f5a4308dab3ce0aa",".git/objects/d9/8368d6907a0a649170aa52f5a4308dab3ce0aa","812","1c472b8402a867c6e7189fd9340ffcc0fab6e22a144252621997efd8eb8f2977"
"d98449f6b256be5e2aa6dd061571738e1b1e573d",".git/objects/d9/8449f6b256be5e2aa6dd061571738e1b1e573d","4242","083bd88dd80fc0aff364ac44afd0a90514d87bb2c8f667c313b721b35f4b33f9"
"d9a686c8698101303a9923a8548fa90d6a29e033",".git/objects/d9/a686c8698101303a9923a8548fa90d6a29e033","49407","a8376347cafd24f9e78464b6c4a8b8a8e9bdf01f5ec5a5da3c1258a74ce731dc"
"d9c0870bbb74c78562e50b1744a7be4ef9e8c70b",".git/objects/d9/c0870bbb74c78562e50b1744a7be4ef9e8c70b","5936203","ee7dbe0a9820dd060b4d1870fba62d6b11babe96ebe0d9371c03eaa3cd08d187"
"d9e908a8ebcdc608a41a89faa5ae47fc7b9f9f83",".git/objects/d9/e908a8ebcdc608a41a89faa5ae47fc7b9f9f83","1609085","4109dbf4adce25cba1e1ce4a437337fb598939a21a872dfb23d680950b0d9339"
"da162f5b42b71acf35e9ea39295dded3763b388e",".git/objects/da/162f5b42b71acf35e9ea39295dded3763b388e","12797","bf025235f663749c9eaf8e5b82d0c21ad99cc1b3a359e82205b8d116b4b00e15"
"da203d55e1a5d74793d18101bcb92eb5fb0d4123",".git/objects/da/203d55e1a5d74793d18101bcb92eb5fb0d4123","48713","e6ced17abe1c892824f907f3014750f454934c6c406e8d7457d799fc5c3ce025"
"da9bd23b903cd9e3ccd830fc1d6a3475f79bda38",".git/objects/da/9bd23b903cd9e3ccd830fc1d6a3475f79bda38","1211","ac5e8e467b8fdb2026adc327accd9a55a0c249a7d08aec8de8ee0252c32a5ca9"
"dacf626ddf1535799d4e8aec167b7953b777fe4d",".git/objects/da/cf626ddf1535799d4e8aec167b7953b777fe4d","1276036","a2429da3675efbf930cc1948e4ebfff00acd5750c8284da43ec03737f9c41f4f"
"db39d6cb8857cf9436de6113107327ad68476346",".git/objects/db/39d6cb8857cf9436de6113107327ad68476346","50016","688bd198a58d85b124a3b79138238a951d1738661df5295077c56458fa376931"
"db4e0f88aa49f7ff17331e96f3e834dc3e5f1d39",".git/objects/db/4e0f88aa49f7ff17331e96f3e834dc3e5f1d39","93340","fb311fc1ee11a22b3e7bdf9f5b42aa57bcde5518702d59ac7795e233662ad3f5"
"db57757ee46bddaf70032f211cab05387183e0bc",".git/objects/db/57757ee46bddaf70032f211cab05387183e0bc","2057","5b32abf4a613e546a57fe4834337f5f346a96dcfecd28fb8286a9d9e24b2380c"
"db57a9a5a0a8d7d2a8d66f827a834693af232746",".git/objects/db/57a9a5a0a8d7d2a8d66f827a834693af232746","733","611d07f93083fbddbcc5983a0685ad0e1f6e4730c7795c6d10e83f76d84e93ea"
"db7254faa1211a8fdce7d1a8e8d629f6bc82a367",".git/objects/db/7254faa1211a8fdce7d1a8e8d629f6bc82a367","1190765","ad15646e3255b8290db64b55dffed66457718e5495d19d61afc2b1a7846dfe6c"
"dbbfb4e5be96ad61ddf3fa007309b4e2e71ecc44",".git/objects/db/bfb4e5be96ad61ddf3fa007309b4e2e71ecc44","256","266987d178459eca09774a7c833de7962e30474ffddd50e89b169c3d6f074e49"
"dbec7142f0ed66d05277ba0ded2cd80f53e23cac",".git/objects/db/ec7142f0ed66d05277ba0ded2cd80f53e23cac","206473","9aed5102f7db4a182ae596ed0dad4ac55942046e53fddbe226a46ba58e9402e3"
"dc0507b85b5880ff5f0ae1c31285ec5bb9ccf7b1",".git/objects/dc/0507b85b5880ff5f0ae1c31285ec5bb9ccf7b1","1546635","28a4ed91bd5e828bc87578e5a2294d07650327ae9fce4eaf18c86910c760cdf5"
"dc3d3e042ea85e485e8dbd84ac04337893535b5a",".git/objects/dc/3d3e042ea85e485e8dbd84ac04337893535b5a","834","621aae891554edea5699c519f22c48226270bc35b9d37d9fb9b588c859275fa1"
"dc72ee96d65ea38dd0412c00dff077556f041ba9",".git/objects/dc/72ee96d65ea38dd0412c00dff077556f041ba9","513","d8dc92ab7484e55b55948d246e64b5bc0987c64c265782336bd1856691e3b04b"
"dc76cf93ebdd404590dee837930afcf5474ad2fa",".git/objects/dc/76cf93ebdd404590dee837930afcf5474ad2fa","466163","89bc6af0feee1e37fa85ad3eba270c649cde270c10a35b582e904ce4e8e2b19d"
"dc908dc26dd7c755e0a835b8b21278183fe3de27",".git/objects/dc/908dc26dd7c755e0a835b8b21278183fe3de27","6158044","ff01e99a3719d3630f66d6c1982448ebbb8a9803126bfbe8213172684b373c11"
"dcc2309ff753367fbf9fd9b4b9f312f3c1fdf884",".git/objects/dc/c2309ff753367fbf9fd9b4b9f312f3c1fdf884","1929100","269263ee4e05c0a90b37e0c325b5be07e29971470bb5aa43c1756e8121ab40a9"
"dcd0f80dd3f45cf774d4f10e4718e12e14630242",".git/objects/dc/d0f80dd3f45cf774d4f10e4718e12e14630242","1058896","db37ecdddfd6b988adc6841f87123ad1a2459b9ea518751c8bcdfc1f26a850b5"
"dcfc3e1f478275dbd28dc5c6de139f6bbeffbb11",".git/objects/dc/fc3e1f478275dbd28dc5c6de139f6bbeffbb11","446783","23868d5208b58468da5c56a2745fb639cb92009d6db79d43366d28a2f31c6447"
"dd15932e140da61999eb4554cda243d5ec808a37",".git/objects/dd/15932e140da61999eb4554cda243d5ec808a37","1624540","e1ce0926719a037f8eb5c854dbf55cfc0e77610043ef9bad676192e95c70dbd3"
"dd1a557e687af432596ce962335f60c699a61fa0",".git/objects/dd/1a557e687af432596ce962335f60c699a61fa0","1659198","a9f326fb053bca44b6f5e5489e2ca4dcf53920a17422262b85f1c9e0796aad41"
"dd803fd0f63905a0a6786c78374fb4521309c4af",".git/objects/dd/803fd0f63905a0a6786c78374fb4521309c4af","1155718","e547675df5bd9860a4fe5bdcab9dd9089e06971264323363c3ace4db5c7d5cbc"
"dda481a3fa77000224c8f839511b57bb9c9c7636",".git/objects/dd/a481a3fa77000224c8f839511b57bb9c9c7636","6240243","cbd6e3d5cda103a0d22b4439a386d86023a4e27f7b8126689349cf24b4a77cc1"
"ddeb3a7245bc46b79262cb11da95fc88a3792e4c",".git/objects/dd/eb3a7245bc46b79262cb11da95fc88a3792e4c","4686759","f0337ad3628db40f34f069127fa5f8e511795e53bf63c17f0c46f455fc5ce5a2"
"de51621be00447003687fd2531fe3d43b3e07938",".git/objects/de/51621be00447003687fd2531fe3d43b3e07938","637840","9b8c3e214e9f29d9e8133ff7193a19b6da31f20d3c010c1095192b28c6c120de"
"de5f409e2d5af3649edda3a6bc87c2594ae6270c",".git/objects/de/5f409e2d5af3649edda3a6bc87c2594ae6270c","36264","6687046e94969b7bba73bb8dcaa66272962eafafe9c913e21a8c24af1f9011f4"
"de6bc767055320619eee78010c5345430e4ad656",".git/objects/de/6bc767055320619eee78010c5345430e4ad656","29824","2918e99dce57a77227ef17270e49d43fd661f70a8b85ffd5334ff8dde5c28394"
"de6daf48fc654ad78896fb5b89f57a3c1c68b6a5",".git/objects/de/6daf48fc654ad78896fb5b89f57a3c1c68b6a5","95097556","a6570807b04808f7b560095c652f3e37df53127993a32252ab186a977af1df94"
"de79a627dd721ead3097d1d1a27c2130a47a5b44",".git/objects/de/79a627dd721ead3097d1d1a27c2130a47a5b44","244712","2c5a93f8e89b7c41620eabd97158c8f2bab84de7c9fce825c805f5d4f5ac04b0"
"de9fddadbb2589018a3e1636d31f6addf1913ec8",".git/objects/de/9fddadbb2589018a3e1636d31f6addf1913ec8","1037767","d5aaba4801cd5456754ca27d83ae916bebec6afc73a75877e1b7a836bc75f364"
"dea8e1ef6f3dc658480250cf9ea856f8f9df0add",".git/objects/de/a8e1ef6f3dc658480250cf9ea856f8f9df0add","1556796","57580584c6804fc2e11201d9cb9dd4413452317f62d7a43b78fde00f855a281b"
"temporary",".git/objects/de/tmp_obj_arQfDD","22413312","2e6fad8da56528c02f3dd821fe6a8465a5e740e951b729985d858282b9099ba0"
"temporary",".git/objects/de/tmp_obj_jc5Kfg","6983680","3390ee4a459f988cee6af9c563f1aa5c3cae38ac16b9dff8e27dd086c2405f7c"
"df6906e1454af86f7e44db70221b8338fc3d0e98",".git/objects/df/6906e1454af86f7e44db70221b8338fc3d0e98","145107","cb121820ae1e56d293c80d766e3c25b3bb46b08a770215bce68bd133160a99dc"
"dfefdd447a95cea3aa21234f612f7e76c5f2f626",".git/objects/df/efdd447a95cea3aa21234f612f7e76c5f2f626","25482","9f5f849c7cf4525178ac1a378482e0dfda747fe4e6c952f9c887f33a0f637f57"
"e00d5fc4214f879c4e5daa21547999f883d4ad69",".git/objects/e0/0d5fc4214f879c4e5daa21547999f883d4ad69","453481","bc9a05d41f71f7e45a83c1a7bd43d1778e4ecfe2e0916d452203beca81f5b529"
"e010a52ca6431c05c8dee6b82b47c3b5d6d30cae",".git/objects/e0/10a52ca6431c05c8dee6b82b47c3b5d6d30cae","155","f59125a0f09b60e11ce11e4f5e8c046e13d28262e105c3b83620e7002537e512"
"e013718a0fa0f79de5e557f1b4ba6164868f7b1d",".git/objects/e0/13718a0fa0f79de5e557f1b4ba6164868f7b1d","104751","cb537e65288c5e1e64ced365bb3ac1ff4069b09efde1416f93d19996f3f25751"
"e04f077c14dd1e4e976d7058826479afe48c5f41",".git/objects/e0/4f077c14dd1e4e976d7058826479afe48c5f41","4479","3625b4e62729a1fc822bdae369ba99c9496a1b4b66ea57e7fc67d95412e5c6ad"
"e05307256d18d5d88209ca53b62441ea46d0e3ae",".git/objects/e0/5307256d18d5d88209ca53b62441ea46d0e3ae","87206","9cf8370d377798aa53bfa7d7fad05aa8606cc121736b3526d5954ec9c8989183"
"e0605027c2b1d2f580dd6e46700205ccb333ded0",".git/objects/e0/605027c2b1d2f580dd6e46700205ccb333ded0","205885","29c1e85cf9c30865ca80de573743223a02da2b9fbde37fd68e71dbc68c3d94cd"
"e075ab9ec5096967285ad1952678e69bba1fda14",".git/objects/e0/75ab9ec5096967285ad1952678e69bba1fda14","21645","dd22ab2e8f81d38c362e6ca58f3b247777ef211941df4bfad269641997960f36"
"e0bf07b82f8009f6e26e4d24a25f2b910bd7f34a",".git/objects/e0/bf07b82f8009f6e26e4d24a25f2b910bd7f34a","36258","8b6e07c89798257a6a62c1e5fc1b7e15c1f43856760a75f07a2d12f2f9c70be8"
"e0cb1082b37707de16aad9e7727ff67ed3efdaa8",".git/objects/e0/cb1082b37707de16aad9e7727ff67ed3efdaa8","505527","c5c284aaf7f5dc73d2f59d6b2a699ca22ba36711750754214392474b1f84a935"
"e0e67ed4e42446f5be989431e1bb9368d16bd5f3",".git/objects/e0/e67ed4e42446f5be989431e1bb9368d16bd5f3","1463978","fbf0ae3da9cdc2239057706f05b8f77cb783e1a6908c96e1da4065de096e706d"
"e121b5f8ec3fba456eebb56b26d1e7765a5f0390",".git/objects/e1/21b5f8ec3fba456eebb56b26d1e7765a5f0390","102835","e7889055d8fc7bd6d0da772ec1ff9683a2fabae190d86165c98763180d05f107"
"e13a97c352458c22413cad822dd9dd69f54c43ed",".git/objects/e1/3a97c352458c22413cad822dd9dd69f54c43ed","1329217","0d1a8d658b9f112356fea0d2407a3b3a5f1b7ed49212122bc9e7ceae7bab33a5"
"e15c9e9235cb2d48079d6ee028ef60b6ac258d37",".git/objects/e1/5c9e9235cb2d48079d6ee028ef60b6ac258d37","83392","f63a21e6313eb13593ddf62f4f2cdb40134375d0f2738b43e03f1f9a011ad27c"
"e1616835edafaff8a3f6e33af87c923a3fb92db3",".git/objects/e1/616835edafaff8a3f6e33af87c923a3fb92db3","733","af934f43ca6e20af4ec3597291dbc41af8d73b6db20ef9aa496283f774dcc917"
"e16a7891664889423f3d9ed32a2b1c471ccb93d9",".git/objects/e1/6a7891664889423f3d9ed32a2b1c471ccb93d9","399302","adfb49daec1a4184fda8a144189a5096efd277810053520a53250e1857ebbbc2"
"e1748b2d9dfaa7ef1a0b1adb778be117445a119d",".git/objects/e1/748b2d9dfaa7ef1a0b1adb778be117445a119d","1646650","187645c9a1f763845551027a6fb2548cc49fe29138d81c162666476e8cbf4f10"
"e189981a96e652e392c9d04b90e51d33fc8352a3",".git/objects/e1/89981a96e652e392c9d04b90e51d33fc8352a3","255353","f3aa63b18088466f20bf2e6fc847549dde167bfabf6be07d91d914487e6c5641"
"e18f5500d096157b41776e7e2ba43b743de7db45",".git/objects/e1/8f5500d096157b41776e7e2ba43b743de7db45","725","d9c29569d9e2e0b34d13df70b300562cf31c8658fc45c559ad0460d0864a2bc2"
"e1ada6c0646376df34c2689e9bf934eff89ed734",".git/objects/e1/ada6c0646376df34c2689e9bf934eff89ed734","523","17bb16ce283074875ba7ffddc16f99aa10ad2664716737535b8975a1a3abb278"
"e1e414bb055901aca17b9a752e0d5e427b523510",".git/objects/e1/e414bb055901aca17b9a752e0d5e427b523510","29363","d40a375c68a062998322afa572cfc899cd0e85fe0ad8b00f63d768ca5b07eeae"
"e1ec188ecda6c5dfc90b063b55b3b0e801f7e8a4",".git/objects/e1/ec188ecda6c5dfc90b063b55b3b0e801f7e8a4","834","47f74e5102c251978c7f350f0310327026be4a4dcbbd354537fe8d6562eb1b08"
"e205436b1ba79dd87b543f55346f65c72526f9a2",".git/objects/e2/05436b1ba79dd87b543f55346f65c72526f9a2","74675","28746e2569e9a2ab6945e491023cd34989079b6711a4290f895dabb7f3360b55"
"e229908f6cc516ec86b03faea138c26f05d7fe6e",".git/objects/e2/29908f6cc516ec86b03faea138c26f05d7fe6e","1233","722f96125d59db4093130c24398eaf12a1bf9a06f9c0b106155aa12ee7a5fdef"
"e29f525180036c37d5bf7fbae1f3a33808a5a68e",".git/objects/e2/9f525180036c37d5bf7fbae1f3a33808a5a68e","2313","4eb3b8ce8457f7ce466da3e8c13dc065ed0a6fa67dbd602d0ae0d755fd3801f8"
"e2e8f8226a12ce52f5664ba235596ce0d68f2766",".git/objects/e2/e8f8226a12ce52f5664ba235596ce0d68f2766","1237570","4e726c3765bfd38ce1987f0ade68800d5a5544a839e8eb534c0c978be080e230"
"e2ef7cb7bce83b9ec19c2c01add37da116abf08d",".git/objects/e2/ef7cb7bce83b9ec19c2c01add37da116abf08d","1722373","33e1f8ef02a701fce52eca10a7e4e53fee69860c00d3ab12a83170472f7b4683"
"e306f2a59963ff4de4f8f849bca21a42b9f7fbdd",".git/objects/e3/06f2a59963ff4de4f8f849bca21a42b9f7fbdd","2125979","e446efba5c827561d1bf054ffcd16dbb009cce8099a0ee7d7046e377a44387aa"
"e3406f4f9a28a50d933839153ad330d41500fb71",".git/objects/e3/406f4f9a28a50d933839153ad330d41500fb71","920106","012c8def13698370b64bbe5643cf4e52dbd7dfbf59187661c058524f3c86b0e1"
"e35ac9372dd6ecbdf30cb0a762364399250f0022",".git/objects/e3/5ac9372dd6ecbdf30cb0a762364399250f0022","19140","87639c3c7efbefeb44ac2abd1d0756e7eae4edcc971dff003f56760c1e81ebad"
"e3789b8c309ce8ded7210363a763aaf461dcd33d",".git/objects/e3/789b8c309ce8ded7210363a763aaf461dcd33d","425","d21517f2945b76a67377f9f8879793eb144819f9eb520606c89f66c8b5b7848e"
"e39469d16042210a821e624611b2780f1c059fc0",".git/objects/e3/9469d16042210a821e624611b2780f1c059fc0","132837","7ceda916ad38cb1b46d115d08d32fb1287eff1c00f5628d89c275c51dfc0e1bb"
"e3cc91d4df6784aed64560a0e7127357e7612430",".git/objects/e3/cc91d4df6784aed64560a0e7127357e7612430","73597136","4f4ec4c4861701d2f863eb3a79a24659c36b0ecf4a48b6281281b881bbf115ff"
"e411e8b71c94f60af942dcd8276081779b577675",".git/objects/e4/11e8b71c94f60af942dcd8276081779b577675","1485085","aff8b1df45b6bf5a281b8aaa6963618efaa5ce94a1826bdcd0485af30411f778"
"e42e9ef30c4955ae42893dde473a9c1450dd2d58",".git/objects/e4/2e9ef30c4955ae42893dde473a9c1450dd2d58","1363783","7eb751ce28b55dc1f1ac1ff227e3b0c309a23935d7e867830a5d1617661932fa"
"e494aa47e27d4b6374343b07017604601b10dbcf",".git/objects/e4/94aa47e27d4b6374343b07017604601b10dbcf","412445","cbcf9380a67cd57af59039039654bbd1273e6c6e6d20650836025b0a97879ec4"
"e49a8f95375406bb035211cf6c35d1ae6fa88bd5",".git/objects/e4/9a8f95375406bb035211cf6c35d1ae6fa88bd5","1394820","3aadd220ce9ca10c6b53fd377dc94313d765adf3cb9cb429a25ee02f6679fd84"
"e4abd2424575a5412a8b689512548eff768fc376",".git/objects/e4/abd2424575a5412a8b689512548eff768fc376","52022","88127dc42bfd2d4fcbe1b9df8d8f2478dab82f76de8bd3e0c7e6520e09b239a6"
"e4c1f62294cce6fe388cdc5849347abfa92e2094",".git/objects/e4/c1f62294cce6fe388cdc5849347abfa92e2094","138349","4e7c610dd71411903f5368b02c9172ebe810094e8ad4e28d5e19531af62b8a88"
"e4cfc5d0ace629c5bd0706e0477e709796f1a9ad",".git/objects/e4/cfc5d0ace629c5bd0706e0477e709796f1a9ad","6403","49949b88ef78ec176e122979e89db29ff6f7146a19211bed40725b85a0e8da14"
"e51e06d5f4435cebd4951a37391ce35792f232a5",".git/objects/e5/1e06d5f4435cebd4951a37391ce35792f232a5","164923","73de19ca609d72128271aab5015cfa70a6924d48a01afa98141da493cfb56f76"
"e5c5982964c43ce5488430bd948e2553484492bf",".git/objects/e5/c5982964c43ce5488430bd948e2553484492bf","3965481","0038cc5b9948d3764161d234a180b040553292df9651535aaa9b26ac58e5a0b4"
"e608f0a653ed8150d8a907e4c952e865a4200893",".git/objects/e6/08f0a653ed8150d8a907e4c952e865a4200893","1176306","e80172696a4889d065ff853298280f4b555581e7e733316c385462a958a521ec"
"e641f7ffb08b2b693c49dd1d74d0aff0937fd443",".git/objects/e6/41f7ffb08b2b693c49dd1d74d0aff0937fd443","4932902","7b6d1646685c5edfb6ce0f8422e9f798cf4f7c48f2049000e5ac7e2ddfca029a"
"e64bd74c9ae1ff52d4bce24b9ec4bc618fc67cd5",".git/objects/e6/4bd74c9ae1ff52d4bce24b9ec4bc618fc67cd5","1417322","2976b78122585a2eb5982cfb7d7ffcbebe7e56e73a035661fad821914beb5dbb"
"e6c821c5a32a161a3167c8e23ef90bb8bbbf00ca",".git/objects/e6/c821c5a32a161a3167c8e23ef90bb8bbbf00ca","2040191","aaf7f2e1de5070515e6bec8baad43ff45c860c43db30eb4a2d653dc757abf96b"
"e6e77ec38e158a02a0b382f09c48a49cc7e53299",".git/objects/e6/e77ec38e158a02a0b382f09c48a49cc7e53299","837705","6f539a5ba2dc4a5b21b252dd89c52ba27c0c056a5995476bc944410df13ae720"
"e70437e8c7b68033527454a2217969b88f6b4dfb",".git/objects/e7/0437e8c7b68033527454a2217969b88f6b4dfb","840","821d2a0aab816478e30bf09a88e68a8e806405268c17a16d8b3ed85c1daca3b3"
"e72521d3c45f6794921cad0a479948ec71266023",".git/objects/e7/2521d3c45f6794921cad0a479948ec71266023","4570948","9b8bf68d92066b718e4f050dea7f19ef95aa91f8cbe194a6890ffb801191c541"
"e74216bdafafccd07aa62250d093bf21d6f61d66",".git/objects/e7/4216bdafafccd07aa62250d093bf21d6f61d66","743","86edbf46881ce564ce88f0789983a21b09447b5de874b17aea58f332e9eb475c"
"e7485b64479d26a885b4c6358c971a6f8aaba370",".git/objects/e7/485b64479d26a885b4c6358c971a6f8aaba370","214","f6317557c5ac0b37f601fcfa006f9fb33a1f3eeef7fb11473edd093dcfd0f336"
"e754d09510ddb2cbb398637aec8ffc4248db2306",".git/objects/e7/54d09510ddb2cbb398637aec8ffc4248db2306","355","640c97e83897beb389ac34b454a9a9dcdaf5271e71cf38531a6b0565c63d618b"
"e778fbd4489ea5cd0712d8560f10056ee137645b",".git/objects/e7/78fbd4489ea5cd0712d8560f10056ee137645b","5298028","f25e0c7930e944921e63f8ab75b1d59eaf52132677f631b968606bd7924e6423"
"e7ded8ac2d04c6d6434061ae03a62f030b830f0b",".git/objects/e7/ded8ac2d04c6d6434061ae03a62f030b830f0b","743","7fa6da4e380cee8353d5618e42e092f016fb675bfcfb53722f8efdb3ed5ef88a"
"e83f6c698455c90662d42a712c36989c640b5c84",".git/objects/e8/3f6c698455c90662d42a712c36989c640b5c84","4977735","ebbdb6cb44b5e76841669ce2d5fbd1db4c18d74a1fd3d830119fabb92d28cb4e"
"e862ed2fce53a425bad89807c1894d7520fb3100",".git/objects/e8/62ed2fce53a425bad89807c1894d7520fb3100","737","59ba41c6d525435046890b6f998dfa3754469032159e698505e0e76beb710232"
"e885a904451f6f605c99a611877005971886d9d4",".git/objects/e8/85a904451f6f605c99a611877005971886d9d4","30788","439d26894d3aee164455ba0e993b53872ef77115695e43f3c38dbc4b7d5e4b99"
"e8a2bcbb4ca8a1b91c2a36239291ebc1cc54c459",".git/objects/e8/a2bcbb4ca8a1b91c2a36239291ebc1cc54c459","2102824","a72aaccc8a98b4f14bc4d1b226e872a97d588e7b6f81131e891454bc6b138ac0"
"e8aab4d06b0fb2ed50acb7bad0ef46a86c7846da",".git/objects/e8/aab4d06b0fb2ed50acb7bad0ef46a86c7846da","831233","0615ba992594fc1a41bdde5439bfd1cb2b499991fd2a4b07f5596b486b8dc9e2"
"e90b97f5f544ed4a5bd1e6ad588da8cb42ea630f",".git/objects/e9/0b97f5f544ed4a5bd1e6ad588da8cb42ea630f","734368","ebbb9f66485f68fa91e89e5717d528fc0d1d4570a4ea4e3e75fd673da39f94eb"
"e947dae7051680fe4818f08e1f65c5755057e6d6",".git/objects/e9/47dae7051680fe4818f08e1f65c5755057e6d6","116998","beb2876056f4d7c2040ea0d02cfe957adba8dbce5e976092b86f11fc31789a27"
"e97715d03eccac63b86de098f92d02de0d09bfd7",".git/objects/e9/7715d03eccac63b86de098f92d02de0d09bfd7","2012","3756a0198dd1bb47c25cec1be35c426f01b8b015a6266fe302f1f547b5b3d414"
"e99be11def1aaf2e7e413426861c12fa4963fca9",".git/objects/e9/9be11def1aaf2e7e413426861c12fa4963fca9","1353812","23e5176a252972b75b9f26a84f963e09fb6c45e8a8963dcad99c9f7922a0124f"
"e99dc393a6a78e9f4a16700f6edc641d21415fcd",".git/objects/e9/9dc393a6a78e9f4a16700f6edc641d21415fcd","5577096","85e5760bbb6441349fba73b31bab42398d9c1806464a340a55f14bb8e461e566"
"e9d3a349915e579a90fd2cca77ea21beca5c7cb7",".git/objects/e9/d3a349915e579a90fd2cca77ea21beca5c7cb7","1443306","f0b63de7a7bbff9fe3de563756d9848c9052c823284b94302c08702c35669464"
"e9df44d806d489cec1beba4bcc1898e4590405e5",".git/objects/e9/df44d806d489cec1beba4bcc1898e4590405e5","243898","eea291f28ade3dca6a927ecd81204b00548c60e6abd8adac37568b015194b8ca"
"ea1d8c3eb88e80f3265402a69534d92c2df9e52b",".git/objects/ea/1d8c3eb88e80f3265402a69534d92c2df9e52b","6746797","f976144ffcabf4c2f5105982d58dc9a12163f6be9674e5b8e92e584cea2a7ca5"
"ea54835dcdb892bc13f68b6c1dcbd95bb6546adb",".git/objects/ea/54835dcdb892bc13f68b6c1dcbd95bb6546adb","5840593","3acd9b175cacabffeb1836aaf94b4baafa06061141d32748a3575316d2562254"
"eaa5b0a5233a71bd80eed4edc080376a59e09e3d",".git/objects/ea/a5b0a5233a71bd80eed4edc080376a59e09e3d","447","7feb3e1ad75d72c8d727e61dbdff5c6aad5cd0a76d5a1a10bb1b60f7c6f229ae"
"eabbf4d80cf92c7d86d397b965a3cb97d74bf635",".git/objects/ea/bbf4d80cf92c7d86d397b965a3cb97d74bf635","466575","ffcda7592b0f13615a10ffd46c8cb6c21af4a6496798571fb9d311deebc73f39"
"eacb744288e81574d2450cf1eaa0082f500b722e",".git/objects/ea/cb744288e81574d2450cf1eaa0082f500b722e","851184","ea5486c0b901478233f09d65acd6f99a57efe63d73cc59ee0db3f1cac5bb3b62"
"eb32a2ddba1f3276da728f6005e645277535edbb",".git/objects/eb/32a2ddba1f3276da728f6005e645277535edbb","932","6d9365909ad8c1e926a12ffbcd172164e66b47a910d8a82042eb13a1225361f3"
"eb3f5b02ac602b9398591d12f537ccf0c9658444",".git/objects/eb/3f5b02ac602b9398591d12f537ccf0c9658444","28999","0a14359a36eb739a89d2cab0b558f01457153ce1244827a3852f2557f824d01b"
"eb4afc8d008a0fb44d3e8a6eb6dc7a878fcc439d",".git/objects/eb/4afc8d008a0fb44d3e8a6eb6dc7a878fcc439d","55953","3fc0e44344e9a95c1923d9e6d36e59aaa2960b4855e56ce902b03210c6f7a2e5"
"eb5801db65100cebb033d7034ebfa23181d75df1",".git/objects/eb/5801db65100cebb033d7034ebfa23181d75df1","31096","60a3b2ea2dea8cfe5e4fccd4f1f1a8b69e33ebc83cea28f3c86eae1dec03c82c"
"eb84202d8d0c58068afc11da92af014ed1167ef6",".git/objects/eb/84202d8d0c58068afc11da92af014ed1167ef6","1143526","6c6acac0d1ac00b366bd781ccc94f20a6a7aa9ef44f48df58ccc37cd22c88a95"
"ebb2dd19d4c74ccd6c8d6fef329dc4ecd97b4101",".git/objects/eb/b2dd19d4c74ccd6c8d6fef329dc4ecd97b4101","2152041","12c0f024b02d8df46eb137767101b515d9c2ffeb299551f964bf488049e06f12"
"ec05ad4da2b58f79560307d4c5ae69ca1cd34346",".git/objects/ec/05ad4da2b58f79560307d4c5ae69ca1cd34346","10130","c1fc06ff889cab68ce79d38d031dd48b42a491b47075b9906303a545ba7344ab"
"ec127ddf27a1c259b2195936c42e2e999278d345",".git/objects/ec/127ddf27a1c259b2195936c42e2e999278d345","1952685","eb8be2f41758859e46dae0c5770eb008c4be711e8c4cdfc8dff7cf46ad6a9f14"
"ec362e17bf0694340bcb1d2098ab741534df93f3",".git/objects/ec/362e17bf0694340bcb1d2098ab741534df93f3","1650765","602a8ccfb57be58b9fd93067df4c6461d22720304e32269fd0fd1dcdeef49ee1"
"ec3aa2ea171307f9bfd206e2e8c28922eca814b3",".git/objects/ec/3aa2ea171307f9bfd206e2e8c28922eca814b3","74124","b8e18b8e9e912fbd85b12334082838e67141b46a5611230ff0e8de62f2e23bf4"
"ec5e7fc10816f3c31fe84b70d33645220146bd06",".git/objects/ec/5e7fc10816f3c31fe84b70d33645220146bd06","1567258","e6dad1431a8bd24e85e63b78540b68661f7de35a21eeb7a41bdfbbf134152627"
"ec630ea7e300055a6d702897a3cf28617ac4baeb",".git/objects/ec/630ea7e300055a6d702897a3cf28617ac4baeb","278","17208b9ee171b7df86c34688daa8cd33f1590bdef6de70437d290a346867ddc2"
"ec6ad1994cf9bd813732c861704c28f4ae9d672b",".git/objects/ec/6ad1994cf9bd813732c861704c28f4ae9d672b","24233","d9049cc5908ee52c58bab615ef37561cf39c6a56d473aa02a22a33190b59eb11"
"ec6c01d424b0ad1edf10a9313e020809211c19cd",".git/objects/ec/6c01d424b0ad1edf10a9313e020809211c19cd","153","12ccf732337f8038c988df35978cb5ca83882608752f8e158223b8a83a30aea1"
"ec9c19105c504d3c772fa110960399e82fb5b6af",".git/objects/ec/9c19105c504d3c772fa110960399e82fb5b6af","494980","df0bc8c5c8401475da58645f46262a0054db1ce08bf83a5dfea6a0331b2e37bf"
"ece36bb74c9746982ba6a44d419f9b890baadbe4",".git/objects/ec/e36bb74c9746982ba6a44d419f9b890baadbe4","1028717","b7fb6b5534f0b44a7c1b06fcbc235491c67700e474b219b52a66d6e1d82858e3"
"ed038926feb8f5282996e17a6a96b335f265ac9f",".git/objects/ed/038926feb8f5282996e17a6a96b335f265ac9f","117708","243b91029fac535bcc88cee203e325a26fd39722d5d1e615974e19a6e7f8553a"
"ed1b29c97abab7a9270b2de8b3f2d3bdee5dec4d",".git/objects/ed/1b29c97abab7a9270b2de8b3f2d3bdee5dec4d","388","e83a2c7f6c6454e4b2ceef161a1e55e1ad25b45c0c88ba2d7e854425fc14d358"
"ed4ada07c4ec510e84ba5620b91853d407578f15",".git/objects/ed/4ada07c4ec510e84ba5620b91853d407578f15","471472","287a7c57afdb0ae43afeb2aabe38d4e08f885932708c0f0b7017137f8f85eb26"
"ed77ca9aa13ebe84203677f027a0237625bed4ed",".git/objects/ed/77ca9aa13ebe84203677f027a0237625bed4ed","1271177","20bc392080927ee34badf9375630d644f4c3eb565a5317c5f35065ab85aa4a60"
"edc08845dc3e46f2f605ed9d16c4e36877d40f56",".git/objects/ed/c08845dc3e46f2f605ed9d16c4e36877d40f56","1147347","91eb588e4f34e50a4f3934afd98bb5ff7bd6037c9841cd498b76bbb3dbc0f718"
"edd84bb2ba1a21872252777de8cf6333d98b168d",".git/objects/ed/d84bb2ba1a21872252777de8cf6333d98b168d","20398","be186c88dda8d933d66e70501271ce520bf71034462d07283e068c97bea10a7e"
"ee0cd1b1434e270eef054406e41a2773ed142b37",".git/objects/ee/0cd1b1434e270eef054406e41a2773ed142b37","531547","c6c15df747515c6f1c1f114793acf943cea10042969c79fc333e48fe95d48946"
"ee163725bcb61d2d2a4338e63fd6e8b78116da2f",".git/objects/ee/163725bcb61d2d2a4338e63fd6e8b78116da2f","15348","55be86ef461f57ce6016a3347915e76b5f10827745176d4525ad3e131de03ebc"
"ee1cb50d98a42fbf229de507e7e2abe45eb68b25",".git/objects/ee/1cb50d98a42fbf229de507e7e2abe45eb68b25","450655","6de4aece31a85f922a03b7bd3a3bf1fce89b48e3ef9cfded6c242caab894de75"
"ee66c350431268b0cc11522c6aecdcb487468d29",".git/objects/ee/66c350431268b0cc11522c6aecdcb487468d29","993917","5a92b7663c8bca2fac9bfb446952a1b60ace7a4732c7bd41539f276d5974f32c"
"ee6f591bd98da670002aef972d7673e4723c7d15",".git/objects/ee/6f591bd98da670002aef972d7673e4723c7d15","518588","0fbbd0ba309efd3122cf82ea5fbe286566a75d4c1274d01c0526cf441e921238"
"eea110d59055da66368f1a501f5f49f73ccf9f6f",".git/objects/ee/a110d59055da66368f1a501f5f49f73ccf9f6f","1014501","df798bc002528e5396354050ece2e64d90bc1d44632f4c526c8c298563d9ab27"
"eea409688426d27385483973605cc816acddc5fc",".git/objects/ee/a409688426d27385483973605cc816acddc5fc","1184580","46fb6860a047c856f5f10665e0e2d1b472a1d9b07977df773d7e34673249ed17"
"eea9d469480e88fcd95d3e6adb3596a8db47f3e3",".git/objects/ee/a9d469480e88fcd95d3e6adb3596a8db47f3e3","228006","25e0d209510f455bfe0a1553fd3eeef706ced2e03f787606874d35bbcbcd814d"
"eeba6d3e45efe08864120f3ef9a431b0258c1e13",".git/objects/ee/ba6d3e45efe08864120f3ef9a431b0258c1e13","81830","f0d0b6b62b134cf8ccb6e9e8a210c237c5ef233e1f02fffaedad563109d03c75"
"eebdce1aa83832ac6862b297f89012621f45caa3",".git/objects/ee/bdce1aa83832ac6862b297f89012621f45caa3","715749","c25ad598dd858b25ecb1b492fd7632549b963d38a8e67a2bc76191a6ebfe1cc8"
"eee849c9f366bfcb5ac953f38d511db832274e48",".git/objects/ee/e849c9f366bfcb5ac953f38d511db832274e48","6302156","096d4d01ec31d1d05c31f701c563e3ed7053b3f046fbb567f9fb620a45de474d"
"eef2ffda35779b1f903ea65676767d10811c8339",".git/objects/ee/f2ffda35779b1f903ea65676767d10811c8339","615911","d987c5059d270ec57643dc147822cc97229424dbecf06b289411b6902f377836"
"eef32bd3d23f55dc02955e5112bea71758c213d4",".git/objects/ee/f32bd3d23f55dc02955e5112bea71758c213d4","1486860","be3e201da5e07a9457fa9245e4e09d570f52077c7f3f85a16cd8a3f3988d1cc1"
"ef490157a0b208f2d9d4a1b1aac64b91592ed4c2",".git/objects/ef/490157a0b208f2d9d4a1b1aac64b91592ed4c2","1509292","8e778f3c628952a84c1806ccaa711ea0ddb1fb58253a8ae0bfa9b19138abedd8"
"ef5790f9fea680adcc883fb8c845492c6385f48b",".git/objects/ef/5790f9fea680adcc883fb8c845492c6385f48b","1671899","cfa7dcf2663aa81c26627a2255f6e88b993163fa675bacbcef2e6aaae39fbddd"
"ef686b210670d9a164f653581fb71cb13e9a40f5",".git/objects/ef/686b210670d9a164f653581fb71cb13e9a40f5","5539","79038fbb9961e00e57ce003a777a5459277087c6c2cf76239d3f293370b10ee9"
"ef6daf4586c852b0477cfb3233b2fa16bee9da5b",".git/objects/ef/6daf4586c852b0477cfb3233b2fa16bee9da5b","37248029","a081cfaee27e72fe6a37ded9eb3651cbfd646c4b668a3f2a4ec3d2dc8f6a931a"
"ef6ed35aa942ab7a36ad57105705fd00ba7ce085",".git/objects/ef/6ed35aa942ab7a36ad57105705fd00ba7ce085","646","8b5a818c8b76d74918cb488aa3bef61999aa477d6ac70d78a339402d3a85d9e1"
"ef994579fbef7622bf14a305424ecd84d8650811",".git/objects/ef/994579fbef7622bf14a305424ecd84d8650811","19965","eab6d291078af85568b07df364c0422bdde5b9ca1355173550c5e8d0b0f50d1c"
"f0720dc39c7c3cbe4c182a9c6ec955c8ade622bb",".git/objects/f0/720dc39c7c3cbe4c182a9c6ec955c8ade622bb","154359","c437241d6ace8c1f0fe3385fb7f324e683dab6ebea848e5fcee13dc13e8f619c"
"f08a161166ff72a37dced1b5e8a73ce57e7bd170",".git/objects/f0/8a161166ff72a37dced1b5e8a73ce57e7bd170","132579","4f27c57f0fb223932d1613f35c8bbc063cf8c07751a030772e0abadf105167ae"
"f097f55abff1043bbff8155c9568c3e70b99bd18",".git/objects/f0/97f55abff1043bbff8155c9568c3e70b99bd18","12221","963f86a68c02fd26ec09c879998f979b4cf76ce740fcf62bab964c8ae7ab0222"
"f0a7b8ecac005fc5e35f58ad138cfd20e521b595",".git/objects/f0/a7b8ecac005fc5e35f58ad138cfd20e521b595","5668549","cc25e619b497a18727d24bc0c643e0c6b2a7ea2d54d56e5da6e7fcd93e00368a"
"f0d956e840fc32e9aa09570fb16a0e3a264bbf17",".git/objects/f0/d956e840fc32e9aa09570fb16a0e3a264bbf17","1257","e328930d1b88391e2fcb5d953b1465577948b1272e67277ddd85b7eb4a6f2fd7"
"f0e1f5bb1675de20f797bde7fcee07394e141217",".git/objects/f0/e1f5bb1675de20f797bde7fcee07394e141217","1204947","148741c65f5c24d24e0b5806dbc1d7a77863ec875a1ad8719a57991632a8c09c"
"f0f772e6f19b649aa080797654f3dd11c6b11e0a",".git/objects/f0/f772e6f19b649aa080797654f3dd11c6b11e0a","76093","37b9187d395e4439247a4c0efabbec08a636553d2a00ee1b462ad6fa196f3550"
"f11e81e91c287679d09131288c57fd79bcbb345c",".git/objects/f1/1e81e91c287679d09131288c57fd79bcbb345c","5227283","2ee0950debe7b9c3c790fcb6056e7eeeba9c5d05657f3b3b00c961fe2c211bd9"
"f1ae6646e0bafc9018a114ddfc1801a551d45db6",".git/objects/f1/ae6646e0bafc9018a114ddfc1801a551d45db6","1328359","f930839ac1535d96a61926ac5328f749d651beb7dd0772c9c3b2f3135dc5062d"
"f1d2cd6d3e14f6de58f8c7ca0fa3ccbab9306f65",".git/objects/f1/d2cd6d3e14f6de58f8c7ca0fa3ccbab9306f65","90685","362a92b40702d50345f367dd72f7e187710b07a78c4f8428b9c7d02ced15a441"
"f1e3989a0b880f35a53c523de36cc9a1becafd63",".git/objects/f1/e3989a0b880f35a53c523de36cc9a1becafd63","1607966","ee545a861b726e364fd2e8f6a6dbfe151827e9d61ce2c5825c245abb6b2d1916"
"f1f1edefba14facc4b4130d18f2b707086906970",".git/objects/f1/f1edefba14facc4b4130d18f2b707086906970","5183108","56bcee4cb990c88fb2159cf6f816da2b7dae4c9fb5dd038e43708af4b26d9bd4"
"f2107ed5b3618040040df38b79c3f059b14b68d1",".git/objects/f2/107ed5b3618040040df38b79c3f059b14b68d1","1316753","ec6eb8612c88ff4b90327635ba2d0d1e5e1a14a6b1b9d3a6d44486c7ac82a1aa"
"f22b0246e536c104f510aacbdf919ce087fdbe10",".git/objects/f2/2b0246e536c104f510aacbdf919ce087fdbe10","35812","675b99154d7aaabc88a2cb9b7010da168838d66a394986563223e31c2dfac8f3"
"f24a377697efe28b04153e13a2e80e67f66138ca",".git/objects/f2/4a377697efe28b04153e13a2e80e67f66138ca","1959328","aa05491f775219af68631bb028f846713fe1f17483f3e71a5cf58efa87ce1f48"
"f25a60f4dce40b6573fb111258402ae70e06d7ba",".git/objects/f2/5a60f4dce40b6573fb111258402ae70e06d7ba","1404973","bc540314104e89c0819771c98b7f93c354f3e7cb8490438e3f416d0ea2711761"
"f262200792767ec713cac160ebfe220ab6c8cde3",".git/objects/f2/62200792767ec713cac160ebfe220ab6c8cde3","2409821","f664e2f0c3e1116e3365cd81cecc81dba45fd67eab055f8df09b4a239975bfea"
"f266850dc35f1a568e7d6d3c335939976fde8e64",".git/objects/f2/66850dc35f1a568e7d6d3c335939976fde8e64","6778179","a2d92fc119c95e38c96c9092d974565a41ad6836b201961fefc6b41d0139fee1"
"f2928c5e20eb7822b22f3047ac66c0473d4f27d9",".git/objects/f2/928c5e20eb7822b22f3047ac66c0473d4f27d9","19668","efd26ab17a5da4e5c522120c81e893fa236093a81a7d8dd3923089e8da105697"
"f29d9686b2e0d2453b73f0a819bc48bed8af797a",".git/objects/f2/9d9686b2e0d2453b73f0a819bc48bed8af797a","1578","445661d7a82e79f07d9af0330911be0f4d30e1e53023f8be8e22cd0489322eeb"
"f2d2865badd4218520acfa30db92c0b3c0ac8be1",".git/objects/f2/d2865badd4218520acfa30db92c0b3c0ac8be1","1470627","5dd64af21dbad00cf315710457c50bebbabaa58f89f32733787a8cf3b5e54647"
"f2e091b8417b10b889ae95fd904a39b5a5d46c76",".git/objects/f2/e091b8417b10b889ae95fd904a39b5a5d46c76","68001","5a53f5bdee9d92adcbb81d6fcc06f6a39b49240e29b81e4ab5a3909a5e3c2d2c"
"f2e136b8691467478a1f98a29807f0c6394c385a",".git/objects/f2/e136b8691467478a1f98a29807f0c6394c385a","46861","c0634a1363b0141a53875d272d721139dfcd5c6f869396c1c90dfb682b6191b9"
"f2f5bf1b2bf4481d0b28d3fa92d9af3ffda19ba6",".git/objects/f2/f5bf1b2bf4481d0b28d3fa92d9af3ffda19ba6","1488722","a396b6e615aadc44fc86a0ee08f5c0923eaceed7459b0249de95b0953a8edb41"
"f3086fc36f7d882f9ba6315254e89387f34ea457",".git/objects/f3/086fc36f7d882f9ba6315254e89387f34ea457","1215330","ec59ec0006013239ab7cda87ffe3476696c118a665071ad60a8f399ef84d3c0c"
"f35b42ba1c8cad86f9899a70126f88baed6ea58b",".git/objects/f3/5b42ba1c8cad86f9899a70126f88baed6ea58b","1110","eb3b0543424721423e805aeabcb98d4e557c50ed83f4ba86b61fcecf74532de0"
"f3764f6e47eec4dfd16c7ad0aa71bbfc3ba242a5",".git/objects/f3/764f6e47eec4dfd16c7ad0aa71bbfc3ba242a5","31644","a18a0d9239004e47960e40183587c226f9169567231355905679ee1950d34b07"
"f38390acd4ad52f7450d225ad7c64463cdb2a244",".git/objects/f3/8390acd4ad52f7450d225ad7c64463cdb2a244","1392725","f05b5e9ce3159e17c847d5cc934e041fc48d0f8786a2a2e5a9fa72f87dabe965"
"f38fccc4b56c74f56de8fa70e7e82ce8e4a0d60f",".git/objects/f3/8fccc4b56c74f56de8fa70e7e82ce8e4a0d60f","1924","cce874057b07a0fff54dec0b222eae5e3ac4e9d3bace3c8cb45c010f25e38cc3"
"f3cf5cdd54a34c3a34c057f9e850b2e1f71a2aaf",".git/objects/f3/cf5cdd54a34c3a34c057f9e850b2e1f71a2aaf","226563","e9480914c5bd81e1ec365dced5b68d74c4f25acff0b07e1ec89d69697feda5e6"
"f3f29dd5f8962756e440142e6845bff7cd72bf05",".git/objects/f3/f29dd5f8962756e440142e6845bff7cd72bf05","15639","32a52497c2d25d99d6a96b33bb7e3eab87fa069e85534e06c05eb3510b75267f"
"f413b77a1e5e04ca92298f5eaa81d3eba423faec",".git/objects/f4/13b77a1e5e04ca92298f5eaa81d3eba423faec","519","5d2d55957eb26d891e926b8a58f4c8948eef4cbe4aa667cfb20f3bb5b80c4948"
"f42a09a45c21bd9ec6df9d1beff32839b528a6a0",".git/objects/f4/2a09a45c21bd9ec6df9d1beff32839b528a6a0","161","aff9a3096278144ee286ebd205f611b6789f08cc2bc024a9657e2b5d2e083f3e"
"f47597d6e54e762638a43f7f02d031e0f8f464e3",".git/objects/f4/7597d6e54e762638a43f7f02d031e0f8f464e3","741072","27b1d32ecc3d75cbb2465215e0afd1188e0231cbe65a4ffb89e647379c077d14"
"f49d88e46afb1a7c8af39197be97925977576304",".git/objects/f4/9d88e46afb1a7c8af39197be97925977576304","411615","096cb36bc17e163f554008f7aa578299a3d6878b2125591d68d98c8a3c6acf17"
"f4afa6dd4337a6db59804c924ce26370b6fccd20",".git/objects/f4/afa6dd4337a6db59804c924ce26370b6fccd20","1314642","beaecc9533e4f3a2c45673862dc4f28515708fceea490cd8a86542dfff76a9b8"
"f4bf692647137173bc575c20389ac43e645aefe8",".git/objects/f4/bf692647137173bc575c20389ac43e645aefe8","84035","57593b2762e31eaee6627e68cd1b7820a3b7d9e028bd91cd1ad70db59cf0a258"
"f4e738796544cd130e0e1c75e5f73c0ddb662814",".git/objects/f4/e738796544cd130e0e1c75e5f73c0ddb662814","38982359","4835d200633aa96b0ade147b82121109c56e9eed13b0201fac031aef8ff45d1e"
"f569b07618a02526def8e0e3fb6c97ebc97ea02d",".git/objects/f5/69b07618a02526def8e0e3fb6c97ebc97ea02d","591763","eef109134204093e5eb7bb64ae4c5781a4e1579a5bc86310e44fb2bfe8d723e0"
"f58d06297d946dc56ac7cb75a06010ce2500e871",".git/objects/f5/8d06297d946dc56ac7cb75a06010ce2500e871","640","501354833a734d7190fb05f3fd3d96245278bb90d69bc33b04d49b517138f4a9"
"f5a7c5afbab1d20d725dc3103327356396a47067",".git/objects/f5/a7c5afbab1d20d725dc3103327356396a47067","257","b0f7ed43bddba2a3935c22ed6dd669ba4af153661af71c3457441f4645a0f911"
"f5c3bf96be6bb70a8b0b4b9e4b121ceb3d0e1656",".git/objects/f5/c3bf96be6bb70a8b0b4b9e4b121ceb3d0e1656","255591","002156c6c876630acff3c9b07a1faf3fd15e951ee1c1fa772c726d18dcae3959"
"f6046e7f850dbee769a2d412ee2a583aa632ff65",".git/objects/f6/046e7f850dbee769a2d412ee2a583aa632ff65","1271520","c190fbe400c98057ffc2d92719803b77de3afed2ca8fcd89a3ed2c1af039b390"
"f6350dc847688e4129925984be790b210afd53ec",".git/objects/f6/350dc847688e4129925984be790b210afd53ec","4336250","27e8fdf3e5cef9a9f8cbe4d5800beaf2a4f5fc76b1ed886c034c1ae43669bf60"
"f673a02b20d7519485a7d3fbe73a870f6d0f2a19",".git/objects/f6/73a02b20d7519485a7d3fbe73a870f6d0f2a19","1015480","7f441d6b644d94cf35fdeb5a2707a106c7a88f9339958464d5eb8d1839a29494"
"f6781bc4abb7945bfd9f383c4c4fac54dbf21027",".git/objects/f6/781bc4abb7945bfd9f383c4c4fac54dbf21027","265728","97fb12e048bc0013017c0f8563ce526f62aa4833720138e9d640a7187e0b27c4"
"f6b92921b630212a2cb80f1e800ca06bc8502ea8",".git/objects/f6/b92921b630212a2cb80f1e800ca06bc8502ea8","1087077","0a4c398dab849d53605b78768149fce83854bb38c0cd3afa2fcc468f9c820704"
"f6fdcb5f86d3df00ddfa93bbb00fb0d2f2a4a5d8",".git/objects/f6/fdcb5f86d3df00ddfa93bbb00fb0d2f2a4a5d8","1133708","dc100904de80154adc5201b73fc6042ec7afe4b2de8619cf96df1d548fea85f1"
"f7332bca6a60a0e3356916209afd33a852f72c74",".git/objects/f7/332bca6a60a0e3356916209afd33a852f72c74","4375","fd888f8c6b77af415f6895440d1e3d740caf411a07f386ad35c62e0a5233e189"
"f739cc8bb83865e8ab9d7127c0614cba4d902521",".git/objects/f7/39cc8bb83865e8ab9d7127c0614cba4d902521","1382667","550e7ff2df4c9309d52662620e5e46e7f4f06164dcc5398129ff1fd4ee7a2c66"
"f7532ec8e88c1832bf3dbfea5e8daccb062895ae",".git/objects/f7/532ec8e88c1832bf3dbfea5e8daccb062895ae","5982741","c9d5203a74220261b1c3186403e0a970e57fef501ce7694daa2d3e63bcd3a9ed"
"f75a9646fa7e2a6f0103fc5f37446efb99bef506",".git/objects/f7/5a9646fa7e2a6f0103fc5f37446efb99bef506","399688","42c2b373e432b25f4e18512fad96b19b9eba4ebca9e76f373c6464935ec58806"
"f7aa563f1e893e03f4da8667f4a0211d1de41c74",".git/objects/f7/aa563f1e893e03f4da8667f4a0211d1de41c74","11602","b947d60d855224e2ecc256faa3b18d7abc974a933f3687bd96d97d3076cf46f9"
"f7b97acbe6df6309065385ec03017a369946a35f",".git/objects/f7/b97acbe6df6309065385ec03017a369946a35f","449","9acb4ca9e2a1413911e5c0c6dd9b341f69fd272755df45ace7bd6f4f2a28107e"
"f7d92eb504fb64b742c626898576f3f221d6adfd",".git/objects/f7/d92eb504fb64b742c626898576f3f221d6adfd","1394716","ca32357801bcfc5398df38dbe2627fad72f461873d54a1b7d53f304fd216a773"
"f7dada9bb731e695ee2c3256907efe31645ae2c5",".git/objects/f7/dada9bb731e695ee2c3256907efe31645ae2c5","1272486","5f5bd9aea1a9861dff281d78be4514a278b5d845450a8f775e7b20bd82e3460d"
"f7e4e2b32f9e81d8222d15a978554e330221460c",".git/objects/f7/e4e2b32f9e81d8222d15a978554e330221460c","1202335","9f010424c0716c27eef70a701f93d5bc195f019000cda6dfda56a3f6bcb9dceb"
"f7ecd752f0eb4ac2e2a1ee21d1a1f349c1d449e0",".git/objects/f7/ecd752f0eb4ac2e2a1ee21d1a1f349c1d449e0","736","3b474dde1ebb47b68969d7185e1ab4084e612d44776bb85356b970f946a96c80"
"f7f139d0a2e990403d6359345f3c23e925fe8acc",".git/objects/f7/f139d0a2e990403d6359345f3c23e925fe8acc","100436","d900dd34de12d972372ae4348049fad1c3b66df68a1bfdaa86a619843daf78c4"
"f7f7ba1269f4351fb299eadde411a5860a80a5a4",".git/objects/f7/f7ba1269f4351fb299eadde411a5860a80a5a4","371","ebedf0e36490461f849e8e15f396fbb4e2c4ca6574fc8c92f709ca0177229bef"
"f804f384dfce6b32aefdc22f5c8044704846c540",".git/objects/f8/04f384dfce6b32aefdc22f5c8044704846c540","115","293773f5b653a8fb9a0ac6fa97a0a4f6a770f19181af33c2de720c60a1f65de1"
"f82a81f5a8baffd773d2f47a6f90088bdd8b36ba",".git/objects/f8/2a81f5a8baffd773d2f47a6f90088bdd8b36ba","16207","0b92a744f9af2abe4b41c233d2818a1da1c534177ec969c43caf4bf585cad732"
"f832315f2d7f2268c9926769afe7ab998285fbde",".git/objects/f8/32315f2d7f2268c9926769afe7ab998285fbde","2182","a3b4429b9518cea529fe962edd25a4b7d93636514dbea40db09aac465361832d"
"f837e6ca7ee0528d41bfbc63376a8e017bb6b6fc",".git/objects/f8/37e6ca7ee0528d41bfbc63376a8e017bb6b6fc","33337","62b384fd581d394a38430822667e3b2db8bc97324a11749bb4e097e73cfd5ec4"
"f86f5eb6c508f2ce086ad68205d790d72f0605e0",".git/objects/f8/6f5eb6c508f2ce086ad68205d790d72f0605e0","1268469","017714ada5111fba6ad312a5ac81e1097d17c6c21cbcdd1db32b522f3524826a"
"f88397701242cc2348f69cc615bf95775169eb57",".git/objects/f8/8397701242cc2348f69cc615bf95775169eb57","1123990","ce185c6732c0dc50b48040078712d7889e2e57fbc182b9e1f845047d76c8d3d7"
"f914cbc158c0931babd2fb062b2aab34a8a00c58",".git/objects/f9/14cbc158c0931babd2fb062b2aab34a8a00c58","166956","db9830185b7c2f499f4cc370d66dd2e498349ef8be2e4bd3780fa26bf713dcec"
"f91e4af11dc2bec93080b2a575f134c5234ec126",".git/objects/f9/1e4af11dc2bec93080b2a575f134c5234ec126","1514249","2dc20f02600855da9350fb9fba5b7de20dcbf34bb80a3426ba7fb03f909b9252"
"f9d912fd6752ffdcba874887569b9edae3b8a7fc",".git/objects/f9/d912fd6752ffdcba874887569b9edae3b8a7fc","169328","8ff85c69ecd7a323e4893b8df58cba689aab091f288107c8f0e057ef6e76162a"
"fa0fb3803d088576e4c07707f172d39c65528f94",".git/objects/fa/0fb3803d088576e4c07707f172d39c65528f94","1422343","1ce46805bf160359215f0921285c5fc0520c4a672ae9e4e1a192dcf3dca7f6b7"
"fa7b4ddf5c07643a85bc003b71c711f8151e5a4b",".git/objects/fa/7b4ddf5c07643a85bc003b71c711f8151e5a4b","27512","acfc31f5ab5a6bf1021d037ed5e1cf280b5bbada349d1791e25849bfb8213b19"
"fa7ea7d2f6cb420bbba153e6711e55fd6a170fbc",".git/objects/fa/7ea7d2f6cb420bbba153e6711e55fd6a170fbc","26372","d3b10103b5541a95abf749c1bcf4f3563825d0582a76208d051a015b633dc188"
"facb5fea6b51e0283ef2352322c31e2494f60ff4",".git/objects/fa/cb5fea6b51e0283ef2352322c31e2494f60ff4","533697","6038dfd6aba7080d2bc62d7af48f48ac07068ee51b39f3f370b39a06a4eff7d6"
"facc587399d56cc6c4ffeb82d823907c5c021a78",".git/objects/fa/cc587399d56cc6c4ffeb82d823907c5c021a78","4815127","ea00bb38311e6131a3ecbac1e138458a5ed0338c17f3a0c1e97d2841700cc0f9"
"fbc9ab8ba3e3c8e0bf2b08fbbd37b51f421c84e7",".git/objects/fb/c9ab8ba3e3c8e0bf2b08fbbd37b51f421c84e7","2004246","563ddf92221192147a4138e8e762890565b45bad66abb4388adc189d13bd6589"
"fbfea09cd6a23ebae08725b92ed51d3e67c62753",".git/objects/fb/fea09cd6a23ebae08725b92ed51d3e67c62753","490760","5345897c474ff143bed3b31487c86805e15c888f45a242d0efe22b8b6ab3121c"
"fc0d9409f747880e65752eb472a8b0320657c16f",".git/objects/fc/0d9409f747880e65752eb472a8b0320657c16f","8036","24eda53e653eafabcca8090d312d400f71863d51fb64f73b744661d83ef9369f"
"fc1440a7fd58bd5339b2e1c025f7b018148781c4",".git/objects/fc/1440a7fd58bd5339b2e1c025f7b018148781c4","481593","7930509631cab9845047a66a16e2f99107e55d7ed1151be92cf5ccaa0e90be9d"
"fc1557cfd68e6487e23652ff1fd3e78ec52c3392",".git/objects/fc/1557cfd68e6487e23652ff1fd3e78ec52c3392","390","9bceb443dcbb52331a7cca4c5da360e9f4507ef83f78489fc30c4db131dfd16a"
"fc16f84ac9d411dee5d6bf860ddfa5e7917f79f6",".git/objects/fc/16f84ac9d411dee5d6bf860ddfa5e7917f79f6","839","7af7c1ce2cd32829df0ef8d7b697032c1f1356d2579b77698c4de75d2a4c4179"
"fc67d0006db59bbcd2e730daeb0c3158aa4c46e8",".git/objects/fc/67d0006db59bbcd2e730daeb0c3158aa4c46e8","1750057","a3a6b8bb2af7061e9cb74a7b0db3bab37dcddc6be091bcb5118e0d58c760ccfd"
"fc959ebedcd4d6328dfb9b0926543c92073c57a9",".git/objects/fc/959ebedcd4d6328dfb9b0926543c92073c57a9","1810294","3cb8ca8a9b162bc2a31f449cc3e750802be6763c0a38ca541f6a0a7bb01271c1"
"fca14203885ef2b8cd33f5ab9ff2bd68e38b99cd",".git/objects/fc/a14203885ef2b8cd33f5ab9ff2bd68e38b99cd","255","97e795029bb0d8d497c78ea5aff8c2f32206f46cf880a0254ad4659f8bbc7909"
"fcb589a5bfff035737affeba51ff9b5dc078af44",".git/objects/fc/b589a5bfff035737affeba51ff9b5dc078af44","334","cfcf675fad4d0a9f9531fe3a20976ee2518eecb79848054b2ba2f3d3d7c69f74"
"fcec8d5fcc4c9716c7a6f83c8e150c5d7361008e",".git/objects/fc/ec8d5fcc4c9716c7a6f83c8e150c5d7361008e","1636315","7465e0d9a1e0110538a09cb3df91d1ddfe0abb69efbf59774b3531e16e7d7952"
"fd38b2f906b745befc51d26083b5a41970962e61",".git/objects/fd/38b2f906b745befc51d26083b5a41970962e61","2059275","6bdda1779969bd1f4fc3770af515f1c5f704790e28a3a05b33272b4a27ce8fd0"
"fd4cdbc3ae81b49c57b6a39e40bfeb48b280ef04",".git/objects/fd/4cdbc3ae81b49c57b6a39e40bfeb48b280ef04","185705","dc0aa5c583d2cf3edcf573106bc1d8eaa27257f3b63f5568a3c38f114b76a88e"
"fd68419804710971c5d3d4b3378734cd7a394948",".git/objects/fd/68419804710971c5d3d4b3378734cd7a394948","1446183","2c139f0bd105be6157bd8581da700bfedcaade85354e5ba80533836c28ba3dcb"
"fdd1d3d769c8aeb07de3bee654d654cf953d7572",".git/objects/fd/d1d3d769c8aeb07de3bee654d654cf953d7572","1149385","68e2d0b875bcb37b632bd98702cf99388e0c00430adee381c3b2a14d7b5d01de"
"fdd4422cf167bc8d4f068c6eef8a62d03848335e",".git/objects/fd/d4422cf167bc8d4f068c6eef8a62d03848335e","259630","fd0a00762668e0ab36ceccd0da74050464053e09b0a0e1fb42860e1f5a13c348"
"fdeb21dcf01bd18221033169daa724b35e42cbb5",".git/objects/fd/eb21dcf01bd18221033169daa724b35e42cbb5","1132378","bb9551f0c40e0ff7ed66dc101b804b5a9f94053c5a3818cf638d8e870a09a639"
"fe0fb2753e51f26834d44aa8754d8446a57a8dd2",".git/objects/fe/0fb2753e51f26834d44aa8754d8446a57a8dd2","264305","9dc712ffbb93fe1cfeda7be1975c9ff31949b89262b0c2d8a4cf0f6a3e488e67"
"fe6903dadaf3902b1c2e34bfa50796a653f7522e",".git/objects/fe/6903dadaf3902b1c2e34bfa50796a653f7522e","257","4c84a202a2d6019330b0cc7bdbe4bb961c37ab3c4a219326a60edb221d4c29a6"
"fe93d298dbabb5ddf698431c0056b62ef3657307",".git/objects/fe/93d298dbabb5ddf698431c0056b62ef3657307","11067","857dee90024cc2923451dbeef2d866957f206768147b0d1a62809ffc4e4281c6"
"ff2a6c1a281a897a75c8ec634a4a390428512a57",".git/objects/ff/2a6c1a281a897a75c8ec634a4a390428512a57","74124","0f5aaff370a5d71af6e1ffbdee1de6a29104ce5a99602846e2355327fb65f282"
"ff537eee9de924fa04344107ae75e1a22ee6cc28",".git/objects/ff/537eee9de924fa04344107ae75e1a22ee6cc28","640","8e29e5520cb711929b9ecc9c47edae6d6fcacc6a67c9f18112457b686c8a93f3"
"ff7135abbc9068dc0cb18f5dee24fe84db6ae1cd",".git/objects/ff/7135abbc9068dc0cb18f5dee24fe84db6ae1cd","1584511","1fd67c26c55217407d04ad22aa609efc100d98f3070effb5bf9177c7e51a6616"
"ffaf597192b78a67b191f9e1113fc33dcdc3930f",".git/objects/ff/af597192b78a67b191f9e1113fc33dcdc3930f","48370","a7bd5e2db7c04e6b511a97fcc6203a43e095967200f85c80973637ee5487a687"
"ffb53c6c1b1200688f8a51045ac61ffc871afd2d",".git/objects/ff/b53c6c1b1200688f8a51045ac61ffc871afd2d","5640664","fa1faf106b1204b93cd1a08dc97815b995015bd86357b9f9ad3fb0969487d668"
"ffe711cc3e7ce98dedad595406e8040a4a89ad3b",".git/objects/ff/e711cc3e7ce98dedad595406e8040a4a89ad3b","1382055","91696e3059daa0260f5137b5fb85e50a8316361cf75530ea3941819d14148b06"
