"Path","Bytes","SHA256","State"
".gitattributes","128","ad930da33ce0f343eea0d70b9c9262f44f98492f6a894900105b653abcce1011","tracked"
".gitignore","659","c90b9f341395bf7f3ad95646e316ca20b0286e9ee723c5fcb0c535d8ba8c6d47","tracked"
"AGENTS.md","9377","126a1c006e086be0fd989c6c073b61ebae617029e51c9c541e8069414f4ef844","tracked"
"android/app/build.gradle","601","b7c7c4eac26c5a937d2f2304aedb6103816de21e5e474479d79f5d54e1e9be2f","tracked"
"android/app/src/main/AndroidManifest.xml","762","8a176a6e0379fc886717095bc065f9efd67d15e3806f671acc83ae1a13acf844","tracked"
"android/app/src/main/java/com/agesofdominion/game/MainActivity.java","2161","796c5eb521d60c1dc3f8111a12b69fb592129602f6722d38ad46ab72706185f5","tracked"
"android/build.gradle","76","e6c0d56efee62f0b59395c9865533ec44479b64892f104d36a536f30d8da3a9a","tracked"
"android/gradle.properties","87","931b459d1ad4c8080b7064dc5f47d006c2081d66a6e266908435644327f84fd2","tracked"
"android/gradle/wrapper/gradle-wrapper.jar","43583","2db75c40782f5e8ba1fc278a5574bab070adccb2d21ca5a6e5ed840888448046","tracked"
"android/gradle/wrapper/gradle-wrapper.properties","253","f7fafb1ddd0a2a1d2ef01ead773d9a88c1f889ef341e4e93c09c0724ade79b32","tracked"
"android/gradlew","8762","a3648413b47ef77af21d5ebc36c687c7d103aaef3e17f33de7d4f080a6f300a3","tracked"
"android/gradlew.bat","2872","2209f919a22528af59a2af2ad97e8d056cca18e39f7d87aa3fd549a73b180150","tracked"
"android/settings.gradle","355","f84d15bf8b966b92ed544437c7bf2f06acffaf6b63ea1ca29520e2726583b0de","tracked"
"CURRENT-STATUS.md","111021","d23aff9b5aa094a56879f5c1a8ebbeb45f2eafa8d85352512d25d6f2b30728d2","tracked"
"DECISIONS.md","22845","e0dc48f456004c1a8f8333d4434e078a0b1a91022bcaec2b2b852db55e4b8258","tracked"
"design-preview/all-owner-mocks.html","7956","2a50cf902bed77ba849cd5a4c33d48433827ac698ef5d359bf00263ff6e1f96b","tracked"
"design-preview/art/battle-back-plains.webp","402550","5fa3e9277bbee4f321ea3c83bd99a6b054329fefd4f74887610bc399b7b1ab1b","tracked"
"design-preview/art/battle-ground-hills.webp","229620","003197c6f602b01b4036d391fb05744e1a3f90cdb5a076907bbd8f04089a6e35","tracked"
"design-preview/art/battle-ground-plains.webp","238054","a00e59c65678b7282b8a000d282f483909273f60da65e7744a4e2e36fb9a6d59","tracked"
"design-preview/art/bld-farm-stone.webp","356056","254e563c787c7dfbe8ef8294931ef84db9228acc732c2c79ed5820fd4714318f","tracked"
"design-preview/art/bld-hall-stone.webp","283426","0ce8a757774ed0b67d0aab9fc97b3c7fd857cbe1a57043f98d176d2d38cbeb47","tracked"
"design-preview/art/bld-mine-medieval.webp","264464","a6ba53e06d6c56bfea06aa967ae0bac21ca627e19fe506e56b57c255df672aee","tracked"
"design-preview/art/bld-mine-stone.webp","251400","1e01a636aaca2f51854fd5099e06d7ec9e0796fc237e082e5683249229d575f8","tracked"
"design-preview/art/bld-townhall-future.webp","228130","234cda218025ee50760f127e3b01f014550574c1d276532e27ec9891722d5534","tracked"
"design-preview/art/bld-townhall-iron.webp","368348","2a537f234072838b5e608b7edce76c45a4004b0fdafe17a15a4d97c03f8eaf67","tracked"
"design-preview/art/bld-townhall-medieval.webp","288114","c3a6a437ffab5c190dc4481114b498d0f900287120e497410099fb0acdb08cf4","tracked"
"design-preview/art/bld-townhall-stone.webp","346896","f527da5a5bd2e7dcb2cd265cabea5aded1e690cbd128b99e385062388e378cdf","tracked"
"design-preview/art/bld-walls-medieval.webp","278032","3cf50530f590882e0917a95a810fe4f5e4123085ec45fa9c3aef3b1f00a1f894","tracked"
"design-preview/art/bld-workshop-medieval.webp","344552","d3292ca5ce467a4353a6f4b9693639725d580ea2ebc0d73300c8e3a9997f931f","tracked"
"design-preview/art/bld-workshop-stone.webp","317778","5235ad60ffc05b4bdee8db91db1be8e8d93d1817a861bf6d847ac6333e80fb2d","tracked"
"design-preview/art/enemy-bandit-medieval.webp","52058","3b11106966be3b9e8ee0d139a9d047121f01be737e7ad314b92bfda7fe62dc7c","tracked"
"design-preview/art/enemy-wolf-medieval.webp","91458","655d30165bccee5ee2f15cb374f953e143304913f360daeb7d72794ac382b069","tracked"
"design-preview/art/ground-grass-medieval.webp","171906","d9347dfe1ffc757636b66af626358b8a0f9f92e7900b9d67a95ba21b314ee15a","tracked"
"design-preview/art/ground-road-stone.webp","47528","547badd5ce4e18b4e812b746900c0a06c29772ec2f8fc6385142a830643986a5","tracked"
"design-preview/art/ground-rock-medieval.webp","180316","cae3704b677e8ada0ca0f5c35379bb97c2c84129db9d0aa8acec9c8e7d4bde47","tracked"
"design-preview/art/hero-barbarian-medieval.webp","351320","04f55cde370c024ac089e4f50e47aec171a462787870d8b5109f225c272d3f80","tracked"
"design-preview/art/hero-healer-medieval.webp","220096","b97754fe86b9bfcd98afed095d89b2810a137a4207bf4ddde07de605f5f99b5b","tracked"
"design-preview/art/hero-knight-battle-medieval.webp","64362","2d85692d278031b378dfd9200094ff6c66b37d27ea9df1e20c91c7fa17b4dbf0","tracked"
"design-preview/art/hero-knight-medieval.webp","336960","89949b3c5c7d702be2a631efc21027d8102394adb174dfc92b4217d49fcdb631","tracked"
"design-preview/art/hero-mage-medieval.webp","328392","0e926bcf3bd69da6db74bba96dbbb1dfe0d02d4b19a6cdd3a226c9c58fe55776","tracked"
"design-preview/art/hero-necromancer-medieval.webp","282432","b1540ffa8ce82abe16047b4f007168516f29814ff77ab48f59915d38d1ea4f69","tracked"
"design-preview/art/hero-paladin-medieval.webp","311134","27971a8dda49b66cef75cb95d6f6d74e9954acae7b264e5e79bed0cf660514d6","tracked"
"design-preview/art/hero-ranger-medieval.webp","263092","23e7925430c233ef122893323cff0b97ad589d3b80ce65837e56ebfca457850d","tracked"
"design-preview/art/hero-warlock-medieval.webp","257470","aaf26face7031a39b1b74a2c19f0140d7a0a3d36b53a807c86f0bdab214675c8","tracked"
"design-preview/art/icon-adventure-medieval.webp","6514","349f981457c53dee532d49ff29fd5b03fb5dacd06753e1510a855fb9145c00af","tracked"
"design-preview/art/icon-army-medieval.webp","7880","88517d8bd2288920c0702a3062c3a6588f21353fcf0311df9cc6510dbc2f980f","tracked"
"design-preview/art/icon-buildings-medieval.webp","7572","694998b0f80e816792c6b789d57d9d10cffc795e0422be4bd21339db559100b6","tracked"
"design-preview/art/icon-codex-medieval.webp","7738","8f6689fbf6b695b62a8e9f721cfd41f22d81a90b27ea2e70d31dd207df21d490","tracked"
"design-preview/art/icon-food-bronze.webp","8034","df3c91f0c15b17ce93141174dbb63d14c1534874470ccdc2abf750958a668a87","tracked"
"design-preview/art/icon-food-medieval.webp","7458","95bc89c6812be5b167398d547fb2418d90b09c76246a272e52ae82a3de6eea41","tracked"
"design-preview/art/icon-gold-medieval.webp","8278","042eff08f8f4cda2677b8c148242b2f164612d136d05c018701b43bbe41cb230","tracked"
"design-preview/art/icon-hero-medieval.webp","8802","5e13585d72b48a2627e11cfa10332af2a35b0041ecd175b1f06332bbd29cf8e7","tracked"
"design-preview/art/icon-kingdom-medieval.webp","6806","ee2e9a8cb5a0688bef854331b22f6f6b55051ded3c4bd7afa4cae0a62095f4d0","tracked"
"design-preview/art/icon-map-medieval.webp","10784","ceac67c2b5da2e4bf731cd0f2f57893b6e7e7730bedf2300a59dba3ec8c42021","tracked"
"design-preview/art/icon-research-medieval.webp","6556","f3baa7803809853afe206bff370fca1a78c7fee26917a264be63a64f7134ef65","tracked"
"design-preview/art/icon-settings-medieval.webp","8384","ccfbbd58df30a9a20d29d1173f4b7e58a979167c20544137dcc5af6764eafefa","tracked"
"design-preview/art/icon-siege-medieval.webp","7300","d1b625ffc3ec18ae95abd1c453583180db5657c55ba1caa62d403aae4d11d023","tracked"
"design-preview/art/icon-stone-medieval.webp","7846","3500e7a8b15166f83663f76e553d5b874f781a154508f501355304a20759160c","tracked"
"design-preview/art/icon-wood-medieval.webp","7474","ea89ba87dbb40f59feb05fb35e7c5ba62b1edbb0db240b1bd83ee7b6092b4f8e","tracked"
"design-preview/art/item-armor-medieval.webp","94784","f1cea0687e8de080e1a950cb49026172880d819684c5880449c1172b9eb580e1","tracked"
"design-preview/art/item-boots-medieval.webp","48366","e1cca8a2dbf1778fb1eb27e0421c996a4c67d0bdecf00154ec7c78d00111b05f","tracked"
"design-preview/art/item-helm-medieval.webp","70130","dac554537116c2d017b720589b43146176a46b35e7cce3929e31aa3a2668c109","tracked"
"design-preview/art/item-weapon-medieval.webp","25956","63249ace51c923544cf7afeea71ec09c614b93555b62641e7945a4a568c607a8","tracked"
"design-preview/art/map-land-forest.webp","64098","812ca270cda2109abfd6ed74a914288bc7f8b2a8452e19b20d5d3368649a2a50","tracked"
"design-preview/art/map-land-ruins.webp","42884","aec5bedec464759433ddc4adb292b2b6fb18b57390116e4b6fcb7b277d83d87e","tracked"
"design-preview/art/medieval-city-design-source.png","2232884","734d360d06d0ac0d0ebac3df0f623fb77f487b7c073574a398d62179704836a6","tracked"
"design-preview/art/prop-bush-stone.webp","46838","6701210ac214953e46ed9cbd259466e9d5b13de5c0a815b04f8999d17249bbff","tracked"
"design-preview/art/prop-rock-stone.webp","55444","636ad17dbe39d015688e7435aa67bd14d59a45567de81024395ce51e49092aae","tracked"
"design-preview/art/prop-tree-stone.webp","101854","822504d3890c657f3edf02ef611dcb9b74896bf60e1d83f665724a76ce7434a8","tracked"
"design-preview/art/scaffold-stone.webp","125282","042a8eb240cfa729592562973e420ba45fd9d465cc8b2957d2b5710172904c45","tracked"
"design-preview/art/settings-metal-source.png","2255889","a399ff42ef3c3a57686a3a313f06ef7ad26754726e92fe6b9d571054875cc119","tracked"
"design-preview/art/skill-archery.webp","14380","77053f3f281c4de4e43e68de0300c11e101fa52432d02f7615e0c24c7fa830e9","tracked"
"design-preview/art/skill-armorer.webp","12292","526146056267987bab4c205441615159574e40486738d82dc398dbd9134bc2b1","tracked"
"design-preview/art/skill-firstaid.webp","11538","623ee72cc3a9efe01e58baf99805283b679183d83622a49b845502ab017fe3a2","tracked"
"design-preview/art/skill-leadership.webp","14102","fb392976667ecf3439151a0f5a3601470b8ba7e81b932d24c010ba88068e431a","tracked"
"design-preview/art/skill-logistics.webp","22388","75ac67d8d0a05cd338bc876c69b0a088881a84a2ef80416874376b0d5bf6022d","tracked"
"design-preview/art/skill-luck.webp","11234","ef3e615c3d69866376b0e436137be48215d000e995d9e992b7489abf75301d30","tracked"
"design-preview/art/skill-offense.webp","17570","09b7d19015031d56335e8047250b35f7911fb4fb578e7bd3d49d919131648d8c","tracked"
"design-preview/art/skill-tactics.webp","16048","89f2929552254c0626d6e0f544caf30981a7d345cad92d37864400dd450c8555","tracked"
"design-preview/art/skill-wisdom.webp","24060","ad5c092ba7cd5db38f49c22dc0f036c741cd6c090b6cb38b5cbe7a4338ae1edf","tracked"
"design-preview/art/sky-stone.webp","78112","93fe66cac1e2b493868f95a5670e6cfd6f7639b497c6da72882976f688f8973a","tracked"
"design-preview/art/spell-arrow.webp","20158","5eff7bdb68c4f3adbf9ddbfaa54d56ea1254fc4fd9088b1ae211ce2b512f7cc4","tracked"
"design-preview/art/spell-bless.webp","27074","352ed1e42d89fdfaf6c8519f1ee49e0ef7a3869413f00ba8a0fc4d55b2264bd2","tracked"
"design-preview/art/spell-bolt.webp","17458","835e6762c3cd3e822f6acc17b71bebac5edcef14f63a4b7bc43b47e1a4e9fd13","tracked"
"design-preview/art/spell-cure.webp","27412","1add3f97f2a0625a7d1fd303f8ad751cab6b0d7ffea1248a6d67c5d7e2fb9607","tracked"
"design-preview/art/spell-fireball.webp","21868","867226a8d7235bf255c3f869ee7dc1bc705c6bad18a602a278db8c36183b9497","tracked"
"design-preview/art/spell-haste.webp","21214","0fb06204fe6c287564f74c50bee1224dba1654196dcb7994dd9c9e878b8e8c68","tracked"
"design-preview/art/spell-resurrect.webp","20448","b35a8ea71d070c27aa3c481e8cda72411a2b1a2328469e1e0d8880fd3aff4e8c","tracked"
"design-preview/art/spell-slow.webp","27916","259f85d2bd360806c34418804717dc3b6203c070b9fdc12577addfc78e0e6042","tracked"
"design-preview/art/tactical-ruins-original.png","22350996","ea7e228a8e62ffb6e3a42dcee53ae1030c692e69b9abcd6365492c3248c15727","tracked"
"design-preview/art/tower-arrow-medieval.webp","156930","f93a95cb3df2f0a918e525cce01aa45953d53e134e34af2aba2a82428d06b8ca","tracked"
"design-preview/art/tower-slow-medieval.webp","157966","58ae250bc316abc04c2f9a77aef968f4fba3885418e5bdf0dd90d1904a523608","tracked"
"design-preview/art/tower-splash-medieval.webp","279486","ed9c767970289e90024833cd5b1bdf7e871ba61318313cc67eb59bdf69b1b830","tracked"
"design-preview/art/tower-support-medieval.webp","120342","61b580c538d796df81d01305f2dabfa8c094a2690bdf251db74b37a4b3d7ebf3","tracked"
"design-preview/art/ui-button-brass.webp","7588","6120fec152aca1e01804a0772c44a706cf64f86ddabbbe03b31123051148001c","tracked"
"design-preview/art/ui-medallion-rim.webp","17328","6bfc05de7cd1e062e2d9db1ad5524f10af449674e64ad3b4065387ef99c5160c","tracked"
"design-preview/art/ui-plate-frame.webp","54730","6116061907b629c8990f763df797d1f68eb2c0147183cfef73245a8ba3bcda26","tracked"
"design-preview/art/unit-heavy-medieval.webp","59342","a48b242b2b2d1e739a3145cadaf96c56c00efab9802a1592f7f19e5177406069","tracked"
"design-preview/art/unit-melee-medieval.webp","48754","c578149d69d24f554796372504e01c404aa50b967f58312bcfb2ba3c3f5c0943","tracked"
"design-preview/art/unit-ranged-medieval.webp","55056","a46006d2d3c934a8d7b63a902e860f991f23b9295878f1b3154e1ab0493d3c04","tracked"
"design-preview/asset-provenance.json","28823","14a49f9d75aa75def1cf2dcfe97b3387fc56793c3da170c2f92caecc2b6cbdbb","tracked"
"design-preview/check-map-space.mjs","8859","d94adff23be921e88cd6900096e321c421253372fbe5a0dd2c2aff59cdef1b1c","tracked"
"design-preview/evidence/adventure-proposal-424.png","533525","034103f4da334cb1ba791f4ad93838c0e5a186c890463f7d10d65a7f95d33a0d","tracked"
"design-preview/evidence/army-proposal-424.png","456078","f60f0e4ae37b35facc0460d3a7ac7d70a1398c9db907cfcacd46d9dbed16b69d","tracked"
"design-preview/evidence/before-revision/adventure-proposal-424.png","533525","034103f4da334cb1ba791f4ad93838c0e5a186c890463f7d10d65a7f95d33a0d","tracked"
"design-preview/evidence/before-revision/army-proposal-424.png","456078","f60f0e4ae37b35facc0460d3a7ac7d70a1398c9db907cfcacd46d9dbed16b69d","tracked"
"design-preview/evidence/before-revision/browser-review.json","2533","8572e1d43ab364c042107cf7473e5af365d7cfa6dae197de911936fd484824f0","tracked"
"design-preview/evidence/before-revision/day1-proposal-424.png","628245","4d2ab8d8e9447963ec5726007a7d6835dd1480789461913539956f0486b47b42","tracked"
"design-preview/evidence/before-revision/defense-proposal-424.png","545981","43169395facfb6a993f1fd39c9bc1e3c83be84a25114d80cf95e3af8ec3c7441","tracked"
"design-preview/evidence/before-revision/forge-proposal-424.png","461339","009360ed1707d6ba772c0b6ebdb4fa2ddc9738b61e94bc30964f8bb21e7a6435","tracked"
"design-preview/evidence/before-revision/hero-proposal-424.png","444177","2bbd0221aa25c8057c3cbf9317c8af3140fc3a1a8ac7229faf3e4d408306934b","tracked"
"design-preview/evidence/before-revision/medieval-proposal-424.png","739601","6670351cc511e66047aab6e423b62d8229519ce12ba9c25091558effb79462df","tracked"
"design-preview/evidence/before-revision/settings-proposal-424.png","572844","b946d63c4916515e7b9120531f441b81be922128b727aa1e0202cfd064395f4f","tracked"
"design-preview/evidence/before-revision/tactical-proposal-424.png","363048","73e2e2ca54ff4227fab8baa3b3c3981fa1c293951c89c88c81be2283b84c11cd","tracked"
"design-preview/evidence/browser-review.json","2533","8572e1d43ab364c042107cf7473e5af365d7cfa6dae197de911936fd484824f0","tracked"
"design-preview/evidence/day1-proposal-424.png","628245","4d2ab8d8e9447963ec5726007a7d6835dd1480789461913539956f0486b47b42","tracked"
"design-preview/evidence/defense-proposal-424.png","545981","43169395facfb6a993f1fd39c9bc1e3c83be84a25114d80cf95e3af8ec3c7441","tracked"
"design-preview/evidence/forge-proposal-424.png","461339","009360ed1707d6ba772c0b6ebdb4fa2ddc9738b61e94bc30964f8bb21e7a6435","tracked"
"design-preview/evidence/hero-proposal-424.png","444177","2bbd0221aa25c8057c3cbf9317c8af3140fc3a1a8ac7229faf3e4d408306934b","tracked"
"design-preview/evidence/map-space/adventure-375.png","42839","f39c165d9de20c09e96f0fe5eb92ff829a957a6780bea67d704a07293cd6e4e7","tracked"
"design-preview/evidence/map-space/adventure-825.png","43552","68ff6100d52815ed8f923c617419f98183acb176ca2e010f673ff373ea658322","tracked"
"design-preview/evidence/map-space/adventure-detail-375.png","46364","0be8c2ed6d65e8c06563b10f3485ee861f71823f31f334496c3175416a51c7c1","tracked"
"design-preview/evidence/map-space/checks.json","8898","ef788d46515b39b92f057182172f7142022416e9fe84119f8fe21b7342f7c312","tracked"
"design-preview/evidence/map-space/comparison-adventure-1280.png","771332","5f2d02e3405d8825edecf186bd9b64a8be6d7842a93132d3e0135122bfae5dc2","tracked"
"design-preview/evidence/map-space/comparison-tactical-1280.png","735345","a142b2ec9ac0532906dc54b0c2e335a4e14fdbe986b0b785890ab306fdf36a0c","tracked"
"design-preview/evidence/map-space/tactical-375.png","52942","e794c78561e202cec5b6bf1163c9d2a02aa2e5aa50def44bc822c601e5c57369","tracked"
"design-preview/evidence/map-space/tactical-825.png","40779","d912ee8c854e08508732180f012f5295083a209d55b8c876c69a75bf1ffce28f","tracked"
"design-preview/evidence/medieval-proposal-424.png","739601","6670351cc511e66047aab6e423b62d8229519ce12ba9c25091558effb79462df","tracked"
"design-preview/evidence/settings-proposal-424.png","572844","b946d63c4916515e7b9120531f441b81be922128b727aa1e0202cfd064395f4f","tracked"
"design-preview/evidence/tactical-proposal-424.png","363048","73e2e2ca54ff4227fab8baa3b3c3981fa1c293951c89c88c81be2283b84c11cd","tracked"
"design-preview/feedback-20261003/check-focus.cjs","2065","9e9211612aed455511388afa9ecad29601dcd27edc2d7ada88383acd732f6a0b","tracked"
"design-preview/feedback-20261003/check.cjs","7078","a508a38317a954b46664ff2e74e4d17f96a399fb47f5a529d86fa790c4204b99","tracked"
"design-preview/feedback-20261003/index.html","46817","df31c490f05e6f682d3cff06603404863226c05b6ccb9b2ccf00509ba6dc4247","tracked"
"design-preview/feedback-20261003/preview-manifest.json","25284","5694818739668ddbb5083a80c4dd9690270cee80f8f32bf03d7cea57810e2151","tracked"
"design-preview/feedback-20261003/README.md","3500","fba82ff8e70a71e0dcaf584afdc53094a3e5e879c4d0170a081a5b45b2ac9f32","tracked"
"design-preview/generated/landscape-mocks-20261003-efcd7a7e/collection-report.json","26910","ba45a64b865e53e2081bbe9a65fde27d8d34a4b0b1b742adac64823332480721","tracked"
"design-preview/generated/landscape-mocks-20261003-efcd7a7e/images/01-home.jpg","266013","86c6d29014b007880ddc2360e3004b63ca22db4f52d2846b07850a77b047d159","tracked"
"design-preview/generated/landscape-mocks-20261003-efcd7a7e/images/02-kingdom-day1.jpg","327417","2f709bf6173af1c8d38405ae8a4b25844b4856da11924cea43d807fe45e4e1f6","tracked"
"design-preview/generated/landscape-mocks-20261003-efcd7a7e/images/03-kingdom-stone.jpg","362778","aad0d7277ee8854af5064101ad5af58b499b76ec529a12fce5bd3e9e3b492eb2","tracked"
"design-preview/generated/landscape-mocks-20261003-efcd7a7e/images/04-kingdom-bronze.jpg","387654","ea1b8faca981cfc4cfae6b03801093f6a9c02143bf8029bf2e4cfe0cd564f414","tracked"
"design-preview/generated/landscape-mocks-20261003-efcd7a7e/images/05-kingdom-iron.jpg","373842","e646336f428e9fde63c2b657a10d7375b177a5689944c7a44e8a80aae8821694","tracked"
"design-preview/generated/landscape-mocks-20261003-efcd7a7e/images/06-kingdom-medieval.jpg","344833","5dd5adb7585e97be03048f1fac97535b67d40387387f5f314a17da92e1db0809","tracked"
"design-preview/generated/landscape-mocks-20261003-efcd7a7e/images/07-kingdom-gunpowder.jpg","340135","f5a8eba1e3cee149ffcb36bb2481a71b0db0172a4eb521fc3ce7aab19e9192b3","tracked"
"design-preview/generated/landscape-mocks-20261003-efcd7a7e/images/08-kingdom-industrial.jpg","390620","845714405780e04ff9fb887296dbcfd7a30ce3a9d402be3c15c53369426e8f3e","tracked"
"design-preview/generated/landscape-mocks-20261003-efcd7a7e/images/09-kingdom-modern.jpg","408088","3f22f3fe01890d388eeebc999c74019113f270b1cdd8802d9dd73ffaf7c1bf15","tracked"
"design-preview/generated/landscape-mocks-20261003-efcd7a7e/images/10-kingdom-future.jpg","377306","94fd03c0ea803d4538c696989c65c1f22700d57c7ae78b71ee0dd3ca32e54443","tracked"
"design-preview/generated/landscape-mocks-20261003-efcd7a7e/images/11-adventure-overview.jpg","355428","d8a090a128fe15ccc037c225f347b9064fb2624f0586fba1508eb06a18651c95","tracked"
"design-preview/generated/landscape-mocks-20261003-efcd7a7e/images/12-adventure-crossing.jpg","363119","9ef148954dbafa22c3ca497efe0af03c83b5ea1e9f52452aa56ba6162b305f13","tracked"
"design-preview/generated/landscape-mocks-20261003-efcd7a7e/images/13-adventure-foot.jpg","338582","40e2e30f2fe640796451f2cabcd063e9d1a779b98607c3ce787fd69985b2c295","tracked"
"design-preview/generated/landscape-mocks-20261003-efcd7a7e/images/14-tactical-deployment.jpg","318278","0fb2b7f2cc30b2df3222ed5e5052268b1b7a7e2354eba858e26671caf9f22f7e","tracked"
"design-preview/generated/landscape-mocks-20261003-efcd7a7e/images/15-tactical-action.jpg","341129","94d29bdaf82ea21a77e01b7414c912aabd8402e866ff4d29c8a32d429cd032de","tracked"
"design-preview/generated/landscape-mocks-20261003-efcd7a7e/images/16-battle-result.jpg","260256","30bb2f1526d64d659cb53810011e1ab7d70ba04eab45b127c92a602c4c29f791","tracked"
"design-preview/generated/landscape-mocks-20261003-efcd7a7e/images/17-defense-preparation.jpg","337125","3c8fafdbd0f8939e0d3782c7d0da5a8c3601a46f537093a16cdc0cd24fdb1fa5","tracked"
"design-preview/generated/landscape-mocks-20261003-efcd7a7e/images/18-defense-wave.jpg","335883","ac6a416633f666fcc531d5291b9d02ec74332d26f2340d1b08c32c5fbe6cc7d5","tracked"
"design-preview/generated/landscape-mocks-20261003-efcd7a7e/images/19-hero-equipment.jpg","244670","6a3a4e08e823a00a9069960af331af6d95b9ebb6629ecc31b5a0e7ac17939f2e","tracked"
"design-preview/generated/landscape-mocks-20261003-efcd7a7e/images/20-skills.jpg","287862","997fb3d80fb5ea5f15d4ad972cb8af4bc093c268e937102ae075c8b38fc9bc0c","tracked"
"design-preview/generated/landscape-mocks-20261003-efcd7a7e/images/21-spells.jpg","312161","b5289f2c8eae4be22e1b7b58201e73779bc151d326e66f6832656099c3b00a77","tracked"
"design-preview/generated/landscape-mocks-20261003-efcd7a7e/images/22-forge.jpg","165912","f5253c7524352e1f57aff00d7623ada1d3858216cdc04296f9dae4bc3e9ba560","tracked"
"design-preview/generated/landscape-mocks-20261003-efcd7a7e/images/23-inventory.jpg","179720","083b299ebfb716625babc2a6648102dd28d8de0198b1b6a2cf47df440ef40d7e","tracked"
"design-preview/generated/landscape-mocks-20261003-efcd7a7e/images/24-army.jpg","308685","9728db38e960a2117e7b52b1fb5795cb3a7e9080a12b9f3f65bd0b1e0cc0105f","tracked"
"design-preview/generated/landscape-mocks-20261003-efcd7a7e/images/25-story.jpg","312592","2f00b9c71582d1649cb60690f305f41437bebe73a4d79912149e800e97705ac6","tracked"
"design-preview/generated/landscape-mocks-20261003-efcd7a7e/images/26-quests.jpg","306513","c0ffa993cb4b6bcac60a9047065d58483897e25cb63f9e9a1a95c560a78bb833","tracked"
"design-preview/generated/landscape-mocks-20261003-efcd7a7e/images/27-tutorial.jpg","250576","2fe0a3334873b14a6577c2a625deed78f139e852a0d94ce873abc9d1121d591f","tracked"
"design-preview/generated/landscape-mocks-20261003-efcd7a7e/images/28-settings.jpg","293126","10454cf23925a875cdae13d4c321a25632a9aa8de7cea7a8368913a087fef641","tracked"
"design-preview/generated/landscape-mocks-20261003-efcd7a7e/images/29-save-recovery.jpg","270329","8a54fedd84d91e2f144940eae298c178e078b205aec6ac1ead703af8f49135d1","tracked"
"design-preview/generated/landscape-mocks-20261003-efcd7a7e/images/30-icon-material-board.jpg","225392","9e927748289178edc5d2ce132ad4a6a053051dc976df1d7d2dfee990cc40b1d3","tracked"
"design-preview/generated/landscape-mocks-20261003-efcd7a7e/input.jsonl","61160","46f374732911f56f2a4eb18ea435b27f52c252172af3829d3ad6cb384667e5b5","tracked"
"design-preview/generated/landscape-mocks-20261003-efcd7a7e/ledger.json","22414","a53f6652502bb46b205feac742317f649af8898b95b64da8f998d6e804de446f","tracked"
"design-preview/generated/landscape-mocks-20261003-efcd7a7e/manifest.json","72243","25d36babcbd59d7105275ae33feb11a766c143e94595f3424465212d4221d053","tracked"
"design-preview/generated/landscape-mocks-20261003-efcd7a7e/provider-job.json","1203","22ffa48414aee7056e7f312ea7a2df309dab7754a86b141d5ef765a1b7b53baa","tracked"
"design-preview/generated/landscape-mocks-20261003-efcd7a7e/REVIEW-INDEX.md","2341","65bad7ecec5c7ca9497403778f17bc5fd38ad770ccf6de4e92b899e91bbfc613","tracked"
"design-preview/generated/landscape-mocks-20261003-efcd7a7e/review-overview.jpg","911458","e51b8e5995d905b4c5300346d1e8a5f74d5a6ca2c7eb6cf09c5fb222b34717bf","tracked"
"design-preview/generated/landscape-mocks-20261003-efcd7a7e/submission.json","579","27a00616060e409a00cbf165ab5d269399040207f75ab26c5df6266cf9b50183","tracked"
"design-preview/generated/landscape-mocks-20261003-efcd7a7e/VISUAL-REVIEW.md","3070","f84d8c0d3d189e4cdec5207cf4c57eadd0dbe9ec0d2f1ca9cdf96c995dbfef96","tracked"
"design-preview/kingdom-layout-candidate-data.js","21090","4924aa8efdddbe3dd1b65f3b1f49417ab04314e7c47fd4116ac6a2531c37e8fd","tracked"
"design-preview/kingdom-layout-candidate.css","1940","14e56523aea427c6303b6cc269aed83e9f73ce149f01679f4fc0cfe51b080136","tracked"
"design-preview/kingdom-layout-candidate.html","2185","fd65b8bad24475737edc7d35d8af959d9a7f8b07889c4debc919db3a4d3d55f1","tracked"
"design-preview/kingdom-layout-candidate.js","9676","f00216e22a539131d43f1ad29a355f22f0c0337e3f941a498e82116257336220","tracked"
"design-preview/map-space-data.js","4784","f205825d230dce78f2468efa0f94f00a6bc6925af5a2d5e379b2f4fc0a42eb13","tracked"
"design-preview/map-space.css","4301","b97030e5d1c2b3f258cba2e0024cc2b5132a764f4e96c0a07e281cd9dbd19f55","tracked"
"design-preview/map-space.js","7909","d4ecdc90c4b9b09a75a0b277d55203ba535468c585a81159df42275a6004c2ca","tracked"
"design-preview/README.md","7067","fcaab94a4a1e52cb41dc2efb3cbc9aa16f7ef3332ed38582729f8803b4497cb7","tracked"
"design-preview/review-map-space.html","6209","26210b44e913ca9d1d63fd60f21bf3d039a7933303ee6968f836105319c0c345","tracked"
"docs/asset-provenance/completion-check.json","294","8bfc58673ee42b0d3ded8f50189e0e426f4a349c8a97e7cd5f212fa5e0027fca","tracked"
"docs/asset-provenance/raw-response-archive-index.json","525366","79ae0011b6b19b44f1b979d8a3124942a6b212013b3dc62e8f48fc5c7fd32b69","tracked"
"docs/asset-provenance/raw-response-metadata/assets/high-res/interactive-4k-first32-20261003/run-01-20261003-172733/packs/adventure-terrain-desert/response.json.metadata","1169","93cc6c7f37c594361664d2021a119a70bdcd07cde59fb1e12126182a2330f5ad","tracked"
"docs/asset-provenance/raw-response-metadata/assets/high-res/interactive-4k-first32-20261003/run-01-20261003-172733/packs/adventure-terrain-hills/response.json.metadata","1167","9a82f32855640700910e1b543fd789778b0530e13cad4ce30b056ad0f35fffde","tracked"
"docs/asset-provenance/raw-response-metadata/assets/high-res/interactive-4k-first32-20261003/run-01-20261003-172733/packs/adventure-terrain-plains/response.json.metadata","1169","49ff6895f3ded6a4942ece2796391634a1ff20a90e3db41a776a5bf06c9f3a67","tracked"
"docs/asset-provenance/raw-response-metadata/assets/high-res/interactive-4k-first32-20261003/run-01-20261003-172733/packs/adventure-terrain-ruins/response.json.metadata","1167","9d7336397a5607506dd5fe89d3a536082eab902abb1e6507ce5c6649a28c43da","tracked"
"docs/asset-provenance/raw-response-metadata/assets/high-res/interactive-4k-first32-20261003/run-01-20261003-172733/packs/adventure-terrain-snow/response.json.metadata","1165","ed4725d53310bf6d229b93fba56da1a3ceb82f31f498adb172254de72c3ae5ce","tracked"
"docs/asset-provenance/raw-response-metadata/assets/high-res/interactive-4k-first32-20261003/run-01-20261003-172733/packs/adventure-terrain-swamp/response.json.metadata","1167","04b0ec0783e4934989c7a2099df8fb098986c846d3ac771619a0327bfcab8651","tracked"
"docs/asset-provenance/raw-response-metadata/assets/high-res/interactive-4k-first32-20261003/run-01-20261003-172733/packs/adventure-terrain-waste/response.json.metadata","1167","e6292e27b1e1409b17fa6b1f5593e7f7919615d23ddbbc25cc513de90fc8cd63","tracked"
"docs/asset-provenance/raw-response-metadata/assets/high-res/interactive-4k-first32-20261003/run-01-20261003-172733/packs/adventure-terrain/response.json.metadata","1155","8cc64b6f5ad84676fd4d3f0957e299af25b0a734dc55f474c8d7a2a90c8801a7","tracked"
"docs/asset-provenance/raw-response-metadata/assets/high-res/interactive-4k-first32-20261003/run-01-20261003-172733/packs/tactical-terrain-desert/response.json.metadata","1167","8a23ab322b2e564af0f7ff48fea7f6185d42f96175ebcdfed647dda72ef8035f","tracked"
"docs/asset-provenance/raw-response-metadata/assets/high-res/interactive-4k-first32-20261003/run-01-20261003-172733/packs/tactical-terrain-hills/response.json.metadata","1165","db1b7168631c596bcd1a580dd57bdb6251a5a065d29e4daff8ef262b3b0ec286","tracked"
"docs/asset-provenance/raw-response-metadata/assets/high-res/interactive-4k-first32-20261003/run-01-20261003-172733/packs/tactical-terrain-plains/response.json.metadata","1167","9fa943f5fd343e9e228e125e45ef3cf7dd925e10971b4a5a0264d8cbec300dbf","tracked"
"docs/asset-provenance/raw-response-metadata/assets/high-res/interactive-4k-first32-20261003/run-01-20261003-172733/packs/tactical-terrain-swamp/response.json.metadata","1165","f1b144cf25323543b7285d4c3822ce9c2861fe5adf53e20d63ad50c0e754ce78","tracked"
"docs/asset-provenance/raw-response-metadata/assets/high-res/interactive-4k-first32-20261003/run-01-20261003-172733/packs/tactical-terrain/response.json.metadata","476","5876f1c65a7b73ffe6502c4eae9b8663305ebb06c7578dce6da8cc3f46df6291","tracked"
"docs/asset-provenance/raw-response-metadata/assets/high-res/interactive-4k-first32-20261003/run-02-20261004-010239/packs/defense-terrain-plains/response.json.metadata","1165","5b650d006cb08649b0375bab7d853946367627e053332c30e6b0a60cda142c83","tracked"
"docs/asset-provenance/raw-response-metadata/assets/high-res/interactive-4k-first32-20261003/run-02-20261004-010239/packs/defense-terrain/response.json.metadata","1151","5358b25b24eb42b39587c2eb69e4fdcd381210c4e7e71ba50930cdbb8735fba5","tracked"
"docs/asset-provenance/raw-response-metadata/assets/high-res/interactive-4k-first32-20261003/run-02-20261004-010239/packs/tactical-terrain-ruins/response.json.metadata","1165","d9382e56e01a61ae1350c959bbee4a97083e1bc0fb768d1ba0e35da22d081faf","tracked"
"docs/asset-provenance/raw-response-metadata/assets/high-res/interactive-4k-first32-20261003/run-02-20261004-010239/packs/tactical-terrain-waste/response.json.metadata","1165","38dba9688c69056bc90ad81572db55493654aaa8cade8c5f36781ee46f855130","tracked"
"docs/asset-provenance/raw-response-metadata/assets/high-res/interactive-4k-first32-20261003/run-03-20261004-012700/packs/defense-terrain-hills/response.json.metadata","1163","0b8cfd94d08c7e80a23e622dc57c2215415768d4edb128c275efaa8fa761981b","tracked"
"docs/asset-provenance/raw-response-metadata/assets/high-res/interactive-4k-first32-20261003/run-04-20261004-013946/packs/defense-terrain-desert/response.json.metadata","1165","453264482ac07cb8f95a0a1167dc67f355100b04ea2cf0440beb908cf012afd2","tracked"
"docs/asset-provenance/raw-response-metadata/assets/high-res/interactive-4k-first32-20261003/run-04-20261004-013946/packs/defense-terrain-ruins/response.json.metadata","1163","b46c328b028d540cdcacfd39cd8455ee6aafe4b3ce898edd57f6b208834fa01b","tracked"
"docs/asset-provenance/raw-response-metadata/assets/high-res/interactive-4k-first32-20261003/run-04-20261004-013946/packs/defense-terrain-snow/response.json.metadata","1160","856c48beff1761a0c1f004550cea5cd04c9d2557fbace6b9655b89bf336b92bc","tracked"
"docs/asset-provenance/raw-response-metadata/assets/high-res/interactive-4k-first32-20261003/run-04-20261004-013946/packs/defense-terrain-swamp/response.json.metadata","1163","bb8e122dd0d61ddffe0337cd898c5b451156443eff51f4a6141d9df4da639d78","tracked"
"docs/asset-provenance/raw-response-metadata/assets/high-res/interactive-4k-first32-20261003/run-04-20261004-013946/packs/defense-terrain-waste/response.json.metadata","1162","da00f69aa90d452efcb754c6ee35ab088e10fdb87f6fdbacfa19700f08b63314","tracked"
"docs/asset-provenance/raw-response-metadata/assets/high-res/interactive-4k-first32-20261003/run-05-tactical-retry-20261004-015857/packs/tactical-terrain-snow/response.json.metadata","1193","9a64d013136bf4080cfa4781d6e4298fe84424a3964798c05968ce90a195d673","tracked"
"docs/asset-provenance/raw-response-metadata/assets/high-res/interactive-4k-first32-20261003/run-05-tactical-retry-20261004-015857/packs/tactical-terrain/response.json.metadata","1183","d31ef6e89a994b2753fe07af95018501e2cdaaf78d87a5209b80fb334340a06e","tracked"
"docs/asset-provenance/raw-response-metadata/assets/high-res/interactive-4k-first32-20261003/run-06-kingdom-20261004-023321/packs/kingdom-terrain-bronze/response.json.metadata","1181","745abd7213c6f944a2e9dda7d00d75bf3bf0d4b34d791b927187b904127cf673","tracked"
"docs/asset-provenance/raw-response-metadata/assets/high-res/interactive-4k-first32-20261003/run-06-kingdom-20261004-023321/packs/kingdom-terrain-future/response.json.metadata","1181","df87474156050c2ef002c014bbec32cd1166880225bc1d76cbc7db4b924c429e","tracked"
"docs/asset-provenance/raw-response-metadata/assets/high-res/interactive-4k-first32-20261003/run-06-kingdom-20261004-023321/packs/kingdom-terrain-gunpowder/response.json.metadata","1187","c502c9df1171785979fdbb5ff1de353d38e4b48516ccc6a840dbe629e8298add","tracked"
"docs/asset-provenance/raw-response-metadata/assets/high-res/interactive-4k-first32-20261003/run-06-kingdom-20261004-023321/packs/kingdom-terrain-industrial/response.json.metadata","1189","1b6dcb23ea0852ce3e1f154bb6bd2d793dcdb48e15bbf576921afe9d05bd696d","tracked"
"docs/asset-provenance/raw-response-metadata/assets/high-res/interactive-4k-first32-20261003/run-06-kingdom-20261004-023321/packs/kingdom-terrain-iron/response.json.metadata","1176","6dc1ea473fb3d2549b7da66438142b473a5da49c12909534ac8c32bf8e7fb361","tracked"
"docs/asset-provenance/raw-response-metadata/assets/high-res/interactive-4k-first32-20261003/run-06-kingdom-20261004-023321/packs/kingdom-terrain-medieval/response.json.metadata","1185","9185b32f97a90af64166e00f359965e9b4889cdecae8fc2a37c40f638a0c81e4","tracked"
"docs/asset-provenance/raw-response-metadata/assets/high-res/interactive-4k-first32-20261003/run-06-kingdom-20261004-023321/packs/kingdom-terrain-modern/response.json.metadata","1180","269b50741c291730ec2562a89d638d47eb90fe769de62190e8c30b9b47271eb5","tracked"
"docs/asset-provenance/raw-response-metadata/assets/high-res/interactive-4k-first32-20261003/run-06-kingdom-20261004-023321/packs/kingdom-terrain-stone/response.json.metadata","1179","53851c8a6083c6edb3054c095dcf0b7636bfa060e69cd9b45c8cfb88e82bccda","tracked"
"docs/asset-provenance/raw-response-metadata/assets/high-res/later73-preparation-packs/hero-mount-future-transport/response.json.metadata","1085","22cb85c4bb772a7e0967dfd7439e07360831f4f3661f123853dbe7bdeeb9aed2","tracked"
"docs/asset-provenance/raw-response-metadata/assets/high-res/later73-preparation-packs/hero-mount-horse/response.json.metadata","1063","82bd45dffb1ea34ef6be7ded381b40652b2f0788498c8fbe014373d1e025a251","tracked"
"docs/asset-provenance/raw-response-metadata/assets/high-res/later73-preparation-packs/hero-mount-motor-transport/response.json.metadata","1081","0a7e7b4ef9b467740689213715392c58a1fec78d9937494520796a309e3ffb6f","tracked"
"docs/asset-provenance/raw-response-metadata/assets/high-res/later73-preparation-packs/knight-mounted-master/response.json.metadata","1073","b673eb53695e00b23f8df81a75d93fd6308d102ae8658f6f607c0566321ddca5","tracked"
"docs/asset-provenance/raw-response-metadata/assets/high-res/later73-preparation-packs/portrait-ancient-barbarian/response.json.metadata","1083","85dd80dbb69e7e3f3452f63743abaef317df92070ee89395f6df6f007d3587f1","tracked"
"docs/asset-provenance/raw-response-metadata/assets/high-res/later73-preparation-packs/portrait-ancient-healer/response.json.metadata","1076","35453f9484ef8c7416497bc7e2ec1e65b05b9dd17e973ce8abfb7fd0fac9352a","tracked"
"docs/asset-provenance/raw-response-metadata/assets/high-res/later73-preparation-packs/portrait-ancient-mage/response.json.metadata","1072","be4e78ebc88836a58679500f1765ce402d28d7ae482688988728503fb3d1451e","tracked"
"docs/asset-provenance/raw-response-metadata/assets/high-res/later73-preparation-packs/portrait-ancient-necromancer/response.json.metadata","1087","7fc527ccdd356ed6d13275e54d5592368ca1c5d22461ea27fda390b8b1fc4ae0","tracked"
"docs/asset-provenance/raw-response-metadata/assets/high-res/later73-preparation-packs/portrait-ancient-paladin/response.json.metadata","1079","d6d8e2bf2cd001dd7904715feba9600aadad66df61e93077c7b8174a1b2f7554","tracked"
"docs/asset-provenance/raw-response-metadata/assets/high-res/later73-preparation-packs/portrait-ancient-ranger/response.json.metadata","1077","3e6b3643e7c776987986bec6100140ea5674e1bd7a49af591cd4b9eb6191079f","tracked"
"docs/asset-provenance/raw-response-metadata/assets/high-res/later73-preparation-packs/portrait-ancient-warlock/response.json.metadata","1079","e8f093ce9e513d371f6124bb76fc001645136d32ead703caf10456fed6fa600a","tracked"
"docs/asset-provenance/raw-response-metadata/assets/high-res/later73-preparation-packs/portrait-mech-barbarian/response.json.metadata","1075","cd19c968284aac57c5405b8956e1057c962b28ed1a5a71c807453883037dfa71","tracked"
"docs/asset-provenance/raw-response-metadata/assets/high-res/later73-preparation-packs/portrait-mech-healer/response.json.metadata","1070","c0d76e850a50d899d9c4688ddc84ae8f848dad65c3283aa0247671ac4a93737f","tracked"
"docs/asset-provenance/raw-response-metadata/assets/high-res/later73-preparation-packs/portrait-mech-knight/response.json.metadata","1070","b2f2e694b35f228f3ebf130c0604e0a3cd05df48bf4eaaa593bd686d3af01be0","tracked"
"docs/asset-provenance/raw-response-metadata/assets/high-res/later73-preparation-packs/portrait-mech-mage/response.json.metadata","1066","0d5b1a9dfd6c5b3be57c9b94cd08be6d406d3bd3362597c601b7e3e6208739d0","tracked"
"docs/asset-provenance/raw-response-metadata/assets/high-res/later73-preparation-packs/portrait-mech-necromancer/response.json.metadata","1081","d1389d3b3d53772bc75317950f45073e14ae59363f340c3423193a85acdef361","tracked"
"docs/asset-provenance/raw-response-metadata/assets/high-res/later73-preparation-packs/portrait-mech-paladin/response.json.metadata","1072","303968ab0a350265e616f3afd23dfe9bb461f396778bf20c2b237e502e95ec75","tracked"
"docs/asset-provenance/raw-response-metadata/assets/high-res/later73-preparation-packs/portrait-mech-ranger/response.json.metadata","1070","97fd84ae0a342baa3ef3fc0ae7268be8e26f2637d08705c1f9ded6625e135003","tracked"
"docs/asset-provenance/raw-response-metadata/assets/high-res/later73-preparation-packs/portrait-mech-warlock/response.json.metadata","1072","c345224930f3f7e31d0bc51474cef4e9fc7dabc981c2441a2ef31f55d1ae4eee","tracked"
"docs/asset-provenance/raw-response-metadata/assets/high-res/later73-preparation-packs/portrait-medieval-barbarian/response.json.metadata","1085","587061d65ea54e971ec4ca6e5fea821b2642d971216c87986f2510fa2e96765c","tracked"
"docs/asset-provenance/raw-response-metadata/assets/high-res/later73-preparation-packs/portrait-medieval-healer/response.json.metadata","1078","b090b6a5219a14e4863dad6470390bbd22bc74e4cd5976aee7f0530711673dc1","tracked"
"docs/asset-provenance/raw-response-metadata/assets/high-res/later73-preparation-packs/portrait-medieval-knight/response.json.metadata","1116","840b0c707f1e2b6e3fc4a60f5327988fc04b15cf5bd3c0a46dce135818a985d4","tracked"
"docs/asset-provenance/raw-response-metadata/assets/high-res/later73-preparation-packs/portrait-medieval-mage/response.json.metadata","1074","b9524ddb8b9c7721d2656dc8b3aa1b16b0011f9c7596c64c0e9ba4daad16dd29","tracked"
"docs/asset-provenance/raw-response-metadata/assets/high-res/later73-preparation-packs/portrait-medieval-necromancer/response.json.metadata","1089","d4c078e2cbe8e4d0ef642a7a9d18b2210dda0c1cb92d29d97e2765a26e410c3c","tracked"
"docs/asset-provenance/raw-response-metadata/assets/high-res/later73-preparation-packs/portrait-medieval-paladin/response.json.metadata","1080","1aea7239e5e588f6c9c78a3b54ce8576152598e9c74da638731a012ca056089f","tracked"
"docs/asset-provenance/raw-response-metadata/assets/high-res/later73-preparation-packs/portrait-medieval-ranger/response.json.metadata","1079","c6ad4709f79f6e9ec5aad592bc21fe6491447988d797f3b32352f6edb7c4aa4d","tracked"
"docs/asset-provenance/raw-response-metadata/assets/high-res/later73-preparation-packs/portrait-medieval-warlock/response.json.metadata","1081","0993416f38f5fd51b22da71ef3f37f3f9c0c5bf10ebad27ad09ffc99bded1105","tracked"
"docs/asset-provenance/raw-response-metadata/assets/high-res/later73-preparation-packs/portrait-powder-barbarian/response.json.metadata","1080","74bdd79d6abbb4393a97ee4522b5272a23d76c9d2cabc239a948d81f78e8ea2c","tracked"
"docs/asset-provenance/raw-response-metadata/assets/high-res/later73-preparation-packs/portrait-powder-healer/response.json.metadata","1111","487a71e79b8f96f1052290d0feb5a975fdb2e5bf20f4f85e747e416411f4ac37","tracked"
"docs/asset-provenance/raw-response-metadata/assets/high-res/later73-preparation-packs/portrait-powder-knight/response.json.metadata","1075","27d63bcc303bf71e127d6f206d852c36ce4f7da72902aa18d9a21712121af9e8","tracked"
"docs/asset-provenance/raw-response-metadata/assets/high-res/later73-preparation-packs/portrait-powder-mage/response.json.metadata","1070","b8c054bf478e5ff399de475f19006ff11a5ffa98fe0b5573f8582301d07e8fc3","tracked"
"docs/asset-provenance/raw-response-metadata/assets/high-res/later73-preparation-packs/portrait-powder-necromancer/response.json.metadata","1084","316740636120669d8e5043ebb6308cf2de39b1ef1b289dc329103fb86b58d6f1","tracked"
"docs/asset-provenance/raw-response-metadata/assets/high-res/later73-preparation-packs/portrait-powder-paladin/response.json.metadata","1076","4365c0f3334ea4733132011e24a4222859c60cef184bf3d5c2ca405e33b8a797","tracked"
"docs/asset-provenance/raw-response-metadata/assets/high-res/later73-preparation-packs/portrait-powder-ranger/response.json.metadata","1074","28662ce23dc93cdfbb085943d962eee9b3967a9d0eaceafe3639934e65f494b7","tracked"
"docs/asset-provenance/raw-response-metadata/assets/high-res/later73-preparation-packs/portrait-powder-warlock/response.json.metadata","1076","1c52619e24ed6094d52d1e44a3259954ebe2caea9c7ee9b7347f3eff88e119c6","tracked"
"docs/asset-provenance/raw-response-metadata/assets/high-res/later73-preparation-packs/rig-source-parts-barbarian/response.json.metadata","1083","8bd51b955b519881494ec1e855f71abb275fcab6e8e23b78df467b7fa44a8bc0","tracked"
"docs/asset-provenance/raw-response-metadata/assets/high-res/later73-preparation-packs/rig-source-parts-healer/response.json.metadata","1077","08df0bc56a74be0aa2daeb6f1bcdf74d305ed792da010411c3bae916eb2bf352","tracked"
"docs/asset-provenance/raw-response-metadata/assets/high-res/later73-preparation-packs/rig-source-parts-knight/response.json.metadata","1077","ce647c8e67f40e0868018a935558b48f8d931946255ff8b692e7d856e72272ca","tracked"
"docs/asset-provenance/raw-response-metadata/assets/high-res/later73-preparation-packs/rig-source-parts-mage/response.json.metadata","1073","1f01cef257d87e54a2845d9f48d08382f4007fa68e5a959d155bffc50b16a8b9","tracked"
"docs/asset-provenance/raw-response-metadata/assets/high-res/later73-preparation-packs/rig-source-parts-necromancer/response.json.metadata","1087","ab7c1ca3319522841e1ddf50a9d238bd45e47cd78535a50a94151e2c68d5154f","tracked"
"docs/asset-provenance/raw-response-metadata/assets/high-res/later73-preparation-packs/rig-source-parts-paladin/response.json.metadata","1079","9c04c27865ed160fe61deb8dc540493ccc60357b1833fd3d43ba79f0f526dbd9","tracked"
"docs/asset-provenance/raw-response-metadata/assets/high-res/later73-preparation-packs/rig-source-parts-ranger/response.json.metadata","1077","4e84382d62719a833c01e7dd57b0fd2c31583fc6114576ac5d98081fd31af037","tracked"
"docs/asset-provenance/raw-response-metadata/assets/high-res/later73-preparation-packs/rig-source-parts-warlock/response.json.metadata","1079","269a9404eebb69a923f5961ec1ce7b31daafdc7cd6ce2fb59c465e2a90424c9f","tracked"
"docs/asset-provenance/raw-response-metadata/assets/high-res/later73-preparation-packs/rival-identity-1/response.json.metadata","1063","bd372da4f6f71e3686e62db88b419a4bb8b6082ad401be510ef22db26e0776c7","tracked"
"docs/asset-provenance/raw-response-metadata/assets/high-res/later73-preparation-packs/rival-identity-2/response.json.metadata","1063","2f0c9f3e5bed32f39d9c2e8f5e2cd6648be08091faa106ec4612c8a9e3ca4753","tracked"
"docs/asset-provenance/raw-response-metadata/assets/high-res/later73-preparation-packs/rival-identity-3/response.json.metadata","1062","7afd94df7bd1b7288bb9bc160477ed7664ded4c5b9c504beffac3859f31c2093","tracked"
"docs/asset-provenance/raw-response-metadata/assets/high-res/later73-preparation-packs/rival-identity-4/response.json.metadata","1062","617cc80a8ec3df6a9b5f03cdcdbf5488437502669c4fde0e15478a9019c35ad6","tracked"
"docs/asset-provenance/raw-response-metadata/assets/high-res/later73-preparation-packs/rival-identity-5/response.json.metadata","1061","8a814bc0ba43db9a636561e9dbf0b6e94a2bed9ca468c1069b15c12df680960f","tracked"
"docs/asset-provenance/raw-response-metadata/assets/high-res/later73-preparation-packs/rival-identity-6/response.json.metadata","1062","14c5a9eeb3b8350dde6a9be357aa25d137533d388d4a1983de757b644d007f51","tracked"
"docs/asset-provenance/raw-response-metadata/assets/high-res/later73-preparation-packs/troop-bronze-heavy/response.json.metadata","1067","e267ccf9cc56328d80b522924d8579704b00ef3a48832ab598bc1fc74557d0d5","tracked"
"docs/asset-provenance/raw-response-metadata/assets/high-res/later73-preparation-packs/troop-bronze-melee/response.json.metadata","1067","3d23446877e3b41053c2c9bf11940feecb8ec6cec2e79a8acf61f42387666862","tracked"
"docs/asset-provenance/raw-response-metadata/assets/high-res/later73-preparation-packs/troop-bronze-ranged/response.json.metadata","1068","6dc662c8d4347750986ca4a4ccd2d7ccdb749e28e80693a3fb1e783b74df779e","tracked"
"docs/asset-provenance/raw-response-metadata/assets/high-res/later73-preparation-packs/troop-future-heavy/response.json.metadata","1066","40e7b1b76b0e692423d347f05d135d62fa12ca6fa0c708fbc90fb0dba70f121f","tracked"
"docs/asset-provenance/raw-response-metadata/assets/high-res/later73-preparation-packs/troop-future-melee/response.json.metadata","1066","70db7dbe4ea7ab664a14d9f7a79343fdcc00fcbb4e26f0fc1a26b50152094d33","tracked"
"docs/asset-provenance/raw-response-metadata/assets/high-res/later73-preparation-packs/troop-future-ranged/response.json.metadata","1068","7ea40c6455a884772401bd505c313dc9ef3eb363e576173aa16c24801d6fbe20","tracked"
"docs/asset-provenance/raw-response-metadata/assets/high-res/later73-preparation-packs/troop-gunpowder-heavy/response.json.metadata","1072","18c62d6f9e440484e4092c42b2470550207a9ac1fe751b7409298ecbfc41856b","tracked"
"docs/asset-provenance/raw-response-metadata/assets/high-res/later73-preparation-packs/troop-gunpowder-melee/response.json.metadata","1073","569e05d99c28d58d90b2c7f89764c6f0fcd8ad350ff1d772c166dbc957710663","tracked"
"docs/asset-provenance/raw-response-metadata/assets/high-res/later73-preparation-packs/troop-gunpowder-ranged/response.json.metadata","1075","2a2f46afd1fb639147ad22e7606317434d10d5dea295c8701c08b4596f2359bf","tracked"
"docs/asset-provenance/raw-response-metadata/assets/high-res/later73-preparation-packs/troop-industrial-heavy/response.json.metadata","1110","8aa9e6043cfed2bd0c79abedbeee268ff24867fee8a87f1c8b0d05edd7793eb4","tracked"
"docs/asset-provenance/raw-response-metadata/assets/high-res/later73-preparation-packs/troop-industrial-melee/response.json.metadata","1075","a5584cc01bc8796b03349ef3c6e2d70bb7795c16d128653fd0fd13c983e49dcf","tracked"
"docs/asset-provenance/raw-response-metadata/assets/high-res/later73-preparation-packs/troop-industrial-ranged/response.json.metadata","1076","e9e3cf49ab5007a054e0758c5099ba2a127e286d1517a164f273bd293d0e6558","tracked"
"docs/asset-provenance/raw-response-metadata/assets/high-res/later73-preparation-packs/troop-iron-heavy/response.json.metadata","1062","633ac1be9b7b4917ae95926374b047f752bbef06323aa91756fb1e1ebaceeb06","tracked"
"docs/asset-provenance/raw-response-metadata/assets/high-res/later73-preparation-packs/troop-iron-melee/response.json.metadata","1063","eb9a3ea874639f94ed3b1c13ae4f57d2765e6c5f8b7cbcf5db75dc3d6938420c","tracked"
"docs/asset-provenance/raw-response-metadata/assets/high-res/later73-preparation-packs/troop-iron-ranged/response.json.metadata","1065","6f6eef24dad11b0395d3be464e50513ef26afa201fc0fef48b1c79a5f6118a20","tracked"
"docs/asset-provenance/raw-response-metadata/assets/high-res/later73-preparation-packs/troop-medieval-heavy/response.json.metadata","1070","01356b573bcca84da9de92223bbd45b672f1b86e403843238d0ea2c3347cd69d","tracked"
"docs/asset-provenance/raw-response-metadata/assets/high-res/later73-preparation-packs/troop-medieval-melee/response.json.metadata","1071","c2a8eaee3394e3bda1d51f90130eef8f68465106ef714bc24cd2ded54d6d3d10","tracked"
"docs/asset-provenance/raw-response-metadata/assets/high-res/later73-preparation-packs/troop-medieval-ranged/response.json.metadata","1073","d46338188c69d62dbbeaa4c72927835efd315849382e7feb289868bfb42f9944","tracked"
"docs/asset-provenance/raw-response-metadata/assets/high-res/later73-preparation-packs/troop-modern-heavy/response.json.metadata","1067","6b073f53f19ba1e7e2dfb09fec0ea5d27b0952c945d3f1b5bc3c3a48732596d6","tracked"
"docs/asset-provenance/raw-response-metadata/assets/high-res/later73-preparation-packs/troop-modern-melee/response.json.metadata","1066","23f4f9a29922ef3a904a2b012fc47e8415dbde4c4b75a44a4a73dbf0a8e322eb","tracked"
"docs/asset-provenance/raw-response-metadata/assets/high-res/later73-preparation-packs/troop-modern-ranged/response.json.metadata","1067","323dac02b6ce93a3ad00dd2c5077bcd292ebfd20ca3e49921832b744930953fe","tracked"
"docs/asset-provenance/raw-response-metadata/assets/high-res/later73-preparation-packs/troop-stone-heavy/response.json.metadata","1064","7cf260098c2076a16e24e39b92d21550d0fa7a07f98b4afbc215883ba0f2a54b","tracked"
"docs/asset-provenance/raw-response-metadata/assets/high-res/later73-preparation-packs/troop-stone-melee/response.json.metadata","1064","e0a3444c0946ab3328153d25f17ac7993607f5a2945d2717a585290a0dc7821f","tracked"
"docs/asset-provenance/raw-response-metadata/assets/high-res/later73-preparation-packs/troop-stone-ranged/response.json.metadata","1066","ab18a8e444a106e2c4e4e297f64d8722c4144c3d6e72be205f8bc22ee47371ee","tracked"
"docs/asset-provenance/raw-response-metadata/assets/production/production-01-20261003/provider-output/predictions.jsonl.metadata","87204","3870859dcce7e3e0f3f426103b0ed122bd2cb1efddbb8272d9446fd6276de7bb","tracked"
"docs/asset-provenance/raw-response-metadata/assets/production/production-02-20261003/provider-output/predictions.jsonl.metadata","71488","e5b7d674d97850b59e9ca9e568fbd88c09da5725dbb61019d02accdbecbb7271","tracked"
"docs/asset-provenance/raw-response-metadata/assets/production/production-03-20261003/provider-output/predictions.jsonl.metadata","85153","da378bde1e244007ea74c31f394ebf9caab4193ca4d26783fc3c468b64d7145a","tracked"
"docs/asset-provenance/raw-response-metadata/assets/production/production-04-20261003/provider-output/predictions.jsonl.metadata","86159","66f345402ec4a22acf7ec19af1cac51f06289abfe038ed0258ba82ead6088d66","tracked"
"docs/asset-provenance/raw-response-metadata/assets/production/production-05-20261003/provider-output/predictions.jsonl.metadata","89200","182a2e216bfc2a7d63bc123a156951e22eca031c948c01cd1577bc68f35cab18","tracked"
"docs/asset-provenance/raw-response-metadata/assets/production/production-06-20261003/provider-output/predictions.jsonl.metadata","91182","1403d12d319eafbcf150e9219080c6ed2277677ffe98934824d0462e03164c32","tracked"
"docs/asset-provenance/raw-response-metadata/assets/production/production-07-20261003/provider-output/predictions.jsonl.metadata","91788","cd8dab1a49bc935923e8377a24616b69b4da3f4d2e5d33c0504d443039b8b018","tracked"
"docs/asset-provenance/raw-response-metadata/assets/production/production-08-20261003/provider-output/predictions.jsonl.metadata","90123","6c6ecc7a8f6ba93f5ba41451e58802168f68aab82af2af9e7a311f52dd5097e2","tracked"
"docs/asset-provenance/raw-response-metadata/assets/production/production-09-20261003/provider-output/predictions.jsonl.metadata","90949","e7fdc4de0f5434554ccab6e457d0d66956c27df96f3169afd14448e060bdfb10","tracked"
"docs/asset-provenance/raw-response-metadata/assets/production/production-10-20261003/provider-output/predictions.jsonl.metadata","79608","3284eab4abc2ccf4057d8b663837bdadbea575d2c1df63001fbb4d92a60f20ac","tracked"
"docs/asset-provenance/raw-response-metadata/assets/production/production-11-20261003/provider-output/predictions.jsonl.metadata","73712","8fd81c11e30599f6fcb6b959a2494fb94817bc05cff45d429bb64cb2969f40c3","tracked"
"docs/asset-provenance/raw-response-metadata/assets/production/production-12-20261003/provider-output/predictions.jsonl.metadata","71811","62b61f64e25a69638103f44c8f6f35663a249ea593e862336d4ee479dbe7afb6","tracked"
"docs/asset-provenance/raw-response-metadata/assets/production/production-13-20261003/provider-output/predictions.jsonl.metadata","68174","067dca7f6a1a97a08d54645581ab62e061c3c06eab8788b49b72168ce09b8e96","tracked"
"docs/asset-provenance/raw-response-metadata/assets/production/production-14-20261003/provider-output/predictions.jsonl.metadata","68983","7afae2abef94bb5b8ec2df06f91101f920ba840ddda6627b8703f3d43ae6c7e0","tracked"
"docs/asset-provenance/raw-response-metadata/assets/production/production-15-20261003/provider-output/predictions.jsonl.metadata","67909","38e3953e2e788d43a028207b890096bb394cb858d9f7ed7ebc7ff685bc2bcfcd","tracked"
"docs/asset-provenance/raw-response-metadata/assets/production/production-16-20261003/provider-output/predictions.jsonl.metadata","68124","32f4d84cb1d859c1e1d72bcfddcc654b17c942d7d8a8c057947f868592502a55","tracked"
"docs/asset-provenance/raw-response-metadata/assets/production/production-17-20261003/provider-output/predictions.jsonl.metadata","67939","266a30c9161783b3fd3782dd50896a268165144d3bc5cf691eb97cedd5cba429","tracked"
"docs/asset-provenance/raw-response-metadata/design-preview/generated/landscape-mocks-20261003-efcd7a7e/provider-output/predictions.jsonl.metadata","96187","df08a9501b657dc0ca232e8f2a31751534c19c77a885f56a49e66bf7fa9582a2","tracked"
"docs/asset-provenance/raw-response-retirement-journal.jsonl","24550","24330b825065846de01ff9ba40ec4cf131d0192d35d4700c587663b99f481326","tracked"
"docs/asset-provenance/README.md","4721","0a9c2eb371259f3ce3464c8b51a4f3c3c219b399e8d2a1594a9bc8ffe0931ecf","tracked"
"docs/asset-provenance/retirement-summary.json","180","64f95f6863d04d9ca41315bb82ae349f1be03e685c15a29536171160d9e90d83","tracked"
"docs/BATCH-05-08-HANDOFF.md","13292","ec6d14c77241b7d180508ad175e3670989c3d11b9b41760cb0249aa9029d6b4c","tracked"
"docs/BUILD-PROGRESS.md","94995","c4e7d9ebcedec2e9b04d027bfd2f2aa46902137166c6424458148cd017964627","tracked"
"docs/DESIGN-FEEDBACK.md","19069","3e26cc67536572a99c4db1640b4b3f8dd3e009179e6e95ecae771a4ff63de74e","tracked"
"docs/EXECUTOR-CONTINUE.md","1998","0e31c0ac7a81a6f0cec19137e8d7710224a68fbdf4be2cefe81ede1be7aea875","tracked"
"docs/migration/CODE-AI-RESUME-PROMPT.txt","1788","b52015d509198ee8c8baf442b12961df688aaf660fe66ada46c9780cd91cd6ef","untracked-addition"
"docs/migration/create-transfer-zip.ps1","3647","ce8aa1571f5383e435eae3fd7e4efc7b2c4c1d11dd7b7d235ec6647b7a9b8e22","tracked"
"docs/migration/GIT-ALLOWLIST-POLICY-2026-10-04.md","2900","8ab59835581bcd98fc46a2965508a02cd308b416d3efdd56ec14176751b38946","tracked"
"docs/migration/GIT-TRANSFER-READINESS-2026-10-04.json","370","bb2acb2b2c7d3b543e39c7af7bcd88c328a2fa131521c5437d279285811edc74","untracked-addition"
"docs/migration/GIT-WORKTREE-STATUS-2026-10-04.txt","13097","38ce6330dceaa3ddf40f102442b189838b5354747b76c98bfe0a85c0b5c6fc33","untracked-addition"
"docs/migration/IMAGE-AI-RESUME-PROMPT.txt","1815","e58b3aa16fa56fa8c2bff6844ae1a474be365bae678b94a2f69a52d168d99206","untracked-addition"
"docs/migration/NEW-LAPTOP-START-HERE-2026-10-04.md","7068","5334b1880351dcce900c904f254eda56a248fa59c8d4bef827ef9a5de1f4359b","untracked-addition"
"docs/migration/NON-GIT-TRANSFER-SIZES-2026-10-04.json","279","82bc7a8d178aa9bdf47cca3376c13ab9ad382a2898237d99449c7791aee3fc5f","untracked-addition"
"docs/migration/PLANNER-VERIFIER-RESUME-PROMPT.txt","1959","2befc0d4521667becb2375869e8ac77f983c0c1e44b5be2d9a1bfcd8c62d620b","untracked-addition"
"docs/migration/PORTABILITY-AUDIT-2026-10-04.md","2491","daef2ebd13f15c3c708f1ac80fb5bbda6a2d12a9bd72e837ccfa2e0f69bfb39a","untracked-addition"
"docs/migration/README.md","2756","bb62999773e09f634af34f9c638ecdd41cd7cb06d6c29348c3126b0213344cf2","untracked-addition"
"docs/migration/refresh-transfer-manifests.ps1","5206","4ab5e324c076eba39361877cb01c29855c29fff2bbb5c257e041a1a988b5a63a","tracked"
"docs/migration/TRANSFER-EXCLUDE-2026-10-04.txt","1060","d1cc5fddb8524c18dae535867b597322e051fb02f0a381c000c52949bbcbf53b","untracked-addition"
"docs/migration/UPLOAD-FOLDER-PLAN-2026-10-04.md","8901","5e559cd929ea482ff1bb2d294516fcb1b5671dd83610031e199eb57f3c4cbb46","tracked"
"docs/migration/UPLOAD-FOLDER-SIZES-2026-10-04.json","340","66940ba8f615573dcb170689deb3012f945a2dc28bf389232a14a317a12dd3d9","untracked-addition"
"docs/plan/ACCOUNTING-CONSISTENCY-V3-2026-10-04.json","2654","d27dbace54701e6ce976ad44810173b1148176ad9aca07ad5ffc6a33fe6c1ea3","untracked-addition"
"docs/plan/ACCOUNTING-CONSISTENCY-V4-2026-10-04.json","2974","b4ad0404db69bef8c5ea14c4de41dd59a601d792e3b5ada8d37981f8913a9f08","untracked-addition"
"docs/plan/ACTORS-MOUNTS-V3-RESULTS.json","20898","d7628bc2764aae1b8699057c6f55a7775b50caf300517d2250fce61ef3cc8370","untracked-addition"
"docs/plan/AGE-PROGRESSION-MATRIX-2026-10-04.md","1870","b9c5c0a9939ae4bb36bb3643d81091da1b4e2e00d94ce9b7097d5e405d6f4377","untracked-addition"
"docs/plan/ALL-BATCHES-ASSET-AUDIT-2026-10-03.md","15511","deb469adbf02e76c3892d7eade9f6a2a93eb3f7a725bd8fb1dec9df379162216","tracked"
"docs/plan/ART-REUSE.md","31661","34f86aff53fffa294a23854f94a6f9fc5508ddb909f2e50b66ffe789894a6241","tracked"
"docs/plan/ASSET-ACCEPTANCE-CLARIFICATION-2026-10-03.md","10312","14923fe64c2c80d5ec682470f1c7c4b031e2b8020a4920c0d5b914948d88e681","tracked"
"docs/plan/asset-manifest.json","15384","157f59a95733bf1d0ac62efc997f85f9f5791acb56aec6bd0f0203342b95030f","tracked"
"docs/plan/AUDIT-UPDATE.md","8577","4f1c7463e384cab31da5036ba04bf86bb18ab50a7e22324f2746d29353571297","tracked"
"docs/plan/BACKGROUND-REMOVAL-KEEP-REGENERATE-AUDIT-2026-10-04.md","12663","090f0711c5452558dacc237ab567da20bb3e242fa2285814e89d582a88233589","untracked-addition"
"docs/plan/BATCH-GAP-OWNER-HANDOFF-V3-2026-10-03.txt","3209","3fb0d10e264a4b9c4e963cf43d58ba22539eba3a4d223e514e2682c98fe11268","tracked"
"docs/plan/BATCH-GENERATION-AI-NEXT-PROMPT-2026-10-03.txt","7741","ef879d9117ff7a2f3e1d1000ab1ef1ee3a20e5e2e3f8ba88acdf1364cc30e81e","tracked"
"docs/plan/BATCH-RECONCILIATION-REPORT-2026-10-03.md","12831","229182c7a979c179ba619bbb5e8eccf7cbf43de8f92fc11523b8f34f907cf05e","tracked"
"docs/plan/BATCHES-09-13-EXECUTION-PROMPT-2026-10-03.txt","8734","f8b52ac89cac3fd54492989a3d18a958d937c90c100269ba5d4f16d8cb8f62b9","tracked"
"docs/plan/BATCHES-14-17-COMPLETION-REPORT-2026-10-03.md","13303","ec6e13ed7af741c9c97a29a525b70b4ee004db3a5a0b53195887371a3e053b09","tracked"
"docs/plan/BATCHES-14-17-OWNER-EXECUTION-PROMPT-2026-10-03.txt","8233","61dfceac2779e231493ee071f6fddfa135b891839e4d758276ef259a13893b31","tracked"
"docs/plan/BOTH-AI-INDEPENDENT-VERIFICATION-2026-10-04.md","14329","535dd3bbaad1d020fb3fb31900efaac445f80f3cef23a037ca1c64519d86b4da","untracked-addition"
"docs/plan/BOTH-AI-V3-INDEPENDENT-VERIFICATION-2026-10-04.md","16453","76187f509d6522e2deba9ddbe5b980de13a5fdafdd003c5e9e5c93cf6ec18766","untracked-addition"
"docs/plan/CLEANUP-LEDGER.json","60016","ce141c9ed837f0847b8afb0b44cb4c958fb3b2de4fd5f1b4dd3cf0044a0e9655","tracked"
"docs/plan/CLEANUP-NOTES.md","695","0af001e8d454e5bce98971241f6cbed5f513207a657a7ff8c5367cb7f9970e8d","tracked"
"docs/plan/CODE-AI-AFTER-IMAGE-V2-REVERIFICATION-2026-10-04.txt","6372","07ea0b4b53921a7e881a5be0bf712b671ed50dd497bf84e8e13f60d349c8a0be","untracked-addition"
"docs/plan/CODE-AI-AFTER-V3-AUDIT-2026-10-04.txt","8149","e6964fdfdfb76c84e718d331753324a1475d29539693c812551ec3ca538bd2ae","untracked-addition"
"docs/plan/CODE-AI-CURRENT-GAME-COMPLETE-BRIEF-2026-10-04.txt","17303","e04656b0a4be8eb5681c3c97e74b9f1f21d8d18f72b002f8b02db326f5aeb971","untracked-addition"
"docs/plan/CODE-AI-FINISH-ALL-READY-WORK-PROMPT-2026-10-03.txt","21222","460ce244859638f82e6a0b2efd941f310d0f89bded17ee2e5d533a8a3deb8be1","untracked-addition"
"docs/plan/CODE-AI-NEXT-AFTER-MATTE-DECISION-2026-10-04.txt","6761","4f3f4012353fecb6ebff31a9458517141a7e46df1402f97f7c266c1168ba7569","untracked-addition"
"docs/plan/CODE-AI-NEXT-AFTER-WHOLE-PLAN-AUDIT-2026-10-04.txt","9164","9d08fde1845f15ac867ae83a637c10875ab2b2d9e463f1505c4e49bffe1fc3f8","untracked-addition"
"docs/plan/CODE-AI-PERSISTENCE-DIAGNOSIS-2026-10-03.md","10559","802931d9ab8d08b04134754fc3e1a19ff10c1a8c22fdc3f104de023849d88427","untracked-addition"
"docs/plan/CODE-AI-PLAYABLE-DESIGN-FIRST-2026-10-04.txt","5496","3964a06e114d1cb739117cb06f574551143284623fbb047e36e66048e983e138","untracked-addition"
"docs/plan/CODE-AI-RESUME-2026-10-04.md","4869","8ecb6242350a704607c555c182ff07d26daaf22c7e965cbe07304d33eae7b622","untracked-addition"
"docs/plan/CODE-AI-VISUAL-REPAIR-PROMPT-2026-10-04.txt","6258","0e2a53717e4e06f9649e95420552a718b01ab58970c69297d509cfba408a2c57","untracked-addition"
"docs/plan/CODE-ART-COMPLETE-REMAINING-WORK-PROMPT-2026-10-04.txt","14708","48c223ad09659922ccf820ee3e442645c33b03dea3945cf64ce8a74a3ee6e02b","untracked-addition"
"docs/plan/CODE-ART-FINISH-ALL-READY-PROMPT-2026-10-04.txt","8335","6338762e0ea18fb474010ad294e2f20554e28b871e2bec7867639e2cde98a87a","untracked-addition"
"docs/plan/CODE-ART-FINISH-READY-WORK-AUDIT-2026-10-04.md","7152","c13926fda3de7cec05f7234f41e8f730422e2256685b33031f39d9a95a3caf14","untracked-addition"
"docs/plan/CODE-ART-FOLLOWUP-VERIFICATION-2026-10-04.md","12843","0cd417ffe6becd935ed1847f4f33927632860c96926db84e36ad4b8f992a6118","untracked-addition"
"docs/plan/CODE-ART-IMPLEMENTATION-NEXT-TASK-2026-10-04.txt","10227","9b37e5fa4c997050459aa145a4cc2223f73735babe46a72e1caf1e0b101ed875","untracked-addition"
"docs/plan/CODE-ART-INDEPENDENT-VERIFICATION-2026-10-04.md","14384","e9875789475f7664f42a3e59e2f91ff2609d8c53d04215b73dac957409c4646d","untracked-addition"
"docs/plan/CODE-ART-NEXT-EXECUTION-PROMPT-2026-10-04.txt","11599","294f7cca2a741e12152eb9b8a3c151cbdaf0d8e763a283920c409a98de758149","untracked-addition"
"docs/plan/CODE-ART-REPAIR-COMPLETION-VERIFICATION-2026-10-04.md","8062","5b1dff0a8837214c23b2555cb2693950b3982df3b68553f69a865c4940489bed","untracked-addition"
"docs/plan/CODE-READY-WORK-MATRIX-2026-10-04.md","12344","4100708a18adcc4833e877c0ac6aa4c405ed460f10b077961268ec277e9e79e0","untracked-addition"
"docs/plan/CODING-RECOVERY-AI-NEXT-PROMPT-2026-10-03.txt","9227","5462ac9e570df243c05b6390640df848ad88c8a73732c6176474a99f6e83f4f0","tracked"
"docs/plan/CODING-RECOVERY-AI-V3-NEXT-PROMPT-2026-10-03.txt","13097","e42434f7691df6dbafb62ba243a4aad74cbf4bbe5b4d683089925aaa0c1a6de9","tracked"
"docs/plan/CODING-RECOVERY-NEXT-KINGDOM-GUIDE-PROMPT-2026-10-03.txt","6734","b3aab92044b2a10ad92b495a63cd0e7101817118709f0b6f2d6165f4a95f914f","tracked"
"docs/plan/CODING-RECOVERY-POST-CANDIDATE-PROMPT-2026-10-03.txt","9451","a07b835421c682921180783b94f80a8d049c54e91b10cb596727209051ed1377","tracked"
"docs/plan/CURRENT-GAME-AND-IMAGE-SOLUTION-AUDIT-2026-10-04.md","21804","5ad0a1ecd58e9f0b931ddcb17518b04f7adf85872fee21c9303a5c323749a5f0","untracked-addition"
"docs/plan/DATA-ADOPTION-LEDGER.json","28193","172441922aeea6ea7ec3998eb12a81ad553ce981300d072a2a35540ba7b3ce68","tracked"
"docs/plan/FIRST-32-4K-CONTINUATION-REPORT-2026-10-04.md","24234","88b03abe3eed4ac0c1968ec05af420c4ec5167ae3fb8b61e9fb00f97e5363c83","untracked-addition"
"docs/plan/FIRST-32-4K-CONTINUATION-REPORT-RUN3-2026-10-04.md","19714","18208ec8e0dfe934a40755743ce300715fb20ca69790f29e64dffa9a886a50c3","untracked-addition"
"docs/plan/FIRST-32-4K-CONTINUATION-REPORT-RUN4-2026-10-04.md","20521","4c2d999cd09dc6a8dc7c0270164b604edf51eb6f008f61f3f2dd5fd63d620e71","untracked-addition"
"docs/plan/FIRST-32-4K-EXECUTION-AND-READINESS-REPORT-2026-10-03.md","16364","82ca25dc6b378988a8ea572d7884356a851e3b2c17311d5f36901643e7bb123e","tracked"
"docs/plan/FIRST-32-4K-EXECUTION-COMPLETION-REPORT-2026-10-03.md","15453","c5a1d7acf01d0f21d1100710cee49c64d45c11d78eb05416c8f47fcc90ae132f","untracked-addition"
"docs/plan/FIRST-32-4K-KINGDOM-COMPLETION-REPORT-2026-10-04.md","16182","af30870fb3cf05bc2d9e04a402e2fcac20e2f6842f7865a6482eae143f800ba3","untracked-addition"
"docs/plan/FIRST-32-4K-TACTICAL-RETRY-REPORT-2026-10-04.md","18197","aefdc0df2908ec4e500bcfe14c27aeb59bae87d69117e200863c8b027bb27f5f","untracked-addition"
"docs/plan/FIVE-BATCH-AUTHORIZATION-2026-10-03.md","6050","70885e9e1698ea1ead6438d42139c240cfc066b0412806e051d369e04190c80e","tracked"
"docs/plan/FIVE-BATCHES-COMPLETION-REPORT-2026-10-03.md","11035","00326dfc97369d414e4f0bb0610a8ac9a062e95b2b65f2726f3ac60cc30c3acc","tracked"
"docs/plan/FULL-ASSET-PURCHASE-PLAN.md","16484","e4640da4ef42f4fbd49950ec7d339281f7a4fb67767c58d31501d5698c42e20a","tracked"
"docs/plan/FULL-IMPLEMENTATION-SPEC.md","33682","f9c9e21b5b6441feecab311588493f99f7c4ce601f46eef45f8a52b78b95fdda","tracked"
"docs/plan/GAME-DATA-REFERENCE.json","53509","e8220358a70b2e2c9202c43f7dc59470e9eb978904319ab6e0ff942b5ea87959","tracked"
"docs/plan/GENERATED-ASSET-RECOVERY-REVIEW-2026-10-03.md","15478","7badb18ee572fac5d7a3cfff5ec6aef82b46df575cc4628acda9f0780309b1bc","tracked"
"docs/plan/GIT-ASSET-STORAGE-PLAN-2026-10-03.md","16965","4bdc0fbc09161f8418f3a604d3493742a277038cfb0527f5bbe19c5a3fc345ad","tracked"
"docs/plan/HIGH-RESOLUTION-UPGRADE-COUNT-2026-10-03.json","131485","cb08c5485c98b9c8782061716912599259497c0af39a0c4e1cf5c213ad88f4b5","tracked"
"docs/plan/HIGH-RESOLUTION-UPGRADE-COUNT-2026-10-03.md","2459","62d7fd3d6313f88c2269dea7a0e773bbe69ac72fa1a47513a51d6952b1c7e927","tracked"
"docs/plan/IMAGE-AI-AFTER-V2-REVERIFICATION-2026-10-04.txt","6498","bcf0177a278c960ea9221b024c9b05c32cc33ac3209e9acec90e26c6584d37bd","untracked-addition"
"docs/plan/IMAGE-AI-AFTER-V3-AUDIT-2026-10-04.txt","9871","d9d0b198284fe523291c70c0b808513925e9979db1d807539079f1e94a4be09b","untracked-addition"
"docs/plan/IMAGE-AI-CONSOLIDATED-LOCAL-SOLUTION-2026-10-04.txt","24649","2a605b833f09230d4fc2e518aa8eebc81c08dd85507a873405ae404c574461d6","untracked-addition"
"docs/plan/IMAGE-AI-CONTINUE-REMAINING-4K-PROMPT-2026-10-04.txt","8060","7c76518659a07c19cb1ccc665d969b7354d930502bf19a55ee9a087fbb4d775b","untracked-addition"
"docs/plan/IMAGE-AI-DELIVER73-AND-REPAIR-CONTROLS-PROMPT-2026-10-04.txt","8530","6719d510ccf0ad897a5a4aaebbaa95916b8b791fb6ec347ab7d8087ed2d2be81","untracked-addition"
"docs/plan/IMAGE-AI-DELIVERY-AND-REPAIR-REPORT-2026-10-04.md","8273","b9e004f04fc720aeae6adc56af9fb352efcd43cdcd7c360a315faf5378919d4e","untracked-addition"
"docs/plan/IMAGE-AI-EXECUTION-AND-RECOVERY-REPORT-2026-10-04.md","14096","07323710ed0007f71ee19875cc6b17cf17d8f75af560e3ced5d848394b5cb4a7","untracked-addition"
"docs/plan/IMAGE-AI-NEXT-AFTER-MATTE-DECISION-2026-10-04.txt","6917","08cb57e4111a28650c87b122f958390e6b72d213c58b7d89f55a53df04a1ace1","untracked-addition"
"docs/plan/IMAGE-AI-NEXT-LOCAL-DELIVERY-2026-10-04.txt","9719","8638b328fa4f8f14592adf1d0e98b7d5781f4bcc5e306b8bb8d297747b7e49a5","untracked-addition"
"docs/plan/IMAGE-AI-START-LATER73-GENERATION-PROMPT-2026-10-04.txt","12304","dbdf6e6b9f47ca24e188f561ff2f90bf0cc073485347e14d33ecccaf9ef1845c","untracked-addition"
"docs/plan/IMAGE-AI-V4-REMAINING-FIX-NEW-CHAT-2026-10-04.txt","9556","274a97d2e2d84de422a914f231d47476b0075f291445b3d1cd4010831e5f3698","untracked-addition"
"docs/plan/IMAGE-AI-VALIDATE-PREPARE-AND-CLEANUP-PROMPT-2026-10-04.txt","11203","3d5decd61065c32b9cae0567c30305943c66c6eebdeecbbe44584f9d7218c74b","untracked-addition"
"docs/plan/IMAGE-AI-VISUAL-REPAIR-PROMPT-2026-10-04.txt","4858","ad727901a61fa17d02c3cd774c77350430c969775492c932de0d452ec98f07df","untracked-addition"
"docs/plan/IMAGE-DELIVERY-INTERFACE-V4-2026-10-04.json","163505","43393316602e252305cc4a95d6fbcd6c08a9220799ab7d72d8783bc1f8a6ec0f","untracked-addition"
"docs/plan/IMAGE-DELIVERY-INTERFACE-V5-2026-10-04.json","11883","68f02cf4ee929a96967f28db6896066a2da965636c4837a189c6ba7c79863751","untracked-addition"
"docs/plan/IMAGE-DELIVERY-INTERFACE-V6-2026-10-04.json","7312","a01a3a05430807577eb863fd441753241cd54f1dc15d3e084f0bf3fe2852c48d","untracked-addition"
"docs/plan/IMAGE-DELIVERY-MANIFEST-2026-10-04.json","435142","9811801550aa82e198f61833b24f83f3a4d34babfba1314f2860e07193033545","untracked-addition"
"docs/plan/IMAGE-DELIVERY-MANIFEST-V3-2026-10-04.json","6141","0e9918e086ccc302d195efc8300f75b0c8623d76e5b53d9540a92affd6dc8528","untracked-addition"
"docs/plan/IMAGE-EXECUTOR-PREPARATION-CORRECTION-2026-10-03.md","6954","d762c29e8430444f59d9bb6697073645d8c0d1faf1bcac4e91700a4f974fd364","tracked"
"docs/plan/IMAGE-FIRST32-INDEPENDENT-VERIFICATION-2026-10-04.md","14485","c2ac83d7ac748e3cda60d06eeb08dbea1fd9431bd9e918751ea6575026257da0","untracked-addition"
"docs/plan/IMAGE-GENERATION-START-INDEPENDENT-AUDIT-2026-10-04.md","10573","9fd1a625f6c65b6e152e188380fb442112d29528854e77a23ff8829c3147643a","untracked-addition"
"docs/plan/IMAGE-LATER73-EXECUTION-COMPLETION-REPORT-2026-10-04.md","6464","0931a925a579e22c9a6ca24cd0185404387c83e272ec562f8d437fecdd660b7a","untracked-addition"
"docs/plan/IMAGE-LATER73-EXECUTION-MANIFEST-2026-10-04.json","181001","1c4723eec2ef82414d84a281fd4a85cfddc6be354810d5de9d8c8b2a130532b8","untracked-addition"
"docs/plan/IMAGE-LATER73-INDEPENDENT-CLOSING-AUDIT-2026-10-04.md","9693","de0d228f8d7074a3f6720e6aba4bbbc29dcc44bbeea7ae36798227fb910ec848","untracked-addition"
"docs/plan/IMAGE-LATER73-LOCAL-PREPARATION-MANIFEST-2026-10-04.json","120465","4a5d74d2595e7493dd82da6f5e64c7a6681c032ac9c21e728bf241ee23d6d330","untracked-addition"
"docs/plan/IMAGE-LOCAL-SOLUTION-HANDOFF-2026-10-04.md","3409","00a42f7c8b62f84fe84f181c0289441327f81614c133b8195ea8ab2c84713af7","untracked-addition"
"docs/plan/IMAGE-ONLY-PRODUCTION-AND-CLEANUP-2026-10-04.md","5433","98bd3e23c448485d8c0c83a0ef377923b1b010feccd28647138230975758ebd1","untracked-addition"
"docs/plan/image-production/active-batch.lock.json","862","6fc42cb5e377380d5bdc6eee325220eebec273d2f18c40c68527b3729c8c3c4f","tracked"
"docs/plan/image-production/archive/interactive-4k-first32-20261003.lock.json","583","958618a0b923c528692c955d43664052358ebfcf6819c2a05e7f13dc77cf80ac","untracked-addition"
"docs/plan/image-production/archive/interactive-4k-first32-continuation-20261004.lock.json","595","86fadfff4ff9e8f7c0cfac338b2a45f8b2aa72a75751b1a654a538118856e477","untracked-addition"
"docs/plan/image-production/archive/landscape-mocks-20261003-efcd7a7e.lock.json","22487","efcf0c71bcd7c1302ca74d575107b3f20fb66c899dfb850187ec244ba3a37cf0","tracked"
"docs/plan/image-production/archive/production-01-20261003.lock.json","728","ac570f2ce42455b75670423727120a4c04a3db8638d52a31f42f6638618199c0","tracked"
"docs/plan/image-production/archive/production-02-20261003.lock.json","829","f7a8e7a09b94920d701d4b6d449ec7e1b8b95a555f0f8faa0e5925d75bc80d6b","tracked"
"docs/plan/image-production/archive/production-03-20261003.lock.json","728","633634a0fe1f7225dc295a17644e2eea7f32d4f7dfced2a4b2caefadfa5f6ecc","tracked"
"docs/plan/image-production/archive/production-04-20261003.lock.json","728","a22e65686532861827d92bbe110d2c75173d5ba82efc7668bbf1137a79e39dd1","tracked"
"docs/plan/image-production/archive/production-05-20261003.lock.json","728","dd58dc28b98ee6f641d67b6d0dad6d5cde19c5f360aa35708cfbc4ed6e5dd53b","tracked"
"docs/plan/image-production/archive/production-06-20261003.lock.json","728","a3512951a284a21401c5a0796dd843d3b6ee4ad2ddce151ba4c1bdff7a0aaf31","tracked"
"docs/plan/image-production/archive/production-07-20261003.lock.json","728","a1afb45224f3ba84bbbf6a0bb081fa439588e99a41bcfb6be0e7c1601c6137a7","tracked"
"docs/plan/image-production/archive/production-08-20261003.lock.json","728","06b91d9962ef174e640ac5be9ef53776b9dc223fdbf0df8b090190f187920749","tracked"
"docs/plan/image-production/archive/production-09-20261003.lock.json","728","e865c6896a268d12d954c895b91132475f816d74ba9676084af02ece1b3cc4c6","tracked"
"docs/plan/image-production/archive/production-10-20261003.lock.json","728","3d5a5c89ec8c06e937978520953db277e1c85f7827baa6a90d5dfea64c4a092d","tracked"
"docs/plan/image-production/archive/production-11-20261003.lock.json","728","4361a02182f08df1517c15fe37e9ab2e5c11fa6b07578aa6c070c9a1b0071abe","tracked"
"docs/plan/image-production/archive/production-12-20261003.lock.json","728","04fc278dfdb7cb9cefabfaad9ab788238db779a0a571703887ff2c6da6da0580","tracked"
"docs/plan/image-production/archive/production-13-20261003.lock.json","782","daa462c4ff895d323bb74ac28ae2432333cda6199c242e0ffdbf8012029dd6aa","tracked"
"docs/plan/image-production/archive/production-14-20261003.lock.json","728","3ea2c6f8290c88f19eb037d9effcb2a6b5028ee49798f3cca2c2f4f2ae150e65","tracked"
"docs/plan/image-production/archive/production-15-20261003.lock.json","728","60cf34ab3bb12ee01bcb8f83e4082e601bedd518d2ce7f075526113e726ccd56","tracked"
"docs/plan/image-production/archive/production-16-20261003.lock.json","728","db5415c0e2cfe69877bd2fb696155533577f19fea3b227f4b7e34850a72611a8","tracked"
"docs/plan/image-production/archive/production-17-20261003.lock.json","835","44f657478050bfed7c0d2aa53b54fddc8452529aa466c5eaf3befe332a81ce1d","untracked-addition"
"docs/plan/image-production/batch-01-manifest.json","69090","e79a1fa1ed844da77f5f8906189145f90a624be848fd27f9fce683384dbdf0c9","tracked"
"docs/plan/image-production/batch-01-readiness.json","7359","3ef5055129ed6292dc164a0d263ffb078eae12133585a7c167c1e5c509eb8234","tracked"
"docs/plan/image-production/batch-02-manifest.json","41617","fb31bd5456b87598bd1facc8ddfd40c9f4c28936ca056959e1d9a9ad2e66b48a","tracked"
"docs/plan/image-production/batch-02-readiness.json","7584","f4f7d69fde6b4804bda6df0c847fd0543e33986fbebc1c178d9240973c45a408","tracked"
"docs/plan/image-production/batch-03-manifest.json","60325","64c3bc1cd949a79ec2f1219901097caf32be52e141965b30cc8814c3be649fb0","tracked"
"docs/plan/image-production/batch-03-readiness.json","7810","1dc4eee40cfddded0e2afac9e26f149ea4669b9e3cae0ccd404e25dd477bfcec","tracked"
"docs/plan/image-production/batch-04-manifest.json","79390","f0a1b91386ad26c7790a1bc56d9e196f4aefe0c35b42785f6b506f3b6b3db481","tracked"
"docs/plan/image-production/batch-04-readiness.json","8035","f4f49a20e4e6f210fbeb5653c0e83e67ecbb2a7b473917eed5c4c3950f0487b5","tracked"
"docs/plan/image-production/batch-05-manifest.json","82501","b1b9ad159a04ee5b51a1299475c6cbb62563def86c249d26a659b31844d6a966","tracked"
"docs/plan/image-production/batch-05-readiness.json","8260","e8745e301ebbd5432675ec98664b6fd9eae1082523092f6fc61f30af8634d261","tracked"
"docs/plan/image-production/batch-06-manifest.json","71296","59d8bc594aa0b1992ab622d6a85208319afb80a83eb4b91495a71f2c53ce28b6","tracked"
"docs/plan/image-production/batch-06-readiness.json","8485","af9803aca2a41909c5fc126a55988b67e5927e0bc9314cc9c8e017992f6544d1","tracked"
"docs/plan/image-production/batch-07-manifest-corrected-draft.json","87415","3b71f8066ac76ae3877b7d2efe06e2fba76cc6f89e21f1275b7e98611ef65aa2","tracked"
"docs/plan/image-production/batch-07-manifest.json","83195","d95c19879dfeb1bd26599f1ab8a31a36ece567f2d4bb2698ba91d48d6f03cf2e","tracked"
"docs/plan/image-production/batch-07-readiness.json","8710","7bd4a8b24be7ecfacb9f488acdf42e4eb4f4665ca28c3ac8042cce9c2706d2b0","tracked"
"docs/plan/image-production/batch-08-manifest.json","82792","519165fcb34e37020e6e785170b6cb7d2f0986eec10e1774a33b71af71b0bbd9","tracked"
"docs/plan/image-production/batch-08-readiness.json","8936","14ed284dd533967ef9d7697308c9fc4e6855992ef39169eaca9c084925bacd5f","tracked"
"docs/plan/image-production/batch-09-manifest-draft.json","83841","ad6268b20ed30f181639d5d4806951a70818872e5ebd6fc06e0a431016ab57d8","tracked"
"docs/plan/image-production/batch-09-manifest.json","83813","5e51e78ff1437ea14da3cf07063fddd1e08a615ec711f3d81d811ea496801474","tracked"
"docs/plan/image-production/batch-09-readiness-draft.json","856","29e3f498b035021fdd4ac26ba2f182c23f3ae399a7fd5da05b63a7f5b21eee1d","tracked"
"docs/plan/image-production/batch-09-readiness.json","9161","1d6f0e145b02a53ff76617bc6329ca84a860af3883e2db4687a8fba648c40d7e","tracked"
"docs/plan/image-production/batch-10-manifest.json","62837","67c071706f0a5c998aa65a11b944c5b83dd9fac27e52cc21c03c33daea9d5b0d","tracked"
"docs/plan/image-production/batch-10-readiness.json","9389","ac9f11dc2d9e6549797f61c3f4359abf4edebd839beaa85fb472dd9772a369d3","tracked"
"docs/plan/image-production/batch-11-manifest.json","53218","2a4706fc0619b7b2b3617e5c53a4efcf39fa1f87c5fe300712aa4e59d41cbaaf","tracked"
"docs/plan/image-production/batch-11-readiness.json","9614","8ea5dc5fe6305ee35aadc2041f7a5a03e36408a199cc1976b521328759a0c76e","tracked"
"docs/plan/image-production/batch-12-manifest.json","43770","e65c2860b39acdc4f329dedd545b0884ff9703e823bfc05a41003807066727b9","tracked"
"docs/plan/image-production/batch-12-readiness.json","9838","bb3147aaabc5ae14fec2e466b8bb0efbf4334bc19e1bcc1ccdfd47579782061e","tracked"
"docs/plan/image-production/batch-13-manifest.json","41616","5a51c4d054a37685d25c91e35048bd2a2eb591c6ec7261678700667d5c93bbf7","tracked"
"docs/plan/image-production/batch-13-readiness.json","10077","697006e8d09cab46c88a61044901861b6d9dd27c9a4e88bdd32fc637720bf641","tracked"
"docs/plan/image-production/batch-14-manifest-draft.json","43415","edb75e0659dea6e253d5af56fbc65be3a3d86f8a2db2ff219494d347bb766994","tracked"
"docs/plan/image-production/batch-14-manifest.json","43220","b391390b7088e367b46301926d2e85cb77c14f8192d428fe2afb615bac72748d","tracked"
"docs/plan/image-production/batch-14-readiness-draft.json","1752","069a33e608d9058d93a7b68a75bd78c623cca5b8989185ea67509cc599627c19","tracked"
"docs/plan/image-production/batch-14-readiness.json","10302","457a8e370fc99e93155dad6159d6d5e5c10934bc0ea4675f273dfa8e6aa94d39","tracked"
"docs/plan/image-production/batch-15-manifest.json","42065","eff74fc0ab1d45d7d0a6b4d209dd040d70005b43c8420c95f949dd175dadbda9","tracked"
"docs/plan/image-production/batch-15-readiness.json","10527","b885b29426f21a7de1657bf24a871bb08004af5b209d8bca707ff01835dfd331","tracked"
"docs/plan/image-production/batch-16-manifest.json","42455","3816c7cc2b3a0c2d5744656f7ec4d0e7bc52b7d9e7dfd2c075a832f56ee8d13c","tracked"
"docs/plan/image-production/batch-16-readiness.json","10752","bc77cb0cf1c8d373880fba0bc5c37982e09d080909c68efe576630ddbb157530","tracked"
"docs/plan/image-production/batch-17-manifest.json","42294","5629db862f7fa365fa36a90dd6d4ff54d90dd11ae87313b0f342af0e8f993e88","tracked"
"docs/plan/image-production/batch-17-readiness.json","10977","be72b09385ead307b3e2926737778872ab05ea6226ba7cc374f14225013f8fc5","tracked"
"docs/plan/image-production/budget-ledger.json","18137","2f876d65349145d5607545f4370d31bc302a0b64650db24a29376c2361a61a71","tracked"
"docs/plan/image-production/carried-buildings.json","398","a0fdb22161fd404d5fa2cf5f914d6e9c6e235126cf13b90f154b4a426e5e546c","tracked"
"docs/plan/image-production/cleanup-summary.json","70808","462a520577d767c27648d115c469376cf3a6b522e250dc125911e11f3e8b5bde","untracked-addition"
"docs/plan/image-production/final-native4k-manifest.json","27260","c4a3c3e2abb23bae42567bb33b94205379c38230c56129824029cd413a3d157b","untracked-addition"
"docs/plan/image-production/full-purchase-inventory.json","103972","d43e5cce54cee609a791ce59e7c84240610f7f72c1e44701c04dd03ce96d6f66","tracked"
"docs/plan/image-production/guides/adventure-site-dwelling.png","6407","079b8af9ea45c9fe6a7edd27b4839a796da45cd5674e73bf29b8618e53aa8ac3","tracked"
"docs/plan/image-production/guides/adventure-site-mill.png","6407","079b8af9ea45c9fe6a7edd27b4839a796da45cd5674e73bf29b8618e53aa8ac3","tracked"
"docs/plan/image-production/guides/adventure-site-mine.png","6407","079b8af9ea45c9fe6a7edd27b4839a796da45cd5674e73bf29b8618e53aa8ac3","tracked"
"docs/plan/image-production/guides/adventure-site-ruin.png","6407","079b8af9ea45c9fe6a7edd27b4839a796da45cd5674e73bf29b8618e53aa8ac3","tracked"
"docs/plan/image-production/guides/adventure-site-shrine.png","6407","079b8af9ea45c9fe6a7edd27b4839a796da45cd5674e73bf29b8618e53aa8ac3","tracked"
"docs/plan/image-production/guides/adventure-site-town.png","6407","079b8af9ea45c9fe6a7edd27b4839a796da45cd5674e73bf29b8618e53aa8ac3","tracked"
"docs/plan/image-production/guides/adventure.png","19152","58dc25923ef1519a6f3cd4f119cdc3dec40f872b8ead293de62a53005deb8f95","tracked"
"docs/plan/image-production/guides/armory-bronze.png","6101","77dd3e26074d8c868597b158e78dfeb9a28f46903319f7b9a5d5646942ada992","tracked"
"docs/plan/image-production/guides/armory-future.png","6101","77dd3e26074d8c868597b158e78dfeb9a28f46903319f7b9a5d5646942ada992","tracked"
"docs/plan/image-production/guides/armory-gunpowder.png","6101","77dd3e26074d8c868597b158e78dfeb9a28f46903319f7b9a5d5646942ada992","tracked"
"docs/plan/image-production/guides/armory-industrial.png","6101","77dd3e26074d8c868597b158e78dfeb9a28f46903319f7b9a5d5646942ada992","tracked"
"docs/plan/image-production/guides/armory-iron.png","6101","77dd3e26074d8c868597b158e78dfeb9a28f46903319f7b9a5d5646942ada992","tracked"
"docs/plan/image-production/guides/armory-medieval.png","6101","77dd3e26074d8c868597b158e78dfeb9a28f46903319f7b9a5d5646942ada992","tracked"
"docs/plan/image-production/guides/armory-modern.png","6101","77dd3e26074d8c868597b158e78dfeb9a28f46903319f7b9a5d5646942ada992","tracked"
"docs/plan/image-production/guides/armory-stone.png","6101","77dd3e26074d8c868597b158e78dfeb9a28f46903319f7b9a5d5646942ada992","tracked"
"docs/plan/image-production/guides/attacker-bronze-archer.png","6053","fe3ef8b70ee86c88cc326777625dee1147b273ff450e7911dbee122c41431770","tracked"
"docs/plan/image-production/guides/attacker-bronze-brute.png","6053","fe3ef8b70ee86c88cc326777625dee1147b273ff450e7911dbee122c41431770","tracked"
"docs/plan/image-production/guides/attacker-bronze-runner.png","6053","fe3ef8b70ee86c88cc326777625dee1147b273ff450e7911dbee122c41431770","tracked"
"docs/plan/image-production/guides/attacker-bronze-sapper.png","6053","fe3ef8b70ee86c88cc326777625dee1147b273ff450e7911dbee122c41431770","tracked"
"docs/plan/image-production/guides/attacker-bronze-shaman.png","6053","fe3ef8b70ee86c88cc326777625dee1147b273ff450e7911dbee122c41431770","tracked"
"docs/plan/image-production/guides/attacker-future-archer.png","6053","fe3ef8b70ee86c88cc326777625dee1147b273ff450e7911dbee122c41431770","tracked"
"docs/plan/image-production/guides/attacker-future-brute.png","6053","fe3ef8b70ee86c88cc326777625dee1147b273ff450e7911dbee122c41431770","tracked"
"docs/plan/image-production/guides/attacker-future-runner.png","6053","fe3ef8b70ee86c88cc326777625dee1147b273ff450e7911dbee122c41431770","tracked"
"docs/plan/image-production/guides/attacker-future-sapper.png","6053","fe3ef8b70ee86c88cc326777625dee1147b273ff450e7911dbee122c41431770","tracked"
"docs/plan/image-production/guides/attacker-future-shaman.png","6053","fe3ef8b70ee86c88cc326777625dee1147b273ff450e7911dbee122c41431770","tracked"
"docs/plan/image-production/guides/attacker-gunpowder-archer.png","6053","fe3ef8b70ee86c88cc326777625dee1147b273ff450e7911dbee122c41431770","tracked"
"docs/plan/image-production/guides/attacker-gunpowder-brute.png","6053","fe3ef8b70ee86c88cc326777625dee1147b273ff450e7911dbee122c41431770","tracked"
"docs/plan/image-production/guides/attacker-gunpowder-runner.png","6053","fe3ef8b70ee86c88cc326777625dee1147b273ff450e7911dbee122c41431770","tracked"
"docs/plan/image-production/guides/attacker-gunpowder-sapper.png","6053","fe3ef8b70ee86c88cc326777625dee1147b273ff450e7911dbee122c41431770","tracked"
"docs/plan/image-production/guides/attacker-gunpowder-shaman.png","6053","fe3ef8b70ee86c88cc326777625dee1147b273ff450e7911dbee122c41431770","tracked"
"docs/plan/image-production/guides/attacker-industrial-archer.png","6053","fe3ef8b70ee86c88cc326777625dee1147b273ff450e7911dbee122c41431770","tracked"
"docs/plan/image-production/guides/attacker-industrial-brute.png","6053","fe3ef8b70ee86c88cc326777625dee1147b273ff450e7911dbee122c41431770","tracked"
"docs/plan/image-production/guides/attacker-industrial-runner.png","6053","fe3ef8b70ee86c88cc326777625dee1147b273ff450e7911dbee122c41431770","tracked"
"docs/plan/image-production/guides/attacker-industrial-sapper.png","6053","fe3ef8b70ee86c88cc326777625dee1147b273ff450e7911dbee122c41431770","tracked"
"docs/plan/image-production/guides/attacker-industrial-shaman.png","6053","fe3ef8b70ee86c88cc326777625dee1147b273ff450e7911dbee122c41431770","tracked"
"docs/plan/image-production/guides/attacker-iron-archer.png","6053","fe3ef8b70ee86c88cc326777625dee1147b273ff450e7911dbee122c41431770","tracked"
"docs/plan/image-production/guides/attacker-iron-brute.png","6053","fe3ef8b70ee86c88cc326777625dee1147b273ff450e7911dbee122c41431770","tracked"
"docs/plan/image-production/guides/attacker-iron-runner.png","6053","fe3ef8b70ee86c88cc326777625dee1147b273ff450e7911dbee122c41431770","tracked"
"docs/plan/image-production/guides/attacker-iron-sapper.png","6053","fe3ef8b70ee86c88cc326777625dee1147b273ff450e7911dbee122c41431770","tracked"
"docs/plan/image-production/guides/attacker-iron-shaman.png","6053","fe3ef8b70ee86c88cc326777625dee1147b273ff450e7911dbee122c41431770","tracked"
"docs/plan/image-production/guides/attacker-medieval-archer.png","6053","fe3ef8b70ee86c88cc326777625dee1147b273ff450e7911dbee122c41431770","tracked"
"docs/plan/image-production/guides/attacker-medieval-brute.png","6053","fe3ef8b70ee86c88cc326777625dee1147b273ff450e7911dbee122c41431770","tracked"
"docs/plan/image-production/guides/attacker-medieval-runner.png","6053","fe3ef8b70ee86c88cc326777625dee1147b273ff450e7911dbee122c41431770","tracked"
"docs/plan/image-production/guides/attacker-medieval-sapper.png","6053","fe3ef8b70ee86c88cc326777625dee1147b273ff450e7911dbee122c41431770","tracked"
"docs/plan/image-production/guides/attacker-medieval-shaman.png","6053","fe3ef8b70ee86c88cc326777625dee1147b273ff450e7911dbee122c41431770","tracked"
"docs/plan/image-production/guides/attacker-modern-archer.png","6053","fe3ef8b70ee86c88cc326777625dee1147b273ff450e7911dbee122c41431770","tracked"
"docs/plan/image-production/guides/attacker-modern-brute.png","6053","fe3ef8b70ee86c88cc326777625dee1147b273ff450e7911dbee122c41431770","tracked"
"docs/plan/image-production/guides/attacker-modern-runner.png","6053","fe3ef8b70ee86c88cc326777625dee1147b273ff450e7911dbee122c41431770","tracked"
"docs/plan/image-production/guides/attacker-modern-sapper.png","6053","fe3ef8b70ee86c88cc326777625dee1147b273ff450e7911dbee122c41431770","tracked"
"docs/plan/image-production/guides/attacker-modern-shaman.png","6053","fe3ef8b70ee86c88cc326777625dee1147b273ff450e7911dbee122c41431770","tracked"
"docs/plan/image-production/guides/attacker-stone-archer.png","6053","fe3ef8b70ee86c88cc326777625dee1147b273ff450e7911dbee122c41431770","tracked"
"docs/plan/image-production/guides/attacker-stone-brute.png","6053","fe3ef8b70ee86c88cc326777625dee1147b273ff450e7911dbee122c41431770","tracked"
"docs/plan/image-production/guides/attacker-stone-runner.png","6053","fe3ef8b70ee86c88cc326777625dee1147b273ff450e7911dbee122c41431770","tracked"
"docs/plan/image-production/guides/attacker-stone-sapper.png","6053","fe3ef8b70ee86c88cc326777625dee1147b273ff450e7911dbee122c41431770","tracked"
"docs/plan/image-production/guides/attacker-stone-shaman.png","6053","fe3ef8b70ee86c88cc326777625dee1147b273ff450e7911dbee122c41431770","tracked"
"docs/plan/image-production/guides/barracks-bronze.png","6101","77dd3e26074d8c868597b158e78dfeb9a28f46903319f7b9a5d5646942ada992","tracked"
"docs/plan/image-production/guides/barracks-future.png","6101","77dd3e26074d8c868597b158e78dfeb9a28f46903319f7b9a5d5646942ada992","tracked"
"docs/plan/image-production/guides/barracks-gunpowder.png","6101","77dd3e26074d8c868597b158e78dfeb9a28f46903319f7b9a5d5646942ada992","tracked"
"docs/plan/image-production/guides/barracks-industrial.png","6101","77dd3e26074d8c868597b158e78dfeb9a28f46903319f7b9a5d5646942ada992","tracked"
"docs/plan/image-production/guides/barracks-iron.png","6101","77dd3e26074d8c868597b158e78dfeb9a28f46903319f7b9a5d5646942ada992","tracked"
"docs/plan/image-production/guides/barracks-medieval.png","6101","77dd3e26074d8c868597b158e78dfeb9a28f46903319f7b9a5d5646942ada992","tracked"
"docs/plan/image-production/guides/barracks-modern.png","6101","77dd3e26074d8c868597b158e78dfeb9a28f46903319f7b9a5d5646942ada992","tracked"
"docs/plan/image-production/guides/barracks-stone.png","6101","77dd3e26074d8c868597b158e78dfeb9a28f46903319f7b9a5d5646942ada992","tracked"
"docs/plan/image-production/guides/civilian-transport-bronze.png","5480","0e963150077ac2d024631daf0df30d8b0c7efca20e58ba67282c505f03aa63b2","tracked"
"docs/plan/image-production/guides/civilian-transport-future.png","5480","0e963150077ac2d024631daf0df30d8b0c7efca20e58ba67282c505f03aa63b2","tracked"
"docs/plan/image-production/guides/civilian-transport-gunpowder.png","5480","0e963150077ac2d024631daf0df30d8b0c7efca20e58ba67282c505f03aa63b2","tracked"
"docs/plan/image-production/guides/civilian-transport-industrial.png","5480","0e963150077ac2d024631daf0df30d8b0c7efca20e58ba67282c505f03aa63b2","tracked"
"docs/plan/image-production/guides/civilian-transport-iron.png","5480","0e963150077ac2d024631daf0df30d8b0c7efca20e58ba67282c505f03aa63b2","tracked"
"docs/plan/image-production/guides/civilian-transport-medieval.png","5480","0e963150077ac2d024631daf0df30d8b0c7efca20e58ba67282c505f03aa63b2","tracked"
"docs/plan/image-production/guides/civilian-transport-modern.png","5480","0e963150077ac2d024631daf0df30d8b0c7efca20e58ba67282c505f03aa63b2","tracked"
"docs/plan/image-production/guides/civilian-transport-stone.png","5480","0e963150077ac2d024631daf0df30d8b0c7efca20e58ba67282c505f03aa63b2","tracked"
"docs/plan/image-production/guides/construction-bronze.png","5480","0e963150077ac2d024631daf0df30d8b0c7efca20e58ba67282c505f03aa63b2","tracked"
"docs/plan/image-production/guides/construction-future.png","5480","0e963150077ac2d024631daf0df30d8b0c7efca20e58ba67282c505f03aa63b2","tracked"
"docs/plan/image-production/guides/construction-gunpowder.png","5480","0e963150077ac2d024631daf0df30d8b0c7efca20e58ba67282c505f03aa63b2","tracked"
"docs/plan/image-production/guides/construction-industrial.png","5480","0e963150077ac2d024631daf0df30d8b0c7efca20e58ba67282c505f03aa63b2","tracked"
"docs/plan/image-production/guides/construction-iron.png","5480","0e963150077ac2d024631daf0df30d8b0c7efca20e58ba67282c505f03aa63b2","tracked"
"docs/plan/image-production/guides/construction-medieval.png","5480","0e963150077ac2d024631daf0df30d8b0c7efca20e58ba67282c505f03aa63b2","tracked"
"docs/plan/image-production/guides/construction-modern.png","5480","0e963150077ac2d024631daf0df30d8b0c7efca20e58ba67282c505f03aa63b2","tracked"
"docs/plan/image-production/guides/construction-stone.png","5480","0e963150077ac2d024631daf0df30d8b0c7efca20e58ba67282c505f03aa63b2","tracked"
"docs/plan/image-production/guides/creature-bandit.png","6108","d63789ca8a488e3d49fab2b63d5e96f1780a431c11b73b8dd50783f9d7442848","tracked"
"docs/plan/image-production/guides/creature-bear.png","6108","d63789ca8a488e3d49fab2b63d5e96f1780a431c11b73b8dd50783f9d7442848","tracked"
"docs/plan/image-production/guides/creature-drone.png","6108","d63789ca8a488e3d49fab2b63d5e96f1780a431c11b73b8dd50783f9d7442848","tracked"
"docs/plan/image-production/guides/creature-golem.png","6108","d63789ca8a488e3d49fab2b63d5e96f1780a431c11b73b8dd50783f9d7442848","tracked"
"docs/plan/image-production/guides/creature-griffin.png","6108","d63789ca8a488e3d49fab2b63d5e96f1780a431c11b73b8dd50783f9d7442848","tracked"
"docs/plan/image-production/guides/creature-harpy.png","6108","d63789ca8a488e3d49fab2b63d5e96f1780a431c11b73b8dd50783f9d7442848","tracked"
"docs/plan/image-production/guides/creature-wolf.png","6108","d63789ca8a488e3d49fab2b63d5e96f1780a431c11b73b8dd50783f9d7442848","tracked"
"docs/plan/image-production/guides/creature-wyvern.png","6108","d63789ca8a488e3d49fab2b63d5e96f1780a431c11b73b8dd50783f9d7442848","tracked"
"docs/plan/image-production/guides/defense.png","12446","df1c105407fa48e240137a83eaa0a5dcb5b35ca50f827309f07320fcab9368d7","tracked"
"docs/plan/image-production/guides/effect-arrow.png","5480","0e963150077ac2d024631daf0df30d8b0c7efca20e58ba67282c505f03aa63b2","tracked"
"docs/plan/image-production/guides/effect-bless.png","5480","0e963150077ac2d024631daf0df30d8b0c7efca20e58ba67282c505f03aa63b2","tracked"
"docs/plan/image-production/guides/effect-bolt.png","5480","0e963150077ac2d024631daf0df30d8b0c7efca20e58ba67282c505f03aa63b2","tracked"
"docs/plan/image-production/guides/effect-cure.png","5480","0e963150077ac2d024631daf0df30d8b0c7efca20e58ba67282c505f03aa63b2","tracked"
"docs/plan/image-production/guides/effect-curse.png","5480","0e963150077ac2d024631daf0df30d8b0c7efca20e58ba67282c505f03aa63b2","tracked"
"docs/plan/image-production/guides/effect-haste.png","5480","0e963150077ac2d024631daf0df30d8b0c7efca20e58ba67282c505f03aa63b2","tracked"
"docs/plan/image-production/guides/effect-impact.png","5480","0e963150077ac2d024631daf0df30d8b0c7efca20e58ba67282c505f03aa63b2","tracked"
"docs/plan/image-production/guides/effect-projectile.png","5480","0e963150077ac2d024631daf0df30d8b0c7efca20e58ba67282c505f03aa63b2","tracked"
"docs/plan/image-production/guides/effect-resurrect.png","5480","0e963150077ac2d024631daf0df30d8b0c7efca20e58ba67282c505f03aa63b2","tracked"
"docs/plan/image-production/guides/effect-shield.png","5480","0e963150077ac2d024631daf0df30d8b0c7efca20e58ba67282c505f03aa63b2","tracked"
"docs/plan/image-production/guides/farm-bronze.png","6101","77dd3e26074d8c868597b158e78dfeb9a28f46903319f7b9a5d5646942ada992","tracked"
"docs/plan/image-production/guides/farm-future.png","6101","77dd3e26074d8c868597b158e78dfeb9a28f46903319f7b9a5d5646942ada992","tracked"
"docs/plan/image-production/guides/farm-gunpowder.png","6101","77dd3e26074d8c868597b158e78dfeb9a28f46903319f7b9a5d5646942ada992","tracked"
"docs/plan/image-production/guides/farm-industrial.png","6101","77dd3e26074d8c868597b158e78dfeb9a28f46903319f7b9a5d5646942ada992","tracked"
"docs/plan/image-production/guides/farm-iron.png","6101","77dd3e26074d8c868597b158e78dfeb9a28f46903319f7b9a5d5646942ada992","tracked"
"docs/plan/image-production/guides/farm-medieval.png","6101","77dd3e26074d8c868597b158e78dfeb9a28f46903319f7b9a5d5646942ada992","tracked"
"docs/plan/image-production/guides/farm-modern.png","6101","77dd3e26074d8c868597b158e78dfeb9a28f46903319f7b9a5d5646942ada992","tracked"
"docs/plan/image-production/guides/farm-stone.png","6101","77dd3e26074d8c868597b158e78dfeb9a28f46903319f7b9a5d5646942ada992","tracked"
"docs/plan/image-production/guides/gear-stone-weapon.png","7213","2cd8c8991f45f62b867a2e50f93ac133cb19d26e50d2f3f31a53a7ba78fde90a","tracked"
"docs/plan/image-production/guides/hall-bronze.png","6101","77dd3e26074d8c868597b158e78dfeb9a28f46903319f7b9a5d5646942ada992","tracked"
"docs/plan/image-production/guides/hall-future.png","6101","77dd3e26074d8c868597b158e78dfeb9a28f46903319f7b9a5d5646942ada992","tracked"
"docs/plan/image-production/guides/hall-gunpowder.png","6101","77dd3e26074d8c868597b158e78dfeb9a28f46903319f7b9a5d5646942ada992","tracked"
"docs/plan/image-production/guides/hall-industrial.png","6101","77dd3e26074d8c868597b158e78dfeb9a28f46903319f7b9a5d5646942ada992","tracked"
"docs/plan/image-production/guides/hall-iron.png","6101","77dd3e26074d8c868597b158e78dfeb9a28f46903319f7b9a5d5646942ada992","tracked"
"docs/plan/image-production/guides/hall-medieval.png","6101","77dd3e26074d8c868597b158e78dfeb9a28f46903319f7b9a5d5646942ada992","tracked"
"docs/plan/image-production/guides/hall-modern.png","6101","77dd3e26074d8c868597b158e78dfeb9a28f46903319f7b9a5d5646942ada992","tracked"
"docs/plan/image-production/guides/hall-stone.png","6101","77dd3e26074d8c868597b158e78dfeb9a28f46903319f7b9a5d5646942ada992","tracked"
"docs/plan/image-production/guides/kingdom-stone-day1-composition-v4.png","43874","468ee7a897eb934d965a26a44c8644bce1c1524468802d7531c354720cd0f014","tracked"
"docs/plan/image-production/guides/kingdom.png","20985","a29195ac287fe6c612d0f424c20d1de2b93bbdc730265004bd0f2761bc10a3a9","tracked"
"docs/plan/image-production/guides/knight-mounted-master.png","6407","079b8af9ea45c9fe6a7edd27b4839a796da45cd5674e73bf29b8618e53aa8ac3","tracked"
"docs/plan/image-production/guides/lumber-bronze.png","6101","77dd3e26074d8c868597b158e78dfeb9a28f46903319f7b9a5d5646942ada992","tracked"
"docs/plan/image-production/guides/lumber-future.png","6101","77dd3e26074d8c868597b158e78dfeb9a28f46903319f7b9a5d5646942ada992","tracked"
"docs/plan/image-production/guides/lumber-gunpowder.png","6101","77dd3e26074d8c868597b158e78dfeb9a28f46903319f7b9a5d5646942ada992","tracked"
"docs/plan/image-production/guides/lumber-industrial.png","6101","77dd3e26074d8c868597b158e78dfeb9a28f46903319f7b9a5d5646942ada992","tracked"
"docs/plan/image-production/guides/lumber-iron.png","6101","77dd3e26074d8c868597b158e78dfeb9a28f46903319f7b9a5d5646942ada992","tracked"
"docs/plan/image-production/guides/lumber-medieval.png","6101","77dd3e26074d8c868597b158e78dfeb9a28f46903319f7b9a5d5646942ada992","tracked"
"docs/plan/image-production/guides/lumber-modern.png","6101","77dd3e26074d8c868597b158e78dfeb9a28f46903319f7b9a5d5646942ada992","tracked"
"docs/plan/image-production/guides/lumber-stone.png","6101","77dd3e26074d8c868597b158e78dfeb9a28f46903319f7b9a5d5646942ada992","tracked"
"docs/plan/image-production/guides/mine-bronze.png","6101","77dd3e26074d8c868597b158e78dfeb9a28f46903319f7b9a5d5646942ada992","tracked"
"docs/plan/image-production/guides/mine-future.png","6101","77dd3e26074d8c868597b158e78dfeb9a28f46903319f7b9a5d5646942ada992","tracked"
"docs/plan/image-production/guides/mine-gunpowder.png","6101","77dd3e26074d8c868597b158e78dfeb9a28f46903319f7b9a5d5646942ada992","tracked"
"docs/plan/image-production/guides/mine-industrial.png","6101","77dd3e26074d8c868597b158e78dfeb9a28f46903319f7b9a5d5646942ada992","tracked"
"docs/plan/image-production/guides/mine-iron.png","6101","77dd3e26074d8c868597b158e78dfeb9a28f46903319f7b9a5d5646942ada992","tracked"
"docs/plan/image-production/guides/mine-medieval.png","6101","77dd3e26074d8c868597b158e78dfeb9a28f46903319f7b9a5d5646942ada992","tracked"
"docs/plan/image-production/guides/mine-modern.png","6101","77dd3e26074d8c868597b158e78dfeb9a28f46903319f7b9a5d5646942ada992","tracked"
"docs/plan/image-production/guides/mine-stone.png","6101","77dd3e26074d8c868597b158e78dfeb9a28f46903319f7b9a5d5646942ada992","tracked"
"docs/plan/image-production/guides/mount-future.png","6018","3aa6215fadd3b7ea56d8a4b4322eecd4c9a0cf9e534ad6bb0682ec1db7b75577","tracked"
"docs/plan/image-production/guides/mount-horse.png","6000","0e2116841cdca512fd8a45226132aa14da8d268c379934c358ac2e28b67a7d2d","tracked"
"docs/plan/image-production/guides/mount-motor.png","6018","3aa6215fadd3b7ea56d8a4b4322eecd4c9a0cf9e534ad6bb0682ec1db7b75577","tracked"
"docs/plan/image-production/guides/quarry-bronze.png","6101","77dd3e26074d8c868597b158e78dfeb9a28f46903319f7b9a5d5646942ada992","tracked"
"docs/plan/image-production/guides/quarry-future.png","6101","77dd3e26074d8c868597b158e78dfeb9a28f46903319f7b9a5d5646942ada992","tracked"
"docs/plan/image-production/guides/quarry-gunpowder.png","6101","77dd3e26074d8c868597b158e78dfeb9a28f46903319f7b9a5d5646942ada992","tracked"
"docs/plan/image-production/guides/quarry-industrial.png","6101","77dd3e26074d8c868597b158e78dfeb9a28f46903319f7b9a5d5646942ada992","tracked"
"docs/plan/image-production/guides/quarry-iron.png","6101","77dd3e26074d8c868597b158e78dfeb9a28f46903319f7b9a5d5646942ada992","tracked"
"docs/plan/image-production/guides/quarry-medieval.png","6101","77dd3e26074d8c868597b158e78dfeb9a28f46903319f7b9a5d5646942ada992","tracked"
"docs/plan/image-production/guides/quarry-modern.png","6101","77dd3e26074d8c868597b158e78dfeb9a28f46903319f7b9a5d5646942ada992","tracked"
"docs/plan/image-production/guides/quarry-stone.png","6101","77dd3e26074d8c868597b158e78dfeb9a28f46903319f7b9a5d5646942ada992","tracked"
"docs/plan/image-production/guides/rig-barbarian.png","5480","0e963150077ac2d024631daf0df30d8b0c7efca20e58ba67282c505f03aa63b2","tracked"
"docs/plan/image-production/guides/rig-healer.png","5480","0e963150077ac2d024631daf0df30d8b0c7efca20e58ba67282c505f03aa63b2","tracked"
"docs/plan/image-production/guides/rig-knight.png","5480","0e963150077ac2d024631daf0df30d8b0c7efca20e58ba67282c505f03aa63b2","tracked"
"docs/plan/image-production/guides/rig-mage.png","5480","0e963150077ac2d024631daf0df30d8b0c7efca20e58ba67282c505f03aa63b2","tracked"
"docs/plan/image-production/guides/rig-necromancer.png","5480","0e963150077ac2d024631daf0df30d8b0c7efca20e58ba67282c505f03aa63b2","tracked"
"docs/plan/image-production/guides/rig-paladin.png","5480","0e963150077ac2d024631daf0df30d8b0c7efca20e58ba67282c505f03aa63b2","tracked"
"docs/plan/image-production/guides/rig-ranger.png","5480","0e963150077ac2d024631daf0df30d8b0c7efca20e58ba67282c505f03aa63b2","tracked"
"docs/plan/image-production/guides/rig-warlock.png","5480","0e963150077ac2d024631daf0df30d8b0c7efca20e58ba67282c505f03aa63b2","tracked"
"docs/plan/image-production/guides/site-exit.png","6101","6fdd6bd707b0280cde678e7fe2ce71d737082d1ac428b4a2c8d621f0cb3d3edb","tracked"
"docs/plan/image-production/guides/site-guard.png","6182","0fd6198875d0908a3822a9d7c40e09772702c63f17ee2fb29fd9eaf7356726c1","tracked"
"docs/plan/image-production/guides/site-human.png","6101","6fdd6bd707b0280cde678e7fe2ce71d737082d1ac428b4a2c8d621f0cb3d3edb","tracked"
"docs/plan/image-production/guides/site-rest.png","6119","72b5e1a428e640ee89d7399a203e94ccd1d196be0e38dc0c887a97b7d922e687","tracked"
"docs/plan/image-production/guides/site-rival.png","6101","6fdd6bd707b0280cde678e7fe2ce71d737082d1ac428b4a2c8d621f0cb3d3edb","tracked"
"docs/plan/image-production/guides/site-treasure.png","6119","72b5e1a428e640ee89d7399a203e94ccd1d196be0e38dc0c887a97b7d922e687","tracked"
"docs/plan/image-production/guides/skill-offense.png","5377","fb8f13c638dd42d93327caf9a39f8f25af74c212e430689f20362902514d0a24","tracked"
"docs/plan/image-production/guides/supporting-ui-materials.png","5480","0e963150077ac2d024631daf0df30d8b0c7efca20e58ba67282c505f03aa63b2","tracked"
"docs/plan/image-production/guides/tactical.png","10328","481951b447a8a5b79596703873e35ab5e2425f17807e6d6f2d06e46c9aee0210","tracked"
"docs/plan/image-production/guides/tower-bronze-arrow.png","6053","fe3ef8b70ee86c88cc326777625dee1147b273ff450e7911dbee122c41431770","tracked"
"docs/plan/image-production/guides/tower-bronze-slow.png","6053","fe3ef8b70ee86c88cc326777625dee1147b273ff450e7911dbee122c41431770","tracked"
"docs/plan/image-production/guides/tower-bronze-splash.png","6053","fe3ef8b70ee86c88cc326777625dee1147b273ff450e7911dbee122c41431770","tracked"
"docs/plan/image-production/guides/tower-bronze-support.png","6053","fe3ef8b70ee86c88cc326777625dee1147b273ff450e7911dbee122c41431770","tracked"
"docs/plan/image-production/guides/tower-future-arrow.png","6053","fe3ef8b70ee86c88cc326777625dee1147b273ff450e7911dbee122c41431770","tracked"
"docs/plan/image-production/guides/tower-future-slow.png","6053","fe3ef8b70ee86c88cc326777625dee1147b273ff450e7911dbee122c41431770","tracked"
"docs/plan/image-production/guides/tower-future-splash.png","6053","fe3ef8b70ee86c88cc326777625dee1147b273ff450e7911dbee122c41431770","tracked"
"docs/plan/image-production/guides/tower-future-support.png","6053","fe3ef8b70ee86c88cc326777625dee1147b273ff450e7911dbee122c41431770","tracked"
"docs/plan/image-production/guides/tower-gunpowder-arrow.png","6053","fe3ef8b70ee86c88cc326777625dee1147b273ff450e7911dbee122c41431770","tracked"
"docs/plan/image-production/guides/tower-gunpowder-slow.png","6053","fe3ef8b70ee86c88cc326777625dee1147b273ff450e7911dbee122c41431770","tracked"
"docs/plan/image-production/guides/tower-gunpowder-splash.png","6053","fe3ef8b70ee86c88cc326777625dee1147b273ff450e7911dbee122c41431770","tracked"
"docs/plan/image-production/guides/tower-gunpowder-support.png","6053","fe3ef8b70ee86c88cc326777625dee1147b273ff450e7911dbee122c41431770","tracked"
"docs/plan/image-production/guides/tower-industrial-arrow.png","6053","fe3ef8b70ee86c88cc326777625dee1147b273ff450e7911dbee122c41431770","tracked"
"docs/plan/image-production/guides/tower-industrial-slow.png","6053","fe3ef8b70ee86c88cc326777625dee1147b273ff450e7911dbee122c41431770","tracked"
"docs/plan/image-production/guides/tower-industrial-splash.png","6053","fe3ef8b70ee86c88cc326777625dee1147b273ff450e7911dbee122c41431770","tracked"
"docs/plan/image-production/guides/tower-industrial-support.png","6053","fe3ef8b70ee86c88cc326777625dee1147b273ff450e7911dbee122c41431770","tracked"
"docs/plan/image-production/guides/tower-iron-arrow.png","6053","fe3ef8b70ee86c88cc326777625dee1147b273ff450e7911dbee122c41431770","tracked"
"docs/plan/image-production/guides/tower-iron-slow.png","6053","fe3ef8b70ee86c88cc326777625dee1147b273ff450e7911dbee122c41431770","tracked"
"docs/plan/image-production/guides/tower-iron-splash.png","6053","fe3ef8b70ee86c88cc326777625dee1147b273ff450e7911dbee122c41431770","tracked"
"docs/plan/image-production/guides/tower-iron-support.png","6053","fe3ef8b70ee86c88cc326777625dee1147b273ff450e7911dbee122c41431770","tracked"
"docs/plan/image-production/guides/tower-medieval-arrow.png","6053","fe3ef8b70ee86c88cc326777625dee1147b273ff450e7911dbee122c41431770","tracked"
"docs/plan/image-production/guides/tower-medieval-slow.png","6053","fe3ef8b70ee86c88cc326777625dee1147b273ff450e7911dbee122c41431770","tracked"
"docs/plan/image-production/guides/tower-medieval-splash.png","6053","fe3ef8b70ee86c88cc326777625dee1147b273ff450e7911dbee122c41431770","tracked"
"docs/plan/image-production/guides/tower-medieval-support.png","6053","fe3ef8b70ee86c88cc326777625dee1147b273ff450e7911dbee122c41431770","tracked"
"docs/plan/image-production/guides/tower-modern-arrow.png","6053","fe3ef8b70ee86c88cc326777625dee1147b273ff450e7911dbee122c41431770","tracked"
"docs/plan/image-production/guides/tower-modern-slow.png","6053","fe3ef8b70ee86c88cc326777625dee1147b273ff450e7911dbee122c41431770","tracked"
"docs/plan/image-production/guides/tower-modern-splash.png","6053","fe3ef8b70ee86c88cc326777625dee1147b273ff450e7911dbee122c41431770","tracked"
"docs/plan/image-production/guides/tower-modern-support.png","6053","fe3ef8b70ee86c88cc326777625dee1147b273ff450e7911dbee122c41431770","tracked"
"docs/plan/image-production/guides/tower-stone-arrow.png","6053","fe3ef8b70ee86c88cc326777625dee1147b273ff450e7911dbee122c41431770","tracked"
"docs/plan/image-production/guides/tower-stone-slow.png","6053","fe3ef8b70ee86c88cc326777625dee1147b273ff450e7911dbee122c41431770","tracked"
"docs/plan/image-production/guides/tower-stone-splash.png","6053","fe3ef8b70ee86c88cc326777625dee1147b273ff450e7911dbee122c41431770","tracked"
"docs/plan/image-production/guides/tower-stone-support.png","6053","fe3ef8b70ee86c88cc326777625dee1147b273ff450e7911dbee122c41431770","tracked"
"docs/plan/image-production/guides/townhall-bronze.png","6013","805f8f633ee3ad7b5d321b6fc9f97f2582116a3d0d4bb367e413d28cb93825fa","tracked"
"docs/plan/image-production/guides/townhall-future.png","6013","805f8f633ee3ad7b5d321b6fc9f97f2582116a3d0d4bb367e413d28cb93825fa","tracked"
"docs/plan/image-production/guides/townhall-gunpowder.png","6013","805f8f633ee3ad7b5d321b6fc9f97f2582116a3d0d4bb367e413d28cb93825fa","tracked"
"docs/plan/image-production/guides/townhall-industrial.png","6013","805f8f633ee3ad7b5d321b6fc9f97f2582116a3d0d4bb367e413d28cb93825fa","tracked"
"docs/plan/image-production/guides/townhall-iron.png","6013","805f8f633ee3ad7b5d321b6fc9f97f2582116a3d0d4bb367e413d28cb93825fa","tracked"
"docs/plan/image-production/guides/townhall-medieval.png","6013","805f8f633ee3ad7b5d321b6fc9f97f2582116a3d0d4bb367e413d28cb93825fa","tracked"
"docs/plan/image-production/guides/townhall-modern.png","6013","805f8f633ee3ad7b5d321b6fc9f97f2582116a3d0d4bb367e413d28cb93825fa","tracked"
"docs/plan/image-production/guides/townhall-stone.png","5908","4efcbc5afe1d092318aa7e71e08457ed3577fc5dab177f61399a31f412da72c3","tracked"
"docs/plan/image-production/guides/troop-bronze-heavy.png","6108","d63789ca8a488e3d49fab2b63d5e96f1780a431c11b73b8dd50783f9d7442848","tracked"
"docs/plan/image-production/guides/troop-bronze-melee.png","6108","d63789ca8a488e3d49fab2b63d5e96f1780a431c11b73b8dd50783f9d7442848","tracked"
"docs/plan/image-production/guides/troop-bronze-ranged.png","6108","d63789ca8a488e3d49fab2b63d5e96f1780a431c11b73b8dd50783f9d7442848","tracked"
"docs/plan/image-production/guides/troop-future-heavy.png","6108","d63789ca8a488e3d49fab2b63d5e96f1780a431c11b73b8dd50783f9d7442848","tracked"
"docs/plan/image-production/guides/troop-future-melee.png","6108","d63789ca8a488e3d49fab2b63d5e96f1780a431c11b73b8dd50783f9d7442848","tracked"
"docs/plan/image-production/guides/troop-future-ranged.png","6108","d63789ca8a488e3d49fab2b63d5e96f1780a431c11b73b8dd50783f9d7442848","tracked"
"docs/plan/image-production/guides/troop-gunpowder-heavy.png","6108","d63789ca8a488e3d49fab2b63d5e96f1780a431c11b73b8dd50783f9d7442848","tracked"
"docs/plan/image-production/guides/troop-gunpowder-melee.png","6108","d63789ca8a488e3d49fab2b63d5e96f1780a431c11b73b8dd50783f9d7442848","tracked"
"docs/plan/image-production/guides/troop-gunpowder-ranged.png","6108","d63789ca8a488e3d49fab2b63d5e96f1780a431c11b73b8dd50783f9d7442848","tracked"
"docs/plan/image-production/guides/troop-industrial-heavy.png","6108","d63789ca8a488e3d49fab2b63d5e96f1780a431c11b73b8dd50783f9d7442848","tracked"
"docs/plan/image-production/guides/troop-industrial-melee.png","6108","d63789ca8a488e3d49fab2b63d5e96f1780a431c11b73b8dd50783f9d7442848","tracked"
"docs/plan/image-production/guides/troop-industrial-ranged.png","6108","d63789ca8a488e3d49fab2b63d5e96f1780a431c11b73b8dd50783f9d7442848","tracked"
"docs/plan/image-production/guides/troop-iron-heavy.png","6108","d63789ca8a488e3d49fab2b63d5e96f1780a431c11b73b8dd50783f9d7442848","tracked"
"docs/plan/image-production/guides/troop-iron-melee.png","6108","d63789ca8a488e3d49fab2b63d5e96f1780a431c11b73b8dd50783f9d7442848","tracked"
"docs/plan/image-production/guides/troop-iron-ranged.png","6108","d63789ca8a488e3d49fab2b63d5e96f1780a431c11b73b8dd50783f9d7442848","tracked"
"docs/plan/image-production/guides/troop-medieval-heavy.png","6108","d63789ca8a488e3d49fab2b63d5e96f1780a431c11b73b8dd50783f9d7442848","tracked"
"docs/plan/image-production/guides/troop-medieval-melee.png","6108","d63789ca8a488e3d49fab2b63d5e96f1780a431c11b73b8dd50783f9d7442848","tracked"
"docs/plan/image-production/guides/troop-medieval-ranged.png","6108","d63789ca8a488e3d49fab2b63d5e96f1780a431c11b73b8dd50783f9d7442848","tracked"
"docs/plan/image-production/guides/troop-modern-heavy.png","6108","d63789ca8a488e3d49fab2b63d5e96f1780a431c11b73b8dd50783f9d7442848","tracked"
"docs/plan/image-production/guides/troop-modern-melee.png","6108","d63789ca8a488e3d49fab2b63d5e96f1780a431c11b73b8dd50783f9d7442848","tracked"
"docs/plan/image-production/guides/troop-modern-ranged.png","6108","d63789ca8a488e3d49fab2b63d5e96f1780a431c11b73b8dd50783f9d7442848","tracked"
"docs/plan/image-production/guides/troop-stone-heavy.png","6108","d63789ca8a488e3d49fab2b63d5e96f1780a431c11b73b8dd50783f9d7442848","tracked"
"docs/plan/image-production/guides/troop-stone-melee.png","6108","d63789ca8a488e3d49fab2b63d5e96f1780a431c11b73b8dd50783f9d7442848","tracked"
"docs/plan/image-production/guides/troop-stone-ranged.png","6108","d63789ca8a488e3d49fab2b63d5e96f1780a431c11b73b8dd50783f9d7442848","tracked"
"docs/plan/image-production/guides/walls-bronze.png","5785","ec8329e320f800df351dada6d4f0cce4f0fceb0a10ae1ce80043df0f3abc6126","tracked"
"docs/plan/image-production/guides/walls-future.png","5785","ec8329e320f800df351dada6d4f0cce4f0fceb0a10ae1ce80043df0f3abc6126","tracked"
"docs/plan/image-production/guides/walls-gunpowder.png","5785","ec8329e320f800df351dada6d4f0cce4f0fceb0a10ae1ce80043df0f3abc6126","tracked"
"docs/plan/image-production/guides/walls-industrial.png","5785","ec8329e320f800df351dada6d4f0cce4f0fceb0a10ae1ce80043df0f3abc6126","tracked"
"docs/plan/image-production/guides/walls-iron.png","5785","ec8329e320f800df351dada6d4f0cce4f0fceb0a10ae1ce80043df0f3abc6126","tracked"
"docs/plan/image-production/guides/walls-medieval.png","5785","ec8329e320f800df351dada6d4f0cce4f0fceb0a10ae1ce80043df0f3abc6126","tracked"
"docs/plan/image-production/guides/walls-modern.png","5785","ec8329e320f800df351dada6d4f0cce4f0fceb0a10ae1ce80043df0f3abc6126","tracked"
"docs/plan/image-production/guides/walls-stone.png","5785","ec8329e320f800df351dada6d4f0cce4f0fceb0a10ae1ce80043df0f3abc6126","tracked"
"docs/plan/image-production/guides/workshop-bronze.png","6101","77dd3e26074d8c868597b158e78dfeb9a28f46903319f7b9a5d5646942ada992","tracked"
"docs/plan/image-production/guides/workshop-future.png","6101","77dd3e26074d8c868597b158e78dfeb9a28f46903319f7b9a5d5646942ada992","tracked"
"docs/plan/image-production/guides/workshop-gunpowder.png","6101","77dd3e26074d8c868597b158e78dfeb9a28f46903319f7b9a5d5646942ada992","tracked"
"docs/plan/image-production/guides/workshop-industrial.png","6101","77dd3e26074d8c868597b158e78dfeb9a28f46903319f7b9a5d5646942ada992","tracked"
"docs/plan/image-production/guides/workshop-iron.png","6101","77dd3e26074d8c868597b158e78dfeb9a28f46903319f7b9a5d5646942ada992","tracked"
"docs/plan/image-production/guides/workshop-medieval.png","6101","77dd3e26074d8c868597b158e78dfeb9a28f46903319f7b9a5d5646942ada992","tracked"
"docs/plan/image-production/guides/workshop-modern.png","6101","77dd3e26074d8c868597b158e78dfeb9a28f46903319f7b9a5d5646942ada992","tracked"
"docs/plan/image-production/guides/workshop-stone.png","6101","77dd3e26074d8c868597b158e78dfeb9a28f46903319f7b9a5d5646942ada992","tracked"
"docs/plan/image-production/guides/world-props-bronze.png","5480","0e963150077ac2d024631daf0df30d8b0c7efca20e58ba67282c505f03aa63b2","tracked"
"docs/plan/image-production/guides/world-props-future.png","5480","0e963150077ac2d024631daf0df30d8b0c7efca20e58ba67282c505f03aa63b2","tracked"
"docs/plan/image-production/guides/world-props-gunpowder.png","5480","0e963150077ac2d024631daf0df30d8b0c7efca20e58ba67282c505f03aa63b2","tracked"
"docs/plan/image-production/guides/world-props-industrial.png","5480","0e963150077ac2d024631daf0df30d8b0c7efca20e58ba67282c505f03aa63b2","tracked"
"docs/plan/image-production/guides/world-props-iron.png","5480","0e963150077ac2d024631daf0df30d8b0c7efca20e58ba67282c505f03aa63b2","tracked"
"docs/plan/image-production/guides/world-props-medieval.png","5480","0e963150077ac2d024631daf0df30d8b0c7efca20e58ba67282c505f03aa63b2","tracked"
"docs/plan/image-production/guides/world-props-modern.png","5480","0e963150077ac2d024631daf0df30d8b0c7efca20e58ba67282c505f03aa63b2","tracked"
"docs/plan/image-production/guides/world-props-stone.png","5480","0e963150077ac2d024631daf0df30d8b0c7efca20e58ba67282c505f03aa63b2","tracked"
"docs/plan/image-production/historical-snapshots/805f8f633ee3ad7b5d321b6fc9f97f2582116a3d0d4bb367e413d28cb93825fa.png","6013","805f8f633ee3ad7b5d321b6fc9f97f2582116a3d0d4bb367e413d28cb93825fa","tracked"
"docs/plan/image-production/historical-snapshots/resolver.json","928","40e784c9d61fac5a33fd2d7d72d955cc99df28a99fce2c41124ba1cb3dc2ffb4","tracked"
"docs/plan/image-production/IDENTITY-GAP-LEDGER-20261003.json","3606","313578c6d527a92b08a436a8cf9926041221fedf924008a4f50348ef0bb918bb","tracked"
"docs/plan/image-production/IDENTITY-GAP-LEDGER-20261003.md","1918","f328dc249e23d846cca50e5deac4cf64116f798f122951f5b258b3c9268c82c7","tracked"
"docs/plan/image-production/interactive-2k-later73-journal.json","85253","01c21654ed7c4fb3c5ec8ffc690d15c8cbeff868824d3bb2d64d60bcc96f54f1","untracked-addition"
"docs/plan/image-production/later73-code-ai-handoff.json","62120","d90b2d8a285d315ba6ac6a683e029bfbf9940a99bb422de4d8b0452c25c53d70","untracked-addition"
"docs/plan/image-production/native4k-first32-delivery-manifest.json","187520","37fe3d6dc6667b4507a42c804802dc4cc8483afbcf85739c9e0079f8a236d0a2","untracked-addition"
"docs/plan/image-production/next-batch-deferred.json","1530","5cc293f2b31c320743c8427be4921970c6b85aac715297a90e9b0cbec2a958bc","tracked"
"docs/plan/image-production/pacing_state.json","429","03830e0a31ba4f21aa54857c177b9850806d05587547984e676119fb44f8278f","untracked-addition"
"docs/plan/image-production/promotion-and-cleanup-journal.json","15366","68d0445abff3d798abf54cae9832b55e666407d1006e5866d62f24d9809aa5dd","untracked-addition"
"docs/plan/image-production/reconciled-accounting-ledger.json","1678","f893d035a4a2a488f0c90b1c0859ef219afebcd0096c14d3f6ea545e4994ccd7","untracked-addition"
"docs/plan/image-production/RECOVERY-SOURCE-REGISTRY-20261003.json","73718","e86a7fe88b3db4f1945a72a740dc0b26be44a5c075c5408387d6d8f549725c36","tracked"
"docs/plan/image-production/submission.mutex.json","237","16f18be54ee3be74596e195646de4346514a61ff1f46eea8b2ad846187b9ed04","untracked-addition"
"docs/plan/image-production/UNIFIED-ACCOUNTING-RECONCILIATION-2026-10-04.json","4419","e41c2dc29836af12e2837cfc9e2c6e9513c88fa890af4e561e7ab4bd45531765","untracked-addition"
"docs/plan/image-production/VERIFIER-REVIEW-20261003.json","163220","7c23d97fab546e2c2ccc1a8ace9b65d0a6b70cce04eae29c51de556c5d765638","tracked"
"docs/plan/IMAGE-ROLE-DISPOSITIONS-V3-2026-10-04.json","107965","e0bdb1c0c352e6a26d6f6dbb97a3c6b81ad4c7b433318cdae5bdb7d235b1d87a","untracked-addition"
"docs/plan/IMAGE-V2-INDEPENDENT-REVERIFICATION-2026-10-04.md","13072","515329e3c3a0547c0f163ba07ec47a1e7652fe5aabe16408b60c990307ed78d9","untracked-addition"
"docs/plan/IMAGE-V4-LOCAL-REPAIR-HANDOFF-2026-10-04.md","6562","3967ee1a20dc383dc0f910fb874906c01be6f8b44e69f9b640b11edd3215039b","untracked-addition"
"docs/plan/IMPLEMENTATION-CONTRACT.json","23160","43553411b583a6df5fdcf620d2b3efecd82a0cd6f783895165a5910e577b0fcd","tracked"
"docs/plan/INSTALLATION-TRANSFER.md","12260","183c4dbc9afe52f46219141d14541170d7f6188544434590ec30af1394231371","tracked"
"docs/plan/INSTALLED-ENVIRONMENT.md","10344","1d2dd34ec33a7aeb0707255e0858677c32093d3c510290f2e67460802a22bc03","tracked"
"docs/plan/INTERACTIVE-HIGH-RES-QUEUE-2026-10-03.json","86679","1cb9faf5306736122eefb34cbe049cfca048d690b112502f5e2a5b7d77636087","tracked"
"docs/plan/INTERACTIVE-IMAGE-AI-PROMPT-2026-10-03.txt","13916","4391625859ccc6f6893a93b021fb2c50ed14f9068851382c43977a6b73702e05","tracked"
"docs/plan/INTERACTIVE-IMAGE-AI-START-GENERATION-PROMPT-2026-10-03.txt","21737","a417c5c99a4992b29fd12c62ea3df9ac7a0f54e8230f7883f74a5789bc9a7346","tracked"
"docs/plan/KINGDOM-8-LOCAL-PREP-GENERATION-PROMPT-2026-10-04.txt","17639","e62b554530edb3846a0a899705331c469f275da90b288fb7bdc449b9c1295740","untracked-addition"
"docs/plan/KINGDOM-CANDIDATE-PLANNER-AUDIT-2026-10-03.md","13298","a3f539c765e3a1159964eaae62d08afa6f508a3b55e287b8a16d64dce3bc278f","tracked"
"docs/plan/KINGDOM-IMAGE-PROGRESS-VERIFICATION-2026-10-04.md","12216","b8a90b5c5b64edf2d291ae4db44345333d78ea4a4002d7c5cb68c11e244b1ab3","untracked-addition"
"docs/plan/KINGDOM-REPAIR-CONSTRAINTS-2026-10-04.json","12372","d276af52d06c2253a45399eedd0ee099e078dc906c698911d10cf1afb94c31ed","untracked-addition"
"docs/plan/KINGDOM-REPAIR-CONSTRAINTS-2026-10-04.md","5600","81fcbc6db81fdf03b7ed383b6cd43890d5406d8e339b35177f897363b475f533","untracked-addition"
"docs/plan/KINGDOM-SCENE-CORRECTION-STATUS-2026-10-03.md","12602","c4e351b8c0f66fedeebb4649b44d7cdf4909684ba13bff2e1459bc5f46edff29","tracked"
"docs/plan/KINGDOM-SCENE-NEXT-BATCH-HANDOFF-2026-10-03.md","8709","716a1c893d39299feefd3345bc008c12923966d26d6d3233b2b054c610675f1c","tracked"
"docs/plan/KINGDOM-SCENE-PROPOSAL-V1-2026-10-04.json","11788","e340879153f496ac201a4aca51406aa965ac4b0788bd9cb53cae11824f6e5966","untracked-addition"
"docs/plan/KINGDOM-TERRAIN-SURVEY-V3-2026-10-04.json","357011","8f4a0733107495e5b4110c17598278c28298ce9c008d9fea91f74ccd76af61f5","untracked-addition"
"docs/plan/LANDSCAPE-MOCK-BATCH-30.json","84199","66aedeb1d05e0c965e1a8fd4359ed17b0585b6873e15e13851dddd8a7461b9d9","tracked"
"docs/plan/LANDSCAPE-ORIGINAL-MOCK-PLAN-2026-10-03.md","17074","16dff552cb0bbeffa3e33fb2507fd275b3ee5f98b1e3755167ae5131deaedd18","tracked"
"docs/plan/MAP-SPACE-BLUEPRINT-2026-10-03.md","18550","e24c0adc0d17e6a25c860a59adf50b6ec17fba374aecd30c81d4ce28f5c452d7","tracked"
"docs/plan/MASTER-PLAN.md","69699","f18980880212c8061179cbe2b1fc893a24d6592e9f1958c3db5df4f90ecbe6c8","tracked"
"docs/plan/MOCK-FIDELITY-AUDIT.md","18604","4de64f5a8f40e0a8549dfee8654194a42f30469f9264e0b806daec83fc96bc0c","tracked"
"docs/plan/NEXT-AI-PROMPT.md","10514","36d229180f6a2e40c6e07835b824e222285cdc36bbe53bb704924da60c711852","tracked"
"docs/plan/NPM-COMMAND-DIAGNOSIS-2026-10-04.md","5548","9a853b12cfa9762c3114c604ef4c0ccd2eea6bdcc1b538640c9f76822972d0d4","untracked-addition"
"docs/plan/PLAYABLE-GAME-READINESS-OWNER-REJECTION-2026-10-04.md","9744","b0da2cf8fe399a2cafb61e74769ca5c125d3cfe35e67f79f863c8189d993b0b7","untracked-addition"
"docs/plan/public-art-inventory.json","411346","90e22cc8e7232e0a9da64437619615c1b5175b49ba14e813fead1ef9a956aa7e","tracked"
"docs/plan/raw-inventory.json","158261","8e358d067faeb42253b458ae41e2791355f1ad1b1ed8bd6a0c68047b0fd1bd43","tracked"
"docs/plan/README.md","33958","752b1a0ce0a14eb35daa280b2d002349b9bd999f2e88e14b38d8d1fec30aea9c","tracked"
"docs/plan/RECOVERY-AI-NEXT-PROMPT-2026-10-03.txt","7782","078e132be98ccc56c6f16469b2774c5c6e84744905e48c57f8c5531276e62392","tracked"
"docs/plan/RECOVERY-DELIVERY-INDEPENDENT-AUDIT-2026-10-03.md","17402","69858ddad3a857e225158cbe3f923d34101773c9dedb6a62a5ec3f070c0b4bf3","tracked"
"docs/plan/RECOVERY-V3-PLANNER-AUDIT-2026-10-03.md","21667","a7d6420e3fbfdaac7e2cc08330f0f305fa70d53855896a2e13b7b182a8df41ab","tracked"
"docs/plan/REFERENCE-DIRECTION-2026-10-03.md","8092","b7e3b94142972a696bdd80ec2c5f0820615078465366321f400f1cdb40623b1a","tracked"
"docs/plan/references/owner-additions-2026-10-02/56c4947b88a7e300458b45f8-1.webp","118344","f168b2e785781322a95258447c7405591dc29a1e5059f46d117c564579ca33d2","tracked"
"docs/plan/references/owner-additions-2026-10-02/5e83227346177c16c343c9b5.avif","45619","d2579b6a2c03075266fe9dc86a9d0886458e74b62c802f0bef98843a0dabdca3","tracked"
"docs/plan/references/owner-additions-2026-10-02/image_27abdc40 (1).jpg","903606","206d0423238fbab1048f10ecfcd7fc7b08476e136ae48e57cf45900254fbb75f","tracked"
"docs/plan/references/owner-additions-2026-10-02/image_27abdc40.jpg","903606","206d0423238fbab1048f10ecfcd7fc7b08476e136ae48e57cf45900254fbb75f","tracked"
"docs/plan/references/owner-additions-2026-10-02/image_3a075f90.jpg","1052513","55ec26c047fe9ce7810496b470eccf359d87a0b4376ca0b9b64ff9b581ad0aac","tracked"
"docs/plan/references/owner-additions-2026-10-02/image_4eb3e86f.jpg","979847","e87a012b183a99c38380f19d6b4ffb34e2edb7cded0cad507adce10c4ba7c4b0","tracked"
"docs/plan/references/owner-additions-2026-10-02/image_4f5e15d7.jpg","993318","56db5c1042525e37148353c3ad95578455fcb976692e2b108f027060f205bfa9","tracked"
"docs/plan/references/owner-additions-2026-10-02/index.json","2777","8f96c89ad318e86c2e31e09868e52bd9c685de660eda4f2788f8ef2107b3235e","tracked"
"docs/plan/references/owner-additions-2026-10-02/REVIEW-NOTES.md","5519","2053c7755c2c98dfc4eb6344daf005a6aa066acb8214bf5d2f99b4e00ef5ec21","tracked"
"docs/plan/references/visual-targets/00_title_splash_screen.jpg","768875","11e81af16d9eadbd388065ebe269942e60379d59adf66e2bf09bce4e60dbd030","tracked"
"docs/plan/references/visual-targets/01_stone_age_kingdom.jpg","1026879","60544cc8ca7da3626190d198f6172f6528856f65e0bfbf461e8ac7a9849c00b6","tracked"
"docs/plan/references/visual-targets/02_bronze_age_kingdom.jpg","1055611","2771552c85531171aff76a4c7b461015522cf618fb97bca7c9ef6b7026c8324e","tracked"
"docs/plan/references/visual-targets/03_medieval_age_kingdom_reference.jpg","297641","3ec610d7734ea509a606a02884189365bb5409bfe39e297f4d1c99136bcb4090","tracked"
"docs/plan/references/visual-targets/04_gunpowder_age_kingdom.jpg","1046901","8df60fc41e6d63e2161ffb7f77babd935bcf39c6d20646e6c77c394092b14cb3","tracked"
"docs/plan/references/visual-targets/05_industrial_age_kingdom.jpg","1004704","22171eb4be3bfb63c63953535a0a6c4730c17c6480c6d8910c79bb8b68083a28","tracked"
"docs/plan/references/visual-targets/06_modern_age_kingdom.jpg","1030978","36c83d076e0ee421d53bfb46d72518223dc3a0b664b92c59798d2ff0ffb53106","tracked"
"docs/plan/references/visual-targets/07_hero_character_screen.jpg","770862","d829ad45e8204f3ab94ad3a5aee2b0d5737f120452181f1fd5ec59b167753b61","tracked"
"docs/plan/references/visual-targets/08_equipment_forge_screen.jpg","872261","20762b0ab9e7a9d324895c2bd8caa4872ba79a75a1d9fa2812062b857b887266","tracked"
"docs/plan/references/visual-targets/11_tower_defense_screen.jpg","947003","4849259a3d13e35f1d8a15be4177969279bbd6c1912d9a71794d6b7d365a84ae","tracked"
"docs/plan/references/visual-targets/13_army_roster_screen.jpg","334782","3b941e0e94b456c024bc37d3a528025735885e3f14dde392c49c0699f451d093","tracked"
"docs/plan/references/visual-targets/14_settings_more_screen.jpg","305979","c15b7441948eab8147ee35b5c463fc48b41bdb2ae859ad9163b20bc38947b2cc","tracked"
"docs/plan/references/visual-targets/15_starter_kingdom_day1.jpg","480790","c0febf5d62a36ac630956787a7eead05ad49e030029430bc2091ea3c3de27de7","tracked"
"docs/plan/references/visual-targets/image_1a731519.jpg","1150674","ae93eae8b294b734fb6d3a29aea1a63d45498b5781dbcd9ef7533e64a67ea08a","tracked"
"docs/plan/references/visual-targets/image_447bd8ac.jpg","1104855","9c5383719ec8311bebaba70294f9f697aa4e303d7d59c9e8ef6ce9da5a396d70","tracked"
"docs/plan/references/visual-targets/image_49c5727f.jpg","995897","27a91c9c6d4a120f5272857c8dd7aa34655f4f3ea85694a3664037a37dfc08d5","tracked"
"docs/plan/references/visual-targets/image_d2571c4b.jpg","1086290","b75ed3e3bf7b2d85f3c5074df5fd1ad908084536b55d36d4c214fa0a8adbd00f","tracked"
"docs/plan/references/visual-targets/image_d33c02c.jpg","1076660","e358838d52ee7e88723afb54aba37ae1094a4a5434b0d81f6220a86f9ef692a5","tracked"
"docs/plan/references/visual-targets/image_f1fc2a4d.jpg","1088805","7ffb4bb3810a4850540bb1b27af4fd792e91cdbfcc2ff34f84ac24d57409fed3","tracked"
"docs/plan/references/visual-targets/index.json","5310","17ad77e31fd65d78096afbc2e5afa0f43dcf6cb6816b8b3d36efcc9e1b2ea058","tracked"
"docs/plan/references/visual-targets/README.md","982","c9a4c29e0f157bd4d52a498d86f0bf54d6d6416fcf4c2892797fc067cbe5fda3","tracked"
"docs/plan/REPLACEMENT-CODE-AI-PROMPT-2026-10-03.txt","16479","f49d436936840d3868620c2fb166dd0d63de133283a80281f77ba29642d5fdd1","tracked"
"docs/plan/REPLACEMENT-DRAFT-THREE-ROLES-2026-10-04.json","7139","aada5eb8a207d461223a97a4e35fac4642c19e7cd8bbe18d6948c67b44afd1cc","untracked-addition"
"docs/plan/REPLACEMENT-DRAFT-THREE-ROLES-V6-CLARIFICATION-2026-10-04.json","3535","d9564c16c84cb68e230ddbe39d919a1036fa498377643b19085ecac4371864e0","untracked-addition"
"docs/plan/REQUIREMENTS-MATRIX-2026-10-04.md","6906","ff5781d8765da279a4ab3ae1da92e2e19a6cb602382e2f2c383159a736aa37d1","untracked-addition"
"docs/plan/REQUIREMENTS-MATRIX-CANONICAL-2026-10-04.md","6737","1b08bd450f52f10299755d3111650b876bcd1984805ef6792ca7431bfa43e231","untracked-addition"
"docs/plan/REQUIREMENTS-TRACEABILITY.md","14259","8fbd30496966b4d20cdcb1668f712b3095fcf9899bd9b73dfb600684a75a409d","tracked"
"docs/plan/REVIEW-AND-STATUS.md","18080","db04f765de9d523c74bda5feb0fc7b18cdaa624faee23697478e7811636025fd","tracked"
"docs/plan/review/all-19-user-references.jpg","847780","88b2cb7c8a5add704f293ca6f8b7ad2d4241fd782b486859a4b379bb19cbef74","tracked"
"docs/plan/review/candidate-1.jpg","157413","a31c6f66bce203936d5dcd08adba1ffebce1e94ec10dae63267042ec106c9626","tracked"
"docs/plan/review/candidate-2.jpg","114745","2da5538d838ab6a68faa3af4cf00d87032d82d6ec7223c73669a2ae23d63a3c0","tracked"
"docs/plan/review/candidate-3.jpg","158388","ee34d8923b82d9e7d1f788f27c824bb7d4962c78fc6ef3e1fe8d0eb5dba22a5e","tracked"
"docs/plan/review/cross-age-and-raw-categories.jpg","245679","8def4d6d419e4d896b3706cc4cbef7a493e842767076cdce33c5fce11e48fb8b","tracked"
"docs/plan/review/raw-other-ages-1.jpg","449129","5aea85102143b98c32eab8dd6400af4f078dafa9503740ccb7dc82c1cf8a9830","tracked"
"docs/plan/review/raw-other-ages-2.jpg","378332","5957420ec68b088cf95340f476e84e259ba21e1ba5bb61ab4626e3f78654c242","tracked"
"docs/plan/review/raw-pano-1.jpg","421233","cc8a738c809393c00dac23de31ad746ccd9c50492287f469eeb33e0d9ca4dc5d","tracked"
"docs/plan/review/raw-pano-2.jpg","223075","6652ba45364e24f8204cbbbbbe959afa05d00c8e38aff5b960573cfbaca419e3","tracked"
"docs/plan/review/raw-terrain-1.jpg","327523","b9a5dfa12a740f0908249f54b0c393207e83d96a84963df8d78b6ef828f8e27a","tracked"
"docs/plan/review/raw-terrain-2.jpg","181176","b9561895dd2aa9f9812027dc49e94d292da78fe5192eba8a6026a86c1c2ab660","tracked"
"docs/plan/reviewed-art-ledger.json","49883","b0af35e7e48d8178f320ecbbe0aad2508c428d7b55d72dd26d0c5273cf3c34be","tracked"
"docs/plan/ROTATION-AND-MOCK-COMPARISON-2026-10-03.md","9030","daf10653dbea79096d90f67ea823605536e945fbd3597178944c64d5fca85488","tracked"
"docs/plan/SOURCE-EQUATIONS-ADDENDUM-2026-10-03.md","18208","8e2806545d48b5d8887929902afbb4cc87f2a2dffd70dc78434511bb7526b711","tracked"
"docs/plan/STORAGE-CLEANUP-REPORT-2026-10-03.json","52027","e6c312b41be0b8555f1e3053290c864026f9f4a69e59b6e465ff0102c94f9f0e","tracked"
"docs/plan/VERTEX-MOCK-READINESS-2026-10-03.json","2173","7279c2a8e39f39014fb594e5a0cacb70f069a5fbc78099f4e550a91a180b8a42","tracked"
"docs/plan/VISUAL-DESIGN.md","49247","d34b77ff65c0cf1a25fb2ec35fc602183be492a39fcf0528bf3e9bd13081d172","tracked"
"docs/plan/VISUAL-REPAIR-NEXT-PHASE-2026-10-04.md","7692","8d6e32f9a4e20df9746e864bb273e0c863fa6d7c397171c9128ae07dff06873b","untracked-addition"
"docs/plan/WHOLE-IMPLEMENTATION-PLANNER-AUDIT-2026-10-03.md","17505","cfaae723a66fa755129bd3ea3a581c266a71bb5e519e77b2ff77d2249b7c3e72","tracked"
"docs/plan/WHOLE-PLAN-INDEPENDENT-AUDIT-2026-10-04.md","21607","d362d2d813be4e5e8741733db9461f2724a3fb99c554f5657afcc34e97d16fcd","untracked-addition"
"docs/PLANNER-VERIFIER-HANDOFF.md","42386","03c180e13c746a0ccb233b219882a9182d20e605220ea1bba3fedcac8742f9c7","tracked"
"docs/SESSION-HANDOFF.md","107516","a995585ee042a9f301773d7fcc26ee031d459f646b931b7e837268caec7ba2cf","tracked"
"docs/storage-cleanup/after-2026-10-04.json","1480","0e3520b3842910da633460f01b452a5ab9b965d8463ff22f1c7d8081f1ef9953","tracked"
"docs/storage-cleanup/android-intermediate-removal-2026-10-04.csv","229461","1bdfdc1b9997b8c298c8d304869dea30b7ec6f4193e97cce228fb844bc5605ff","tracked"
"docs/storage-cleanup/archive-raw-responses.py","16150","f53fc933078f4c415a7a885887a7a0c6742c93a11e9ab76a3573879409cd2805","tracked"
"docs/storage-cleanup/before-2026-10-04.json","72331","a8008f48714001aa950a9d0c6e80dc4d05e4afa821da01b204a368b2626609bc","tracked"
"docs/storage-cleanup/cache-removal-plan-2026-10-04.csv","1485","085c11a24537a158ad5bf4bb561cbe7e60a979544be638ddf1de70d0f671e6d2","tracked"
"docs/storage-cleanup/deduplicate-2k.ps1","2259","794a6914f2ba5930d3546f9e5e533a09f057608b4d8aa36b9acfce1e53b8d5a8","tracked"
"docs/storage-cleanup/deduplication-journal-2026-10-04.jsonl","30416","fc9ce3001644383e3bd34de86743a27a28b168cc1b1bb2eebfa38345331a5392","tracked"
"docs/storage-cleanup/git-integrity-after-2026-10-04.txt","0","e3b0c44298fc1c149afbf4c8996fb92427ae41e4649b934ca495991b7852b855","tracked"
"docs/storage-cleanup/git-object-retirement-plan-2026-10-04.csv","290803","542e74ca082a255b2a57b237bea7db0493c7f35f114848fc0b90fa1a94edd273","tracked"
"docs/storage-cleanup/git-prune-cutoff-2026-10-04.txt","12","fa5cbada35fb2cee4bdc98956c8110d68cba903959aa3f0ceef4edd41057fd3c","tracked"
"docs/storage-cleanup/git-prune-dry-run-2026-10-04.txt","76292","666d5d6f61baca2fc633546037149fea252f497a108361de0a27d93128cba40b","tracked"
"docs/storage-cleanup/git-unreachable-2026-10-04.txt","94656","d2f551aef44ee6d40d3296f9c68f01237f98e15e54468b287ca0f20b88727f06","tracked"
"docs/storage-cleanup/ntfs-compression-2026-10-04.csv","43727","0d6c2129b7d9b0f38e47c41fba99037e402946419257dbd022acb25fdfc5d91c","tracked"
"docs/storage-cleanup/qa-before-2026-10-04.json","72","c4b0b8fc0c9ddf90edd3843334397cce77f75614b40d171f4fbb1f156b25a1a9","untracked-addition"
"docs/storage-cleanup/QA-CLEANUP-2026-10-04.md","3852","3fee5b561a67057348057fe94ae92217cd485e350a53f5ff4ae57438fd8c111c","untracked-addition"
"docs/storage-cleanup/qa-helpers-before-2026-10-04.csv","17071","edb379fda64954cf778f51030eb169191418d847777d49f5fb665e22f2f85b18","untracked-addition"
"docs/storage-cleanup/qa-preservation-check-2026-10-04.json","4614","7de2b9fb3423de3b8dd8c9b547e6539a55fa7e4f8e7bc79a77969f56644f5bd0","untracked-addition"
"docs/storage-cleanup/qa-retirement-journal-2026-10-04.jsonl","2283","d6a7db6681c83bc08bc5a0d497770c2540ccaa70edd7e22320514a4abaf71f6c","untracked-addition"
"docs/storage-cleanup/qa-retirement-plan-2026-10-04.json","497114","955cf9562492dfd28934ab17c5ae0c28d54f8fc664adc519fa1de65a44a9bdc9","untracked-addition"
"docs/storage-cleanup/qa-retirement-result-2026-10-04.json","360","86cc0a96561becfc3c6627f56c054b767c79971c1d93ead79c5c166ecc23f881","untracked-addition"
"docs/storage-cleanup/README.md","6295","973cb37ec0567fa515441c5d6e75fb9b1ab6ef3d3806086621e2a5889c193506","tracked"
"docs/storage-cleanup/restore-qa.ps1","1712","4c5c0cba84e7c052340d87796a750ef585b460509186a31e8615bb0f92c670bf","untracked-addition"
"docs/storage-cleanup/retire-qa.ps1","7923","08762f6ca695946402d57898343275fef4c3b242e0d6098ffd7180b4aff8bbc9","untracked-addition"
"docs/storage-cleanup/retired-object-archive-sha256.json","197","64958c11558e7ae9a21d6299f77e22acd0f5c54f5937de8fcdfe29f2df1b1b11","tracked"
"docs/storage-cleanup/untracking-preservation-2026-10-04.csv","22032","8b5bfbc23a7fe91998004a7c62914a15bf0aa9a8fb4b8d837aeae93c6a0a98e6","tracked"
"docs/storage-cleanup/verified-duplicates-2026-10-04.csv","20242","a2394e3ca5cc1480ba33110dfb053631bf30d045f84711ccc50f74e8f107c884","tracked"
"index.html","1502","945fd6293434cddee16686c56e48af5f51e0366346a57b76534dfb0885cbd806","tracked"
"NEXT-CHAT-MAP-PLACEMENT.md","3706","d750c8523cf46629ddc0d4fcd0b4a8580acd1968c7463cd9217d9d809216d601","tracked"
"package-lock.json","25449","8b11856bae4e11f04c3df6399e70ebfd579f35fe59015c923f48036014d66e10","untracked-addition"
"package.json","484","6027d74afa8a33f46c297ae9f6dc2ae3275832102958b521f3471ba3e9e5b909","tracked"
"qa/asset-audit-20261003/association-check.json","17506","b240bdbea29426b36bd01945fb8bd0e3ba996ac26a6fbfa3dd7f0ec07515f689","tracked"
"qa/asset-audit-20261003/diagnostics.py","3601","dfb935ebc3f59cfcc721632edeba5e942476df1ab736226f754a811481892e0b","tracked"
"qa/asset-audit-20261003/handoff-update.json","942","35d05da44c979b9d7feda0d49b01de079c917ba17cf43ad4f05622b3b04482de","tracked"
"qa/asset-audit-20261003/inspect.py","4340","94b16c45e8cb8b161b69dc46d69771e063b37db7b94d1509032f100b1f8e6c89","tracked"
"qa/asset-audit-20261003/local-snapshot.json","97682","b80d108fb4c3147c61b3a4c889835b350707418c955edf457bf8415f2d12d2b1","tracked"
"qa/asset-audit-20261003/record_review.py","26842","6ab5fe1fe01adec4b4d6756ae6f094aad3162c9754c1e942d7c5cd2015e37198","tracked"
"qa/asset-audit-20261003/validate.py","4348","6ba2f5602848668fcadc9bbe00e97ad0b0068979487582226daed4ad3d8417b8","tracked"
"qa/asset-audit-20261003/validation.json","2795","781732fbbfe8b6edbfecef3e1085475e81ee81268265b4b733f61872baf9507b","tracked"
"qa/benchmark/kingdom-registration.svg","2294","025feb6a08baf0b9fc3c63241b1e09e607c28d740bdedc17203af6c1ee41cbb6","tracked"
"qa/benchmark/render-check.json","176","d905f68a426002ccd47471c6d16fc83aa99d7292a7fe436ba7f2b373f11483b9","tracked"
"qa/benchmark/report-before-dynamic-discovery-20261003.json","276750","5e503c39c1527efa40992cc33a58933fb5c0f14372e1a0e85b7bbadd6ab15612","tracked"
"qa/benchmark/report-before-post-candidate-20261003.json","431746","2dd2807c20bdbbf74afc9ab57282dbc9f2ccaf306cfd8823eaf7829c45978f95","tracked"
"qa/benchmark/report-before-recovery-correction-20261003.json","103200","97a94b7f8b214fab6a52b3254a8d79c9291ca8bb2f39e932b61ca06d19edf944","tracked"
"qa/benchmark/REPORT-before-recovery-correction-20261003.md","23316","f9998d4e53b9643dbd9def1edd8289cf705a4b88626007e3db2cc995aef3a1df","tracked"
"qa/benchmark/report.json","554937","77d4e6596de24e2df2e6c1d6dec2b501e4a3edc7bcdb76e8068e3983e23fff9a","tracked"
"qa/benchmark/REPORT.md","93959","4f6cb7dcc08ae78311074812efdce4632ff06bc7a8df66627b94b3586321e2cc","tracked"
"qa/both-ai-plan-audit-20261004/control-probes.py","3517","cf3a5b98b2aee105fdb1f56458c96b57a010fff10a995f821073b6e3f419e532","tracked"
"qa/both-ai-plan-audit-20261004/deep-checks.py","4512","0225b358cc18eaf53148be6e5b1d6690ccaf7bf54bd3d40693e24396fcf60036","tracked"
"qa/both-ai-plan-audit-20261004/inspect.py","8211","4c0ecced4bdcf662a7b50acefba4d503b8fac404438319741ea609366a3f3848","tracked"
"qa/both-ai-plan-audit-20261004/natural-journey.mjs","4252","831b782337565e6dcc2c393337df638f028f8f28af6d05d5011d9e3cfa63fa23","tracked"
"qa/both-ai-plan-audit-20261004/publish.py","6200","b996bd454a50b26b32f49c8374041447bbadb01342932ba0443c1b5b83375c9c","tracked"
"qa/both-ai-v3-independent-20261004/audit.py","10613","1c379e7dc14ca6f0bfc50e73cba5553ef40afe3418b28ff736777123e280f9a0","tracked"
"qa/both-ai-v3-independent-20261004/browser-extra.mjs","3125","114c81f1e0c23da553425e1283c397dc68e5253b61da7a984543a9228c89f825","tracked"
"qa/both-ai-v3-independent-20261004/capture-reproduction.mjs","10230","a28b1bb54b5a8962e09d0b4c628395dee0e983b2965266cd21bd0e38179f5c68","tracked"
"qa/both-ai-v3-independent-20261004/controls-extra.py","3821","078fd2eb022080abb800f5c5562a22cb077cca6d52cc2932e91346cb2ccbfaa7","tracked"
"qa/both-ai-v3-independent-20261004/controls-sandbox/interactive_runner_continuity.py","59038","8bcfab7a53879460ca6400fbcd4a3bff21fda09b5324f6424e1cb3ed436cb2ba","tracked"
"qa/both-ai-v3-independent-20261004/controls-sandbox/rerun_producer.py","8058","85bff822c952ed43ba54e6776432c6dffdc4126c8a65d66670bd4709c4318798","tracked"
"qa/both-ai-v3-independent-20261004/source-checks.py","3711","80824c02ce889b5f539ddce7437ac97065b74f21cfdee1ab2962c16c80636a76","tracked"
"qa/code-art-assembly-20261004/horse_rows.py","818","d5e0a560f096de0604fbd66020406fb10be61f1a9cfc7bf7f2cfef1edb7413dd","tracked"
"qa/code-art-assembly-20261004/patch_horse.py","1607","c2743ca8b233585a89f691b34c9190a66298463fcc7088fedb4aab87d156e4e9","tracked"
"qa/code-art-assembly-20261004/solidity.py","447","3e524dc739159b8ac721353e06fdb3556766d85d6ddb0aad5f88ff57dc40b207","tracked"
"qa/code-art-finish-audit-20261004/browser.mjs","9663","ceba076b72aa288bb07a7e9d2470a0c950ebf184a843abd80b0ed930c4609599","tracked"
"qa/code-art-finish-audit-20261004/close.py","1390","7a12e8b4346f305a58b92eaa3dbe856140a7cadace605e75e87544ce025c994b","tracked"
"qa/code-art-finish-audit-20261004/journeys.mjs","4831","3b05ee5347bc6965ed8657a26534df2f12625db73d0b12b8e57fe22fec52c1a5","tracked"
"qa/code-art-finish-audit-20261004/natural-journey.mjs","4252","831b782337565e6dcc2c393337df638f028f8f28af6d05d5011d9e3cfa63fa23","tracked"
"qa/code-art-finish-audit-20261004/prepare.py","5639","9ca36493d3e3dd3c4aa597483118bd105272b4aa59c324bd6df38a6303361d45","tracked"
"qa/code-art-finish-audit-20261004/probes.mjs","4139","f85e77ab222ffe3f773d9eb6cd79fb936a52c2cca4d75ba12507f4d5cfa489f1","tracked"
"qa/code-art-finish-audit-20261004/publish.py","3851","f1f9628b4bae6fa16cdb2bbfd0e04ca8d24fac5e712652cf303bb94a20b50dbd","tracked"
"qa/code-art-followup-20261004/browser.mjs","9758","895920f2b9531b2cc1bb7454023e9bcb4187b99a85b02493d0d56f912b72316a","tracked"
"qa/code-art-followup-20261004/creature.mjs","4037","f570ed68b4a3716757e41d9567432dc0a9529681130aad22c8db0d557e6bd6f7","tracked"
"qa/code-art-followup-20261004/journeys.mjs","4831","3b05ee5347bc6965ed8657a26534df2f12625db73d0b12b8e57fe22fec52c1a5","tracked"
"qa/code-art-followup-20261004/probes.mjs","3608","1765affca55aa1c6ece28dbfb0832b721d80967363a83c2a39c807880b8bce63","tracked"
"qa/code-art-followup-20261004/snapshot.py","4215","c21eda127a0be3187dcb1811303a6d881cad43d91100de140d6bf0b1b5588aec","tracked"
"qa/code-art-next-verification-20261004/browser.mjs","9663","ceba076b72aa288bb07a7e9d2470a0c950ebf184a843abd80b0ed930c4609599","tracked"
"qa/code-art-next-verification-20261004/close.py","2830","3a8691bb0ac1b18a5554afeb459c01d5f4e9be7544881c1cf6eb707c7b1d3ef1","tracked"
"qa/code-art-next-verification-20261004/creature.mjs","4037","f570ed68b4a3716757e41d9567432dc0a9529681130aad22c8db0d557e6bd6f7","tracked"
"qa/code-art-next-verification-20261004/journeys.mjs","4831","3b05ee5347bc6965ed8657a26534df2f12625db73d0b12b8e57fe22fec52c1a5","tracked"
"qa/code-art-next-verification-20261004/prepare.py","4892","4d53d28d4c773c72a599f2620b8012368ea0d7039200b0fc89fccc8619477720","tracked"
"qa/code-art-next-verification-20261004/probes.mjs","4139","f85e77ab222ffe3f773d9eb6cd79fb936a52c2cca4d75ba12507f4d5cfa489f1","tracked"
"qa/code-art-next-verification-20261004/publish.py","1944","c1d5de9354685c9bd8b0834f33c812fc3a043cb4a5ef638b153a17ac4f543caf","tracked"
"qa/code-art-verification-20261004/audio.mjs","1664","0e2989c6e19ebfb5cfdbfaa9ca92be357d12269fa5cec3fc8f2e1f7fbeaab9fb","tracked"
"qa/code-art-verification-20261004/audit.py","3988","e863252b8187ff7982c11e7ed7ed640565c35be6e66c4e2443b989591d03d75d","tracked"
"qa/code-art-verification-20261004/browser.mjs","5430","35e576da5deb724d38e3e6e49aaa21d787e9ec1490986794887893d4e86129a7","tracked"
"qa/code-art-verification-20261004/finalize.py","3908","61b28edb010f38a44eb9be9ca914f4bfd43f9110c8985d518c5268e487202565","tracked"
"qa/code-art-verification-20261004/geometry.py","1913","648f2aa8d7096333cf9b50554d753789bd1cd2c30f0c172a35cc27bb0d519ebe","tracked"
"qa/code-art-verification-20261004/plates.py","1071","03f1cd575f572e6f499b61d0ba7fbd0d3d713e8aa2e1209b78a1a5b1e75f544f","tracked"
"qa/code-art-verification-20261004/probes.mjs","2804","cd85c1d47b5b32c8fb5e0c89bd17b40e669d3673ad8d161ce56312ecbca6f14a","tracked"
"qa/code-persistence-audit-20261003/finalize.py","4240","1a7a315535222c1f70fe531157c3459ae24ba2bbc76ba22bfb09b45d0a7371f0","tracked"
"qa/code-persistence-audit-20261003/highres-refresh.py","1347","9e7392370a7a81dfd8fd7d84b86c97eaf01259538915dbf90d3d6f18106f364f","tracked"
"qa/code-persistence-audit-20261003/probes.mjs","2355","3a937861fa49a80d5b177b891c14d0ec025097579966eb8d2d2c192b89ae06bb","tracked"
"qa/code-persistence-audit-20261003/snapshot.py","3576","8e9d9f0c8383192a721fad77ae49b7213f4c1b9b30097cc1f9e5b4d0af3146c0","tracked"
"qa/current-game-image-refresh-20261004/audit.py","5816","02081eb0bee52ee353bb314f60fa164ce7b65feb69dc99511409108578032431","untracked-addition"
"qa/current-game-image-refresh-20261004/diagnose_geometry.py","1255","cd277c69d10c756f524a77ba92e5e87ad6aab8ac36b5f623dac81fdc13589370","untracked-addition"
"qa/current-game-image-refresh-20261004/finish.py","1751","919e055aa14b804acf15a1b198cc30aaa784e0e1c9f4d360bc6deef53e772346","untracked-addition"
"qa/current-game-image-refresh-20261004/publish_handoff.py","2645","11d71bf82c1b3501f2bbeebd5e8ca3191830b8f4f3195cab8bca65b6bf9717aa","untracked-addition"
"qa/current-game-image-refresh-20261004/reconcile_image_explanation.py","3170","bce16a8c3778939d604d44b145b81472876c61385cdb5a3c8cff1f4f20e6b1ba","untracked-addition"
"qa/delivery-20261003/visual-gates-current.json","971","01f86ecb1427cd6a90b74a693c20a4137936d239d888f21140afb41c13d693e7","tracked"
"qa/delivery-20261003/visual-gates.json","5688","34ad9f6956846e9de3534e656cc1d87142d0b2d387adefb0608cf9b1ea70f8f3","tracked"
"qa/foundation-start.json","326","01881feaa1d10054a541460b62e95b143ee03992826f4a050c1929447f9c71a5","tracked"
"qa/full-asset-verifier-20261003/all-source-review.json","375539","c19f7e0f45add202ea1ed8cdfd8d3490b8255541435230bd8c8d7dbc8b31de9b","tracked"
"qa/full-asset-verifier-20261003/alpha-comparison.json","1127","6856e35b08c4767180b89c06f118f9aeb7a86ce2200a2d9cbe0b61549f2ae1a8","tracked"
"qa/full-asset-verifier-20261003/associations.json","88961","208ec07431804eec5ed451c1456698ac92a1b8f86442abd786629b22823d4659","tracked"
"qa/full-asset-verifier-20261003/associations.py","1880","4a97763795ca04dfdcbebc3e9e48b4a4d9a449acc406323dfd2a6dfc1de00ac3","tracked"
"qa/full-asset-verifier-20261003/current-delivery-review.json","16984","72123d47acce20f0880e08fdf243fb5aa6c38e25ffd22afbab51597e2751bb47","tracked"
"qa/full-asset-verifier-20261003/current-gate-checks.json","3182","4c1ea50210565385ed5d573e813c839b9de784698045463a158aa36c9a04b53f","tracked"
"qa/full-asset-verifier-20261003/diagnostics.py","2826","af6782ab07125d84be12d57a2a7c40c88030aaaeff2ceabb5dbc1af252ae8f94","tracked"
"qa/full-asset-verifier-20261003/final-report-checks.json","1871","2d82558f1f83230ebc085f87519cc6b0d3361bc60a5a73a8fe509189d09aa90f","tracked"
"qa/full-asset-verifier-20261003/five-batch-authorization-checks.json","5498","7df0e6b3ba02afa0bf72230e5832f4bb69c00cee55af829b3b9814430061947c","tracked"
"qa/full-asset-verifier-20261003/inspect.py","4141","4991b0e3faa9c36ac702196514d2566122008692c1b6e3b53c820f54912e79ba","tracked"
"qa/full-asset-verifier-20261003/inventory.json","266934","fcbcc8f87c01a9b10ca48dbc0b250b2f922092f56b739917bd63a5352aca2623","tracked"
"qa/full-asset-verifier-20261003/mask-distance-diagnosis.json","333","6f9231880589d5d782f173b48f57412ee3892c159feab063373e6765a109e9d1","tracked"
"qa/full-asset-verifier-20261003/planning-history-preservation.json","4168","ac7a77484a76c1ec97bd5b3952d34d814a650ebc258496ebd79fc5e1816f867c","tracked"
"qa/full-asset-verifier-20261003/protected-input-snapshot.json","152094","abb77fbe7de151ee8f2d7dcaeea7f704a5f350a140a08aaaea64617dd807128c","tracked"
"qa/full-asset-verifier-20261003/record_five_batch_authorization.py","4469","dc6128d1908b75a4a37c5f2ad4383e6e262c2f7ad85696388d924adb139234ee","tracked"
"qa/full-asset-verifier-20261003/report_snapshot.py","15050","3c91f0e7a8b05a9ae3e9f7c72ffaffac7a705d05729bce7be65e81079126e95a","tracked"
"qa/full-asset-verifier-20261003/restore-manifest-draft.json","289824","2f081eb24985aee8b79b4f4e136f0d5ff64ea40bfba93163984431bfa136ce0c","tracked"
"qa/full-asset-verifier-20261003/summary.json","439","c7f095de6c13c255197833a52826ff1864af7ce957d4b761a99d289e5c8f4946","tracked"
"qa/full-asset-verifier-20261003/update_planning_pointers.py","5331","62b502878241d4c711bf3584e2c839366d010bc8d05e926534b78947acf72be1","tracked"
"qa/full-asset-verifier-20261003/verify_report.py","3431","d7b3662ac024964a297408aef63613a604ae7439221a71c6f36bb3559cdf570c","tracked"
"qa/image-executor-prompt-correction-20261003/final-checks.json","3112","eaa54394d9e7a126f6ea373883d25cbe425371281bd0adb65354cac2e67b525d","tracked"
"qa/image-executor-prompt-correction-20261003/local-evidence.json","76473","e0a7915bc9aa668c744848460e6a03627d556b29c1375e38a319ceefc5802cf9","tracked"
"qa/image-generation-start-audit-20261004/audit.py","7091","85c998e2339cdaeefed8daa6dc87f8653d7aee1a37a3d922f4976c553ea02105","tracked"
"qa/image-next-task-20261004/audit.py","12075","d331c707a8f251e2d0c25b11877f198d5153d54a9c7a34dd802972bf30092b6b","tracked"
"qa/image-next-task-20261004/extend-audit.py","4272","76e52a45d680458bc7570e1f0abc9d92ba6ab855d938364c31a984be9026224f","tracked"
"qa/image-next-task-20261004/handoff.py","5722","6e98ac0fe219de8c8e97417487afb890df6c293104995515e5f86eca9d7f4f9f","tracked"
"qa/image-v2-independent-20261004/audit.py","4163","fafc1b9a333b19de4fc2628cd5e4cc39227906019e391e5e414e2253aeb0bd92","tracked"
"qa/image-v2-independent-20261004/controls-sandbox/interactive_runner_continuity.py","57805","f3d645b29d152fbcebd3d1a0f6f2eb171a27dc96a4210a39d5df07a99446bfaf","tracked"
"qa/image-v2-independent-20261004/controls-sandbox/rerun-producer.py","9270","1125773c2df6fa80cb81940bce340dfca4d3a26655fd4f97eda916f84766b294","tracked"
"qa/image-v2-independent-20261004/controls.py","2238","c6490819272276197ddde1883c20be300e48da4552fce3647ae44009ee30da2d","tracked"
"qa/image-v2-independent-20261004/final_checks.py","3397","41a0419e6e267ff7fb3f5ba12b6a168a0befbad76f87f2a27cf7848c79697407","tracked"
"qa/image-v2-independent-20261004/preservation.py","1257","e74d4b1df064ea007d51aac3cb42bfe7bfae693619a12729506b6e244eecd9ca","tracked"
"qa/image-v2-independent-20261004/publish_dispositions.py","2294","2ea4ca043a40adc786a6c71c1e54686f4a4338184c666faa55834c20e533440b","tracked"
"qa/image-v2-independent-20261004/publish_handoff.py","2880","c72c6271db28f04577c7209720be6eeca2a6e68cb8c4f74cb94c23a67ae64f0c","tracked"
"qa/image-v2-independent-20261004/reuse_binding_isolated.py","2128","8a8938f44eb027276a0feda68416bf7519b5308f2dca95df181abf0ad66251d2","tracked"
"qa/image-v2-independent-20261004/supplement.py","5851","2a1bcf0b44059a1516884bf2430575cb8a2ee5b2b876cce1903dc6fda9c857c4","tracked"
"qa/image-v3-isolated-controls-20261004/test_repaired_controls_v3.py","8013","e59d13884ee5884ba63a69030042fc5a3b3218b463f6621d2a895316775231a5","tracked"
"qa/image-v4-isolated-controls-20261004/interactive_runner_continuity.py","63770","aec802fd992ce3f06f854d9bb03fef42bca6321217eeb05e57d24f844ef4b9f1","tracked"
"qa/image-v4-isolated-controls-20261004/run_controls.py","11154","e1ceabe9c8cea7c71d691122c196a23995ada5fac04ca5297c577a00b1eb164d","tracked"
"qa/kingdom-image-progress-20261004/audit.py","9088","5d34caa19d0c9a6568f844d86c19ebdcfaae7a7d4628bce491310ded9b417a81","tracked"
"qa/kingdom-image-progress-20261004/close_handoff.py","4353","6ddfbb16245802dbf6bc74cf130153ed81a7806a07c1fbb679643aaaf90fd690","tracked"
"qa/kingdom-image-progress-20261004/extra_diagnostics.py","2592","ca3c5622b437c125aade4795348f3163d7e5b219af660120df0e5ec2c1e02b3f","tracked"
"qa/later71-independent-audit-20261004/audit.py","5231","da38bbd42e5d91244b5d66a9ab92f2516612ba1a9957d33bfb252fc9b6778733","tracked"
"qa/later71-independent-audit-20261004/controls.py","3578","73d319fd62ed929e319ac0d8ae26e60e07b06ec2377d6207fe41e3cb8373539d","tracked"
"qa/offline-controls-repair-20261004/test_repaired_controls.py","9006","dbab8acef5d46ae63e557918f36530f33b6dc629e3c3da2cb683af1cfe826b77","tracked"
"qa/planner-layout-audit-20261003/artifact-checks.json","11408","5d20afedb8b66818db281f932bcb2920b669fa3dfe968f42fc770c725aa1bbbe","tracked"
"qa/planner-layout-audit-20261003/browser-checks.json","8308","37c04e06341b11030118009563bb49d96c1c826c3ff60d26da88c4aca79b4b52","tracked"
"qa/planner-layout-audit-20261003/browser.mjs","3357","aaae632f04c183d7b0e6f584f3ced9f5874f9d2f0175df3fdbafb6865a65539f","tracked"
"qa/planner-layout-audit-20261003/core-probes.json","212","4e9721bc9176b1872514c858b4961f06eedd23956cf93618c3326582447b21d9","tracked"
"qa/planner-layout-audit-20261003/core-probes.mjs","1451","e638b438570a0915131c84a92c82b41e5a07de9f3def85244726bc727aea484d","tracked"
"qa/planner-layout-audit-20261003/handoff-writes.json","1601","b7df2ce81ab7d382329046a76de348e8d627b85afb8753440f5d7e4020b00301","tracked"
"qa/planner-layout-audit-20261003/inspect.py","4655","ae5a1cffb13641c78008c87d37e66cb788214d0326551ac546e85ae4d480b6b2","tracked"
"qa/planner-layout-audit-20261003/publish_handoff.py","2812","68ebb1892d8e217b2a082c17d957459a25a46859a7b9f0910a4c79daa6d1850a","tracked"
"qa/planner-layout-audit-20261003/scope-checks.json","5419","f88060920ee1931f10fe7173eafa9dc77adf6041cf5f469122e63e7046629b79","tracked"
"qa/planner-layout-audit-20261003/scope.py","2361","6546f0ef7461442182d61b2abb1712a819259e71a16884c8a2ab38d43d04e099","tracked"
"qa/planner-layout-audit-20261003/scoped-test-result.json","242","78cb03c3618904e7e885748346090f1f0d9d018048d8e63e328ba1c12c7ca790","tracked"
"qa/planner-verifier-v3-20261003/adversarial-gate-probes.json","756","a06acf5dae2bc0787be619969db865d3a22ca7fbb530767338d552a58929885e","tracked"
"qa/planner-verifier-v3-20261003/audit.py","6250","9206c002bf8bf3da3ffd28ea4cc1b5efa3ff977babd4e94f9cb6fbd911d90726","tracked"
"qa/planner-verifier-v3-20261003/current-originals.json","97473","e1e6f957a35272a52cd322bdd576f37f862f5f42d9600bfe0a540e8f6c33d01b","tracked"
"qa/planner-verifier-v3-20261003/detail-checks.json","4585","15de4c22d694635d4b74a7a9e654abc35913d10080ac4c21cbbecc590407019a","tracked"
"qa/planner-verifier-v3-20261003/detail-checks.py","3433","f1bcef8f0724b7eab1a5d92d9ba5c112799e17609d86e87b8f9bca6d705df789","tracked"
"qa/planner-verifier-v3-20261003/dist-scope.json","1755","58370ad12c2e9b7f30ebc5021ad85a6c4f054c7c1c65712d92d8876051612a35","tracked"
"qa/planner-verifier-v3-20261003/final-checks.py","3692","4c2e68c37aab69d692b6c126e90832d75f9cf5b4a3ae1e5473009d7862d1a8fd","tracked"
"qa/planner-verifier-v3-20261003/final-planning-refresh.json","2800","ddb0c1edd1b014505621d20706dba1d41b6739c7102b9a3605bb49a75f741132","tracked"
"qa/planner-verifier-v3-20261003/final-report-checks.json","25932","c5050a6dba9fd00698f5d84fce8b8c3ec41fc996d9047929dcfce08fe21bc78a","tracked"
"qa/planner-verifier-v3-20261003/finalize-planning.py","4234","f5df0cc284988d1fc992a30bd5ac243a53984791e5569388a8b2624b481e90f6","tracked"
"qa/planner-verifier-v3-20261003/formula-source-provenance.json","3439","294cde2cc19e690807b394cd68be8efb9f61f4ed71acc2726a6b0a49d30eaa02","tracked"
"qa/planner-verifier-v3-20261003/framing-proposal.py","1520","b69c274935b50607e9e5d5f3cc4e77bc5baa8ac9070a96236e730dcc75b3706a","tracked"
"qa/planner-verifier-v3-20261003/frozen-data-source-checks.json","4093","56a3fe9a60890ec6b335ebf8adf35bc0040d57a1cecfd252a817195b955c6990","tracked"
"qa/planner-verifier-v3-20261003/gate-checks.json","522","05dcb4a9446a6d750514e59ff0ca30b2a09cbf302d692f6d697bf7ba3a330e3c","tracked"
"qa/planner-verifier-v3-20261003/gate-probes.py","2011","107c4e88bd1b0dd576f5f529d4382722a6777deed4be72d6c046cdbba56c2417","tracked"
"qa/planner-verifier-v3-20261003/incremental-collection-refresh.json","21491","2f26d52deb7fabec3dda76551d9533126ab36f09c722618c34bcfc8c5882d856","tracked"
"qa/planner-verifier-v3-20261003/independent-pixel-checks.json","1438","6be4b0e7f917998ffca0f125209841ed3a731ce3ae6b2c03c1b0578cd0362dd6","tracked"
"qa/planner-verifier-v3-20261003/joined-rows.json","295104","4b9de35fa05eec3a2afe7654b7fa166e27a72c9a6233974d27554c6ea76920cd","tracked"
"qa/planner-verifier-v3-20261003/planning-updates.json","3276","7d1bee0a7ee175e376d9f5e1fc4d1bc91ec85b171861182d647e2a8d377042a8","tracked"
"qa/planner-verifier-v3-20261003/prior-preservation-check.json","79366","97fb33c5b4f3cc84d93131092d75a84ed3e0520f79f7dd5b70d995d3e62946cf","tracked"
"qa/planner-verifier-v3-20261003/protected-input-snapshot.json","93572","e56d1582528c4bba25601c06296ac63e076cca66b40cd9a0f74ea047b9fecfb6","tracked"
"qa/planner-verifier-v3-20261003/provenance.py","3002","1000c69440e8d51cd68b4f8095b803e0cd1d09d5382b2164069a76e5b62a69dc","tracked"
"qa/planner-verifier-v3-20261003/reading-inventory.json","17119","900adfd76ca751e4e8b3ca27e1568a9c4160e3c639c81f2b8abfc36584526a59","tracked"
"qa/planner-verifier-v3-20261003/saved-benchmark-scope.json","2499","522a7c2a42379bcaf2729aa479a50f51b32205aea05d42a8cfbf27d3fb756a32","tracked"
"qa/planner-verifier-v3-20261003/source-probes.json","858","8b4c94fdc1ed2450a96007b83dec8a07bc43302a9ebb9c4b3c1435030ff9e95c","tracked"
"qa/planner-verifier-v3-20261003/source-probes.mjs","2918","38ab276726e59f96d916ef1fa1383913793b3bad7123ca76705877689ed3e323","tracked"
"qa/planner-verifier-v3-20261003/update-planning.py","6390","9e56683dde71828ae69f16ee9dce96a1b93a093c60a101c82e5babd3100bc1d2","tracked"
"qa/recovery-correction-20261003/correction-summary.json","9443","f004ce8f24b67268c5c1b41e1f4c8f44b43efb8ff09dc21bf7e7b707e9c4341c","tracked"
"qa/recovery-correction-20261003/gallery-capture.cjs","3917","13ee6e142aec9337cd1964be70eb8b48bc283e6bcd2f674fd4553c169a8e9c48","tracked"
"qa/recovery-correction-20261003/gallery-capture.json","3464","ead14d878af7303d5ce01f011e85a9dd0af38f5e918df126f259be181e9d96ea","tracked"
"qa/recovery-executor-20261003/bound-reviews.json","4442","6671cc78c47b4908269a7fc60cb15848b73190d20496654aeba933032aff90c9","tracked"
"qa/recovery-executor-20261003/browser-candidate-v2.mjs","7707","9c1861a4010b76f195361a89455da67f92067efe196d72e9ac6dbe9c1160d94f","tracked"
"qa/recovery-executor-20261003/browser-v2-checks.json","15502","a1d7114e2fe4a9151c9953ad34050363f52b6d6cd5881a41c99c4bfdcd540cb9","tracked"
"qa/recovery-executor-20261003/browser-v2-game-action.json","3332","883129126287d967f39d1266bcf2469fc4bc38de185913abc3d5f3c2bcec6c7f","tracked"
"qa/recovery-executor-20261003/collection-discovery-post-candidate.json","3489","78536aba555d19443db906caa1414ec59430630691183ee97f68c4f2197e8bd8","tracked"
"qa/recovery-executor-20261003/collection-snapshot.json","60103","8a813e8802df5a6141c9ac0179dc2b48b9b667100d8c7046bfa9202f69a54252","tracked"
"qa/recovery-executor-20261003/delivery-matrix.json","13062","48499296d2a0a71ad3affdbb15ccd2a322715cfbaff1787b456dea9170719e90","tracked"
"qa/recovery-executor-20261003/dist-closure-before-post-candidate-20261003.json","4452","91475123ea3016e9a4580fb585897807d4d936226eb500f229f9c4657003fe55","tracked"
"qa/recovery-executor-20261003/dist-closure.json","46318","c09b1d53f7dcb2a7e637656ca9d38a1abb3f4ad30a73671c688dac67ec26c235","tracked"
"qa/recovery-executor-20261003/guides/kingdom-stone-day1-composition-v4-guide.json","8678","c8f17c448f3f29cf7389aedf6a4d52c03e3b7a2f9a925a252b986f4bb4c23441","tracked"
"qa/recovery-executor-20261003/hall-v3-physical-measurements.json","3523","6f54cb33fd215556714e1dcaee0469fa4f3334d2a49a60757987da645bf88a1d","tracked"
"qa/recovery-executor-20261003/hud/hud-capture.json","6642","291d09532ad7480513a62135804d882f6a16b021431917248e1ce7b72bb972d4","tracked"
"qa/recovery-executor-20261003/kingdom-layout-candidate-v2.json","35975","b6370d3ad298cd540164eae0199e91d4259570c4efdb6635491e8d74029f3790","tracked"
"qa/recovery-executor-20261003/kingdom-layout-candidate.json","14853","73195f0dc0627b4bb0631b22217e87e39a2545e8335a2ca44e159c6454c70aec","tracked"
"qa/recovery-executor-20261003/layout-preview/capture.json","249","fe1face2fad8a63a1ee57d978926e77a71e5f05911e1a7e15aa3a87322ef7966","tracked"
"qa/recovery-executor-20261003/OWNER-HANDOFF.md","1347","44c79a1a27f1b42233580275598dcb883e57c54e8630f2a021a2a392b2bdac2c","tracked"
"qa/recovery-executor-20261003/per-asset-reviews.json","468937","59c3d1c999576715f9682821cc25345d26ed27c72b4693fefdfdfc72e5405803","tracked"
"qa/recovery-executor-20261003/stone-framing-proposal.json","4452","6e8b0f6fcd802175bb40f55aed19997b6099fbf2a7e768e98b913e7a9d41379b","tracked"
"qa/recovery-executor-20261003/ui-crops.json","2253","5d4c785b55056bb9d98e542ab271679b2cc5fbde56444b429e28c119e76a2c22","tracked"
"qa/recovery-v3-20261003/identity-gaps.json","6573","a839012530f6531751956975e4767ba0f1467d3ac8ff3cf0c4801f43644b9e80","tracked"
"qa/recovery-v3-20261003/report.json","4101","24734bf0a628c82ae48c6a5851e8def8d4581c2d71d3aa12bc98222bdc638828","tracked"
"qa/recovery-verifier-20261003/artifact-checks.json","304","7cae55b2ef9e462eea66badf5984f539e3bbd228de5f3a08a27873e62b0876d7","tracked"
"qa/recovery-verifier-20261003/audit.json","89420","0f4f58065f9d8028dc9cef652b432e09f60e6fbe702b3809bcde1ea3321b8594","tracked"
"qa/recovery-verifier-20261003/audit.py","9087","363f7e1ecd7813e8b62d7e6709fd528b56ac9ba6642421231650621261d51157","tracked"
"qa/recovery-verifier-20261003/executor-report.txt","11514","18b3c860e30ba2bf511389c02e7afde3831fd094d6c5fe8eb1499fc14bf19a10","tracked"
"qa/recovery-verifier-20261003/gallery.cjs","3993","ee1fd6f2f3a008fa62b71f995285c6e4b324cac2a31da883f05427faf01d302d","tracked"
"qa/recovery-verifier-20261003/gallery.json","5631","22d20ca3244b37eb2ba5e6c2683646307b7a21e7f6296135776563c9ece93569","tracked"
"qa/recovery-verifier-20261003/independent-visual-gates.json","11731","97ef171ae05d8315047a9577eedb9ca6504fde92a9dce426cfce38c4c9822b05","tracked"
"qa/recovery-verifier-20261003/isolated-feedback-fixture.json","12058","9dda7b8510c32345aa4385363e4518533944383083da726d096bb34071e065d4","tracked"
"qa/section-preview-20261003/checks.json","17376","e654a7ba5675b323724a181945b138c9eca27e8d2b9f2b980af064e38b13791b","tracked"
"qa/section-preview-20261003/feedback-roundtrip-QA.json","8974","d1a81e444827f0e2058b0a45cfc94e34467926a68e8dd9d51885e78e8347df58","tracked"
"qa/section-preview-20261003/focus-checks.json","1127","7680c53fc6d2758a02f7b9c4286511f790a5fbd9f00c2c3876b3186e4f674342","tracked"
"qa/whole-implementation-audit-20261003/alias-candidates.json","22156","9c27461f8bd6032c077b8b63d3c0d9894f8bd97c541c4f58f00f07311f9fb866","tracked"
"qa/whole-implementation-audit-20261003/audit.py","4284","c3d077ea31416c8698158356ca005eb7d178e7f6a3ec386c04ac095a75035ad5","tracked"
"qa/whole-implementation-audit-20261003/browser-checks.json","10201","ae5af5c28bf2bf61b08766b44cec5d42f88a544e1fa993cccbc8381e8e953121","tracked"
"qa/whole-implementation-audit-20261003/browser.mjs","3815","e267eb1e3e3e87a1f53ea966fb1d5623f90183b4d9bed663c38bf645afcb4c8f","tracked"
"qa/whole-implementation-audit-20261003/core-probes.json","776","4124ecc51232bd0986c0018c5bca2ecf19d7f16d1b2e89df251d5ad1e75d154d","tracked"
"qa/whole-implementation-audit-20261003/final-checks.json","1244","12583848e171dc12e7cdd66dd0617fbe3e520da17d9bbffad5dad6b30809c3f4","tracked"
"qa/whole-implementation-audit-20261003/finalize.py","6017","3b510722ee01a05cf32f5ccf26813069a2cc9fe758160e7bffe3a5babddc57a1","tracked"
"qa/whole-implementation-audit-20261003/inventory.json","26526","06f22fbf3fe92eeeb8109f4b30b15027e5293dc0842c69b4a504aabe626c0bc0","tracked"
"qa/whole-implementation-audit-20261003/originals.json","333233","4bc9c4fd92abcd4cbb35b2e3c13d35b96d0f0bcc4aa378e494b3513f8c90c36c","tracked"
"qa/whole-implementation-audit-20261003/prepare-handoff.py","5986","9b8c9cde23d67262cebb615fa287f2d78e8161c269aef705179775175bf0cda7","tracked"
"qa/whole-implementation-audit-20261003/probes.mjs","2307","a6fdcac4d6522685252941db9e2aca2b90e348761f391a2fc36d75b2e453826f","tracked"
"qa/whole-implementation-audit-20261003/tests.txt","3594","2b2402416b24a0ee0edb4f7c452004b999f051bccc7f3bd43a61931937e1aeed","tracked"
"qa/whole-implementation-audit-20261003/usage-reconciliation.json","2305","4f3762cebf898472031077aba06084447e407a332ee6ebeee70e26a8b9cdda11","tracked"
"qa/whole-implementation-audit-20261003/write-prompts.py","28081","b812b0080cc3e951270156ffc4409f23fdf94b863519ad863ca17735e5d8d677","tracked"
"README.md","3151","cf2e4419ceece0b6e0d8d5ff993aab9881cb3f3ea44e13c7d35d74ff342078e5","tracked"
"RESUME-HERE.md","33878","eafe618b0f684a99f8381de7da45acc4d346a7cc8d25dc328ca06016198f6b94","tracked"
"scratch/inspect_inventory.py","2439","0e9e294bf84a2cda0cea4405867f269e73e5bc2c88a57a250b4576f27184e0c2","tracked"
"scratch/prepare_batch_14_draft.cjs","13754","c766453ec29c0de3685558c658baaa7acb615926d37f7a406dafac7f873893d5","tracked"
"scratch/verify_all_batches.py","653","d0c88feb00ead55f41aeb09344ddc7c51f30d2acf98d79071eaa1dbca22d836b","tracked"
"scripts/age-progression-matrix.mjs","1502","59fcb038509a77e711fa80db73566e48e730f3e7562928b351ca0eecf8e07211","tracked"
"scripts/analyze_actors_poses_and_landmarks.py","1161","d3e62e794cdd0ace82cceb5a670e8d06cac425f225e6b6a7cfa16f395eeeaa44","tracked"
"scripts/analyze_backgrounds.py","1266","119af1c06ca5955ce6d4e444ae1c96cde9a28c26c1694a60201a4a176ee11c82","tracked"
"scripts/analyze_complex_actors.py","2184","d23988c836fc06d514276e621a7c6be7f258d0de42323c8fafc3b335fceba8f6","tracked"
"scripts/analyze_knight_p01.py","1603","1cba1d5b09a3fdf64aeed7293eaac9ad2e892980f33f4c8106280f84042adc34","tracked"
"scripts/assemble_live_art.py","17842","d7a70c8f5e356a5eeee9b1a38b2c783fd7754d493e0c499207d3405c1c593777","tracked"
"scripts/audit_all_32_phase.py","1834","2adab5406d6c8686d71e068d06783b26417b9e18e2a2f6aa2b72048fb6de64f4","tracked"
"scripts/audit_kingdom_run6.py","1933","2b4ef4bd7f82bb04586cb27aa5639e4c93a8b5ee23faa5844bc51c0989a1d455","tracked"
"scripts/benchmark-render.mjs","2519","877b769492e9122981a163aa4599796e44f4d3a19ce3676a8e31523053eaa7c0","tracked"
"scripts/benchmark.py","20053","0502881f7cec0fa92c0f707fd12eb38014ae8f87ed108471c4db41a91ead4c62","tracked"
"scripts/build_delivery_manifest_v3.py","15960","4a20b47d8d41e717b09c72afbcfd773cd6723d3d95c6434c2303b8928f2cb9a1","tracked"
"scripts/build-apk.mjs","4247","d98e4f930c4a7ca627f19d96c10dfde71778ed562e257151a6870b7e40ccb3bf","tracked"
"scripts/build-kingdom-layout-candidate-v2.py","21359","46d9b67b05c1f6c0b56927ef71b089b7c60e540a76713322d2747a95c9e6251a","tracked"
"scripts/build-kingdom-layout-candidate.py","20325","267d5b81231cce63d3b5fc3bd36a7ba1303b6c318fece01ce6dc010ea2cb4429","tracked"
"scripts/build.mjs","3462","1c2fd85666cf9ad8a376e0fa96bf7c9249130743a47f4e5bf9c4ded95602fbfc","tracked"
"scripts/capture-followup-20261004.mjs","4030","dcb46f2a99613496a528129dae63eeb7c99b175c98d7adf24921ee258b4ec6cf","tracked"
"scripts/capture-hud.mjs","7661","eab112b97d44fc5246012e116a8421b092538871cd800dee37eda80f2df76b7d","tracked"
"scripts/capture-kingdom-layout-candidate.mjs","4606","c831c2b7a6c33c03ba3cd66188c88d42e2b9a884b0eb116f6bbeb6339f06d155","tracked"
"scripts/capture-manual-20261004.mjs","11278","d307402975774c5866a61782a7de1518fde596ff9b3039791011fbbf939ec559","tracked"
"scripts/capture-matte-journey-20261004.mjs","22308","0e86d7ad8db199c258d0ae0809fb473af843d6ca70d40985222a6cdc501d321e","tracked"
"scripts/capture-playable-20261004.mjs","14249","7808e461b5985f2562869dcdb30c03cedef6ee6569914f2d0473b46819a3a818","untracked-addition"
"scripts/capture-visual-20261004.mjs","10068","0aa698a7e45063276aa70353c084fc1ceaf0bf8d9a3187926ad470f5d2951f5a","tracked"
"scripts/check_contracts.py","700","2de167ea3b238b134629c29734dba9c178ada40a7482485ef6cb82fe9f570374","tracked"
"scripts/check_manifest_mapping.py","727","a184f652c69588e3e3207cca48c033dad81a5cd7e7209f20fde72a668a7361d5","tracked"
"scripts/check_rival_prompts.py","281","9bfc050f2ed0854d14bd5e103492151e33b0ba01e7ebb53c96cda141612a3cfd","tracked"
"scripts/code_ready_measurements.py","20615","90c4398900e6694da158e614c6b1a118f52691f4b1dd9a7802b2a932efdf842f","tracked"
"scripts/compare_rivals.py","579","f108d550da4cbca24f187adc39f430a3a47b0ad2cca076a898cb2001dda6936d","tracked"
"scripts/dev-port.mjs","1064","421761ad6c2c34b37ca9e1a9ac72235426a772c04afe7101dadc5219b3d73174","tracked"
"scripts/discover-local-collections.py","3150","7bfc320f1b508d23b16c32446c59536db0f9a2070bacd1017cb5b497c2916741","tracked"
"scripts/execute_later73_generation.py","13504","b11a82ef4a1c06768baa28df409e766865d46c1e9402365523828d90f82f3f0b","tracked"
"scripts/extract_real_rig_anatomy.py","11073","f7ae11916668d4d2aa1fd8886c588a8b3f5a9771a3956af6443b6d8d28e24cb5","tracked"
"scripts/finalize_run2_inspection.py","10369","45070c5b1df03ef9f70ca6b489f34ab18b95c31ca393a12949b3f7dc0e3e6f0e","tracked"
"scripts/generate_corrected_portrait_crops.py","6911","954c5cf4f3284be011e8f65cfd28b97cb85cc7f994cb5da6cb3002f41e94c29e","tracked"
"scripts/image_v4_actors.py","23246","3b6e080098694836d567f3def7201fb0d22a1d0179c44252ee8b1d6546684d03","tracked"
"scripts/image_v4_interface.py","6836","b97e52a476a828b9c0ebf13a2c46bcf043de00e7e03a3bcbcd34fb7c0fc86d09","tracked"
"scripts/image_v4_rigs.py","14549","692946b2406f2bc2f8c7a91200503e07746358b90f5ca4add99d4e65a85ad9f8","tracked"
"scripts/image_v4_terrain_clearance.py","8387","afbbe3e531d9169a91bc8cb7dc55546d1279dcad7fdb7f2f646106b2c4d6b490","tracked"
"scripts/image_v6_local_solution.py","39486","b8342bc5cec048e31c98bda06806de033c3254d242ab9f2d2a5adb61d602194b","untracked-addition"
"scripts/inspect_4k_keys.py","808","21f02f31634a7e3b766df2399389314bc9a50386a5de0b2c95b8f3fde47c4246","tracked"
"scripts/inspect_4k_manifest.py","409","7781b537831e2df6fab39749a5ef9d4c4ca8b70b825134058ce26f1255a871bb","tracked"
"scripts/inspect_actors_and_mounts.py","946","06071e703a9ee656f9c826b56110554a9036d618a673e2134d41b6ccce39e5e9","tracked"
"scripts/inspect_all_73_candidates.py","5437","0acaf4a227da462bf6ba3d554eacbf34b72d6f90ee44bc009675c62dfb0332c7","tracked"
"scripts/inspect_all_rigs.py","743","e67ae0ad193756e6d0826676537e2bd99a82d2db342c5c1fe0be495a7e73f0a5","tracked"
"scripts/inspect_components.py","1501","4861ceb7ca55994bb2edcd0d10afd335c2296363743b19c4963a2f35932f1a53","tracked"
"scripts/inspect_composite_troops.py","743","1bf2a58cb6d1b3b9a60001ab35971127fd1f7c8a156cd9e23d8c884f99f28da2","tracked"
"scripts/inspect_horse_floor.py","736","066b1bdbd54111ca63c030a2cf83387811f70f7db8cf0979cc1262f8753d28b1","tracked"
"scripts/inspect_knight_bot_nonmag.py","810","a8d0aa6c515f3eab0185fddcf215d2b5f2fa3399f1478cf97961fa55bd91f8b7","tracked"
"scripts/inspect_knight_bottom.py","1457","67cc2f69861045168939c3a12acb0229f6cd1187ab47e0e0642c9659225abed9","tracked"
"scripts/inspect_knight_mid.py","642","ebd9659f8839e15dad2c7695d682c78ce11c379c9be06d5cceab7a2a6ed5637d","tracked"
"scripts/inspect_knight_p1_p2.py","1454","ca045ac3110f334ca2c4af970ef18e0c42208762a88424198e444ecd5727bf1c","tracked"
"scripts/inspect_knight_subblocks.py","887","1eae4c07be48dce0dc31a4c8b13634e96f0b7fdf51a7769ba047406601d5ff93","tracked"
"scripts/inspect_manifest.py","606","0ce2a40f37c9016cc143eed50691e5e395bfc3c139a531528644667577568779","tracked"
"scripts/inspect_mounts_floors.py","892","eb8e8d660641f63adfff394a35ff67e75d785179c45f686d05b962d65527a340","tracked"
"scripts/inspect_old_rival_features.py","516","c6f8ed6c72aa5f6a6e7a0d991e6e35c93c37734b4ba7ed3ecf0a9bdf7e430c4d","tracked"
"scripts/inspect_parts_content.py","1126","95e4f215c246d90cd1bb3342495f6bbd9dd2a419eeda82aab33afcec90c5f37b","tracked"
"scripts/inspect_rig_parts.py","2149","e129771a65332d4a1ca765d436cab09df462254a1aff96386134f6fe407394cb","tracked"
"scripts/inspect_rig_sheets_anatomy.py","1786","f0af71ac4f5e1047835103448c5a4e520bdd48b298af8210a13f6a163c598296","tracked"
"scripts/inspect_rival_details.py","850","7796c2b5ddf2601533a40a164484f1219f8fc59342441f3a63a608c384a75943","tracked"
"scripts/inspect_warlock_faces.py","821","b2abf90c2f3d274720d5f54db158a25455afc13bc18c0fc5985031d7e2915cf1","tracked"
"scripts/inspect_warlock_parts.py","380","b38e3361193dc2e0076ff61de19e893df6af7c009407beb1f53568e54cb3eb64","tracked"
"scripts/inspect_warlock.py","1539","0c9b5f2f22bf074a805a8f804806a0f8c16ae38f83c1a0fecc17fa1e9518d228","tracked"
"scripts/interactive_4k_continuation_run3.py","36867","fd63ddf43beaf2f5657209a45028f448027ba4c2ed9d569dab09409a45ef6604","tracked"
"scripts/interactive_4k_continuation_run4.py","42698","e798afb44824084999250ac4d600f94bd11639ba4960c2ccb7025c0f3287ecd9","tracked"
"scripts/interactive_4k_continuation_run6.py","42771","1e57966af602456ce49ca87a693a3672a92ed9846a1c561643b0015921585fca","tracked"
"scripts/interactive_4k_continuation_runner.py","45473","f06a70ee2ca821d7d8149fd03ec64b07b9b144ac1c429ff06af4c8e043870fcf","tracked"
"scripts/interactive_4k_runner.py","31394","a3232e394a92a50c66d705ba50e6cf555b45a13181eafda3d9dbc7ac008cc47e","tracked"
"scripts/interactive_4k_tactical_retry.py","31724","1f4c7324d8fbcbbdd3409dceee7365919bab537f372e8f1c7bbef03aa8713422","tracked"
"scripts/interactive_runner_continuity.py","62452","038b3806f27824f38eac16c9b39ffef231a13dd32ef144c17504dd48f64bb091","tracked"
"scripts/measure_all_mounts.py","1705","fb0718f28c2b9bc68fb7615b008219f7015095f59ab3c0eedc57f57e153ee89e","tracked"
"scripts/measure_horse_landmarks.py","1122","c3b4721742774db3b2bfd1c869db6e1656266d2a1f8bd32288dc00b2ec1c61bf","tracked"
"scripts/measure_kingdom_constraints.py","4984","0ebc244dd4067eb32607fffe85c7040191976e83caaf85bd773d8db30b2b59bd","tracked"
"scripts/measure_parts.py","1912","2c3321013ba3e41ddfc7fb0e33ee001151b09550e2292108bcdc6462167ef1f7","tracked"
"scripts/prepare_executor_delivery.py","12345","cfc8227e56f73df583b461f8e7787a1fd7357c5d52f28531bb57f175b359a6f6","tracked"
"scripts/prepare-batch-03.py","10282","ceade99f5c348adba4ec26d9b66658d72e6334ca3ba82ec4d52afb1e5869ca2d","tracked"
"scripts/prepare-batch-04.py","6536","7b3b2d24bb16fc4d8d733e597c96935c9a8fb073fdce5fb6a566458787cde4f5","tracked"
"scripts/prepare-batches-05-08.py","21001","ece4f25adf7185b6a33847bd90acabcecb215a0b8a5619276d12392ddfb995fe","tracked"
"scripts/prepare-batches-10-13.py","42164","f08c8141e4a9ce1f131c61c4b97ca6022b8b9665ca9340ae95eceb6e21103746","tracked"
"scripts/prepare-batches-14-17.py","41226","c0a8b33403da04c73693e42c03a744fab10f81fa24f4ebef317e5b6ac76eb80d","tracked"
"scripts/prepare-production.py","16311","56d91ea4ada3a9b341d3c7f1dc2d29fe0826ffaa9885ef568d4364e82443a480","tracked"
"scripts/print_32_4k.py","256","075708dc7dd5925fab3380408d0482790c62b604141a6b4a4f731828a5b31586","tracked"
"scripts/print_site_rects.py","409","12d24b22efc89811956fcbd85e3f9ae248deec5a1a0c92efc87dbe2754813d8f","tracked"
"scripts/process_all_derivatives.py","19972","e61b5d478decd542c1ac7e57ddc474be48ba247577b004a9253f8661a3e9ed32","tracked"
"scripts/process_cleaned_actors_and_mounts_v3.py","16725","d773524d71e40dddc1ddf4fb6c69b3bd0cf5ec96eee7f65a1faefd8939139fa8","tracked"
"scripts/process_cleaned_actors_and_mounts.py","14752","8e395403a82f73b1d1ab152020c599822731d81b3155a368e35bc96951a747a5","tracked"
"scripts/process_code_art_consumers_20261004.py","2980","c5e800c7e61b41bd643ec2c0263a05b8e16ecac8e5931256463a9420ed11fda4","tracked"
"scripts/process_rig_anatomy_v3.py","57547","688e966fdd3b7807ade67fca6e8efecb48ab01a49cd97539de4f91f961ca0084","tracked"
"scripts/publish_corrected_delivery_manifest.py","18033","512b2e15f241d3342529e15a700d181eebfe75886c4c2f54f1bee174fd99952f","tracked"
"scripts/reconcile_accounting_ledger.py","2938","6ecb44185f01676eb970b4869f32b261cfe097236115720a39d10dc4a51c6188","tracked"
"scripts/reconcile_and_verify_run1.py","895","2c66ef00c123c445806183e77731c8e74361ce88b5fb4382f8b78bc72a4040e0","tracked"
"scripts/reconcile_unique_attempts_accounting.py","7035","17bb6c60311dd70dba266a263a041283a2795db4d5b0a5f2c398481cc657bb5d","tracked"
"scripts/reconcile-and-prepare-batch-09.py","29659","a19143d83e6694b42fb6c40e1e6aadf697e89e26c1d935a309b0856ffa055b6a","tracked"
"scripts/recover_delivery_correction.py","43324","3ab90e2e2edeb663268c373a6e9ed5c7fa8812e544618ad9c8eb233201ffa455","tracked"
"scripts/recover_first_delivery.py","32102","dc736a3998e66b2b36cd827821e3fd824e5f8d43b55fbc2f9eb30c37a8527a64","tracked"
"scripts/recover_v3.py","32415","4ab60a535e683bef6f723d50209407888385e87722bad1c4de775e987fca762a","tracked"
"scripts/redo_bounded_kingdom_measurement.py","9987","b8050029f8668b6a6bbca7c09028cb2f9195fdc9feab86b8208b162feee4f312","tracked"
"scripts/repair_73_request_packs.py","21329","5c287539f6b7edb341f75cde140e4f703c92004fa39d6b75377709af93436049","tracked"
"scripts/review_gates.py","28424","037b3af74e7254f2b50ca4d84e7a6b2db77c93c2f7a36a9b11dd4bd6e8e7364e","tracked"
"scripts/rig_helpers.py","3027","c1de18eb7f4bcde22b43c33f5aa2f2a281a0a12040ac579595087186cdfe1f2b","tracked"
"scripts/save_all_blocks.py","571","45fd67d9a7dfcb65d02388eaf83371574614021f6e11368a067ca739b4bf4ad1","tracked"
"scripts/save_knight_crops.py","568","3a906ce5b5ff2c323c682efc94ad619af0ed815237d43e37b5d8b134f7430f65","tracked"
"scripts/scan_knight_blocks.py","640","788340abf3fff27b6c6db27f13d938c999fdbe893017ca89ff31228247b44b93","tracked"
"scripts/serve.mjs","1449","5f0e4be19b301d4e90cae90632efecccbea69d88d0baa7f20c770e875bd0dca6","tracked"
"scripts/storage-cleanup-20261003.ps1","6536","e153abdf697bc0d1e04816cf3801a195c9a855c507c6731c688c1fb85def1f15","tracked"
"scripts/survey_kingdom_terrain_v3.py","15396","4efcf12d0efdad86483df0ea08080fda588e5fe49a5bb7a6a8e46dab9eb1f0b1","tracked"
"scripts/task1_measure_and_manifest.py","18368","57ace0f9d023347d25375aae70f5ffdec011db4db600419c80dac45714c72f49","tracked"
"scripts/task1_prepare_kingdom_recovery.py","16682","4f61409f46373888a0ffd54f99a6e36f1134b55d58238746381b7dfc5985e640","tracked"
"scripts/task2_prepare_73_packs.py","8522","a6c681a85290e82214bf95a97d3b2093d39e0e9ab26a505941413ee66c3d69fa","tracked"
"scripts/task4_production_and_cleanup.py","11689","7da76a1d349169810ba80e5c35111ce76f8ddb367bbd4c8637d8b2066cc1e2e3","tracked"
"scripts/test_bare_base_reconstruct.py","4319","cbc5b6086909c390c2a0773b246b0783ce7be6c7816f9503fb354962a320eea3","tracked"
"scripts/test_clean_substitutions.py","2747","cbfe7c539f0f7199a99a1628964bb195032487fd5d0bc70d65e197c9991b4bb4","tracked"
"scripts/test_gcloud_auth.py","1246","9fc6eb089eed61c798e0002aee5ee528c0244d591de9a409b0eae54175aeb979","tracked"
"scripts/test_grey_extraction.py","2557","a64a9c742c61dc3555023d39e16a5f896b7acc03172592477e7319b2da2711be","tracked"
"scripts/test_inspect_knight.py","946","f486c0eff5660b7d8f5ebcf4627bd3661e1ed937352ef20bd8ba0ab5dd3232ec","tracked"
"scripts/test_load_components.py","842","e0c63e734a3de86e72a630c4aae31d797c40a18c0bb402b4c874e1fcb4453b72","tracked"
"scripts/test_magenta_despill.py","979","565a43a8603d3afe8482ea65f8d7aaf1a02fa9b4678b510624305ffcea08a5cd","tracked"
"scripts/test_magenta_extraction.py","2351","c77b2683481282424c33a1cc2ae064412f4a1df48c4f65aab14c752de6275a20","tracked"
"scripts/test_paths.py","910","52d0bf405649f7041269da654c6e3bd639f745298930364bacdd14981d1aea2d","tracked"
"scripts/test_portrait_centering.py","1378","0080aca0291e0e92de9061742d948e252b3de49780d1aba338c4760754fd4c15","tracked"
"scripts/test_portrait_crops.py","1025","381b7189677e46ffde4c725650ce05c5eda3ce9aa7c15c6f485a9760ae4c18ff","tracked"
"scripts/test_portrait_landmarks_calibration.py","1914","c7deb21113cbbe1000fcd5d27047c9bb5bb27d58e570754a33ded17c8cff62d0","tracked"
"scripts/test_render_guide.py","3695","98cfd5cc089a1bfbf557b9e0aae9bb5b954af348196a0a6e0c1ac9538011bdeb","tracked"
"scripts/test_rig_framework.py","2110","33688c241d8e02785d2c744ad2fb5e11be5ff3d10f4733efff2f004f90c4558f","tracked"
"scripts/test_runner_continuity_offline.py","19926","7457996f210b4689a2b08ea7f153aae6ebb547da771056705ffb81805c11d36a","tracked"
"scripts/thumb_warlock.py","496","02e3eda56dc34da1eebf2a05568525bd23d4ab3202fc0f1f52048a1c83522750","tracked"
"scripts/update_handoff_banners.py","2695","b43fcff9f1562d77479617d24bcc7cc00448a03e0384b2714c87e715a38b638a","tracked"
"scripts/verify_all_38_portrait_crops.py","2365","c86bc6f92a0d2f19692025ad204b5ebb6edc76a8cabc8977b475e93e50ccad58","tracked"
"scripts/verify_existing_24.py","782","5d93ab3a21b849176c6fd0f4da46c13492d17a89e51ea0ae1daf960ccc7d14ad","tracked"
"scripts/verify_layout_geometry.py","2717","aa1ea18d1b31bc454ebc602fea027fa39445826a490020b2349f3f7fbac40065","tracked"
"scripts/vertex-production.py","19907","03607ed3cb542d504dabf9a2eae3854f05cab0ce925d686ae7a27d3b5ebf123f","tracked"
"src/client/actor.js","16316","88de2a71ce9e7f0bed5c4d33fde25c48f6e288fe5150089f94b1a8ec62ad30ef","untracked-addition"
"src/client/anatomy.js","5676","65d1e198112d8cb419298a5ec68e6844e2361bb5714cb9b7b66d4cc1eb05d776","untracked-addition"
"src/client/audio.js","2997","bad66265d4f89d33ce35bafa4adce49cd1318d5d970b6302839923b4bf74766b","tracked"
"src/client/choices.js","744","377fe041cd02add23b9237f701f5eb67a2d398ba712c6e2d77c545b5dda5a611","untracked-addition"
"src/client/game.css","3440","f83165bb46f23b1ae2018d76bd954987c951c6d77908378b17e5f2074d8023a5","tracked"
"src/client/main.js","75098","1610e5d4c3a217bc68990b530f84e3d447b6c865e5e928b0dcc7745f61bd48b9","tracked"
"src/client/motion.js","2041","3a14adb20828f9cec9ddbff78524c4815a013aa5a438043e0534e93173b0ed50","untracked-addition"
"src/client/portraits.js","620","5ad964df6292887c6442363acf174a42ec844f25fcc82b3d459b69e7dfcded70","untracked-addition"
"src/client/presentation.js","1704","8215825e74ebe1685309282e28e6966cf9f349d164aa8285ca8b410d2ae97b68","untracked-addition"
"src/client/projection.js","3436","b9f819d8c6bf507737f977773b4246e279430f5ed55dcc8f669dc8c7181a82da","tracked"
"src/client/rig.js","2649","c4b2b26e0eb0c21e3bdefb7ccca523c02569fdd674482b6eb5b5b34e140734c3","tracked"
"src/core/battle.js","27750","c53a041e8ec73bb760867b030de6b1e385dcc559f23b6956fcf82accadb26a6a","tracked"
"src/core/campaign.js","42844","b6bee31f7df9368eab0968cd4c5a81480c163e02874307a50a1ee091da985199","tracked"
"src/core/challenge.js","4704","701cb69b664615d34401702004a7050e29d5d8c25d79154a1c938ee5f9551bda","untracked-addition"
"src/core/defense.js","26187","024c6a44577bec0c3328a7c327b28a97475c7a7b5b1dd8226f08da2ce9429f8d","tracked"
"src/core/mechanics.js","14637","ef696c896370be92d84bb9d9d8cf3f6a10257f930dbdb49c878b70a478933161","tracked"
"src/core/navigation.js","2720","350b5b1d93feb5ad3764b6385cd467cbdf038b8f6551054e76dfc26131c8b194","tracked"
"src/core/rng.js","680","d60f92defd278a5a980000f19162183adc64bb375eed5c31fe7319efb9d780de","tracked"
"src/core/rules.js","5105","99d74b6623c698b4b380548c464f8758bc7129da738e9889c359df158c4d720d","tracked"
"src/core/save.js","5510","3afd8cb73cdafc06027cacc8f61f2288bbd8355d9be71a72fe1aa6cc1157b160","tracked"
"src/data/actor-atlas.json","13568","46a6a9f3122173e193b85f88b5337d9da1a50b2f36a04cff0a95a3438030c57a","untracked-addition"
"src/data/age-buildings.json","37232","9442702c1c1c10705bb226327c6c0aa3715dca84a95f5d362ecff908dc50dfb0","untracked-addition"
"src/data/anatomy-binding-v1.json","6632","8fc0b465dbcc9183c943aad7c466217d59f88f4670706b3d9d2eb1701fbaa802","untracked-addition"
"src/data/building-pad-fit-v1.json","980","f14a58b8b7bfa3fa0d50e1b6af07f0a7dbdd13b193a021899ca3ac8817213d5b","untracked-addition"
"src/data/implementation-contract.json","23160","43553411b583a6df5fdcf620d2b3efecd82a0cd6f783895165a5910e577b0fcd","tracked"
"src/data/mount-review-v1.json","775","7c80e5a896075e824d5bfe35ec64b5ac7803e1f6337a8682cb6d773602cb3456","untracked-addition"
"src/data/plate-catalog.json","41626","4f09eaca2b3c272dc843fba9246359b2161f8cc12e660b3ad9d6042834aed3c6","untracked-addition"
"src/data/portrait-cards.json","2817","c605b5d08bfe030579ced33a9aaf1c8583b4183fbd2337ff2e45ea89f08a99fb","untracked-addition"
"src/data/reference-data.json","29462","44f1a5081a3364a0fdbf28c8639172a4bfe69fd5ab6820df10156d5eb275744c","tracked"
"src/data/reviewed-source-selection.json","10460","6b419d71c11faf0c1c61a0736839a9ac3994e4ca9d224c4795ca996e997f0096","tracked"
"src/data/static-mounts-v1.json","1399","df03116b2eada965defb46854ddb916fa2701b2412b7fb9ea404748f6298d1f5","untracked-addition"
"src/data/stone-scene.json","835","32e4306459fe280f418f60ca2e4cb1bb5341f0aff7bc6a4d343dce9438e33922","tracked"
"START-HERE.md","19765","d49709b4b4cc7289ee6d036d4c36ced36389816194fd712e0822c2afa156845f","tracked"
"tests/art-consumers-20261004.test.mjs","1338","04f3d1484d31750d319195e7850f87ccfa86ff9d46f0ba315a7b42fe1a6b35a6","untracked-addition"
"tests/audio-background.test.mjs","2743","a854add9d8c545c7ff52b30a44e72226992f84c38145c3ffa92b21df18ee34be","untracked-addition"
"tests/code-ready-20261004.test.mjs","8052","4bbb24e1aabf4451d683e83a0ef154afa9121bafb705d733cec026d52ede1487","untracked-addition"
"tests/connected-journey-20261004.test.mjs","4882","ff4882ebd1e1e9daf7194f794cf8206698313c6c2fd69cee1f80eef8e221528a","untracked-addition"
"tests/defense-causal-20261004.test.mjs","3746","2e520046b1f4d8d4726697122cf72320aa8ffc6254ee5ce89d020706c37adbf2","untracked-addition"
"tests/domain.test.mjs","5748","c2e706405260fb2c2ede92678c29719c7fee305346bb667fc8ce36bc24a6b82d","tracked"
"tests/encounter.test.mjs","8916","1bc36861691cb49cb4214617369b7662ff9c7a54eea1109752750b9e86a4c5b7","tracked"
"tests/foundation.test.mjs","6813","50f5e2a7a78486bdad5ec7803fa88f2d5f23eaa4d3c93ff37d3624ee692b40cf","tracked"
"tests/kingdom-layout-candidate-v2.test.mjs","4012","fda93502cb3cf682c985a9d583369d7f6b34e7889897b74bf5454036d622c746","tracked"
"tests/kingdom-layout-candidate.test.mjs","6246","4459bb3f2ce16b85d0e77c0963d1e6ddf1dd6fb20ed7b18d2b2ea11ec36fa55a","tracked"
"tests/live-actors-20261004.test.mjs","3161","8caf11625aa0e471304ea00c4ea298c4dc7001de134c7fc6783bd1b6cae0056b","untracked-addition"
"tests/live-motion-20261004.test.mjs","4778","516ecb2b08746fcd4bc073f50100a45666351f20dd8114d0ee2a547390b7595d","untracked-addition"
"tests/mechanics.test.mjs","7419","bcd4b93fc28717d1b917823bfae8e61806575775aea6c43cc3aa713d3fc4ee32","tracked"
"tests/portrait-cards-20261004.test.mjs","857","49f1977361ac43a2116e73ae7b4251eeab9941190d690c1db285ea9dceb71ea7","untracked-addition"
"tests/repairs-20261003.test.mjs","14934","fda05082410ba7fcdb27ff928bc67fb4cd6e0cc3df435235ca4c76c3139998e7","tracked"
"tests/save-boundaries-20261004.test.mjs","5975","d220a0952cf24c7e60cc6dd7edbf692c3f220f1fc669d251ced390de2ec24fa6","untracked-addition"
"tests/scene-placement.test.mjs","2323","141ccdf4f6989b973615ff9d447b3bc6abbf314724b81d21beaa72578e62b45d","tracked"
"tests/story-support.test.mjs","6997","6e3e0f128432bcc752ece4805d7b41b7ffd1fd18b46f43e77a9683d043d78dee","untracked-addition"
"tests/systems.test.mjs","6312","97dee23d6abfa797cd5fc502e290e0285331696d0e5bd82af144e2a3b3b04373","tracked"
"tests/test_runner_safeguards_offline.py","21595","2bd4a387786d9230ea3136b34f8e6c18f19311c8eb3228dd41671c7e7f260d55","untracked-addition"
"tests/visual-placement-20261004.test.mjs","2228","7f66eada8d11bf798a80f4bbed1549d801c79359ef1a7bc0ae79817feb7c38d4","untracked-addition"
"tests/war-defense.test.mjs","10372","a3f35e56365958cf8531f054e29b75dfbfba8c5ddb3ad0b0c0da8c223a08e15f","tracked"
