"Path","Bytes","SHA256","GitTracked"
".gitattributes","128","ad930da33ce0f343eea0d70b9c9262f44f98492f6a894900105b653abcce1011","True"
".gitignore","659","c90b9f341395bf7f3ad95646e316ca20b0286e9ee723c5fcb0c535d8ba8c6d47","True"
"AGENTS.md","9377","126a1c006e086be0fd989c6c073b61ebae617029e51c9c541e8069414f4ef844","True"
"android/app/build.gradle","601","b7c7c4eac26c5a937d2f2304aedb6103816de21e5e474479d79f5d54e1e9be2f","True"
"android/app/src/main/AndroidManifest.xml","762","8a176a6e0379fc886717095bc065f9efd67d15e3806f671acc83ae1a13acf844","True"
"android/app/src/main/java/com/agesofdominion/game/MainActivity.java","2161","796c5eb521d60c1dc3f8111a12b69fb592129602f6722d38ad46ab72706185f5","True"
"android/build.gradle","76","e6c0d56efee62f0b59395c9865533ec44479b64892f104d36a536f30d8da3a9a","True"
"android/gradle.properties","87","931b459d1ad4c8080b7064dc5f47d006c2081d66a6e266908435644327f84fd2","True"
"android/gradle/wrapper/gradle-wrapper.jar","43583","2db75c40782f5e8ba1fc278a5574bab070adccb2d21ca5a6e5ed840888448046","True"
"android/gradle/wrapper/gradle-wrapper.properties","253","f7fafb1ddd0a2a1d2ef01ead773d9a88c1f889ef341e4e93c09c0724ade79b32","True"
"android/gradlew","8762","a3648413b47ef77af21d5ebc36c687c7d103aaef3e17f33de7d4f080a6f300a3","True"
"android/gradlew.bat","2872","2209f919a22528af59a2af2ad97e8d056cca18e39f7d87aa3fd549a73b180150","True"
"android/settings.gradle","355","f84d15bf8b966b92ed544437c7bf2f06acffaf6b63ea1ca29520e2726583b0de","True"
"assets/consumers/code-20261004/portrait-ancient-knight-pending.png","697623","ceb56f2c77c577bee849562cf34091d965adf3dae018382dcf60f6b2a992c7a3","False"
"assets/delivery/stone-starter-20261003/before-after/farm-stone.jpg","36619","8f073df2978ecf12e772091da9f24f1f7275753c926a06a556535a12a7bd253f","False"
"assets/delivery/stone-starter-20261003/before-after/lumber-stone.jpg","43995","51e77d380a21e4122b757ef9f941f202308499cd618de7fe17a77df7b02e8d05","False"
"assets/delivery/stone-starter-20261003/before-after/mine-stone.jpg","39726","fb8830c28da6d15001b5926e4377cfc827e0db0f95ebbd176a702b2c36ea4ad9","False"
"assets/delivery/stone-starter-20261003/before-after/quarry-stone.jpg","45134","2869fab8dce3d530413465a899ec3715959bc42fc316aa709391e249c23dfcf0","False"
"assets/delivery/stone-starter-20261003/before-after/resource-food.jpg","39470","e9705ef12b6891f6967a55823724560b5f015fca21ffbf160ca9116ac7ccd3bb","False"
"assets/delivery/stone-starter-20261003/before-after/resource-gold.jpg","27129","412575fdf9aec58906ddcb620121224df27a0575b8827e1ff8583625d6499c98","False"
"assets/delivery/stone-starter-20261003/before-after/resource-stone.jpg","28732","885203e71d5a637effc70402dd64fcaa9ce1995235518290225a3b840b65b2cd","False"
"assets/delivery/stone-starter-20261003/before-after/resource-wood.jpg","30269","a3e82a61ea34cdbe72e6fef5e21a0f2e6ae99113e0b161f4838326d4ea4f3467","False"
"assets/delivery/stone-starter-20261003/before-after/skill-offense.jpg","26319","990d2fda4bc2f1739742ce75fbbbcdd97da93009be35a8c140d8fcc0a7132024","False"
"assets/delivery/stone-starter-20261003/before-after/townhall-stone.jpg","59190","9ffff66e421ead3ee17b5be4314e1a732d6f6ad6e46b4fb53524ae0a0f231ee4","False"
"assets/delivery/stone-starter-20261003/comparison/stone-reference-and-composite.jpg","143283","ab94d814aa329c6f0b9d7cc1f0bca5687e9661298160575cf34b7adb5ea4c2c7","False"
"assets/delivery/stone-starter-20261003/composites/stone-kingdom-hall-only-day1-v3.png","2180328","66e20d9d00ea651f383d9a09d3585b15580702adb4505793b1b10c5ceab3854f","False"
"assets/delivery/stone-starter-20261003/composites/stone-kingdom-hall-only-day1.png","2180934","d3e47e3f65e8d97b68723822ed7bb4b04290b6f39027efd0f4b02bdc2215d5be","False"
"assets/delivery/stone-starter-20261003/composites/stone-kingdom-producer-placement-proof-v3.png","2202339","9720106fe7cbb01cd93009a56916100d575a976ae9aac2d2b3fe5a6d535d2838","False"
"assets/delivery/stone-starter-20261003/composites/stone-kingdom-producer-placement-proof.png","2200949","56ebe0b32a2f423399d5c2f170dc67303beaec265760544cce662edc0e41150f","False"
"assets/delivery/stone-starter-20261003/derivatives/farm-stone.png","1657451","65dfe0a40a82d142be7e558ea53622d93550b11328e3689525519f35a0070d23","False"
"assets/delivery/stone-starter-20261003/derivatives/lumber-stone.png","1665842","6797ecc092a4abb934ee2fbc10d0197bcd53ac8999ab902de757747ad72a868d","False"
"assets/delivery/stone-starter-20261003/derivatives/mine-stone.png","1540870","f82b2258549e601d57725ebd41da69876906e71270378df0d1a796902a23c03f","False"
"assets/delivery/stone-starter-20261003/derivatives/quarry-stone.png","1639524","59b5b26bfc3d6f02353138150351ede4e9395341fec7fbc757859c1f6fbdd30e","False"
"assets/delivery/stone-starter-20261003/derivatives/resource-food.png","1663136","2a4a2809843c099d91d0122fafd9283c2eef6bc2eec40aeaa6a2c5653690fdc9","False"
"assets/delivery/stone-starter-20261003/derivatives/resource-gold.png","1475864","254ec836e985bd4cc2d93f15a76a3971e063bcaa2120636771f513c99db21ab3","False"
"assets/delivery/stone-starter-20261003/derivatives/resource-stone.png","1514619","b06bf8b21b6381cfec8eeb0da5206d1d537ec24d65f9f91dd4988d684e82c189","False"
"assets/delivery/stone-starter-20261003/derivatives/resource-wood.png","1495633","2259a27f3425825cfc2ce6750aa441fd5b98829be29c58653bfcfb1ef7fc13e6","False"
"assets/delivery/stone-starter-20261003/derivatives/skill-offense.png","1462106","a1454dfb7cc41a97aa63c6f6b3b0095d8d7a381e2c48725dc487268821c162f5","False"
"assets/delivery/stone-starter-20261003/derivatives/townhall-stone.png","2152665","0cac3bd09dbb4c8eb88824f02ee01b951c21d2f6f85f024430e080763794f321","False"
"assets/delivery/stone-starter-20261003/derivatives/v2/barracks-stone.png","1615262","2cbb3058b1ab85427e825082c3b25d3618e2911292934c5fa2a308de6ed7ba76","False"
"assets/delivery/stone-starter-20261003/derivatives/v2/creature-wolf.png","1596367","aab5324452ef290a1ab900ee442cd23de79487bf87f0cd510cfd2352df7ded18","False"
"assets/delivery/stone-starter-20261003/derivatives/v2/farm-stone.png","1658576","36e2d6a9f5a736d0f915be44d9dbaeaa899b6bd98bdacf254ad42a91a0fe8256","False"
"assets/delivery/stone-starter-20261003/derivatives/v2/live/buildings/armory-bronze.png","1277734","795db826481fb6c0ac14be2a077cbbf14a1a1d9a105d9469db71e5c043d5d943","False"
"assets/delivery/stone-starter-20261003/derivatives/v2/live/buildings/armory-future.png","1522974","3761a37644b627cb6a6a07dedb17a3afcda4385c3e50c12569ebf318d583eaeb","False"
"assets/delivery/stone-starter-20261003/derivatives/v2/live/buildings/armory-gunpowder.png","1440884","57483dc33771b940b4f7b9a8e8646ffa643cedb42139acdb5251f703dac5ca40","False"
"assets/delivery/stone-starter-20261003/derivatives/v2/live/buildings/armory-industrial.png","1544805","5eb0ab58ad9b691c481bc44ee1d96e27b687ab215c3b5ba4821c258ac816398b","False"
"assets/delivery/stone-starter-20261003/derivatives/v2/live/buildings/armory-iron.png","1382228","9ab2971b5c947f319f48e86b7c46c5771a33f679cc45b19c2b89a81076850950","False"
"assets/delivery/stone-starter-20261003/derivatives/v2/live/buildings/armory-medieval.png","1262285","e648284cd9f190482bc41cdb352ff853e036f0f8ec72af4b7b30af094d2b3506","False"
"assets/delivery/stone-starter-20261003/derivatives/v2/live/buildings/armory-modern.png","1309126","fac484853be75c6978788333fbc8c5eb88417d3a0982a35daea45c1cae049771","False"
"assets/delivery/stone-starter-20261003/derivatives/v2/live/buildings/armory-stone.png","1653622","826b8da28433aad77a8fbba382396972c19a7f73db0547d2b6e4da2d8f41d43e","False"
"assets/delivery/stone-starter-20261003/derivatives/v2/live/buildings/barracks-bronze.png","1507578","f4654055e86e7bfaa4786704bfb567152e3fe2846a9e3a4725592c21241b42bc","False"
"assets/delivery/stone-starter-20261003/derivatives/v2/live/buildings/barracks-future.png","1113366","c87f2499203d70a36af5d2e953bb00aefca025ed0b85f2b32854967b3ca76edb","False"
"assets/delivery/stone-starter-20261003/derivatives/v2/live/buildings/barracks-gunpowder.png","1491830","52793f929bbf6adec58da13ced6b833d07781d1de34abe9d69fb6554d104e81b","False"
"assets/delivery/stone-starter-20261003/derivatives/v2/live/buildings/barracks-industrial.png","1594966","b6b016d1d44bfaf05fcb5a08ff527e585b99615452bab5e79bbb3181cc05c398","False"
"assets/delivery/stone-starter-20261003/derivatives/v2/live/buildings/barracks-iron.png","1388496","ada1f5e3fb3a6adcccf9672fd275ee3df200044cddd7feea3e318b5e34491b9a","False"
"assets/delivery/stone-starter-20261003/derivatives/v2/live/buildings/barracks-medieval.png","1184201","b9e433191c181dbec1e840f74896bef6edc50d71349e06185f100003d21cce67","False"
"assets/delivery/stone-starter-20261003/derivatives/v2/live/buildings/barracks-modern.png","1237176","b6782db63617818dcc37330d57a6e902342656ccca25886c6f78cdbdfb4c1568","False"
"assets/delivery/stone-starter-20261003/derivatives/v2/live/buildings/barracks-stone.png","1394272","2a69acfe9f31583a37fbde49c865d9c8310aea0eb8a36c4ac9288fec102374bc","False"
"assets/delivery/stone-starter-20261003/derivatives/v2/live/buildings/farm-bronze.png","1697140","6a357bc8c830665471a5cdedeb3ff0afca60cafc658118596c1bc9aeed0b6893","False"
"assets/delivery/stone-starter-20261003/derivatives/v2/live/buildings/farm-future.png","1676852","6c0e13aea90b176d35f0c54ac55a44d0ac49aca94bef724fac0835e0505a723a","False"
"assets/delivery/stone-starter-20261003/derivatives/v2/live/buildings/farm-gunpowder.png","1085359","9dd2a0599b208e43385e9bf2842fbac968193241f580313eabe684b77abd0458","False"
"assets/delivery/stone-starter-20261003/derivatives/v2/live/buildings/farm-industrial.png","2184423","eae1df873f07776b0c6b221da62688ad6eb6336a2bfece2e1dcf01dace49d3b6","False"
"assets/delivery/stone-starter-20261003/derivatives/v2/live/buildings/farm-iron.png","2058631","128461921b580912e54558e2ef6b6746f07cb4bab24348135b3dc8fc12fe0fba","False"
"assets/delivery/stone-starter-20261003/derivatives/v2/live/buildings/farm-medieval.png","1740339","9119b5888c4164ac4867beef3c56d45fc9b65c10083821b7a4bba87bf2cedd1a","False"
"assets/delivery/stone-starter-20261003/derivatives/v2/live/buildings/farm-modern.png","1584012","e17ff1cd0a63dff656e25ad6156317e2903a2fbde231225fa5e62ce3a86ea1ba","False"
"assets/delivery/stone-starter-20261003/derivatives/v2/live/buildings/farm-stone.png","1355439","cdb182abba0b87a7e4f444484591c2f3381957831a847935dddc4bd5181a3a9f","False"
"assets/delivery/stone-starter-20261003/derivatives/v2/live/buildings/hall-bronze.png","1635801","640afd61b8153b39367a9ebc8062831939d36f92ee70e4783780ddf12ec2cd68","False"
"assets/delivery/stone-starter-20261003/derivatives/v2/live/buildings/hall-future.png","1436709","9c3f6bac4f01bd001018be263e1edb502b946b8a8eaccc6f65b84c78983472e6","False"
"assets/delivery/stone-starter-20261003/derivatives/v2/live/buildings/hall-gunpowder.png","1483861","0706838d7a8c009d5860b2a530fdadb4e1839dd0db8b7c4f7720dbf472e037b3","False"
"assets/delivery/stone-starter-20261003/derivatives/v2/live/buildings/hall-industrial.png","1261256","e767e7044d2fc6682e0418d59072aa0a8ac9d95a9cba6c108e06a4ffd8ff27c0","False"
"assets/delivery/stone-starter-20261003/derivatives/v2/live/buildings/hall-iron.png","1270823","7b62f517120f20704a2e66abf9d08e7d61b9dbc9354a54b47a98017ddf991f99","False"
"assets/delivery/stone-starter-20261003/derivatives/v2/live/buildings/hall-medieval.png","1603398","e0d61a80e812fd306dffef152804324980937a253f9d57a0c71fa1eec5fc0155","False"
"assets/delivery/stone-starter-20261003/derivatives/v2/live/buildings/hall-modern.png","1202975","62eb2f765689ef24b190ec97be2a48670714334bdb45551556ffe724fba28e65","False"
"assets/delivery/stone-starter-20261003/derivatives/v2/live/buildings/hall-stone.png","1467766","b00c5c07715027a03031df30117523eece3e7e8ae0e24223d45c5cef863c59e6","False"
"assets/delivery/stone-starter-20261003/derivatives/v2/live/buildings/lumber-bronze.png","1601184","4d67972ba3595503b6208b7a44ecc513b298931d289f616644cce65c2d105b36","False"
"assets/delivery/stone-starter-20261003/derivatives/v2/live/buildings/lumber-future.png","1268888","3fbbba70c96d97445297222c4ad549181c62d81ab359568c3ae66d33bde297d2","False"
"assets/delivery/stone-starter-20261003/derivatives/v2/live/buildings/lumber-gunpowder.png","1574031","cf2c7af261109a35d07bfb721a8284fb70c904e5600a9a232c245b6c97179adb","False"
"assets/delivery/stone-starter-20261003/derivatives/v2/live/buildings/lumber-industrial.png","1797324","b294fb15c80982445e4691932555310b4da34e50394af74eb154e8cfc7dac4c7","False"
"assets/delivery/stone-starter-20261003/derivatives/v2/live/buildings/lumber-iron.png","1738560","ae303a84bc891694632d4ed070bc6df4782463c0025e9245a332eeff6bc95e90","False"
"assets/delivery/stone-starter-20261003/derivatives/v2/live/buildings/lumber-medieval.png","1420400","51e9067d24a4085e7b3bc464d513bc8fa369aea58d254683d95caac19b52fc85","False"
"assets/delivery/stone-starter-20261003/derivatives/v2/live/buildings/lumber-modern.png","1339728","0574230f05fe9ed5a9b841ddd5df1970527074d57cc5259fd48f7099979497a3","False"
"assets/delivery/stone-starter-20261003/derivatives/v2/live/buildings/lumber-stone.png","1441804","d2b8a962e32a14cce8e0123f2d18d7dd387996ceee5d0b66f94a3fae597de6c1","False"
"assets/delivery/stone-starter-20261003/derivatives/v2/live/buildings/mine-bronze.png","1928496","957f250d2810ef9baa24e4f36c16522aeb7e65af37c583fc0eda874ec4942a63","False"
"assets/delivery/stone-starter-20261003/derivatives/v2/live/buildings/mine-future.png","1372594","f453c16151269dc19d10cd0e93cd26bfc8a42f10a104ea9a29aa5e6c3b84fcac","False"
"assets/delivery/stone-starter-20261003/derivatives/v2/live/buildings/mine-gunpowder.png","1690440","6a6ea9cc09866bf0759df2585ec2a6106c37089cefb31af16cb634e646a77295","False"
"assets/delivery/stone-starter-20261003/derivatives/v2/live/buildings/mine-industrial.png","1445724","e7eb541d57a802dc44e0702a499a65bf00a1a661e4b493de6c6e0619a5bb5f36","False"
"assets/delivery/stone-starter-20261003/derivatives/v2/live/buildings/mine-iron.png","1743991","9ed830a67aebe209bdf08d37c0f70455eb4353dd8599eb5be1c43698a96afd1e","False"
"assets/delivery/stone-starter-20261003/derivatives/v2/live/buildings/mine-medieval.png","1784089","fef903d293efef5519c59394adda8baf805c90e5c2ed11b7a1395af9a841754a","False"
"assets/delivery/stone-starter-20261003/derivatives/v2/live/buildings/mine-modern.png","1630766","6b0d4268ba270554b1cf77b711d11edcf701f355b14414458d0adae554f8b500","False"
"assets/delivery/stone-starter-20261003/derivatives/v2/live/buildings/mine-stone.png","1214442","6a85bd8026dd4c5cb6be269f9ec17ae44a463cc884ec51acd31c0ab18027cce1","False"
"assets/delivery/stone-starter-20261003/derivatives/v2/live/buildings/quarry-bronze.png","1588455","15bc80f4e1b8c3fa66e65b1c5056b56b1bedb0c910679bcc47019094346308aa","False"
"assets/delivery/stone-starter-20261003/derivatives/v2/live/buildings/quarry-future.png","1666377","021f18e884109fc4c18983c92677d293c2e8229688a7f3b2abb2940f9cfa4965","False"
"assets/delivery/stone-starter-20261003/derivatives/v2/live/buildings/quarry-gunpowder.png","1863375","f81958d88916e7c560fb0a9c11a56c8700831ff508a5178fedbc69c276992b97","False"
"assets/delivery/stone-starter-20261003/derivatives/v2/live/buildings/quarry-industrial.png","1524380","de740fa5403118c48fbc0bae3abcaaaf636b50a50c692911c2acacd182e81819","False"
"assets/delivery/stone-starter-20261003/derivatives/v2/live/buildings/quarry-iron.png","1689886","3cf4e42107b2c08db171e54ecc7185eb914732211a55ad16575cd2fc737015eb","False"
"assets/delivery/stone-starter-20261003/derivatives/v2/live/buildings/quarry-medieval.png","1360537","51f7c0f138903e4a9fd81fe7b2e6b07a1199f7675f363c08312f111ff5ed7a97","False"
"assets/delivery/stone-starter-20261003/derivatives/v2/live/buildings/quarry-modern.png","1444479","2a856e6dd6d927dd1339d9faffb1ec507ade7f2f4680ec01ef6b7b11109fde09","False"
"assets/delivery/stone-starter-20261003/derivatives/v2/live/buildings/quarry-stone.png","1499729","bd0f7073cc46ebe795737818ad57ebeebd361711dc9230f7fe9bce9fe8d2fc65","False"
"assets/delivery/stone-starter-20261003/derivatives/v2/live/buildings/townhall-bronze.png","1786829","7b819301bca64452a52c71a9228754fd77fbc01d311ed4273cf8c23bc19a0c3f","False"
"assets/delivery/stone-starter-20261003/derivatives/v2/live/buildings/townhall-future.png","1524841","24adb19185af10058bc8e7b4951610b9e59fadc00688cae25a9c60ad82d5acbe","False"
"assets/delivery/stone-starter-20261003/derivatives/v2/live/buildings/townhall-gunpowder.png","1201951","262c5d3d1fc2bb4dd42a83c560f2be43a70572bc34f70456333e4f5b08d52645","False"
"assets/delivery/stone-starter-20261003/derivatives/v2/live/buildings/townhall-industrial.png","1416120","44d468df8b84595ff939452aa305f8339cccae02452f8960f424f6cb0402c32a","False"
"assets/delivery/stone-starter-20261003/derivatives/v2/live/buildings/townhall-iron.png","1350932","93bc74c6427f266d2c4cc2ba885ec886d6ffb3d5b3f2b402d6d97903f9dbd1e6","False"
"assets/delivery/stone-starter-20261003/derivatives/v2/live/buildings/townhall-medieval.png","1316334","174a472d131834940af6d5e8ea4014bcf6e247568e942d1c7ae7bc271e1c676b","False"
"assets/delivery/stone-starter-20261003/derivatives/v2/live/buildings/townhall-modern.png","1288082","411176aa4c918e348e1af009fda482ccfb729f0e9a7deb279ec1f5b77c7b7943","False"
"assets/delivery/stone-starter-20261003/derivatives/v2/live/buildings/townhall-stone.png","2132204","3c53419d73154d45168e24c396d25a617337b98cbbf452c13d1984e02db8f264","False"
"assets/delivery/stone-starter-20261003/derivatives/v2/live/buildings/walls-bronze.png","1271116","7dda6123353de91addaa91d7356a4c8010cadab130a8911c8e74c8fceb0a4990","False"
"assets/delivery/stone-starter-20261003/derivatives/v2/live/buildings/walls-future.png","1140613","0a063218257e65a7b7130ced17030b40d630f3d9beb4a6eda025300f76af0a1c","False"
"assets/delivery/stone-starter-20261003/derivatives/v2/live/buildings/walls-gunpowder.png","1507825","63edbcc854eea9afb758af2a1d3face9b5bd4956d13a9ef3ff71bb05913bbd98","False"
"assets/delivery/stone-starter-20261003/derivatives/v2/live/buildings/walls-industrial.png","1443919","666d8d22df2578f3d98f11ba6e4112ddae59f50463b23b8da8c5007867448be6","False"
"assets/delivery/stone-starter-20261003/derivatives/v2/live/buildings/walls-iron.png","1463514","81d3a2ba08e43d3da457a09123f53e643c257e5b0e94c05ec901c8852679b0c0","False"
"assets/delivery/stone-starter-20261003/derivatives/v2/live/buildings/walls-medieval.png","1200520","a2d19e8d8736120a9b2906bd8de8d5ff9a1bd71be54662dba3cd8c7c69a13a22","False"
"assets/delivery/stone-starter-20261003/derivatives/v2/live/buildings/walls-modern.png","1324598","d7216518cfaeef04cc3ee195d0e4e9e44f2ef1421925b6b4017c3100ba824579","False"
"assets/delivery/stone-starter-20261003/derivatives/v2/live/buildings/walls-stone.png","1643782","2e7548ca07d33af727c297e8e4ba99994fef726e8e87dbfbd6bc9ccca7513816","False"
"assets/delivery/stone-starter-20261003/derivatives/v2/live/buildings/workshop-bronze.png","1459806","9f625757f90ba0843d4b450162e2e1d4db4cdab0d732bbd748ac3ca080d998d7","False"
"assets/delivery/stone-starter-20261003/derivatives/v2/live/buildings/workshop-future.png","1259742","f015cb64000744674ec5d2f06506a35717b1bae4a33bbd1fbbcf7fe420a0788c","False"
"assets/delivery/stone-starter-20261003/derivatives/v2/live/buildings/workshop-gunpowder.png","1416873","4107f2fc843898bc777470d0e6f8afd435b50f5986201bfdb6af1b0e4c251ec0","False"
"assets/delivery/stone-starter-20261003/derivatives/v2/live/buildings/workshop-industrial.png","1398668","7b897185b73a32f80150823a256246da4d1fbb457337c78c49cb3a33f508373d","False"
"assets/delivery/stone-starter-20261003/derivatives/v2/live/buildings/workshop-iron.png","1617499","e0e9be12c69fef13a0e91ccfa710a963fb845ba710e8d21168b1511ed4117bcb","False"
"assets/delivery/stone-starter-20261003/derivatives/v2/live/buildings/workshop-medieval.png","1622822","59384c1743dc4be4a9b69330216c15a5c72abc9a07c6e299eb28dbfcbab3c3d2","False"
"assets/delivery/stone-starter-20261003/derivatives/v2/live/buildings/workshop-modern.png","1721829","258e9481edb3136ea3e6c2af71ac9c7e7f6bbacb395d9e659877e4d321d35026","False"
"assets/delivery/stone-starter-20261003/derivatives/v2/live/buildings/workshop-stone.png","2106665","e8765a21951c4e43d32859b5c2163f9ea5643ae66924008d2ec40978a9475166","False"
"assets/delivery/stone-starter-20261003/derivatives/v2/live/mounts/horse-body.png","1459432","a347501d3b82363b0311f69769283c0a962c6b7d535cd2d29827437b4c7c15d0","False"
"assets/delivery/stone-starter-20261003/derivatives/v2/live/mounts/horse.png","1459534","7439eb1b4541880fc70449a4c33600a50876b1165c1e48591141ab2dd6f43501","False"
"assets/delivery/stone-starter-20261003/derivatives/v2/live/plates/attacker-bronze-archer.png","830960","fc9a8b1936f55cb9db764b3daaf98d47702602612472e45f182cc8d24ea73671","False"
"assets/delivery/stone-starter-20261003/derivatives/v2/live/plates/attacker-bronze-brute.png","1113869","98097e6d9c7bfdda6874fb7a6895fae467a6fc466ed26f58a8ccfb022ba0908a","False"
"assets/delivery/stone-starter-20261003/derivatives/v2/live/plates/attacker-bronze-runner.png","2254865","dd9ed3f4bbfadae112c1a48dda2d002320048b04d864e605bc26526a0b3ac6cc","False"
"assets/delivery/stone-starter-20261003/derivatives/v2/live/plates/attacker-bronze-sapper.png","1175376","f15445781aefa68d615449f637d0e143c40ca8fcc7d3dd4f1cece6c167752344","False"
"assets/delivery/stone-starter-20261003/derivatives/v2/live/plates/attacker-bronze-shaman.png","1003562","4038a050c394d3996216b2cfa236e935636e64553617d76779d387e4ea6503eb","False"
"assets/delivery/stone-starter-20261003/derivatives/v2/live/plates/attacker-future-archer.png","1343628","9dfe5376da06780011c824579334b533de9cceec5d0279f1f9d96f992642281e","False"
"assets/delivery/stone-starter-20261003/derivatives/v2/live/plates/attacker-future-brute.png","1287826","edd64996dc306e9da6154edeaeab4d9774855a87752acdfd8f5c698f9624908f","False"
"assets/delivery/stone-starter-20261003/derivatives/v2/live/plates/attacker-future-runner.png","1048148","c0fa12aaa536c2df4e954c89f1814a6dbb8f38e229bf23f3e25c1adda4cf383f","False"
"assets/delivery/stone-starter-20261003/derivatives/v2/live/plates/attacker-future-sapper.png","825237","759d0a1bbf0bdcde5b44084d80bd2e3af7c486543951ba5a14b240bcf5049cae","False"
"assets/delivery/stone-starter-20261003/derivatives/v2/live/plates/attacker-future-shaman.png","1339936","71b81057baf72854901dc3cfbc70fb46cbde1ddd6aa626c915f791c2d3e194b5","False"
"assets/delivery/stone-starter-20261003/derivatives/v2/live/plates/attacker-gunpowder-archer.png","711272","d01a033f55e038ee41a7eb58e86a155ae7e97f0d91fae522ea4e874622bdc594","False"
"assets/delivery/stone-starter-20261003/derivatives/v2/live/plates/attacker-gunpowder-brute.png","785657","23d6da104e40240ac1e90b622ebf5db01df9b0cf0534b404e776fd9b0d6b7338","False"
"assets/delivery/stone-starter-20261003/derivatives/v2/live/plates/attacker-gunpowder-runner.png","574896","94281c2b93779be8c96bd169389b22e86eba9920bc0645967e3270376e0a716e","False"
"assets/delivery/stone-starter-20261003/derivatives/v2/live/plates/attacker-gunpowder-sapper.png","1174467","163c6303d6d2557b832deee38d49cfa0773da405f7d6e5dab3e136c85b48d2f4","False"
"assets/delivery/stone-starter-20261003/derivatives/v2/live/plates/attacker-gunpowder-shaman.png","1107798","80a819d4cc93e5be8d4cd6ea12fe5f79d9cc990281a8a13285ae91b389f2dfd7","False"
"assets/delivery/stone-starter-20261003/derivatives/v2/live/plates/attacker-industrial-archer.png","1118917","9f9679ab4893ee96608237f23af76c3c666dd52d76277b46b2c571c65ac65ffd","False"
"assets/delivery/stone-starter-20261003/derivatives/v2/live/plates/attacker-industrial-brute.png","1165737","589095e7131ddb35a4660e1bf47b829f0e8b6c7db1fbfb5ed6c4f9c1300186f8","False"
"assets/delivery/stone-starter-20261003/derivatives/v2/live/plates/attacker-industrial-runner.png","777581","51e637949ce44cf6b757d7b082e5a14dcc7b56d26bfceb498e0009e70b16d1ae","False"
"assets/delivery/stone-starter-20261003/derivatives/v2/live/plates/attacker-industrial-sapper.png","700334","0b901b743febc641ce1043ad126f69caccde1f9cc761bbd96b2aa0e363491871","False"
"assets/delivery/stone-starter-20261003/derivatives/v2/live/plates/attacker-industrial-shaman.png","1015151","411e0e66606cd61b9d35bb1d89a62c4c8f87091d13dff402a409cb6f0569d4fb","False"
"assets/delivery/stone-starter-20261003/derivatives/v2/live/plates/attacker-iron-archer.png","828091","e727d90916b8730f5ebe10af973ea4ec281752188b4455425664476346a99403","False"
"assets/delivery/stone-starter-20261003/derivatives/v2/live/plates/attacker-iron-brute.png","953895","75fa757960be3b16325a07e9d4ef6309ef8020793951b6747b7f3854b8bb5582","False"
"assets/delivery/stone-starter-20261003/derivatives/v2/live/plates/attacker-iron-runner.png","859902","837170dd93da593a213b19916672f10ebd366c4d6b40fb0e03293d8ddaa8cd05","False"
"assets/delivery/stone-starter-20261003/derivatives/v2/live/plates/attacker-iron-sapper.png","916042","035727ff1b9a9dd5766379e6f95ed05943c450b2e3712906af405edd02341708","False"
"assets/delivery/stone-starter-20261003/derivatives/v2/live/plates/attacker-iron-shaman.png","517310","316522597c85db9b44784bd2cf21d98441274bae75a565abd487608567e3166f","False"
"assets/delivery/stone-starter-20261003/derivatives/v2/live/plates/attacker-medieval-archer.png","1682837","cce4431d34d4e2402236788e4242747924f97159ed28f218da55d8ca08bb66f2","False"
"assets/delivery/stone-starter-20261003/derivatives/v2/live/plates/attacker-medieval-brute.png","1041467","9e7983c86392851c30de50d504967fa8658ad08254fcc362186d56e26146ada9","False"
"assets/delivery/stone-starter-20261003/derivatives/v2/live/plates/attacker-medieval-runner.png","832252","581346245619d6b89dfd5a49c3a6c8ff6214c317adecc25c9671b9031ec2505d","False"
"assets/delivery/stone-starter-20261003/derivatives/v2/live/plates/attacker-medieval-sapper.png","954874","c2fead887191f95899c9c5bed510c300799bb1cbb33118e7e56d7bc2eddf3d1b","False"
"assets/delivery/stone-starter-20261003/derivatives/v2/live/plates/attacker-medieval-shaman.png","593860","154f5846da80a76d83595ee0e4e0996616d3dfdd3c2ad4fef35a66b982a5046d","False"
"assets/delivery/stone-starter-20261003/derivatives/v2/live/plates/attacker-modern-archer.png","715511","c8f431543e12954533d5ab7e16b30b71c05761956cd3580885297621b13d4906","False"
"assets/delivery/stone-starter-20261003/derivatives/v2/live/plates/attacker-modern-brute.png","887856","66ff8e90db669adfef73cf78036ea1251b9189f381a9c5720b83379eb1d75e58","False"
"assets/delivery/stone-starter-20261003/derivatives/v2/live/plates/attacker-modern-runner.png","631665","e5f3fd3c8477d224cfdd7d1c4f45c965a7afca3a127e3b540c29094d434b8788","False"
"assets/delivery/stone-starter-20261003/derivatives/v2/live/plates/attacker-modern-sapper.png","615703","cda6dc1211d00bbe779b50c70ee97cf50ad7fb5578209acf6bc5bc19d3d035ce","False"
"assets/delivery/stone-starter-20261003/derivatives/v2/live/plates/attacker-modern-shaman.png","635834","4628b8a77a9458fd0d3ebe778e49f5a7744ddbc70eb91af3cf478a90695db81c","False"
"assets/delivery/stone-starter-20261003/derivatives/v2/live/plates/attacker-stone-archer.png","736518","729f9965315476be3d96e7d45382cb1f8641568f0c8e70c57296894050b9bfff","False"
"assets/delivery/stone-starter-20261003/derivatives/v2/live/plates/attacker-stone-brute.png","919808","b57c6857bcbc4e1ae1e9694a62d4d89827484903f81924a3322bcb8d25dbf00d","False"
"assets/delivery/stone-starter-20261003/derivatives/v2/live/plates/attacker-stone-runner.png","814145","8f70282c8893ec87a6e7684833d9348ccb7f97c346ffb95ff492db5a3d535f6a","False"
"assets/delivery/stone-starter-20261003/derivatives/v2/live/plates/attacker-stone-sapper.png","1033222","a15e65bd2a7b5b77f1300b25012bda128f6791451967677684abc4d30533d51d","False"
"assets/delivery/stone-starter-20261003/derivatives/v2/live/plates/attacker-stone-shaman.png","934773","a7cafcd28c9f71d0db7bb2a0cffc80b67f355fd35949c927164a19b0972372c1","False"
"assets/delivery/stone-starter-20261003/derivatives/v2/live/plates/creature-bandit.png","528602","f8acea5a032ff7fb46050c1ba514cb50363fdb69582f901ad1d576123504dc9a","False"
"assets/delivery/stone-starter-20261003/derivatives/v2/live/plates/creature-bear.png","1146978","cc62ddef130e50df5f815d4d8f38ced6fc9f725800708a9123b3332cad0a92c8","False"
"assets/delivery/stone-starter-20261003/derivatives/v2/live/plates/creature-drone.png","727726","17761489a569ec9e3021e10ee0a3b88251d1a21a932cd2ce5a7cdd2367ddfb03","False"
"assets/delivery/stone-starter-20261003/derivatives/v2/live/plates/creature-golem.png","1253725","3ab4e14713cb7838eed64bf5aa7385f671257f5f0239baadd8080170a7fcdb8b","False"
"assets/delivery/stone-starter-20261003/derivatives/v2/live/plates/creature-griffin.png","1121442","f94a728c9e334885dcdbab69c405340b4eebced944074afc8b82f28c5ce8465b","False"
"assets/delivery/stone-starter-20261003/derivatives/v2/live/plates/creature-harpy.png","1397635","244b5ace35442e50a46065e70ba451c7e33b0c72589a4b434f7b7eec048456fc","False"
"assets/delivery/stone-starter-20261003/derivatives/v2/live/plates/creature-wolf.png","1396288","b127232c32e45135affb7457a332dcddde50671aa8cbf935ffdabbe10090b0d4","False"
"assets/delivery/stone-starter-20261003/derivatives/v2/live/plates/creature-wyvern.png","1238728","00593c84ad209ae43d56462d7c9a2e9b8f44ecc1ac5a15678979105be9b4be3f","False"
"assets/delivery/stone-starter-20261003/derivatives/v2/live/plates/effect-arrow.png","1546146","9200415f6b745f195461c16a7c8a53fb4c62ec47f70da0bb6f9c215090a72306","False"
"assets/delivery/stone-starter-20261003/derivatives/v2/live/plates/effect-bless.png","1729652","5c958a251a2b1f1b635be41abf92e9eb9f7949b9e610e109f7617479d486c778","False"
"assets/delivery/stone-starter-20261003/derivatives/v2/live/plates/effect-spell-fireball.png","1663668","4aba10a8193c59760aa70dae0a0107ba9f7e9df464fc9f7cb95ff310dfa255e7","False"
"assets/delivery/stone-starter-20261003/derivatives/v2/live/plates/effect-spell-slow.png","2056604","858befa455ce3bd3822bc7a32baf1572ade3ed38fec9a8908f4441162b85baca","False"
"assets/delivery/stone-starter-20261003/derivatives/v2/live/plates/tower-bronze-arrow.png","664530","84ca245d1e29eec39a8030ef71661eb889029b1aee6e160722ed8ec9eddb2ede","False"
"assets/delivery/stone-starter-20261003/derivatives/v2/live/plates/tower-bronze-slow.png","1448260","ad7252d13a59cbc5878635265114f35261d505df67730fe4dc7549f1204ae25a","False"
"assets/delivery/stone-starter-20261003/derivatives/v2/live/plates/tower-bronze-splash.png","1540241","b489ccf87edc82e28498064f0632b8ccff6bc543d17f816b1f1eaaa0d8b20cba","False"
"assets/delivery/stone-starter-20261003/derivatives/v2/live/plates/tower-bronze-support.png","1568462","6a5fab54398c4efb60c0bdc0e218b336f793a065b16e34abe9795223436c6d4e","False"
"assets/delivery/stone-starter-20261003/derivatives/v2/live/plates/tower-future-arrow.png","591565","cf61a258f74a411264708b7ca8ae01f268adf1610c40c5f0ac7db7b988912ec1","False"
"assets/delivery/stone-starter-20261003/derivatives/v2/live/plates/tower-future-slow.png","1257092","e3137f55f7bb55ef4c7fd0d7b21eb5a44edbd2b7d17b590b7fd07736a67ce8df","False"
"assets/delivery/stone-starter-20261003/derivatives/v2/live/plates/tower-future-splash.png","1141730","8b0c3e48098e1b257dea89888e5a20aa74f2d182562567be6edff4a44459bad5","False"
"assets/delivery/stone-starter-20261003/derivatives/v2/live/plates/tower-future-support.png","1300851","7e648132eea7986eb732077dfee2f49a9329835512fad8b7c41d43d0cbec52aa","False"
"assets/delivery/stone-starter-20261003/derivatives/v2/live/plates/tower-gunpowder-arrow.png","953605","bc73de6c26962733841d8f671453a168cc5722163c76d7d11e3caed7d8234376","False"
"assets/delivery/stone-starter-20261003/derivatives/v2/live/plates/tower-gunpowder-slow.png","1207591","f8001a8d6c91ed467a100d4bd4a9601fe20191ed52629cd385ccc275c8c29bed","False"
"assets/delivery/stone-starter-20261003/derivatives/v2/live/plates/tower-gunpowder-splash.png","1680363","8055116ded13d9c8d16aceecb69ebd82c008d70ddbfe971873bade7668828f0e","False"
"assets/delivery/stone-starter-20261003/derivatives/v2/live/plates/tower-gunpowder-support.png","956261","1c7291360ac9e75c2f8e0c57b29cfd0865213a8e249e24605eef9b53b84b7764","False"
"assets/delivery/stone-starter-20261003/derivatives/v2/live/plates/tower-industrial-arrow.png","828127","dd03638b0e8d8a9cab0fc01274dcb8f846a4013fd738d2d0452325bb139cd345","False"
"assets/delivery/stone-starter-20261003/derivatives/v2/live/plates/tower-industrial-slow.png","1353383","6271499d369df6ab624a0f7d9aaddbe58175036462726e6ca5fbc84eff8e0dd5","False"
"assets/delivery/stone-starter-20261003/derivatives/v2/live/plates/tower-industrial-splash.png","1633635","4dd453d31b289cdb053ff5d47ebfc940f7fd7b74aa03258d99aec6d331009757","False"
"assets/delivery/stone-starter-20261003/derivatives/v2/live/plates/tower-industrial-support.png","799682","03507f4a4267b3b45a61d6bddb08f45d77f188d92b9244ea1d3dbd8da5a9e88c","False"
"assets/delivery/stone-starter-20261003/derivatives/v2/live/plates/tower-iron-arrow.png","944285","4fd520a4479880f62c93e854442a179ac1e3f805103855819d4fd2cf6ac06b58","False"
"assets/delivery/stone-starter-20261003/derivatives/v2/live/plates/tower-iron-slow.png","1007273","4ddc9576be011935580466d4e57eb6f441f586171ccfbe8f85b92ebb8d10d168","False"
"assets/delivery/stone-starter-20261003/derivatives/v2/live/plates/tower-iron-splash.png","1616096","1cdd05ff672933ff1368ec89a8bc6df83066b965085403224158c06461f9c082","False"
"assets/delivery/stone-starter-20261003/derivatives/v2/live/plates/tower-iron-support.png","1446467","2ac60ba87b3b20e2968761725baa2a776c5125736d1bce8ea079c01d8d4fc667","False"
"assets/delivery/stone-starter-20261003/derivatives/v2/live/plates/tower-medieval-arrow.png","1378151","18574b50eccbf32a9fc7de01b773fdb4c344802e5acfce83b3c73acaad7cac69","False"
"assets/delivery/stone-starter-20261003/derivatives/v2/live/plates/tower-medieval-slow.png","993594","fd856f73d7cf38af16bc5480c918a8a1c89e0ebdbc78d0836802f390b9c9bf83","False"
"assets/delivery/stone-starter-20261003/derivatives/v2/live/plates/tower-medieval-splash.png","1360383","a950dfd863aa19215c2a98a4eb25a16691a0d95e21bf4a22dd6f9b4c2da0c028","False"
"assets/delivery/stone-starter-20261003/derivatives/v2/live/plates/tower-medieval-support.png","1497512","ad9e10e4ea7d6cd0a6ab9237bd059108ceaf221a5a789af2dd6007531e68cfee","False"
"assets/delivery/stone-starter-20261003/derivatives/v2/live/plates/tower-modern-arrow.png","1197124","0d413a33b9c1a5f6952dea68c28c88b245ca0dda66ebdc5bf996bd059473bbc3","False"
"assets/delivery/stone-starter-20261003/derivatives/v2/live/plates/tower-modern-slow.png","1274641","86382b6d8ad2e5131ea02a0d813933931b66fe3cf9ea94d6c98493d8240db4d0","False"
"assets/delivery/stone-starter-20261003/derivatives/v2/live/plates/tower-modern-splash.png","1095476","d0b0503883c50ca73e567a91bdb685e4968270cc8dcbc021e3c4cf301fe29525","False"
"assets/delivery/stone-starter-20261003/derivatives/v2/live/plates/tower-modern-support.png","1300159","bff865b741d62684283ac5dc1528017674df5ef7bed77ebc573c2ed20cd35e59","False"
"assets/delivery/stone-starter-20261003/derivatives/v2/live/plates/tower-stone-arrow.png","1058557","77132bc45b332b02324e96b74ae57d54a3cd473dee2c0674542ae6c48f570ccc","False"
"assets/delivery/stone-starter-20261003/derivatives/v2/live/plates/tower-stone-slow.png","1404529","d37a6de4925e356a783d53dbb04761425eb8643ff90cbf6edbb2dc882077a047","False"
"assets/delivery/stone-starter-20261003/derivatives/v2/live/plates/tower-stone-splash.png","840933","5034ca916da61bf9e2d635117b1ef6f41641ced04259cbb57a5db32fe93393ed","False"
"assets/delivery/stone-starter-20261003/derivatives/v2/live/plates/tower-stone-support.png","1418670","7c20ca7c69696591837dc801ed5e7d895377168c2a701353e614deaf3b911cba","False"
"assets/delivery/stone-starter-20261003/derivatives/v2/live/plates/troop-bronze-heavy.png","805042","84239951d52c4dff82e119914e3f1a1ae9760238761a00b85ba258ec1a3e301b","False"
"assets/delivery/stone-starter-20261003/derivatives/v2/live/plates/troop-bronze-melee.png","450890","cde012e0e8b55084768eb14b47c01b39c2f3a0a6d0cb3680a9e2163926672bac","False"
"assets/delivery/stone-starter-20261003/derivatives/v2/live/plates/troop-bronze-ranged.png","837432","214dc5f266b6c2a80cb921e577da7109d6732687d532562f846e2d8afa6d3b9b","False"
"assets/delivery/stone-starter-20261003/derivatives/v2/live/plates/troop-future-heavy.png","849125","4efb5370b7a11748291e131c4cd62faeff3f79d96cf6aadea97ac0fd92e092d7","False"
"assets/delivery/stone-starter-20261003/derivatives/v2/live/plates/troop-future-melee.png","810176","097b80ea23e84477be6461a66f25d2be7be25eb8a647e7587940a2ecf6f6f4d3","False"
"assets/delivery/stone-starter-20261003/derivatives/v2/live/plates/troop-future-ranged.png","766765","70681161e90ae3e40ae2a883feaef17499d718820fe248732d798f52dd52da9f","False"
"assets/delivery/stone-starter-20261003/derivatives/v2/live/plates/troop-gunpowder-heavy.png","1121507","5bd258da42821df0da021a568237a93ea6de95c9a5e76cfc9bfc5f69409af979","False"
"assets/delivery/stone-starter-20261003/derivatives/v2/live/plates/troop-gunpowder-melee.png","698126","91b2f5400324bf1bdab0f91da4884dad6a14f52283fce380222d1ccf3455d450","False"
"assets/delivery/stone-starter-20261003/derivatives/v2/live/plates/troop-gunpowder-ranged.png","590945","f13eed766d51178c7530a1dd791fd9684b251135755d3ea18354bcd124e02129","False"
"assets/delivery/stone-starter-20261003/derivatives/v2/live/plates/troop-industrial-melee.png","895441","9db65db3b921383ed6249f50e6b893839d51d42047f27afe3e0b7032ec83d410","False"
"assets/delivery/stone-starter-20261003/derivatives/v2/live/plates/troop-industrial-ranged.png","573918","27f5470fac3860771bc2f373bfdc872d6aaeb21b1730913b50a4fea0bd209189","False"
"assets/delivery/stone-starter-20261003/derivatives/v2/live/plates/troop-iron-heavy.png","850906","024492e00f357465c3c71f6550c92e7313df2f809f2d372253586fda01198493","False"
"assets/delivery/stone-starter-20261003/derivatives/v2/live/plates/troop-iron-melee.png","620066","4c98c88b18b375c4327dcf4f2c685560d5471c6213692edb19e9cbca5daa38c1","False"
"assets/delivery/stone-starter-20261003/derivatives/v2/live/plates/troop-iron-ranged.png","729422","ed20b5263223506da349f0f2c3cfe84014ec06d2976034ed808bcdb88b660271","False"
"assets/delivery/stone-starter-20261003/derivatives/v2/live/plates/troop-medieval-heavy.png","740829","3975a00c07550ed44ae3817cf77cd54ad575915d9e12590a1faeeb44356423d6","False"
"assets/delivery/stone-starter-20261003/derivatives/v2/live/plates/troop-medieval-melee.png","747075","c0ad9ed9d166be15128b35be138cb6ad6ecd91c5e28cc11640f0e521ebe03eb9","False"
"assets/delivery/stone-starter-20261003/derivatives/v2/live/plates/troop-medieval-ranged.png","523671","cb010a604b259fcfa6dff41c0c289b8ca8be572429e6dc4b9ede51df49096bbe","False"
"assets/delivery/stone-starter-20261003/derivatives/v2/live/plates/troop-modern-heavy.png","805510","bdb19011c9d2c4a6d6e9dd74a3a5a40910481c5c62b4ac2fc4738b901b5a11a2","False"
"assets/delivery/stone-starter-20261003/derivatives/v2/live/plates/troop-modern-melee.png","724636","56de4753384a902fa052ace7b1647b17e37ec6d870b7352c7d80fa158b945dbb","False"
"assets/delivery/stone-starter-20261003/derivatives/v2/live/plates/troop-modern-ranged.png","593711","d0774fda71a08ea57059a96fd553832141b291890349d509ed927205c32ba21a","False"
"assets/delivery/stone-starter-20261003/derivatives/v2/live/plates/troop-stone-heavy.png","935999","2b500963d2c56631a47d0646b27f7489ab42b51df780ba2e2b115b436b5c9bcc","False"
"assets/delivery/stone-starter-20261003/derivatives/v2/live/plates/troop-stone-melee.png","1072942","43e5f2cf1200d6fab8918819e3470f8176900835265e44258592a5f26a72237c","False"
"assets/delivery/stone-starter-20261003/derivatives/v2/live/plates/troop-stone-ranged.png","1034054","ca64600806530908229ffd01fb68c56ce669abb99e41039e22aa79e1a9d757c6","False"
"assets/delivery/stone-starter-20261003/derivatives/v2/live/rigs/barbarian.png","1730748","7d9fce7feab46953a67ba331866b000da2268cd77e7e65421b2778fcfdeacad1","False"
"assets/delivery/stone-starter-20261003/derivatives/v2/live/rigs/healer.png","1725271","5817f6230c15ea5fc6d0f8f7edfb737681c4e1ebbc930c8559d391497d53f0b3","False"
"assets/delivery/stone-starter-20261003/derivatives/v2/live/rigs/knight.png","1673810","36d945f4c555151d473474460b7ece094cb05445e60c11015f142752ea527b45","False"
"assets/delivery/stone-starter-20261003/derivatives/v2/live/rigs/mage.png","1328806","5d55681a08c9a20508d7e1a5f3475e90084b0bc3d5ea3ad5435f28b368f81c4a","False"
"assets/delivery/stone-starter-20261003/derivatives/v2/live/rigs/necromancer.png","1692704","1098a84aa2c4e0768eff05c11e4c65928efa6fb2a056e785fc8d5064a9b64868","False"
"assets/delivery/stone-starter-20261003/derivatives/v2/live/rigs/paladin.png","1391459","d17c515eb6d79fb244f5d657d1bd9407d7c4210e19deb9564c9428f16ed62a4e","False"
"assets/delivery/stone-starter-20261003/derivatives/v2/live/rigs/ranger.png","1601590","a8a167ed5750534bbf763b1a0e9bf19b3f8eda5a07df75f6693109dff743e2e9","False"
"assets/delivery/stone-starter-20261003/derivatives/v2/live/rigs/warlock.png","1501060","520fdc0ea8584afefe4ce8cd9f6e4e188277ba0ece8c77a8511d1fa78c867220","False"
"assets/delivery/stone-starter-20261003/derivatives/v2/lumber-stone.png","1666406","ae03fc9f4a7a8ad185ec6184c863fed0e7acb2b52a887e89110e05d6dc6c0518","False"
"assets/delivery/stone-starter-20261003/derivatives/v2/mine-stone.png","1541254","20284121d60d6c8582f59a23381a64b61988ef93aeab76cda153543841553091","False"
"assets/delivery/stone-starter-20261003/derivatives/v2/quarry-stone.png","1641522","05bc40ed58d16ba1c4080c0ea1867e328a9d6b3279a84e542e45b53233acd4ec","False"
"assets/delivery/stone-starter-20261003/derivatives/v2/resource-food.png","1666387","af2ef872598b99d5457793551c8297c3d136ab6e1113edb19da73fd3f7a635ef","False"
"assets/delivery/stone-starter-20261003/derivatives/v2/resource-gold.png","1478677","a02bde77aa7ee13ce3319977f39b168c36512878b724b07b1757638db820d25b","False"
"assets/delivery/stone-starter-20261003/derivatives/v2/resource-stone.png","1515894","fe3eb2bf114243f5053c9ce5d8834e85646e4e710a7aad40ec51b9f426e540b3","False"
"assets/delivery/stone-starter-20261003/derivatives/v2/resource-wood.png","1495643","98124471d8d7c8055a73d1c62dce1e5ed4c0fb329d6fa5a77a1e9eb5bcebede8","False"
"assets/delivery/stone-starter-20261003/derivatives/v2/rig-knight.png","1673766","578f6b2cfe74be63a51eaf04ba067b1d4ede4e97bea7c83a5edaa341e9d6f164","False"
"assets/delivery/stone-starter-20261003/derivatives/v2/skill-offense.png","1462106","cb71c50e6c1f5bdd208e0ab45c3cfc2acecc70372210bbe0ac1d18ec54a91922","False"
"assets/delivery/stone-starter-20261003/derivatives/v2/townhall-stone.png","2167083","d77406ffc8b865059f585f4dbc7d5af61e80473b5eded535ec5b32e15775ad73","False"
"assets/delivery/stone-starter-20261003/derivatives/v3/resource-gold.png","1385638","fd1d293143ab7d08312fc6a435bfc8d1c437792616b5f56edf97f050584b27c9","False"
"assets/delivery/stone-starter-20261003/derivatives/v3/townhall-stone.png","2152224","f359a8b72100be8ad78eaf61eede19bc8b2db3bd0a1d071050a51edce22cc37c","False"
"assets/delivery/stone-starter-20261003/derivatives/v4-ui/resource-food.png","1184828","ed179605ff6f8cc49c646db30f2c7c0ffa48386b7f29f7ed094ec1907feaea57","False"
"assets/delivery/stone-starter-20261003/derivatives/v4-ui/resource-gold.png","839259","8020977b795d23c2647bb7d0442976dc1345cf68f650116536d152ee22ca8d9e","False"
"assets/delivery/stone-starter-20261003/derivatives/v4-ui/resource-stone.png","1023600","0bb29408e63951addf2d05d61e9a67ff1ba764a75be4945994e79ce5f5222f6f","False"
"assets/delivery/stone-starter-20261003/derivatives/v4-ui/resource-wood.png","1045584","a12c5fa391a0714425dc6999fc106431669ff2a174fe7cdc5c3c2006989ae4cc","False"
"assets/delivery/stone-starter-20261003/derivatives/v4-ui/skill-offense.png","964059","1a9a57f5c9a6c27d62c37368c63368c8df741facd558a7c5a464fc6a554ffb05","False"
"assets/delivery/stone-starter-20261003/gate-ledger.json","196151","e6f11407a1fc2317be8aebfdf546312125ac7de346665fa97050b99776f7671e","False"
"assets/delivery/stone-starter-20261003/inspection/farm-stone-black-white-green.jpg","381515","613373c4bedd1af6d74d868de81ecbcf7a207a8ba9ef6b052bbf9e69b0c30759","False"
"assets/delivery/stone-starter-20261003/inspection/lumber-stone-black-white-green.jpg","444957","7747034452940ee020807d8d60615fd9681999c8199d296e7100ccd418a2e7f7","False"
"assets/delivery/stone-starter-20261003/inspection/mine-stone-black-white-green.jpg","365067","b1c8f37802c5de221a8fd4acbd02528d8a541dd034b267a773cfe63dd4fc12c9","False"
"assets/delivery/stone-starter-20261003/inspection/quarry-stone-black-white-green.jpg","423063","abe6b501d804b8ea41d0fd96ab4ecac83fa37cd241ebfab25a3ae43402caee94","False"
"assets/delivery/stone-starter-20261003/inspection/resource-food-black-white-green.jpg","372774","61a6b0e92501976eca4a2f5be8bc985a435c925de6f6d229566bfc5c62644978","False"
"assets/delivery/stone-starter-20261003/inspection/resource-gold-black-white-green.jpg","239240","00433e4f4d8412fda3eb423287a6b225827ee8a6d235decb4676b90b08f23251","False"
"assets/delivery/stone-starter-20261003/inspection/resource-stone-black-white-green.jpg","287165","31ace7fe1c8c7dc068d8236d3470278cfecbea370233e235a654430d947a2a9a","False"
"assets/delivery/stone-starter-20261003/inspection/resource-wood-black-white-green.jpg","315781","1fcf7b9f9c4f99dfe49256775fa3c28b016144108d8ef1711780bde6d391a20c","False"
"assets/delivery/stone-starter-20261003/inspection/skill-offense-black-white-green.jpg","256677","61e5a3eda02cb36cd743f161e0b224da6692f527cbaf114b7a601cf2d42405da","False"
"assets/delivery/stone-starter-20261003/inspection/townhall-stone-black-white-green.jpg","659638","40650aa3b42384b27428224af6c1aa1109f2b78c6ecc54178112476c678d577d","False"
"assets/delivery/stone-starter-20261003/processing-record.json","32349","46dee32f7df9a1df8be2958604c8fe8d66fab9ddc1e49ec122a1a7f2d8225f3c","False"
"assets/delivery/stone-starter-20261003/stone-kingdom-composite.png","2230424","2be484d16d7d3af6c28ef779931f859c50d68c0f25260f9a7bc6e92b022e70b2","False"
"assets/delivery/stone-starter-20261003/stone-kingdom-placement-debug.png","2231730","ef9fa3c8edc49604584413bc6dbe0282398c846ece4d90eed3fd29f02295fbf2","False"
"assets/delivery/stone-starter-20261003/terrain/kingdom-terrain-stone-repaired-v2.png","2168041","bd0781da1e470ed40cab480aa487694f5998447c96548cd5cf07f066ddf6835d","False"
"assets/delivery/stone-starter-20261003/terrain/kingdom-terrain-stone-repaired.png","2141262","caa3c448cc61dd0459642f8c1007205dc0dd60c69894d9baeceb2e14de2cf24e","False"
"assets/delivery/stone-starter-20261003/ui/ui-resources-offense-1180x820.png","24328","286c78088dc446c72fb137a9a18b6cbac82d3aea27e1f19d6a5be5e61c715a83","False"
"assets/delivery/stone-starter-20261003/ui/ui-resources-offense-1280x720.png","23939","b7b642e5ab61f036eda69d4d143e38d1ad016e7dfce3f16511bfe81514573612","False"
"assets/delivery/stone-starter-20261003/ui/ui-resources-offense-825x375.png","20295","6f7b0eed19c0e743a61667c02844cb87523267810051fcf418b9c09cfd7cd61b","False"
"assets/delivery/stone-starter-20261003/ui/ui-resources-offense-933x424.png","20825","2242710582e3483fc05de355f7acf17922146afa5fa9214959823fce4a37ee6b","False"
"assets/delivery/stone-starter-20261003/ui/v2/ui-resources-offense-1180x820.png","26831","67d35e8ff775b1e027c48aac5806ce3a894358f83e370187e96180576f28bd96","False"
"assets/delivery/stone-starter-20261003/ui/v2/ui-resources-offense-1280x720.png","26326","a74f4dc9cfd17c29ce601d17a8ab0aae09ed090cceef04d08cb1d39c02a8afc7","False"
"assets/delivery/stone-starter-20261003/ui/v2/ui-resources-offense-825x375.png","22642","9640d4aead532d3de3b923e368a827f659737031619f069960a0ad6272adbce6","False"
"assets/delivery/stone-starter-20261003/ui/v2/ui-resources-offense-933x424.png","23243","0c37a48b3d5810d155da431c8b6b63ea7f802ca9bf0d102124843b6eff35479e","False"
"assets/derivatives/actors/troop-bronze-heavy.png","6120919","a41908aa0b2d1e563e1cfd96354ef3b7d0515ec9640858cc10f09af4ab0f21ee","False"
"assets/derivatives/actors/troop-bronze-melee.png","4234641","1921e8fc4bce6e7da7fb4149122ea1be85efab1fa7b62b48b73459e0940250c8","False"
"assets/derivatives/actors/troop-bronze-ranged.png","4678458","002ba4bf559657d1064782e453e59fed054ff6e89f78b798f47653e76b8afffb","False"
"assets/derivatives/actors/troop-future-heavy.png","6172231","b62d54ba66e4fc182cce33cffcb80f5ede566da19f7cb4ac5c3676194342d42d","False"
"assets/derivatives/actors/troop-future-melee.png","5411436","6e4b898bed7aee322e17b10f11a276cc47cc743e10506656e5416ae1a0276089","False"
"assets/derivatives/actors/troop-future-ranged.png","7674182","17cd71ee540541df31a9cc3459c7f79bafe0d9a28bb4f1ae3153e71edde8cd7d","False"
"assets/derivatives/actors/troop-gunpowder-heavy.png","5970567","2883e75fc5d471a85b7e40bde67bc9bc7c5904ca7a125917621194c1f0ada5c9","False"
"assets/derivatives/actors/troop-gunpowder-melee.png","5432351","bd0e7851f291666997ee7f27f8ad3b797d305e281e5b2d584cc90134d185e9e0","False"
"assets/derivatives/actors/troop-gunpowder-ranged.png","4502983","6a63216c9a9c0db4d99e273fd04ff202dd17a5a453db82f2f3ac651a45a3c185","False"
"assets/derivatives/actors/troop-industrial-heavy.png","4477910","0bf0a7169afe5f6cab53b578bc12e21c6e0da7b80f96f7cf2857c4ae942810b6","False"
"assets/derivatives/actors/troop-industrial-melee.png","4931871","fe3661406a02d49b3b6b6ea50e51d0919a2d48b551a70d8d9e0307e4bee7a9a3","False"
"assets/derivatives/actors/troop-industrial-ranged.png","6156193","af195f74637e47862c970f1211c2759c92c5926c0c84d7c06e31fd4af0ef4cbb","False"
"assets/derivatives/actors/troop-iron-heavy.png","5530600","0fd073a9d115baf99130e8beda4fdd96fc96e83348a9ea860734882226e037c3","False"
"assets/derivatives/actors/troop-iron-melee.png","3611801","8146afc0f628ab3d351d7b229e73ec01997d5bf69338abe48c0cdef560d87e5c","False"
"assets/derivatives/actors/troop-iron-ranged.png","5314614","0cc7e0d63445554a8fd8664f3739b754ad49468cbd54e2fc719e1d66e6e10762","False"
"assets/derivatives/actors/troop-medieval-heavy.png","3894189","dc028c597700b550e6df494aa8fb5338e6c6e46206ad476f12b176eb9043fb87","False"
"assets/derivatives/actors/troop-medieval-melee.png","6462540","61522ae78e65c94d855a1a0125aa364ab04bda2daeaeafac1fa3ebc8737685d2","False"
"assets/derivatives/actors/troop-medieval-ranged.png","4921801","ba5a82b569f585360488423cd717b4cffe5d476d7bcb832fea2ec4077ea3bab3","False"
"assets/derivatives/actors/troop-modern-heavy.png","6056241","6a1a21c3a35888efee03bbfe105a3c4edd3be231ad872b80db5e23ce21e00dfe","False"
"assets/derivatives/actors/troop-modern-melee.png","5218819","6c7098c1413885a4ee5c2afd29f4fb99ddf52693f34f051af8043130a8c187b0","False"
"assets/derivatives/actors/troop-modern-ranged.png","6126336","464dc83a69f6755faaf6c46b586f313463884a5b445debc602a1a4d07b3a89f9","False"
"assets/derivatives/actors/troop-stone-heavy.png","5099766","8a1dc4d2306644a18ff8b0bf3f9ed173fc3706e0b41b3de5f1da52c6ada643fd","False"
"assets/derivatives/actors/troop-stone-melee.png","5181519","84283861fd1ee6c52167ffac182d36cebbc169245cea5ce13e8a0d29e0b33fbb","False"
"assets/derivatives/actors/troop-stone-ranged.png","5406873","bc5b86cdf2d0fe8908886988a94c8f0de1acbee869e2106d06d187d65ad66b20","False"
"assets/derivatives/actors/v3/troop-bronze-heavy.png","6238334","cb3d60cd3270340c83531fd0738fb7a86e2a61f7028448fb43ec74d34eec7d09","False"
"assets/derivatives/actors/v3/troop-bronze-melee.png","4288427","3c34564b6651b9d4ffb9252a5bdd566edbc6ed79c5ff04e43dda58dcfef78a77","False"
"assets/derivatives/actors/v3/troop-bronze-ranged.png","4729172","a46e6bb195da1bce14f6ce847ad44b110d794a4f49d4febdbe2e87c3b74ea872","False"
"assets/derivatives/actors/v3/troop-future-heavy.png","6375200","a28b46bc8a319d06b8c9af18ac9baf521e4e0fb179f8175421debd35fa83f59b","False"
"assets/derivatives/actors/v3/troop-future-melee.png","5554933","f2c015af7fcb03cf96bdc280a7ae42f2fcc8b08ca12a7e57aa09b7d98cabccfd","False"
"assets/derivatives/actors/v3/troop-future-ranged.png","7799984","0c17ff98c46c8fd3445ddcaa4cf31b149bdf1a7730c7708475bb404396fe5888","False"
"assets/derivatives/actors/v3/troop-gunpowder-heavy.png","6164786","488e11f4a00eb9a7434e676444be5b4e018b300c191b4fe42517efe948526fb1","False"
"assets/derivatives/actors/v3/troop-gunpowder-melee.png","5296831","3199b1dadfa5d747eedf3e5d5ac86bf8c41d5928a9c6b95e1937e76709cd8f8a","False"
"assets/derivatives/actors/v3/troop-gunpowder-ranged.png","4569550","91fb50365939d8511ec96d0602f9af11fda17fbc70ccd69595c90d5095bd09b1","False"
"assets/derivatives/actors/v3/troop-industrial-heavy.png","4501157","31fb871c330a01eeea95c6d27f03f02dcbcc555534d36db573dc76fb71fa2008","False"
"assets/derivatives/actors/v3/troop-industrial-melee.png","4958092","7843ad4481c6b3e65a2d8fe6c236fd916f45fb146133ec7fbd4cff5e350a23c7","False"
"assets/derivatives/actors/v3/troop-industrial-ranged.png","5598387","a84508f4b90e02dd9a6524db9c65700422853a261b90dfbc00b7105835ee7a80","False"
"assets/derivatives/actors/v3/troop-iron-heavy.png","5744816","4f3df65c28263d7e31549fbe88d5f7035e4277f9970d3bab108980e714d950d7","False"
"assets/derivatives/actors/v3/troop-iron-melee.png","3770107","63a0ac4533a886e16b2eadf539acdf1da4a9cd687ba12d7e0e0f2520386ffa93","False"
"assets/derivatives/actors/v3/troop-iron-ranged.png","5410916","34bd83e1abe83ed5899f0c5a67127a4ba3f4779c0fd8610317d6bfd7324a0418","False"
"assets/derivatives/actors/v3/troop-medieval-heavy.png","3964262","ff9fa2feb364b400d12f1be1d1f3d88880a4d982b7c514d25aaec813e3195a1f","False"
"assets/derivatives/actors/v3/troop-medieval-melee.png","6744035","2e4760e6b5062c4570a4950ef9c9bb7441a7aa53599ef7b332e697e43e107182","False"
"assets/derivatives/actors/v3/troop-medieval-ranged.png","4931388","14b095d9c007d2b9ca4869d149812474c330cf2cf3492ac3b7ad8dc789730c27","False"
"assets/derivatives/actors/v3/troop-modern-heavy.png","6343741","f6eec1a0e739ca7aad4888039c00e66bcbf5ce3a4e25acbddf285d0bf04afd51","False"
"assets/derivatives/actors/v3/troop-modern-melee.png","5245802","3ce951046021cbb37bf62b41327bc93007dc47cb0f5689c03def8dce468a11a4","False"
"assets/derivatives/actors/v3/troop-modern-ranged.png","6424112","a5bf2692fb8d5f02bd580c19d48d6d5d8769e393755e935ff5c17e734f56d718","False"
"assets/derivatives/actors/v3/troop-stone-heavy.png","5164923","20da7ce690c2e249d31984e1d43f40afdf364eed352ccc1f6c7548d41facd3e7","False"
"assets/derivatives/actors/v3/troop-stone-melee.png","5192018","8b6be34867842c44fe62f616b86e49bed7cca4e0bc75ad651dabaf073325cbf3","False"
"assets/derivatives/actors/v3/troop-stone-ranged.png","5428715","16283e6c4bfdf8080bb18cabb7470c5c8e7ea17469bd711d20301c7f91736279","False"
"assets/derivatives/actors/v4/troop-bronze-heavy.png","6116790","253f5aa8636e36311c0acfe09d4006b2d0b070fadc549f402e9216e2b136655f","False"
"assets/derivatives/actors/v4/troop-bronze-melee.png","4224385","d9c6c3c6f773eaa4ffbd892a3b04e8af083ae1f84426d42c0332bce6da0ef593","False"
"assets/derivatives/actors/v4/troop-bronze-ranged.png","4657112","37dd82bc78e87c77e483ab4544141eb26590cc1e98b02328ea40f0164da221aa","False"
"assets/derivatives/actors/v4/troop-future-heavy.png","6194539","d31a6547f375fa89e37b51744203a115c235e93420f326b0d0c0cdfecd31804a","False"
"assets/derivatives/actors/v4/troop-future-melee.png","5410342","fe23ac2e32c9cba7294873a33435dbb3c3e529f560c6424f9fa1553453c3f445","False"
"assets/derivatives/actors/v4/troop-future-ranged.png","7473493","de1da1420b1f16658c35f98a73c9c1cab65c0b9d14f5a79f4ac0275b22184c19","False"
"assets/derivatives/actors/v4/troop-gunpowder-heavy.png","6021147","e6ba3b3dfe33190f044e561d3354c5f9f69fcb1f0cb01c21c0c4ad70d2339ae6","False"
"assets/derivatives/actors/v4/troop-gunpowder-melee.png","5248341","307adeb670a6f81f25b4e0b1118e645da712d5b752429cd2a726cb89498c00d4","False"
"assets/derivatives/actors/v4/troop-gunpowder-ranged.png","4497822","d4ee6bebee78ef0bb3f6659e55b099f5ad0307831bfe931bd164ce542dcdd403","False"
"assets/derivatives/actors/v4/troop-industrial-heavy.png","4841572","476bda712a014816f4a00af2b48222abc173be6c305d96fa8d798e0a66ce63d9","False"
"assets/derivatives/actors/v4/troop-industrial-melee.png","4918240","e108a8ac4bb4e04177afc411a88298966ccc9a62e2b5734114e70b30116083d5","False"
"assets/derivatives/actors/v4/troop-industrial-ranged.png","5512843","77ff7c1b3473e00b03b02f80c2740cc274023d2bb869dfafdfc7935677cfe6eb","False"
"assets/derivatives/actors/v4/troop-iron-heavy.png","5598499","620b7997f747333eeafe75c76edda53642566b4ec05b2990f3c5a2d5c269c96e","False"
"assets/derivatives/actors/v4/troop-iron-melee.png","3586945","f70133c2146b185cf78a34d2f52a64fe7044a0af04ad87da4fc4b0499869a915","False"
"assets/derivatives/actors/v4/troop-iron-ranged.png","5354799","5adcd8ffd5ce1c349abda1c913ca1a7c44281571fcaa5bfb38348ae6241d7780","False"
"assets/derivatives/actors/v4/troop-medieval-heavy.png","3889154","476219960b19f72eb01e51df30bf2a955fdde937b19c0c3f1e4cff72623845e0","False"
"assets/derivatives/actors/v4/troop-medieval-melee.png","6481190","a6e7c7d18004588c560db5a0a78294fa2810389358f25b19caf48ef34ff3579a","False"
"assets/derivatives/actors/v4/troop-medieval-ranged.png","5501770","e503d60c4cb4ebc45c3bb6ac7e1feb63d089135b6051f1518c472e9f1b874d44","False"
"assets/derivatives/actors/v4/troop-modern-heavy.png","6086525","bc5379ca7e4e1b782d31c7309c347376e5dd80d121701cdea2bd519b42f975ad","False"
"assets/derivatives/actors/v4/troop-modern-melee.png","5202707","de22ca26babb42396a2741c9f54a5ac3e9f4da36c49732a01c4679bc4567d779","False"
"assets/derivatives/actors/v4/troop-modern-ranged.png","6094302","ff6b28efe7aa56a508aed4155e6f511d0b7bc7df99190a1e178c00967878680f","False"
"assets/derivatives/actors/v4/troop-stone-heavy.png","5094464","1c136fbf1b6703c236499775ec85ecdc7670449db1ae8badd23d3399f2f634da","False"
"assets/derivatives/actors/v4/troop-stone-melee.png","5610001","2a0f7b820f680bcf10ce2f4264a9017b4c4f6da335f6ae98b716cc7ff00176fb","False"
"assets/derivatives/actors/v4/troop-stone-ranged.png","5392235","412d5c5a1be8fc55c5bb5362c4edcb7f57fe6c438dc5238365097e9d5eb8de25","False"
"assets/derivatives/actors/v5/troop-industrial-melee.png","4913135","5ea9154a0247415cd5260448219bd6c95120ddd208294a55e81dd34edf04f5c2","False"
"assets/derivatives/actors/v5/troop-medieval-melee.png","6480358","f4bbdd5a521b0c27bd4377ce4384d889bef729b495a8f7ab1dd6a085a295f369","False"
"assets/derivatives/actors/v5/troop-stone-heavy.png","5090935","dde192c590f148b9883b29e69f0dbba3c4fa2a78257aeace17d352c173359a37","False"
"assets/derivatives/actors/v6/troop-industrial-melee-shadow-optional.png","161721","eed843857a176d567ff8725822088b201ed7a3d84920db6571a64996943ea132","False"
"assets/derivatives/actors/v6/troop-industrial-melee.png","4912191","3a17f25a9df60d18b24df30afa1911ecaa4eb5ce51e146986b0878e1f5717579","False"
"assets/derivatives/actors/v6/troop-medieval-melee-shadow-optional.png","31371","892e265fde08e5822e1ac3c9736e898a29069e9628ed5bcef3e36c0584901858","False"
"assets/derivatives/actors/v6/troop-medieval-melee.png","6480230","a5f9ef25959a3683830e21d7c5fa40720f0468e79e90f732f1275f3c31888732","False"
"assets/derivatives/actors/v6/troop-modern-heavy.png","6086175","a18fb4c77449dc0a82e617c4400e120060e767df8426e15ea19374d8b94e0241","False"
"assets/derivatives/actors/v6/troop-modern-ranged-snow-mound-trimmed.png","6091952","5cf5d9dd233bb7b27b27eb326cdc8fdc01d5077e0311d7b33f486b88b74cca19","False"
"assets/derivatives/mounts/hero-mount-future-transport.png","6241634","1e4956bac9120a9d371a3ec5fd3f110a5a6b662bf2f3ad951bcc91572f913c16","False"
"assets/derivatives/mounts/hero-mount-horse.png","5864483","f0095069eb0663b477174b32d0677ef42a2b3fdec41f09ca688122287a02aca8","False"
"assets/derivatives/mounts/hero-mount-motor-transport.png","6745245","d79afa411009c3c8df5a60833cc20ee58828165b177a638e18790b0f13588523","False"
"assets/derivatives/mounts/knight-mounted-master.png","6776110","37f878697a28f621d119f7a52b73e5dae327eb487295cc58fa6faf05828d1141","False"
"assets/derivatives/mounts/v3/hero-mount-future-transport.png","5840110","9a7b846026a78c283222cdb6a9e90dad782b8c754d534892d0e62dbf3b129849","False"
"assets/derivatives/mounts/v3/hero-mount-horse.png","5638940","b6c2c599dd43aec9679af9336c5ed9a53b6b28c6b5df3513f793a9f3b22cc780","False"
"assets/derivatives/mounts/v3/hero-mount-motor-transport.png","6469565","f4756fe78cdddb16c85b49675ef8dce0756771b1f60bc8405f15776f8c1c94e8","False"
"assets/derivatives/mounts/v3/knight-mounted-master.png","6776110","37f878697a28f621d119f7a52b73e5dae327eb487295cc58fa6faf05828d1141","False"
"assets/derivatives/mounts/v4/hero-mount-future-transport.png","5797212","0fd10658eab56e51a62ef195bf4e0a35c71f5b1d887077cbe45294c35decc06e","False"
"assets/derivatives/mounts/v4/hero-mount-horse.png","5582145","1e6e597702438a40b3b6da983bc3502e8c68d8aa31eb4f330e65a54f0bb3b189","False"
"assets/derivatives/mounts/v4/hero-mount-motor-transport.png","6350585","f990cb44d6cbdb2dc793c124a8d4a00399f94e79beebab6a4cf3d14416852269","False"
"assets/derivatives/mounts/v4/knight-mounted-master.png","6776110","37f878697a28f621d119f7a52b73e5dae327eb487295cc58fa6faf05828d1141","False"
"assets/derivatives/portraits/knight-mounted-master.png","480353","77245331a2a272fc9042f7a564a586a6ce4e11148c35b734b5d35814b71beac6","False"
"assets/derivatives/portraits/portrait-ancient-barbarian.png","411472","711b1a60584d7d8a2ae4267dc7bb4d02cbc2233aa18f91eda1a7c24fb26d2422","False"
"assets/derivatives/portraits/portrait-ancient-healer.png","466412","74e280b4d051aa50ee483b2aa42de2956b069a7326faba34b275df2c7cfdfc55","False"
"assets/derivatives/portraits/portrait-ancient-mage.png","455300","a416d86e78779c7bbcc4de57412b666be5c75f6ff146f188dc94522591f12ff7","False"
"assets/derivatives/portraits/portrait-ancient-necromancer.png","434814","e216add67533eb851e114e5459a54f16bddfb75d6c15992ca43b8b0b8d2fe973","False"
"assets/derivatives/portraits/portrait-ancient-paladin.png","446630","b5e984c60bb560b38cd7890dde9818ef6e7aff1fc770d1334da7b4cde83f57f6","False"
"assets/derivatives/portraits/portrait-ancient-ranger.png","447718","0b99fee70ff75d5aeff08c4987d76f85018d3d7a964cfd5476cd4297ee10600f","False"
"assets/derivatives/portraits/portrait-ancient-warlock.png","476159","94cdb819928db0e5cd1b9c81498ece3468fd378757b77d4122536f65975fec7b","False"
"assets/derivatives/portraits/portrait-mech-barbarian.png","449954","4c71b817e781d2946e60a827ff8df7d29c710741296ac86981878a8c1fffbb85","False"
"assets/derivatives/portraits/portrait-mech-healer.png","448185","09db3b311069e3ad7d76034bbaf91e7d78ef2cff902dec62bcd0d75c37c56700","False"
"assets/derivatives/portraits/portrait-mech-knight.png","481425","5cae4a2bb85b06d693ed8772248e2fb39a1a86809d0085fb672ef35981eb602c","False"
"assets/derivatives/portraits/portrait-mech-mage.png","475722","83f390b9062744141836d4a00b57949434c221118fdbb97a033e84c321135878","False"
"assets/derivatives/portraits/portrait-mech-necromancer.png","495373","d9fdbd2f3dcb0279aa39533267f92fa216de9593977b395a63a9a3ad24ed9840","False"
"assets/derivatives/portraits/portrait-mech-paladin.png","468511","c1ce86ec9c32d1bef9f94c3a69039dda6abaf23bccb6c8c976ebc0354368dd8c","False"
"assets/derivatives/portraits/portrait-mech-ranger.png","417351","afcc2e16677a05f9a2b223c4f86a4be27f013b6b8a341769d76bdae94c99903b","False"
"assets/derivatives/portraits/portrait-mech-warlock.png","476386","65c779ae3e2baf6945cd38b28be5fb7167362fb3a2b88487ee9827719684a3a7","False"
"assets/derivatives/portraits/portrait-medieval-barbarian.png","430115","3d13d97b7ff65ceaf017639bf9bf99d159432b6357bc9a299d42072dc4ad71ae","False"
"assets/derivatives/portraits/portrait-medieval-healer.png","400612","1ef94cb7a8505fb2258ea9ede68260163a69d70969307d013d734d55d7bc79a9","False"
"assets/derivatives/portraits/portrait-medieval-knight.png","429905","01a0f05babba1128380d621de1fe7740b179391ac1f2bc664543e82b04d61535","False"
"assets/derivatives/portraits/portrait-medieval-mage.png","415604","516422ac0d459229971f4489721dd6371b65e7154e62c883fb3c689795b31359","False"
"assets/derivatives/portraits/portrait-medieval-necromancer.png","450497","3742b1d09e8508da8e1ebfad13ad2cfc466cad1dd817bec550ef46da2b52bb37","False"
"assets/derivatives/portraits/portrait-medieval-paladin.png","471309","b1e502ae40d78c785d49c288911de38ff7a29cbb39f4b54c6bf6e06ebc23e7c6","False"
"assets/derivatives/portraits/portrait-medieval-ranger.png","452566","0b654bbdddc8ceb80a77dd3ef597513149ce62e9c40c624a07fd05050d68f4d3","False"
"assets/derivatives/portraits/portrait-medieval-warlock.png","434421","a8ca2c33e5eb0892cdba9f6608344e9f7301f63eceb0da62cc018fa247f5dfab","False"
"assets/derivatives/portraits/portrait-powder-barbarian.png","434775","5216587f4db7016fe101bfefe34e09db44d8cc71de956e2f0c01b43b3e217bdf","False"
"assets/derivatives/portraits/portrait-powder-healer.png","377868","a8674f1c7ecfc6e49003e0115b492258a69810670ddaf7fa48b5d075f88201e8","False"
"assets/derivatives/portraits/portrait-powder-knight.png","374566","e663d35ce534d4d622e34d146fe6cb2da6d0788df3113289ef308fe98b6f3226","False"
"assets/derivatives/portraits/portrait-powder-mage.png","447494","f4aaafa73efb036e0389066a6035d2eb23738fd0c9a1863d98e8e1e6c1177349","False"
"assets/derivatives/portraits/portrait-powder-necromancer.png","449027","a26e4a6850228b526a220013377c34a34f324aaf13f89298691e9fb0a11ced4a","False"
"assets/derivatives/portraits/portrait-powder-paladin.png","410006","9cad40946df1f85bf306e7b1251e12e5dc85221aafdac28cc7ad61813565f1a1","False"
"assets/derivatives/portraits/portrait-powder-ranger.png","403707","6c820747ef7f8486b0819a613958f8b4b205ecaaf206a3b3eb69855d34f0ff29","False"
"assets/derivatives/portraits/portrait-powder-warlock.png","427130","c58a5edb39dc8072edf89f0dd9b747f129f9f2fa0ef8079a0da6563421c2eb02","False"
"assets/derivatives/portraits/rival-bran-the-relentless.png","475670","79c792de603de31d3e9b1b13797deea20cfc8d199a490642a7f259db6480c20b","False"
"assets/derivatives/portraits/rival-identity-1.png","475670","79c792de603de31d3e9b1b13797deea20cfc8d199a490642a7f259db6480c20b","False"
"assets/derivatives/portraits/rival-identity-2.png","448915","4d81a3ed01bafa46ace74fb1fcf0436c4ef23a4eda90b844f7326273feb82b8e","False"
"assets/derivatives/portraits/rival-identity-3.png","461816","2acd8d1e51219df9faac8dfd412b3a6a73f47b74d51de9ca22473d81afcc243c","False"
"assets/derivatives/portraits/rival-identity-4.png","460936","1b9a25e97e35473ced1cc697e33a109d73c42fbedaca214dcb446a5622d9948a","False"
"assets/derivatives/portraits/rival-identity-5.png","446846","2be004a9cc21025b4a12d590808e1a9e35b8cac9e6bda719e53e4d33442b0a78","False"
"assets/derivatives/portraits/rival-identity-6.png","419319","7180fccd4ce8c416c7dd3a8f47ec204edb93e3433ee1fc58302c380606fcd6c6","False"
"assets/derivatives/portraits/rival-karn-blood-tide.png","419319","7180fccd4ce8c416c7dd3a8f47ec204edb93e3433ee1fc58302c380606fcd6c6","False"
"assets/derivatives/portraits/rival-malakor-the-flayed.png","448915","4d81a3ed01bafa46ace74fb1fcf0436c4ef23a4eda90b844f7326273feb82b8e","False"
"assets/derivatives/portraits/rival-soren-the-unforgiving.png","460936","1b9a25e97e35473ced1cc697e33a109d73c42fbedaca214dcb446a5622d9948a","False"
"assets/derivatives/portraits/rival-thalric-ash-bane.png","461816","2acd8d1e51219df9faac8dfd412b3a6a73f47b74d51de9ca22473d81afcc243c","False"
"assets/derivatives/portraits/rival-varek-iron-eye.png","446846","2be004a9cc21025b4a12d590808e1a9e35b8cac9e6bda719e53e4d33442b0a78","False"
"assets/derivatives/portraits/v1_archived/knight-mounted-master.png","504135","52902bf5aa8f3061ed137bf9a1b228f892edeb4e461a28405ffb0da29201e256","False"
"assets/derivatives/portraits/v1_archived/portrait-ancient-barbarian.png","450886","c16083dacb31c7feccab7662367ee0fbc2fe26dacd7d0b4dc66f3630ae2c9d06","False"
"assets/derivatives/portraits/v1_archived/portrait-ancient-healer.png","518563","19399cfe6c94ec9cce5ad9228501fd610d2a1a4498b11c21a4ea4d945bbcddc8","False"
"assets/derivatives/portraits/v1_archived/portrait-ancient-mage.png","505354","cc1c5fdd54ce5c16a5dbddccb7c42a454457db102415dab6798d4c3e283232dc","False"
"assets/derivatives/portraits/v1_archived/portrait-ancient-necromancer.png","466000","c80bfea5fe89ddf4c78d2b278544c133172828e51ed0ae9119173cf326a418a9","False"
"assets/derivatives/portraits/v1_archived/portrait-ancient-paladin.png","506972","f162483a587622d59fbff833f9e2a6b555e1172b2f924635e3d30f8cbffe7961","False"
"assets/derivatives/portraits/v1_archived/portrait-ancient-ranger.png","482607","f2caa93ca7e9e6b1915c82490e8a691561a15af583b86cf774c78e6f6151178f","False"
"assets/derivatives/portraits/v1_archived/portrait-ancient-warlock.png","506585","69d06d26e86f90b53987031381486d0137595151103deb7bfaa184ce17011652","False"
"assets/derivatives/portraits/v1_archived/portrait-mech-barbarian.png","480961","9f9c4ee372f5b3374ddcbede1e40284e98d446c6b690b24f4c3a363e14d5cfe3","False"
"assets/derivatives/portraits/v1_archived/portrait-mech-healer.png","472856","f833132edf5822f1db25301b7f040d2be79d669d4a3f00beba39e184325d4330","False"
"assets/derivatives/portraits/v1_archived/portrait-mech-knight.png","504062","1ee3f69a1e4aac77eb05ea3c198b25e7d8df7b5d3e83d36ded97163855353a20","False"
"assets/derivatives/portraits/v1_archived/portrait-mech-mage.png","493338","175b3ea64f2c12400ff96a2b00602b2c3fca138ca77cb5be786b9aba4037bc3a","False"
"assets/derivatives/portraits/v1_archived/portrait-mech-necromancer.png","520085","8fb02922ebdf4d3c9d126645e040fdeb8517f3485936a96984fa2e2b8eb50cf9","False"
"assets/derivatives/portraits/v1_archived/portrait-mech-paladin.png","531369","f62c7d14728fcf20fc57ea25844c119aaed1bd942576e0ad07b19d133b2bf3b4","False"
"assets/derivatives/portraits/v1_archived/portrait-mech-ranger.png","455847","b11ba422ffbd3ac3e6470ded1f38f438093f001d6527a3eeaa824e8e1b479bb5","False"
"assets/derivatives/portraits/v1_archived/portrait-mech-warlock.png","509004","31ebc2e3851262bcbb85fccafa79e7bffd6bbd507ca104bb28975c595fa9ead5","False"
"assets/derivatives/portraits/v1_archived/portrait-medieval-barbarian.png","452819","e8e10b401b4c9efac7923ef49ad59a56c27f207818b1f1934ed621ad98813fc6","False"
"assets/derivatives/portraits/v1_archived/portrait-medieval-healer.png","430742","fd10b59a3235624a25419b61b7c3b4e9e08b5b378026cd814e5005e5678e4dfc","False"
"assets/derivatives/portraits/v1_archived/portrait-medieval-knight.png","461222","60f379ac0868b9c8f717362a5f622fbe600572ca02d4692c343fac8ac07814c4","False"
"assets/derivatives/portraits/v1_archived/portrait-medieval-mage.png","428206","1c5e83223530e16a81e28437e55691a5bcf03a86084700234e79de1683c81185","False"
"assets/derivatives/portraits/v1_archived/portrait-medieval-necromancer.png","464636","77172dc1385fa9b6198dc41c1f803676ed772e5bc9eef627ac9ac9d744b163bc","False"
"assets/derivatives/portraits/v1_archived/portrait-medieval-paladin.png","497074","57b44fcff4ce3b4711f9eb604d321bc51304854502a574e2eece59bf07d0318c","False"
"assets/derivatives/portraits/v1_archived/portrait-medieval-ranger.png","480179","f30df06c77de700d08dce4b1dcdcf4cc202c0f0f1b69165e2723654e5a4f697d","False"
"assets/derivatives/portraits/v1_archived/portrait-medieval-warlock.png","453323","814f2db3e38941f783add13570ecff98bb169302e6b49e4f95223e0416fa3343","False"
"assets/derivatives/portraits/v1_archived/portrait-powder-barbarian.png","452392","95b92d830ed2b3e32a5a56bf58aaf15c6eb8829e2b9d6646225ffe7533f85a1f","False"
"assets/derivatives/portraits/v1_archived/portrait-powder-healer.png","399545","babe7b296b022a4734035c49346049691e004a1835e348ef519533a67117d80b","False"
"assets/derivatives/portraits/v1_archived/portrait-powder-knight.png","388707","d02dde46c24f58e723a2091bcffccaec7ffac6f9b186f6bd31345a6a9b2c93d4","False"
"assets/derivatives/portraits/v1_archived/portrait-powder-mage.png","479139","9cedaa65eb05c01cbf325712b616992a504347694ef3d2251cec0a7a7865bb6c","False"
"assets/derivatives/portraits/v1_archived/portrait-powder-necromancer.png","462929","b4119e6a868ee8052a191e72cb742ebd5b111776cc6bf03082379d69a2cbb24d","False"
"assets/derivatives/portraits/v1_archived/portrait-powder-paladin.png","457875","5fdb60cfdecb431ee26eddd9a259a232d6a655d5cfe64a7d0167b9172834489a","False"
"assets/derivatives/portraits/v1_archived/portrait-powder-ranger.png","428042","3ee4bf9ee3ea3d5b08c2f87978b1a5942158489b7813c5e7fbea65a43b218471","False"
"assets/derivatives/portraits/v1_archived/portrait-powder-warlock.png","442310","29cc9884e68add02003c2775af8f93fbae2fe8c4a1ba0393395730e937d6b054","False"
"assets/derivatives/portraits/v1_archived/rival-bran-the-relentless.png","518410","cc25e4863ca8f7af18cd55ecfd0779ba17b9ae29134e8f629a2d0b8787f253d5","False"
"assets/derivatives/portraits/v1_archived/rival-identity-1.png","518410","cc25e4863ca8f7af18cd55ecfd0779ba17b9ae29134e8f629a2d0b8787f253d5","False"
"assets/derivatives/portraits/v1_archived/rival-identity-2.png","455184","5dc5a00dd34233b2f812af45d95e8d22a8e4053270892f1622107db9e8235cb5","False"
"assets/derivatives/portraits/v1_archived/rival-identity-3.png","481968","7559be589ffab5fdcece39f1158e36aa30754c246aad1b3fa3dd9e6531373e19","False"
"assets/derivatives/portraits/v1_archived/rival-identity-4.png","484183","1e0c96fd349d06098b90f8626e9615f4fa479011a570c82cb827939b871b9918","False"
"assets/derivatives/portraits/v1_archived/rival-identity-5.png","481286","74b0903c15f68c4cdc41101d86d8c1aa3977a5d7ceb787f1d8f5cc9f91407786","False"
"assets/derivatives/portraits/v1_archived/rival-identity-6.png","453139","946d0d830da7870ee5f4423196f9389dd21c52f231804cd8ed6ed390f024ae6d","False"
"assets/derivatives/portraits/v1_archived/rival-karn-blood-tide.png","453139","946d0d830da7870ee5f4423196f9389dd21c52f231804cd8ed6ed390f024ae6d","False"
"assets/derivatives/portraits/v1_archived/rival-malakor-the-flayed.png","455184","5dc5a00dd34233b2f812af45d95e8d22a8e4053270892f1622107db9e8235cb5","False"
"assets/derivatives/portraits/v1_archived/rival-soren-the-unforgiving.png","484183","1e0c96fd349d06098b90f8626e9615f4fa479011a570c82cb827939b871b9918","False"
"assets/derivatives/portraits/v1_archived/rival-thalric-ash-bane.png","481968","7559be589ffab5fdcece39f1158e36aa30754c246aad1b3fa3dd9e6531373e19","False"
"assets/derivatives/portraits/v1_archived/rival-varek-iron-eye.png","481286","74b0903c15f68c4cdc41101d86d8c1aa3977a5d7ceb787f1d8f5cc9f91407786","False"
"assets/derivatives/portraits/v2/knight-mounted-master.png","480353","77245331a2a272fc9042f7a564a586a6ce4e11148c35b734b5d35814b71beac6","False"
"assets/derivatives/portraits/v2/portrait-ancient-barbarian.png","411472","711b1a60584d7d8a2ae4267dc7bb4d02cbc2233aa18f91eda1a7c24fb26d2422","False"
"assets/derivatives/portraits/v2/portrait-ancient-healer.png","466412","74e280b4d051aa50ee483b2aa42de2956b069a7326faba34b275df2c7cfdfc55","False"
"assets/derivatives/portraits/v2/portrait-ancient-mage.png","455300","a416d86e78779c7bbcc4de57412b666be5c75f6ff146f188dc94522591f12ff7","False"
"assets/derivatives/portraits/v2/portrait-ancient-necromancer.png","434814","e216add67533eb851e114e5459a54f16bddfb75d6c15992ca43b8b0b8d2fe973","False"
"assets/derivatives/portraits/v2/portrait-ancient-paladin.png","446630","b5e984c60bb560b38cd7890dde9818ef6e7aff1fc770d1334da7b4cde83f57f6","False"
"assets/derivatives/portraits/v2/portrait-ancient-ranger.png","447718","0b99fee70ff75d5aeff08c4987d76f85018d3d7a964cfd5476cd4297ee10600f","False"
"assets/derivatives/portraits/v2/portrait-ancient-warlock.png","476159","94cdb819928db0e5cd1b9c81498ece3468fd378757b77d4122536f65975fec7b","False"
"assets/derivatives/portraits/v2/portrait-mech-barbarian.png","449954","4c71b817e781d2946e60a827ff8df7d29c710741296ac86981878a8c1fffbb85","False"
"assets/derivatives/portraits/v2/portrait-mech-healer.png","448185","09db3b311069e3ad7d76034bbaf91e7d78ef2cff902dec62bcd0d75c37c56700","False"
"assets/derivatives/portraits/v2/portrait-mech-knight.png","481425","5cae4a2bb85b06d693ed8772248e2fb39a1a86809d0085fb672ef35981eb602c","False"
"assets/derivatives/portraits/v2/portrait-mech-mage.png","475722","83f390b9062744141836d4a00b57949434c221118fdbb97a033e84c321135878","False"
"assets/derivatives/portraits/v2/portrait-mech-necromancer.png","495373","d9fdbd2f3dcb0279aa39533267f92fa216de9593977b395a63a9a3ad24ed9840","False"
"assets/derivatives/portraits/v2/portrait-mech-paladin.png","468511","c1ce86ec9c32d1bef9f94c3a69039dda6abaf23bccb6c8c976ebc0354368dd8c","False"
"assets/derivatives/portraits/v2/portrait-mech-ranger.png","417351","afcc2e16677a05f9a2b223c4f86a4be27f013b6b8a341769d76bdae94c99903b","False"
"assets/derivatives/portraits/v2/portrait-mech-warlock.png","476386","65c779ae3e2baf6945cd38b28be5fb7167362fb3a2b88487ee9827719684a3a7","False"
"assets/derivatives/portraits/v2/portrait-medieval-barbarian.png","430115","3d13d97b7ff65ceaf017639bf9bf99d159432b6357bc9a299d42072dc4ad71ae","False"
"assets/derivatives/portraits/v2/portrait-medieval-healer.png","400612","1ef94cb7a8505fb2258ea9ede68260163a69d70969307d013d734d55d7bc79a9","False"
"assets/derivatives/portraits/v2/portrait-medieval-knight.png","429905","01a0f05babba1128380d621de1fe7740b179391ac1f2bc664543e82b04d61535","False"
"assets/derivatives/portraits/v2/portrait-medieval-mage.png","415604","516422ac0d459229971f4489721dd6371b65e7154e62c883fb3c689795b31359","False"
"assets/derivatives/portraits/v2/portrait-medieval-necromancer.png","450497","3742b1d09e8508da8e1ebfad13ad2cfc466cad1dd817bec550ef46da2b52bb37","False"
"assets/derivatives/portraits/v2/portrait-medieval-paladin.png","471309","b1e502ae40d78c785d49c288911de38ff7a29cbb39f4b54c6bf6e06ebc23e7c6","False"
"assets/derivatives/portraits/v2/portrait-medieval-ranger.png","452566","0b654bbdddc8ceb80a77dd3ef597513149ce62e9c40c624a07fd05050d68f4d3","False"
"assets/derivatives/portraits/v2/portrait-medieval-warlock.png","434421","a8ca2c33e5eb0892cdba9f6608344e9f7301f63eceb0da62cc018fa247f5dfab","False"
"assets/derivatives/portraits/v2/portrait-powder-barbarian.png","434775","5216587f4db7016fe101bfefe34e09db44d8cc71de956e2f0c01b43b3e217bdf","False"
"assets/derivatives/portraits/v2/portrait-powder-healer.png","377868","a8674f1c7ecfc6e49003e0115b492258a69810670ddaf7fa48b5d075f88201e8","False"
"assets/derivatives/portraits/v2/portrait-powder-knight.png","374566","e663d35ce534d4d622e34d146fe6cb2da6d0788df3113289ef308fe98b6f3226","False"
"assets/derivatives/portraits/v2/portrait-powder-mage.png","447494","f4aaafa73efb036e0389066a6035d2eb23738fd0c9a1863d98e8e1e6c1177349","False"
"assets/derivatives/portraits/v2/portrait-powder-necromancer.png","449027","a26e4a6850228b526a220013377c34a34f324aaf13f89298691e9fb0a11ced4a","False"
"assets/derivatives/portraits/v2/portrait-powder-paladin.png","410006","9cad40946df1f85bf306e7b1251e12e5dc85221aafdac28cc7ad61813565f1a1","False"
"assets/derivatives/portraits/v2/portrait-powder-ranger.png","403707","6c820747ef7f8486b0819a613958f8b4b205ecaaf206a3b3eb69855d34f0ff29","False"
"assets/derivatives/portraits/v2/portrait-powder-warlock.png","427130","c58a5edb39dc8072edf89f0dd9b747f129f9f2fa0ef8079a0da6563421c2eb02","False"
"assets/derivatives/portraits/v2/rival-bran-the-relentless.png","475670","79c792de603de31d3e9b1b13797deea20cfc8d199a490642a7f259db6480c20b","False"
"assets/derivatives/portraits/v2/rival-identity-1.png","475670","79c792de603de31d3e9b1b13797deea20cfc8d199a490642a7f259db6480c20b","False"
"assets/derivatives/portraits/v2/rival-identity-2.png","448915","4d81a3ed01bafa46ace74fb1fcf0436c4ef23a4eda90b844f7326273feb82b8e","False"
"assets/derivatives/portraits/v2/rival-identity-3.png","461816","2acd8d1e51219df9faac8dfd412b3a6a73f47b74d51de9ca22473d81afcc243c","False"
"assets/derivatives/portraits/v2/rival-identity-4.png","460936","1b9a25e97e35473ced1cc697e33a109d73c42fbedaca214dcb446a5622d9948a","False"
"assets/derivatives/portraits/v2/rival-identity-5.png","446846","2be004a9cc21025b4a12d590808e1a9e35b8cac9e6bda719e53e4d33442b0a78","False"
"assets/derivatives/portraits/v2/rival-identity-6.png","419319","7180fccd4ce8c416c7dd3a8f47ec204edb93e3433ee1fc58302c380606fcd6c6","False"
"assets/derivatives/portraits/v2/rival-karn-blood-tide.png","419319","7180fccd4ce8c416c7dd3a8f47ec204edb93e3433ee1fc58302c380606fcd6c6","False"
"assets/derivatives/portraits/v2/rival-malakor-the-flayed.png","448915","4d81a3ed01bafa46ace74fb1fcf0436c4ef23a4eda90b844f7326273feb82b8e","False"
"assets/derivatives/portraits/v2/rival-soren-the-unforgiving.png","460936","1b9a25e97e35473ced1cc697e33a109d73c42fbedaca214dcb446a5622d9948a","False"
"assets/derivatives/portraits/v2/rival-thalric-ash-bane.png","461816","2acd8d1e51219df9faac8dfd412b3a6a73f47b74d51de9ca22473d81afcc243c","False"
"assets/derivatives/portraits/v2/rival-varek-iron-eye.png","446846","2be004a9cc21025b4a12d590808e1a9e35b8cac9e6bda719e53e4d33442b0a78","False"
"assets/derivatives/portraits/v4/hero-knight-ancient-card.png","896557","ca583aa73a76772f82dd8918f9aa46159a44a58257b50dfc61f7f7b905ac1962","False"
"assets/derivatives/rigs/parts_manifest.json","65736","b95b7aaa38588f0f7eae636397848b1f845b76e1e9938296680284a24d0523b2","False"
"assets/derivatives/rigs/rig-source-parts-barbarian_part_01.png","6165421","9a8fefea67e498bcc922c0b697a62541cead958996c08f2f58f4ba2fd4dbd56f","False"
"assets/derivatives/rigs/rig-source-parts-barbarian_part_02.png","727771","a41533032acb7e785bb0a8b6aa4e1cf39ac4ed8930b5bac7814190307af8115b","False"
"assets/derivatives/rigs/rig-source-parts-barbarian_part_03.png","412335","f344f6f86b82c4bc74c1ac4ce467ddd86e33b37c65f48a11f17550bea7594e15","False"
"assets/derivatives/rigs/rig-source-parts-barbarian_part_04.png","734125","f64691cd793550a55349ad4577f6bc550ab55711dedadb9016ab44c27ada75ed","False"
"assets/derivatives/rigs/rig-source-parts-barbarian_part_05.png","360805","7b234822813581eeeff1eeb8f57686c6ba63187f80163e35c5aa0c2910252b8c","False"
"assets/derivatives/rigs/rig-source-parts-barbarian_part_06.png","240082","81197d1806ddfb064fc7e5df30f036fe5fd1a3afcd994d84260c6793dbc6ea2c","False"
"assets/derivatives/rigs/rig-source-parts-barbarian_part_07.png","137272","451e93e6cbb54b91f3e24ff28efd9cc5bc3ed0f18d57dfdc1b76c698615382c5","False"
"assets/derivatives/rigs/rig-source-parts-barbarian_part_08.png","118067","316f4e88e46820828b1b49a4918e96454da04513a56cf2a1893ef14ddf3c6e89","False"
"assets/derivatives/rigs/rig-source-parts-barbarian_part_09.png","116152","dfa9037ea3803a4dc85c796325efc54815889cf66a0cdc2b1614e05a4355b75e","False"
"assets/derivatives/rigs/rig-source-parts-barbarian_part_10.png","101816","3d48ef2beba2d6f223ac1a96eef1333de23b1842c06590c3aad3298ed90f0e10","False"
"assets/derivatives/rigs/rig-source-parts-barbarian_part_11.png","205155","bf81f98db495e91fccafe73854ed0f9e5132a0400e3ab346e4b27f40c21c92e9","False"
"assets/derivatives/rigs/rig-source-parts-barbarian_part_12.png","86612","d6527a8ae8982c260967e4e6b7e8f28cd7b36c27f5e38f789bc154c4ad256e04","False"
"assets/derivatives/rigs/rig-source-parts-barbarian_part_13.png","87159","471d28d765d60ea470acfd8cafea1b20a70365148a213a9f3356c66491544689","False"
"assets/derivatives/rigs/rig-source-parts-barbarian_part_14.png","95046","b44337e0145fbef24c276f9c524fda012189344a9e166ed0d6eaafb2fd0040c7","False"
"assets/derivatives/rigs/rig-source-parts-barbarian_part_15.png","76051","d8462eb8f8e548dec75ae6a10318ae0a169af113b52d0aebde1b57a218b3ff95","False"
"assets/derivatives/rigs/rig-source-parts-barbarian_part_16.png","54937","3a41e627c22125d42cd738d7731354932dee152a8746498be86da69abe37b588","False"
"assets/derivatives/rigs/rig-source-parts-barbarian_part_17.png","43536","6300e990f7ec5c46b6034f2ed192366a71e9fc13aec9259d8ec92bcc7787878e","False"
"assets/derivatives/rigs/rig-source-parts-barbarian_part_18.png","47232","9260fcb2ab71e0b4abc3bb41275e78f2bcc32dcaca9d8ee6e1350a491de1bcb4","False"
"assets/derivatives/rigs/rig-source-parts-barbarian_part_19.png","47804","be3883c7a92ddc0a151bb93c77ad6392b8d368ee0cd4d9dd04c55b9387345dc4","False"
"assets/derivatives/rigs/rig-source-parts-barbarian_part_20.png","46655","cb18faf74c3842b1c18c842e047b10e0c9a608e03021004b86a65990c98f0258","False"
"assets/derivatives/rigs/rig-source-parts-barbarian_part_21.png","490592","9adad433441730dc2bd2eefca04671b2a701bebe194687a5ec6156675549ffa1","False"
"assets/derivatives/rigs/rig-source-parts-barbarian_part_22.png","100383","2bbf8ebb396cc138b7cf4345f67da794c41d9d5265f95225d0118d080c69b549","False"
"assets/derivatives/rigs/rig-source-parts-barbarian_part_23.png","34017","97541cb55596d1d6e1d15b412e8570f76e4c285ac34b799a7dad4ff84e87f603","False"
"assets/derivatives/rigs/rig-source-parts-barbarian_part_24.png","34087","9065d813c8f7a67afeca045c5d6b367e53194def9f1b2c8172f03e3421c93e45","False"
"assets/derivatives/rigs/rig-source-parts-barbarian_part_25.png","17796","a8d0b4b8fc31713838ba9051be170322b11f72b0a448fdd0515ef53919981002","False"
"assets/derivatives/rigs/rig-source-parts-barbarian_part_26.png","19243","bc47203da04ca00732df9f6319fe4082464133d6019854dbc5c80c039b68f6b8","False"
"assets/derivatives/rigs/rig-source-parts-barbarian_part_27.png","16640","8f6efc1a05e48090f46aac09ac7ee27efd88f7cf2248b136cf7ef04b3e21457d","False"
"assets/derivatives/rigs/rig-source-parts-barbarian_part_28.png","16483","840602cfef1c4fd6c955d9807c8c2931098c9b25df37b49a81f6a26d98b124fc","False"
"assets/derivatives/rigs/rig-source-parts-barbarian_part_29.png","134814","582eb2b2aa857667710de7a59b47f9da938780445440444bf1869e7714bbb45c","False"
"assets/derivatives/rigs/rig-source-parts-barbarian_part_30.png","42180","de8ac79bd71ded1a5fc4daa41e0d8d1cc6fead37b6d77ce6aca207a78fc21612","False"
"assets/derivatives/rigs/rig-source-parts-barbarian_part_31.png","43018","955ff1df2d6672910d29c05402886b1838eda5e706d3489523bbecb38ca169f7","False"
"assets/derivatives/rigs/rig-source-parts-barbarian_part_32.png","66542","decb1300ea639d104ecccfbbbe15d921797e69edad300f07027825c95f2d1fb5","False"
"assets/derivatives/rigs/rig-source-parts-barbarian_part_33.png","11973","09942450017aaba54b7acd234904009de61e86ed36e0114d7e7a3fb6b367a609","False"
"assets/derivatives/rigs/rig-source-parts-barbarian_part_34.png","36363","a23c69fb72ce35dbd6209f184b52f4aff81ae0600d190b3acebc2bdbd991df48","False"
"assets/derivatives/rigs/rig-source-parts-barbarian_part_35.png","16185","86731c68de00b04230515c8b8a830a97288d3356d34fc12ce493a11edf6a9c35","False"
"assets/derivatives/rigs/rig-source-parts-barbarian_part_36.png","8875","f32cfec8d2b5bfc69dc58b940d84a827514e8611cf7f49f348a64a5841355c2b","False"
"assets/derivatives/rigs/rig-source-parts-healer_part_01.png","1439451","c91beff49ec114fa1de563c639348ab63e40e20b880310f56553a79f9ac68e71","False"
"assets/derivatives/rigs/rig-source-parts-healer_part_02.png","1403927","7c89a5a66d0ed251d3890c1174bdb546f4f5bb8fc6fd27e7c09d721b2aa46c58","False"
"assets/derivatives/rigs/rig-source-parts-healer_part_03.png","1283071","85a0db253d3a095ef0327992a45d71432d596a642faefd335c13e0419562d274","False"
"assets/derivatives/rigs/rig-source-parts-healer_part_04.png","1310778","4e1c9012d3be06bd1d8856bd669890edaf523df2d7cf56315c93a948512de022","False"
"assets/derivatives/rigs/rig-source-parts-healer_quadrant_bottom_left.png","1477081","6bea58bb49ddf0db1de0833ae7695b5c32a8a8222b69d63177fc6e7a6d27d6f8","False"
"assets/derivatives/rigs/rig-source-parts-healer_quadrant_bottom_right.png","1441068","8c3ba90c1c525c69b94d62ecfebe567a2dc8636d76997d7d9ab4149b498da37d","False"
"assets/derivatives/rigs/rig-source-parts-healer_quadrant_top_left.png","1608576","406f669486ec249e5e5b37bfb0964eafcea7bf04535839f409a6074e2d4726af","False"
"assets/derivatives/rigs/rig-source-parts-healer_quadrant_top_right.png","1570045","72236418e48105289334cc226a1276ee73dc1a50b80f0e01de22b410386411d5","False"
"assets/derivatives/rigs/rig-source-parts-knight_part_01.png","1392281","8a05227c4ecb8813aefc0d3b4b7d327c15c9d5cc844d102d1d8a3afa0de77709","False"
"assets/derivatives/rigs/rig-source-parts-knight_part_02.png","1488248","60de406ed40ddcdafe3a8f2694f976d5f88de1ff1ab7e039c84ad21e9c0689f0","False"
"assets/derivatives/rigs/rig-source-parts-knight_part_03.png","721858","8ec6986b4ddd98e1817ec0db56be0514511402ce6cae488e2fc213aea8c524c5","False"
"assets/derivatives/rigs/rig-source-parts-knight_part_04.png","346931","539ac06394657c375ce9031228a586f498cbf4433b97155daaf393ba8197d903","False"
"assets/derivatives/rigs/rig-source-parts-knight_part_05.png","183825","14425d0e8a4473d429df91ca7aafbff02ad5ad98ee4bb794b0427ee952680e67","False"
"assets/derivatives/rigs/rig-source-parts-knight_part_06.png","147022","529fa30bc6957bd53387c5db93ae1c8968157bbc7344d8f729115735658e6f01","False"
"assets/derivatives/rigs/rig-source-parts-knight_part_07.png","142369","dd4d1e3cfc739a3cde08751c0ec6d2a1d0da75fe43876fe8363ad626ef0dafe3","False"
"assets/derivatives/rigs/rig-source-parts-knight_part_08.png","139730","e24bc4cbc6be47eda36239053d5a2c94174624f64fb2feb01aace83533668847","False"
"assets/derivatives/rigs/rig-source-parts-knight_part_09.png","102800","25a346d9bf878128e47b53d9771f7918345e54cb8d457f3256723d9009c83e63","False"
"assets/derivatives/rigs/rig-source-parts-knight_part_10.png","134233","acd86d4c37ae052d16f2138dae50b3aa714265840a32acf4f6d74f1abdd2972d","False"
"assets/derivatives/rigs/rig-source-parts-knight_part_11.png","112635","ec61b52dcaa852870346a8f29568da9608eef651fad6dcc3284ee0a393a1c960","False"
"assets/derivatives/rigs/rig-source-parts-knight_part_12.png","79693","aa3e1a2ee82b78dd65bbc232ba47085de9100990a271499349e7f1cba016471a","False"
"assets/derivatives/rigs/rig-source-parts-knight_part_13.png","74082","45ad49b42d61f936ff31c4d3c9d36d03d1cb9386b8688d7f55f17db524ba8b41","False"
"assets/derivatives/rigs/rig-source-parts-knight_part_14.png","74633","7c208b3e3d57cc4218aaf9e84327b84d1d97d852524319a442f8b0cf85dc286b","False"
"assets/derivatives/rigs/rig-source-parts-knight_part_15.png","74082","88276a260bf3c1861e7fba2e37831ca439c19286b7b69a75adb937b85ad10d5e","False"
"assets/derivatives/rigs/rig-source-parts-knight_part_16.png","75219","8182203132df1fc5d1e6d3abb6378dd07d4f91911c81563a73e899feee25d3c7","False"
"assets/derivatives/rigs/rig-source-parts-knight_part_17.png","1363349","45cb624b49b600c3d6a8dae045db6ca622347af7b1b46df3c4c66c8eb75a463c","False"
"assets/derivatives/rigs/rig-source-parts-knight_part_18.png","1238082","af5edb409633974d44c440d32f76b7f12592849cc705a4eb08a5d6132f66b70e","False"
"assets/derivatives/rigs/rig-source-parts-knight_part_19.png","105531","e582f98a5b46f2bc3abad388bffcc0c8e03ce4a9c47c85298600044db299f2ae","False"
"assets/derivatives/rigs/rig-source-parts-knight_part_20.png","172252","9f7cff8f5c3d38071a55fae51117810d6a8c3a172721e41cde4c9c3b1c01de1b","False"
"assets/derivatives/rigs/rig-source-parts-knight_part_21.png","72498","8a3f1be6787f57a4f230543c4f5ede14636ffe3f2c73147f5f0815395a40c088","False"
"assets/derivatives/rigs/rig-source-parts-mage_part_01.png","850950","9d279e0eff9573d683c75da9bd3b3175302b9af887db9f31137eb1d9ddce4a96","False"
"assets/derivatives/rigs/rig-source-parts-mage_part_02.png","259532","a9b1a2ef3fe625cb17d2967626d2d630c9306cc937e994ac16f046e29e9010e3","False"
"assets/derivatives/rigs/rig-source-parts-mage_part_03.png","257985","34d36afa534fae7f8753d66477122a4493d9178f23ed043817fddf5893891f58","False"
"assets/derivatives/rigs/rig-source-parts-mage_part_04.png","256159","a308e5b3be97da47fe91b51e8017528eccf7051865765973568013c650ab198f","False"
"assets/derivatives/rigs/rig-source-parts-mage_part_05.png","244619","c14fc6fc8f12be51e06c19e86137db8379679a11a15d1464e079a696e2a19927","False"
"assets/derivatives/rigs/rig-source-parts-mage_part_06.png","169422","d5e919dbe9ceaf0d7e0b8a6bec082e1d4894eec73350ec737508bce01fedf085","False"
"assets/derivatives/rigs/rig-source-parts-mage_part_07.png","253809","aef382f51f43dd1757d33333141f5b481483ec403f5f59e98a8959f647145d02","False"
"assets/derivatives/rigs/rig-source-parts-mage_part_08.png","115003","aefe4736a1ffaa5093fc1828b0dc0e32a84b1bf9f5eb9585f5d0d8b120b087d1","False"
"assets/derivatives/rigs/rig-source-parts-mage_part_09.png","117856","89306f1dad04a31fb1d2dddf5b1116dd82fcd94882f134001e1cc83182d4ff6c","False"
"assets/derivatives/rigs/rig-source-parts-mage_part_10.png","116528","6618e8ad97197d3c827281b756c7e4ac2c5b356833e11d5be729de48ea95acaa","False"
"assets/derivatives/rigs/rig-source-parts-mage_part_11.png","90781","d404a5a89f169d3b1184f91af5626e2f02e84c6681ab0ce3382494b5507f9606","False"
"assets/derivatives/rigs/rig-source-parts-mage_part_12.png","83684","9c9a11500821ef6d9ed11369331b533f193fcb14aa43181b92d722769db9aec6","False"
"assets/derivatives/rigs/rig-source-parts-mage_part_13.png","84993","b0ac0b8391e03d2d55dfa9303962208f43eaa486099bd7c28953efcc5ba2f443","False"
"assets/derivatives/rigs/rig-source-parts-mage_part_14.png","108805","171363117d2f40fc9a789af8f57702c2580d11c0450cee56506afd02c0405184","False"
"assets/derivatives/rigs/rig-source-parts-mage_part_15.png","90359","13fee3864423407abaed525baf4302a980bdfba4f8916b509e59cc4c85ae785d","False"
"assets/derivatives/rigs/rig-source-parts-mage_part_16.png","58154","0da4519494f69ed5070df411eb054cffa28363a5f055c833ef567d77591a110c","False"
"assets/derivatives/rigs/rig-source-parts-mage_part_17.png","33401","737d6f015936a9cf758ab4c384bbfef626f0a360f6b5292c8abdfe8db5d1e6a2","False"
"assets/derivatives/rigs/rig-source-parts-mage_part_18.png","60930","9f10703eec0ae8ebcb2c6643afdfdb3ad3e635ebdd801f96d92a92b8b20aea0d","False"
"assets/derivatives/rigs/rig-source-parts-mage_part_19.png","50708","a8355906a5aa5bd24fc38323b543eb40c86794e0a4ca432b90945cd72ca980a6","False"
"assets/derivatives/rigs/rig-source-parts-mage_part_20.png","31444","cdf343452ccef92507a03b420cdfe3f911e198d9f2dcfaf9b383e777a75df024","False"
"assets/derivatives/rigs/rig-source-parts-mage_part_21.png","206830","538d3e940d23230b138df7f051593541df52d60a8d53f4bb2cb05503cc97e349","False"
"assets/derivatives/rigs/rig-source-parts-necromancer_part_01.png","848339","bc5a72210d3240c5d3a61d5eb38e6dc5f74d43f7daa0ddc27377a550b21166aa","False"
"assets/derivatives/rigs/rig-source-parts-necromancer_part_02.png","560357","961bf63590fa8121db75e71ae57e0d2c5660108f7ede1593fd8f723588dab8f2","False"
"assets/derivatives/rigs/rig-source-parts-necromancer_part_03.png","628546","7db42deb769dd8dfb40350aa827859be66dfaaebb92258d8ca2960ce2a784fdb","False"
"assets/derivatives/rigs/rig-source-parts-necromancer_part_04.png","358840","1b4d9faab1446c6bbcbb708250353777f49bec9b9c3ccdb872615946dbd863d6","False"
"assets/derivatives/rigs/rig-source-parts-necromancer_part_05.png","343714","b58c11e72ca1cd6204f1804c12e8528327880aa7f1533fdb44389310fd16e816","False"
"assets/derivatives/rigs/rig-source-parts-necromancer_part_06.png","289842","c77a44f04fd7ee83daed37dc402a9489688759bff281a06860b8eadf25a1845c","False"
"assets/derivatives/rigs/rig-source-parts-necromancer_part_07.png","258843","d0b2db38fa07aa050590bd5586b53e23750ea5a3ca8ec54296f79c2044e4118c","False"
"assets/derivatives/rigs/rig-source-parts-necromancer_part_08.png","264207","aa1d45e0dedb2c0e582c608078578fe6c8ac63cd8c4fa1ba09559e270b538a45","False"
"assets/derivatives/rigs/rig-source-parts-necromancer_part_09.png","253981","fca1045039f2f5687686407a9b65d693ea52aa16f0f57282ca3d0ce5b3df3e23","False"
"assets/derivatives/rigs/rig-source-parts-necromancer_part_10.png","376638","fc4b63c84bdca63c9f3c24ad5120aa58afc366926a26d2302658b2768c6372bd","False"
"assets/derivatives/rigs/rig-source-parts-necromancer_part_11.png","284755","8e946a0691139fdf492ae30198735217ab9483b935b34693e02af7ba21927882","False"
"assets/derivatives/rigs/rig-source-parts-necromancer_part_12.png","176758","ac70a80c884d4c9b7d4c18daa738d64911b78f9de65d912971101592f7f03209","False"
"assets/derivatives/rigs/rig-source-parts-necromancer_part_13.png","117458","e1e1a70f1d9d66dce9c9e1bfea0d3d74cdd67e5a65362b0318d9fbec690c67a3","False"
"assets/derivatives/rigs/rig-source-parts-necromancer_part_14.png","169255","e336c4d28fba51f5b054269f29d9de84934536743f4835d0813f04f1b5362d1a","False"
"assets/derivatives/rigs/rig-source-parts-necromancer_part_15.png","48400","92f5a742b79883f9c9a1a32dff516970f48316f64f8f5dacbae8d6297c91e30a","False"
"assets/derivatives/rigs/rig-source-parts-necromancer_part_16.png","46829","95eece993ae6864e22450dda3398a74adaebd12020613cbb1f902922c009826f","False"
"assets/derivatives/rigs/rig-source-parts-necromancer_part_17.png","234152","785d6b287be0dfad002d8fabb03af1ebe8eeb92363253582f6a81ee99c552c6d","False"
"assets/derivatives/rigs/rig-source-parts-necromancer_part_18.png","259333","f6cd799b0f232510561c4f054bbf179281db072488bccf1db5178b9f54e743ae","False"
"assets/derivatives/rigs/rig-source-parts-necromancer_part_19.png","156558","097f3e1a1cf6e0cc985dfe2fc87e549aa0e3e0f276daa5d52dff7c95edafca43","False"
"assets/derivatives/rigs/rig-source-parts-necromancer_part_20.png","149161","ce8d9ffe77b818c5c32067729d237a81ac63d537004ed558602c6c5d3ab7399d","False"
"assets/derivatives/rigs/rig-source-parts-necromancer_part_21.png","227031","8c20401a1b259f1c6f6cb959aee1c6b90ac3a8bd0b1e500a3d0ebf65e7d20028","False"
"assets/derivatives/rigs/rig-source-parts-necromancer_part_22.png","7343","9e9fe6e49b27be7096192c7ad0ce1d491cf18f3367b293c936398f98a553f37d","False"
"assets/derivatives/rigs/rig-source-parts-necromancer_part_23.png","308965","287a7877586272df980fbe24d13a2f5fd122746656bdc446204418617f7161e3","False"
"assets/derivatives/rigs/rig-source-parts-necromancer_part_24.png","40924","07a8ffd3ae948df189fb5d54724f5ef732c2b28682b85ec821d1d68d5900520d","False"
"assets/derivatives/rigs/rig-source-parts-necromancer_part_25.png","42025","6bd86f073651059d8009b0152c858eefa3357c766c1971caab40db9b9ac644c0","False"
"assets/derivatives/rigs/rig-source-parts-paladin_full_sheet_rgba.png","4972790","533c075d3942708dab427d3695e2778e3922fb4025294db48e65b6a40cb8f00e","False"
"assets/derivatives/rigs/rig-source-parts-paladin_part_01.png","4765928","b5bc5881099d722e1f6bd8b927f9c817e61b398a4fcb00118053b9ccb52f11f3","False"
"assets/derivatives/rigs/rig-source-parts-ranger_part_01.png","1086728","d3f859bb509c55d5fbbee8a115869099aa5b175e376af12b3fd786a3114fbf99","False"
"assets/derivatives/rigs/rig-source-parts-ranger_part_02.png","594355","24d9205382e601b177270a9e4fb15bed09d9374a2a14e1736c24f21f1ba822f8","False"
"assets/derivatives/rigs/rig-source-parts-ranger_part_03.png","189196","c8507acc48a25c034dbd49f76f47ae14152f499d700fe971178eba684c657a00","False"
"assets/derivatives/rigs/rig-source-parts-ranger_part_04.png","206528","0e3be4b29d5002cf1e08d17b7bc7fc4a9090b2b3f787926e0d3df53b618fae95","False"
"assets/derivatives/rigs/rig-source-parts-ranger_part_05.png","208005","343b446c2a8e11ea324cf217d9fcd740114fef0063b69712cd1a25e9df303dba","False"
"assets/derivatives/rigs/rig-source-parts-ranger_part_06.png","132774","74640c10cc366888c26023e496ee5ff1aca09f30f3b64949def4e5abcbd79815","False"
"assets/derivatives/rigs/rig-source-parts-ranger_part_07.png","132348","c456f36ddac562606465de993d2a2c02b15d98f388aa886267e8f6de59e130a5","False"
"assets/derivatives/rigs/rig-source-parts-ranger_part_08.png","206658","de35e53c5736de54cc0609859fcb67e2b7e5e3b595433b1167407f297864d80e","False"
"assets/derivatives/rigs/rig-source-parts-ranger_part_09.png","96337","bd5c20640c6d39c1be2645eda14b9145913ea2f2feb836a1f95ae336eea0268f","False"
"assets/derivatives/rigs/rig-source-parts-ranger_part_10.png","98943","2f9efbd9f4adf43908d101494e1d765fc13949eb8b02a08b8e32d10cbfd6200f","False"
"assets/derivatives/rigs/rig-source-parts-ranger_part_11.png","82494","eccc910017499757b2035c729031a2930905f73bbbc795a2b64fea33cc09f3e6","False"
"assets/derivatives/rigs/rig-source-parts-ranger_part_12.png","82102","ae773bebcd24d9a156a78381278ea1f4db05b323366bd71719ce48adcb03e898","False"
"assets/derivatives/rigs/rig-source-parts-ranger_part_13.png","107700","57078f0f337d8beb7ce462bf4fdd59191385dd197dd636688dbbc44bf4410af8","False"
"assets/derivatives/rigs/rig-source-parts-ranger_part_14.png","101975","532805d4f83181dba650dfc2ffa3c4c57383084a5fbc44e35181af6fddd1812d","False"
"assets/derivatives/rigs/rig-source-parts-ranger_part_15.png","101019","9164d18111062aa56403afa872b9640a3b25b322c83c34597e441995ceb7e888","False"
"assets/derivatives/rigs/rig-source-parts-ranger_part_16.png","102863","e86a0778aebccd1a3b3c62be74a772362c4c449ce2f1f80f013dab5df8f7ae9b","False"
"assets/derivatives/rigs/rig-source-parts-ranger_part_17.png","71967","846d6732c66933ea3bac5abed05ce322f471a25874fbe991c656463e8f13ec8e","False"
"assets/derivatives/rigs/rig-source-parts-ranger_part_18.png","13314","c6159e35a7c31911a6631de1a0caf62182567183cc71dc3bf69f49db93d483cc","False"
"assets/derivatives/rigs/rig-source-parts-ranger_part_19.png","31745","b91891bb01a2435fe73e8f924604a50ce6af11cfcc4ba2c7a976a7496aa31374","False"
"assets/derivatives/rigs/rig-source-parts-ranger_part_20.png","90638","ba4823f2d4684874057e290106ea00e991efb42837182fa1b575c969872861ca","False"
"assets/derivatives/rigs/rig-source-parts-ranger_part_21.png","87438","d62c534d30a988d56abd76b13c7844ffe5dea49fd3b3f8046dc0600ca73bc9f4","False"
"assets/derivatives/rigs/rig-source-parts-ranger_part_22.png","7628","0005b4c08b2c96c7df4ac64fe487c48a2f428925623746ce703530ee5e6bc92a","False"
"assets/derivatives/rigs/rig-source-parts-ranger_part_23.png","87105","5599d352a03a09e08e60a62e8ab1000490f851824303944d5138deb51731b162","False"
"assets/derivatives/rigs/rig-source-parts-ranger_part_24.png","82663","9d0471d0c810269a9c773b4e0e234ed73f00dc3a5fdaf371c61e427dda756425","False"
"assets/derivatives/rigs/rig-source-parts-ranger_part_25.png","4435","cb741ab82625f61b09f7108f7782770033df710061c95a2ef8fe569d606c71c1","False"
"assets/derivatives/rigs/rig-source-parts-ranger_part_26.png","5518","9437c88b8a86f5e0a164a538cf75c590c5e6286ac6e392d58cdfe55e92ba922b","False"
"assets/derivatives/rigs/rig-source-parts-ranger_part_27.png","83046","3011e64a09b705ec4e2d619a9a3c75f29b0da3fc4db0f9bcdc9507ece90f4c27","False"
"assets/derivatives/rigs/rig-source-parts-ranger_part_28.png","90651","3ec036e81978c1a9374429833b8ac092dd2171502585a26aa23291abc6188ab0","False"
"assets/derivatives/rigs/rig-source-parts-ranger_part_29.png","89095","967927119bd5c8fbee4fed014257ac0c6f6d6ee1f303d0061f7d94452b61242f","False"
"assets/derivatives/rigs/rig-source-parts-ranger_part_30.png","4819","7babe03126ecbcc3f973a50911408cf2570dd0bf9ee8c55a5fbea91e55d3e5aa","False"
"assets/derivatives/rigs/rig-source-parts-ranger_part_31.png","37292","c013bf868d61f4fb7928e025a63896d04f8e08a8afc90d08c13565bfda4b74a6","False"
"assets/derivatives/rigs/rig-source-parts-ranger_part_32.png","17864","85a97acf23b78455adfb133dea99e249ef030ee50ea4d8cf883995efa25652ec","False"
"assets/derivatives/rigs/rig-source-parts-ranger_part_33.png","19781","121615376222c00df02788da5ada47e3956b74980586ca426d6f14f4842e71c8","False"
"assets/derivatives/rigs/rig-source-parts-ranger_part_34.png","36226","bb5e6588f148fefadbdffe5a93e9f8d19248aaef8f1b6b0113e8ec5d6587ef4d","False"
"assets/derivatives/rigs/rig-source-parts-ranger_part_35.png","19311","0a08c81b5cb8614d84d34d124b0213182b879ddf3f0eaf8d6948143df97357e1","False"
"assets/derivatives/rigs/rig-source-parts-ranger_part_36.png","19380","83d78c4131c5b96168e3d140b069d96340a21632d88084946da2a4fba59ad25e","False"
"assets/derivatives/rigs/rig-source-parts-warlock_part_01.png","1257398","5be68a08293f1eb12e25ac30e411ccb881a932b0470be63d403c573118ee86db","False"
"assets/derivatives/rigs/rig-source-parts-warlock_part_02.png","1276110","68dfabe55188ac0be85a5f0526c06f531d6936f3ae54edf311622ab393f90144","False"
"assets/derivatives/rigs/rig-source-parts-warlock_part_03.png","894742","ea3f9d9cc499dfa14d8c93f264091657c7303347b31de69aa0120e0ee7022340","False"
"assets/derivatives/rigs/rig-source-parts-warlock_part_04.png","1690241","3181d193d3f634076cd9009ed9f0b1a5474f5bef0936c1f46cdd574d9f02e144","False"
"assets/derivatives/rigs/rig-source-parts-warlock_part_05.png","328592","5d8ad85fc12747371c8d06e3bab3ff7c658e205a61c716bb3c780ae49fa777c9","False"
"assets/derivatives/rigs/rig-source-parts-warlock_part_06.png","23398","877f04b9b852114c24b81e46e3171ca6515b91d1b394a70c3ecf6fc88a5404dc","False"
"assets/derivatives/rigs/rig-source-parts-warlock_part_07.png","17124","0261dc9388fd68304860186623995a8a6801042bc494ac3666b3da97ad81cbfb","False"
"assets/derivatives/rigs/rig-source-parts-warlock_part_08.png","14736","9fd5e71806152396715bfc632ea496cbe56b24b0378e10f66e2ae2468e4c38d4","False"
"assets/derivatives/rigs/rig-source-parts-warlock_part_09.png","12649","70423601579562e4e5d92a148f336a25dcf1322806b0bfb02532b0ecaadbfc79","False"
"assets/derivatives/rigs/rig-source-parts-warlock_part_10.png","12068","9629a3d7e8c46887fbfc98ca6b89b8b8ecded372b1828687d9ac6c13b72c5f2c","False"
"assets/derivatives/rigs/rig-source-parts-warlock_part_11.png","11910","be15225bff6da1fe0ebcdcad884b3823a9f4a69cdeb71c831e9ed75b8c57f2b0","False"
"assets/derivatives/rigs/rig-source-parts-warlock_part_12.png","10852","044b26866676519b5e7e18867d97fbae85b88c2e60881d17a28bafb0d0dfee5f","False"
"assets/derivatives/rigs/rig-source-parts-warlock_part_13.png","4822","6b4076cc2eaac69c200f80bcfba7ddaa2f092c923fb4c1881a127c3ef04185b9","False"
"assets/derivatives/rigs/rig-source-parts-warlock_part_14.png","11403","72f75af5e399d5303e4b53d8612d34a1cfed30654dd8de7ee3d926ab46bac44f","False"
"assets/derivatives/rigs/rig-source-parts-warlock_part_15.png","5006","4f49e4a4023bb0dc321b9be41727bc1e9c9c35719b8790f6855e5c1fd8cf9f7f","False"
"assets/derivatives/rigs/rig-source-parts-warlock_part_16.png","6784","0bdbd14d432f16f8db01d5890f2dc30836ab74000c07097582f87e5f987285b5","False"
"assets/derivatives/rigs/rig-source-parts-warlock_part_17.png","5612","4dbe19703761c80cd7c222808f11b5c74289a1a0fde7b1489a88417b3fa94af8","False"
"assets/derivatives/rigs/rig-source-parts-warlock_part_18.png","7924","b93f6b67957ed865e38be1aed1f92ffb9caab1d4a72ba8e12595ea846384821b","False"
"assets/derivatives/rigs/v1_archived/rig-source-parts-barbarian_part_01.png","5505388","71c5ab57516597c3d434b73c4d509cda43394ee5ee6e7b8ce0394cbea0048412","False"
"assets/derivatives/rigs/v1_archived/rig-source-parts-barbarian_part_02.png","368673","e8c1bcc704e44ecd7427c55d3c395717b0e1c3e144d523bfa49fd9167a6e2807","False"
"assets/derivatives/rigs/v1_archived/rig-source-parts-barbarian_part_03.png","211215","a8eebcfa316bb5679db72a48647592405e3a2d05d54736df430931a8dc0db118","False"
"assets/derivatives/rigs/v1_archived/rig-source-parts-barbarian_part_04.png","650026","a87b34a8416f641d1a837d58a17f950a14797513f9e8d4088027743efc231b33","False"
"assets/derivatives/rigs/v1_archived/rig-source-parts-barbarian_part_05.png","320556","12028f1e475849ad7611ab4db18fcb6439182e69f8171dc48a9e25902436cbc4","False"
"assets/derivatives/rigs/v1_archived/rig-source-parts-barbarian_part_06.png","120995","84d8c71cd0b865a1a0130d646af23dd3771108d85ff19844f9a5da4db6a79fef","False"
"assets/derivatives/rigs/v1_archived/rig-source-parts-barbarian_part_07.png","83988","8142b2cbe72ff6281b757f0571bcc2c27a83fb24a36aaa4e09faad1be725dbad","False"
"assets/derivatives/rigs/v1_archived/rig-source-parts-barbarian_part_08.png","90347","4b349ed9ffefddae92614c99399dcfe7ac30c180681f3a7e24dd97ee21e91b2f","False"
"assets/derivatives/rigs/v1_archived/rig-source-parts-barbarian_part_09.png","48338","3f4a056bc2a38141201084488b424f0823361447c16e1271e87ae93ed8172c8a","False"
"assets/derivatives/rigs/v1_archived/rig-source-parts-barbarian_part_10.png","28441","d498e5dbf1231ae78e88a3827d65526055c5e00ff261ed2dbd5b91aa1b6c08da","False"
"assets/derivatives/rigs/v1_archived/rig-source-parts-barbarian_part_11.png","49654","b9671a0d6b9547225c2a544becaac15a3e24d0fb4863201096c1b7c5b5673209","False"
"assets/derivatives/rigs/v1_archived/rig-source-parts-barbarian_part_12.png","27674","3364c2de2ccb6d74fd9119be3d460de1b73bbdeb13f4d0e836a742b82ff6614f","False"
"assets/derivatives/rigs/v1_archived/rig-source-parts-barbarian_part_13.png","104529","34d67d4f60fa978c52f1745248189b283bdd1647c7f42eb1f6e8daa16647269c","False"
"assets/derivatives/rigs/v1_archived/rig-source-parts-barbarian_part_14.png","102233","e94eab75cbe4c2d030f76aaed336461bc0b8f47d28ebddd1d8898a6bc550be67","False"
"assets/derivatives/rigs/v1_archived/rig-source-parts-barbarian_part_15.png","75382","bc672c52403fe8b1079f198351b1aa1ed64da18a1dcb6a0bd08b06e21fdd9ce2","False"
"assets/derivatives/rigs/v1_archived/rig-source-parts-barbarian_part_16.png","75571","eeba51d6aa35d96e24469caf54515a4700afee29914fac9851816ea5263d936e","False"
"assets/derivatives/rigs/v1_archived/rig-source-parts-barbarian_part_17.png","43536","6300e990f7ec5c46b6034f2ed192366a71e9fc13aec9259d8ec92bcc7787878e","False"
"assets/derivatives/rigs/v1_archived/rig-source-parts-barbarian_part_18.png","47232","9260fcb2ab71e0b4abc3bb41275e78f2bcc32dcaca9d8ee6e1350a491de1bcb4","False"
"assets/derivatives/rigs/v1_archived/rig-source-parts-barbarian_part_19.png","47804","be3883c7a92ddc0a151bb93c77ad6392b8d368ee0cd4d9dd04c55b9387345dc4","False"
"assets/derivatives/rigs/v1_archived/rig-source-parts-barbarian_part_20.png","46655","cb18faf74c3842b1c18c842e047b10e0c9a608e03021004b86a65990c98f0258","False"
"assets/derivatives/rigs/v1_archived/rig-source-parts-barbarian_part_21.png","490592","9adad433441730dc2bd2eefca04671b2a701bebe194687a5ec6156675549ffa1","False"
"assets/derivatives/rigs/v1_archived/rig-source-parts-barbarian_part_22.png","100383","2bbf8ebb396cc138b7cf4345f67da794c41d9d5265f95225d0118d080c69b549","False"
"assets/derivatives/rigs/v1_archived/rig-source-parts-barbarian_part_23.png","34017","97541cb55596d1d6e1d15b412e8570f76e4c285ac34b799a7dad4ff84e87f603","False"
"assets/derivatives/rigs/v1_archived/rig-source-parts-barbarian_part_24.png","34087","9065d813c8f7a67afeca045c5d6b367e53194def9f1b2c8172f03e3421c93e45","False"
"assets/derivatives/rigs/v1_archived/rig-source-parts-barbarian_part_25.png","17796","a8d0b4b8fc31713838ba9051be170322b11f72b0a448fdd0515ef53919981002","False"
"assets/derivatives/rigs/v1_archived/rig-source-parts-barbarian_part_26.png","19243","bc47203da04ca00732df9f6319fe4082464133d6019854dbc5c80c039b68f6b8","False"
"assets/derivatives/rigs/v1_archived/rig-source-parts-barbarian_part_27.png","16640","8f6efc1a05e48090f46aac09ac7ee27efd88f7cf2248b136cf7ef04b3e21457d","False"
"assets/derivatives/rigs/v1_archived/rig-source-parts-barbarian_part_28.png","16483","840602cfef1c4fd6c955d9807c8c2931098c9b25df37b49a81f6a26d98b124fc","False"
"assets/derivatives/rigs/v1_archived/rig-source-parts-barbarian_part_29.png","134814","582eb2b2aa857667710de7a59b47f9da938780445440444bf1869e7714bbb45c","False"
"assets/derivatives/rigs/v1_archived/rig-source-parts-barbarian_part_30.png","42180","de8ac79bd71ded1a5fc4daa41e0d8d1cc6fead37b6d77ce6aca207a78fc21612","False"
"assets/derivatives/rigs/v1_archived/rig-source-parts-barbarian_part_31.png","43018","955ff1df2d6672910d29c05402886b1838eda5e706d3489523bbecb38ca169f7","False"
"assets/derivatives/rigs/v1_archived/rig-source-parts-barbarian_part_32.png","66542","decb1300ea639d104ecccfbbbe15d921797e69edad300f07027825c95f2d1fb5","False"
"assets/derivatives/rigs/v1_archived/rig-source-parts-barbarian_part_33.png","11973","09942450017aaba54b7acd234904009de61e86ed36e0114d7e7a3fb6b367a609","False"
"assets/derivatives/rigs/v1_archived/rig-source-parts-barbarian_part_34.png","36363","a23c69fb72ce35dbd6209f184b52f4aff81ae0600d190b3acebc2bdbd991df48","False"
"assets/derivatives/rigs/v1_archived/rig-source-parts-barbarian_part_35.png","16185","86731c68de00b04230515c8b8a830a97288d3356d34fc12ce493a11edf6a9c35","False"
"assets/derivatives/rigs/v1_archived/rig-source-parts-barbarian_part_36.png","8875","f32cfec8d2b5bfc69dc58b940d84a827514e8611cf7f49f348a64a5841355c2b","False"
"assets/derivatives/rigs/v1_archived/rig-source-parts-healer_part_01.png","1439451","c91beff49ec114fa1de563c639348ab63e40e20b880310f56553a79f9ac68e71","False"
"assets/derivatives/rigs/v1_archived/rig-source-parts-healer_part_02.png","1403927","7c89a5a66d0ed251d3890c1174bdb546f4f5bb8fc6fd27e7c09d721b2aa46c58","False"
"assets/derivatives/rigs/v1_archived/rig-source-parts-healer_part_03.png","1283071","85a0db253d3a095ef0327992a45d71432d596a642faefd335c13e0419562d274","False"
"assets/derivatives/rigs/v1_archived/rig-source-parts-healer_part_04.png","1310778","4e1c9012d3be06bd1d8856bd669890edaf523df2d7cf56315c93a948512de022","False"
"assets/derivatives/rigs/v1_archived/rig-source-parts-knight_part_01.png","138142","7b019cfd31837f2fbab3381c628c5c9375d2fa358b9cadbc130bec5f8195aff8","False"
"assets/derivatives/rigs/v1_archived/rig-source-parts-knight_part_02.png","68102","b338a76e279aa1a0fbab0eb6473775766c9e330130b78d614d6831e3dc63f686","False"
"assets/derivatives/rigs/v1_archived/rig-source-parts-knight_part_03.png","667916","58a4d18a18f000c2811d177a537e29177f3241be8411cc05d358bec4cdf3c903","False"
"assets/derivatives/rigs/v1_archived/rig-source-parts-knight_part_04.png","67288","916b87962f81bca18bfb08197e1373fdb605d84bbde178b9b51217eb6862df10","False"
"assets/derivatives/rigs/v1_archived/rig-source-parts-knight_part_05.png","343597","b3f8049a2cf6da121c503321a65a20bad0a1f73b8560084f13faf9892314abd8","False"
"assets/derivatives/rigs/v1_archived/rig-source-parts-knight_part_06.png","325873","af15798d864299346bca78f7d60c0b55c86da7b0d890bfbb8ba2067ade3c0efd","False"
"assets/derivatives/rigs/v1_archived/rig-source-parts-knight_part_07.png","51091","3a67c21f4ed7041d6ff8e0107d4d1b0d26c411a408198b7d6c0513bbb38b9d8f","False"
"assets/derivatives/rigs/v1_archived/rig-source-parts-knight_part_08.png","55916","01725003b9311e415e96f4cdbf557af39840154edb1d6f04907215003d2afc06","False"
"assets/derivatives/rigs/v1_archived/rig-source-parts-knight_part_09.png","68064","0e5c2b8609885b034a53733b05ff6bef4e44659fa2f4a409c254c0eea142fe4a","False"
"assets/derivatives/rigs/v1_archived/rig-source-parts-knight_part_10.png","69331","836f42cdf5023b7f676634544ee920c1121678e32c3442580c2c1aab602179e5","False"
"assets/derivatives/rigs/v1_archived/rig-source-parts-knight_part_11.png","43469","2faccc32fab1bbbd8db2f8cdb5ed7fce8eca3da8b6de8dd2c16f031e61537263","False"
"assets/derivatives/rigs/v1_archived/rig-source-parts-knight_part_12.png","57497","e4366c8d9261a5ed36471814657b0a853bd62b293fa25a2041aa904746de3de5","False"
"assets/derivatives/rigs/v1_archived/rig-source-parts-knight_part_13.png","133946","39bdc1e2b58b1685d26d09277d39f515ff67c3f9a746500044cfe9639cec17f9","False"
"assets/derivatives/rigs/v1_archived/rig-source-parts-knight_part_14.png","72193","8b60dad17b9552c57d8c757ce30b1b4ce047d6a42d6eb9adb252dc83343992cd","False"
"assets/derivatives/rigs/v1_archived/rig-source-parts-knight_part_15.png","67959","e741e8d1a06dda6782768e670d48988856a7d1ec9f0ad93a14e1888186a74aa6","False"
"assets/derivatives/rigs/v1_archived/rig-source-parts-knight_part_16.png","52401","eb770c3634b77b049116a16024b2451d2a094dcfd2b033728677efb77a30a31e","False"
"assets/derivatives/rigs/v1_archived/rig-source-parts-knight_part_17.png","1363349","45cb624b49b600c3d6a8dae045db6ca622347af7b1b46df3c4c66c8eb75a463c","False"
"assets/derivatives/rigs/v1_archived/rig-source-parts-knight_part_18.png","1238082","af5edb409633974d44c440d32f76b7f12592849cc705a4eb08a5d6132f66b70e","False"
"assets/derivatives/rigs/v1_archived/rig-source-parts-knight_part_19.png","105531","e582f98a5b46f2bc3abad388bffcc0c8e03ce4a9c47c85298600044db299f2ae","False"
"assets/derivatives/rigs/v1_archived/rig-source-parts-knight_part_20.png","172252","9f7cff8f5c3d38071a55fae51117810d6a8c3a172721e41cde4c9c3b1c01de1b","False"
"assets/derivatives/rigs/v1_archived/rig-source-parts-knight_part_21.png","72498","8a3f1be6787f57a4f230543c4f5ede14636ffe3f2c73147f5f0815395a40c088","False"
"assets/derivatives/rigs/v1_archived/rig-source-parts-mage_part_01.png","215472","57314bf0d7fa4949dc2e2ab0ffc50324f2a2580b97189852cefc65137517f213","False"
"assets/derivatives/rigs/v1_archived/rig-source-parts-mage_part_02.png","226475","9bc93d47a4ca0ce89a24aa1115a653899e87e920239cd6d2012d9f43fb79c1e8","False"
"assets/derivatives/rigs/v1_archived/rig-source-parts-mage_part_03.png","762533","5a4113ae5f2d287aad5922c5c527ca63790c2e623e37b8f426b77b744b2cc8ad","False"
"assets/derivatives/rigs/v1_archived/rig-source-parts-mage_part_04.png","229760","bd4f338e2521a8436edccd293a382a59231357e30e576e0793e7db19958c6ff8","False"
"assets/derivatives/rigs/v1_archived/rig-source-parts-mage_part_05.png","227918","8d1102394c1b5fa76403983b1ad6ca68874843a3923231c740a27f75b35c5d8d","False"
"assets/derivatives/rigs/v1_archived/rig-source-parts-mage_part_06.png","102782","b13a8918352eda1e0510eceae1f265a8b070e0ef761d4423350d3926594675ea","False"
"assets/derivatives/rigs/v1_archived/rig-source-parts-mage_part_07.png","104698","053c37ca92403251f6a154cab0a980619a386550b5c2a503e37ad0bf3696e35b","False"
"assets/derivatives/rigs/v1_archived/rig-source-parts-mage_part_08.png","103525","7e9b5d91900a7f402fd857629fb7d19fe828af553f9b2201aaf8dfec4c7b6091","False"
"assets/derivatives/rigs/v1_archived/rig-source-parts-mage_part_09.png","81270","2d12e583e08c1922f669059f4fe2b9180ecef009c23e7c78db075fc8a174947e","False"
"assets/derivatives/rigs/v1_archived/rig-source-parts-mage_part_10.png","51302","f32d0539d340a2116a37f19e2a218845a65ca986fc2110a8c141707adf64c31b","False"
"assets/derivatives/rigs/v1_archived/rig-source-parts-mage_part_11.png","49375","d1e4c19b454a4b4cba6581491affc01929c266dcacf8dfd833b74c607b306ded","False"
"assets/derivatives/rigs/v1_archived/rig-source-parts-mage_part_12.png","154291","24831c399b61ed70b0da7cd7e4b66f82dfcb34177a1d7315c4dac597c50529e3","False"
"assets/derivatives/rigs/v1_archived/rig-source-parts-mage_part_13.png","78970","9d0719303c42131ca415d06c40226941637e9e516accd9762a437fd0389414c9","False"
"assets/derivatives/rigs/v1_archived/rig-source-parts-mage_part_14.png","75171","8b6e83397d4dfe2003307b4457364b6151a2a2ffa9c7947e10469e5bfe6af156","False"
"assets/derivatives/rigs/v1_archived/rig-source-parts-mage_part_15.png","74494","24aa5a0bd6902ed986dd3bcfc22c34504b370f4284283041a0d48d17897a09ff","False"
"assets/derivatives/rigs/v1_archived/rig-source-parts-mage_part_16.png","95430","604dc69326d6230bdbd93ee9744031a9614fde2390bda75f4ef4a215515c4dc3","False"
"assets/derivatives/rigs/v1_archived/rig-source-parts-mage_part_17.png","33401","737d6f015936a9cf758ab4c384bbfef626f0a360f6b5292c8abdfe8db5d1e6a2","False"
"assets/derivatives/rigs/v1_archived/rig-source-parts-mage_part_18.png","60930","9f10703eec0ae8ebcb2c6643afdfdb3ad3e635ebdd801f96d92a92b8b20aea0d","False"
"assets/derivatives/rigs/v1_archived/rig-source-parts-mage_part_19.png","50708","a8355906a5aa5bd24fc38323b543eb40c86794e0a4ca432b90945cd72ca980a6","False"
"assets/derivatives/rigs/v1_archived/rig-source-parts-mage_part_20.png","31444","cdf343452ccef92507a03b420cdfe3f911e198d9f2dcfaf9b383e777a75df024","False"
"assets/derivatives/rigs/v1_archived/rig-source-parts-mage_part_21.png","206830","538d3e940d23230b138df7f051593541df52d60a8d53f4bb2cb05503cc97e349","False"
"assets/derivatives/rigs/v1_archived/rig-source-parts-necromancer_part_01.png","104868","d1735258573a8943649fdbb1c2c3f3740d9615df2defd7f97569756dda97639c","False"
"assets/derivatives/rigs/v1_archived/rig-source-parts-necromancer_part_02.png","251578","c6d02a00147947d6753fe6636cd8ce0c77ddfdc88625d4ef1304ac3e8f00e702","False"
"assets/derivatives/rigs/v1_archived/rig-source-parts-necromancer_part_03.png","201363","7a04d89f3959065cd11b45a8f825414ee06555bfb0bf211baba34e43717f7276","False"
"assets/derivatives/rigs/v1_archived/rig-source-parts-necromancer_part_04.png","533567","5a796a8ec1e2b7d50b4764ead4eaef77371380f703a19e631351afc721074d56","False"
"assets/derivatives/rigs/v1_archived/rig-source-parts-necromancer_part_05.png","184001","05d3506e0c0732d61131bea1366bba42d3d46dca6ea8949c2913d75b9a261c80","False"
"assets/derivatives/rigs/v1_archived/rig-source-parts-necromancer_part_06.png","147818","4c66501430b64c45c143367e323005e3d27c1ef158d2bb6f0d38c157c627d75d","False"
"assets/derivatives/rigs/v1_archived/rig-source-parts-necromancer_part_07.png","10155","2613b4336b3889df6d9ca35c9c1b7f6e81cf804695d4fff20dd19ef00d4b8b9f","False"
"assets/derivatives/rigs/v1_archived/rig-source-parts-necromancer_part_08.png","9633","1625ca6e6c13df5ecea701379bc3207d3517725e42ab4a0e8a480f1b29a9d0ec","False"
"assets/derivatives/rigs/v1_archived/rig-source-parts-necromancer_part_09.png","305009","3b288fc4df11ced5c0cf944536f68707e82f1cbf233c9eda9fc80c334ed28334","False"
"assets/derivatives/rigs/v1_archived/rig-source-parts-necromancer_part_10.png","138286","80ecfec5e00349c855ee7394fbb2bc878c48f13c42036b042147f6687338e628","False"
"assets/derivatives/rigs/v1_archived/rig-source-parts-necromancer_part_11.png","222712","480f207dbe7ac7521d73aaff05864e68b17cdfcf529a39580c5c2646832056a3","False"
"assets/derivatives/rigs/v1_archived/rig-source-parts-necromancer_part_12.png","12441","9696c97b512a91212eea60cdaa457953dd8874a87b4d0d2550a46725b4d7be24","False"
"assets/derivatives/rigs/v1_archived/rig-source-parts-necromancer_part_13.png","12508","f9521bf8687b05ab5b406e46a2249619dbbd1e90bea18fd72b53f1e6f6e34d51","False"
"assets/derivatives/rigs/v1_archived/rig-source-parts-necromancer_part_14.png","41963","374dcaf9a4f1992574874b25f39d2feaf1bc5d88b18d7e128d089cacb298c177","False"
"assets/derivatives/rigs/v1_archived/rig-source-parts-necromancer_part_15.png","496056","9a801bb10bba6186d97045a82af6dd23eda17b385015b7ce149c844d70d19810","False"
"assets/derivatives/rigs/v1_archived/rig-source-parts-necromancer_part_16.png","231466","ef25858b4f7a398d01abd7468bde40c088bfdc2c4a2685f1af44d6041120c8a9","False"
"assets/derivatives/rigs/v1_archived/rig-source-parts-necromancer_part_17.png","234152","785d6b287be0dfad002d8fabb03af1ebe8eeb92363253582f6a81ee99c552c6d","False"
"assets/derivatives/rigs/v1_archived/rig-source-parts-necromancer_part_18.png","259333","f6cd799b0f232510561c4f054bbf179281db072488bccf1db5178b9f54e743ae","False"
"assets/derivatives/rigs/v1_archived/rig-source-parts-necromancer_part_19.png","156558","097f3e1a1cf6e0cc985dfe2fc87e549aa0e3e0f276daa5d52dff7c95edafca43","False"
"assets/derivatives/rigs/v1_archived/rig-source-parts-necromancer_part_20.png","149161","ce8d9ffe77b818c5c32067729d237a81ac63d537004ed558602c6c5d3ab7399d","False"
"assets/derivatives/rigs/v1_archived/rig-source-parts-necromancer_part_21.png","227031","8c20401a1b259f1c6f6cb959aee1c6b90ac3a8bd0b1e500a3d0ebf65e7d20028","False"
"assets/derivatives/rigs/v1_archived/rig-source-parts-necromancer_part_22.png","7343","9e9fe6e49b27be7096192c7ad0ce1d491cf18f3367b293c936398f98a553f37d","False"
"assets/derivatives/rigs/v1_archived/rig-source-parts-necromancer_part_23.png","308965","287a7877586272df980fbe24d13a2f5fd122746656bdc446204418617f7161e3","False"
"assets/derivatives/rigs/v1_archived/rig-source-parts-necromancer_part_24.png","40924","07a8ffd3ae948df189fb5d54724f5ef732c2b28682b85ec821d1d68d5900520d","False"
"assets/derivatives/rigs/v1_archived/rig-source-parts-necromancer_part_25.png","42025","6bd86f073651059d8009b0152c858eefa3357c766c1971caab40db9b9ac644c0","False"
"assets/derivatives/rigs/v1_archived/rig-source-parts-paladin_part_01.png","4765928","b5bc5881099d722e1f6bd8b927f9c817e61b398a4fcb00118053b9ccb52f11f3","False"
"assets/derivatives/rigs/v1_archived/rig-source-parts-ranger_part_01.png","166461","19ccc2ca94ac53a1adebbcf36b00b449c094fe370a21d0b12bea8d92fd9aa8b4","False"
"assets/derivatives/rigs/v1_archived/rig-source-parts-ranger_part_02.png","185627","feeedbc4934b4dcd4c237e1398a77a95e965b1d6da617b4dd46a3f78e8659286","False"
"assets/derivatives/rigs/v1_archived/rig-source-parts-ranger_part_03.png","969266","afef536c4d26d96aec4cbe5b03221df22fefa4757a1d7b4704cdd31f0b44ba9e","False"
"assets/derivatives/rigs/v1_archived/rig-source-parts-ranger_part_04.png","33874","ac8ad1190f3d9d9303f44d2cf13d8bd79558f538ea8419462a06dca4674c2309","False"
"assets/derivatives/rigs/v1_archived/rig-source-parts-ranger_part_05.png","180723","12624de5b3071716215ab69f74162a4e6f4df12332685e634f27d9664043e952","False"
"assets/derivatives/rigs/v1_archived/rig-source-parts-ranger_part_06.png","2854","c798d91610461c27897e32ab5eadb0174fdb2089e79daa37fcafde9d119aac60","False"
"assets/derivatives/rigs/v1_archived/rig-source-parts-ranger_part_07.png","184877","1f618c69f9f7dc21399ffbede6f7f8d7ae29877bbfc195464e52ac04e2f7fcae","False"
"assets/derivatives/rigs/v1_archived/rig-source-parts-ranger_part_08.png","23229","5e8198cae9542d1ce438869ba07d8ed8c3de0793959699394c780b2b7fc3dbb6","False"
"assets/derivatives/rigs/v1_archived/rig-source-parts-ranger_part_09.png","20272","c2350c055bd233847581a1e499b0e5f6017528620dc54ee68a1ebac5ea8fc894","False"
"assets/derivatives/rigs/v1_archived/rig-source-parts-ranger_part_10.png","19113","2fbe085ede4a52d859f14fdac6285e0224f49cc39f049440c279cc9d3bad5944","False"
"assets/derivatives/rigs/v1_archived/rig-source-parts-ranger_part_11.png","519332","6d24848929ca6763160328be9ec60bf91a201f8519ace6d2eb30bdda8977defc","False"
"assets/derivatives/rigs/v1_archived/rig-source-parts-ranger_part_12.png","93195","ce5cdd840752a526c66ddbb4b03d44bb407e7104be4c7e1a75c8fb41cdc7abdc","False"
"assets/derivatives/rigs/v1_archived/rig-source-parts-ranger_part_13.png","64687","ff9536d5ab55bec513a9a6a5349316d99ac2007519f24bc5f6826593b388d951","False"
"assets/derivatives/rigs/v1_archived/rig-source-parts-ranger_part_14.png","116254","9faef6d0b32fc8712d3fb2cb958d1432edadd6f328422687e68e23fe9fb43501","False"
"assets/derivatives/rigs/v1_archived/rig-source-parts-ranger_part_15.png","109394","974acd3eb1567fd73934302da913cd5e6cb05e6a1c1536692450ab1e147f0101","False"
"assets/derivatives/rigs/v1_archived/rig-source-parts-ranger_part_16.png","73307","2fb3abee7edf2166fada7802e6f9a82ffc22b3cf76c07e55ef9304cd54c2cee5","False"
"assets/derivatives/rigs/v1_archived/rig-source-parts-ranger_part_17.png","71967","846d6732c66933ea3bac5abed05ce322f471a25874fbe991c656463e8f13ec8e","False"
"assets/derivatives/rigs/v1_archived/rig-source-parts-ranger_part_18.png","13314","c6159e35a7c31911a6631de1a0caf62182567183cc71dc3bf69f49db93d483cc","False"
"assets/derivatives/rigs/v1_archived/rig-source-parts-ranger_part_19.png","31745","b91891bb01a2435fe73e8f924604a50ce6af11cfcc4ba2c7a976a7496aa31374","False"
"assets/derivatives/rigs/v1_archived/rig-source-parts-ranger_part_20.png","90638","ba4823f2d4684874057e290106ea00e991efb42837182fa1b575c969872861ca","False"
"assets/derivatives/rigs/v1_archived/rig-source-parts-ranger_part_21.png","87438","d62c534d30a988d56abd76b13c7844ffe5dea49fd3b3f8046dc0600ca73bc9f4","False"
"assets/derivatives/rigs/v1_archived/rig-source-parts-ranger_part_22.png","7628","0005b4c08b2c96c7df4ac64fe487c48a2f428925623746ce703530ee5e6bc92a","False"
"assets/derivatives/rigs/v1_archived/rig-source-parts-ranger_part_23.png","87105","5599d352a03a09e08e60a62e8ab1000490f851824303944d5138deb51731b162","False"
"assets/derivatives/rigs/v1_archived/rig-source-parts-ranger_part_24.png","82663","9d0471d0c810269a9c773b4e0e234ed73f00dc3a5fdaf371c61e427dda756425","False"
"assets/derivatives/rigs/v1_archived/rig-source-parts-ranger_part_25.png","4435","cb741ab82625f61b09f7108f7782770033df710061c95a2ef8fe569d606c71c1","False"
"assets/derivatives/rigs/v1_archived/rig-source-parts-ranger_part_26.png","5518","9437c88b8a86f5e0a164a538cf75c590c5e6286ac6e392d58cdfe55e92ba922b","False"
"assets/derivatives/rigs/v1_archived/rig-source-parts-ranger_part_27.png","83046","3011e64a09b705ec4e2d619a9a3c75f29b0da3fc4db0f9bcdc9507ece90f4c27","False"
"assets/derivatives/rigs/v1_archived/rig-source-parts-ranger_part_28.png","90651","3ec036e81978c1a9374429833b8ac092dd2171502585a26aa23291abc6188ab0","False"
"assets/derivatives/rigs/v1_archived/rig-source-parts-ranger_part_29.png","89095","967927119bd5c8fbee4fed014257ac0c6f6d6ee1f303d0061f7d94452b61242f","False"
"assets/derivatives/rigs/v1_archived/rig-source-parts-ranger_part_30.png","4819","7babe03126ecbcc3f973a50911408cf2570dd0bf9ee8c55a5fbea91e55d3e5aa","False"
"assets/derivatives/rigs/v1_archived/rig-source-parts-ranger_part_31.png","37292","c013bf868d61f4fb7928e025a63896d04f8e08a8afc90d08c13565bfda4b74a6","False"
"assets/derivatives/rigs/v1_archived/rig-source-parts-ranger_part_32.png","17864","85a97acf23b78455adfb133dea99e249ef030ee50ea4d8cf883995efa25652ec","False"
"assets/derivatives/rigs/v1_archived/rig-source-parts-ranger_part_33.png","19781","121615376222c00df02788da5ada47e3956b74980586ca426d6f14f4842e71c8","False"
"assets/derivatives/rigs/v1_archived/rig-source-parts-ranger_part_34.png","36226","bb5e6588f148fefadbdffe5a93e9f8d19248aaef8f1b6b0113e8ec5d6587ef4d","False"
"assets/derivatives/rigs/v1_archived/rig-source-parts-ranger_part_35.png","19311","0a08c81b5cb8614d84d34d124b0213182b879ddf3f0eaf8d6948143df97357e1","False"
"assets/derivatives/rigs/v1_archived/rig-source-parts-ranger_part_36.png","19380","83d78c4131c5b96168e3d140b069d96340a21632d88084946da2a4fba59ad25e","False"
"assets/derivatives/rigs/v1_archived/rig-source-parts-warlock_part_01.png","1132408","d7bc483f03ddbffc6c2bb96a3e9fc92d4bce50e9a93b9fa631fe4a7b31515f66","False"
"assets/derivatives/rigs/v1_archived/rig-source-parts-warlock_part_02.png","1115432","4e09bf7b2842cd67ab0e5213b056e12e1b9bbd56dc365c0ea6417ce44f46908e","False"
"assets/derivatives/rigs/v1_archived/rig-source-parts-warlock_part_03.png","1508932","df2dde9442a8076e0c10590a857591fdcc49ba0c5be0037e12f5f73fcbe590f0","False"
"assets/derivatives/rigs/v1_archived/rig-source-parts-warlock_part_04.png","5126","a5a974377384070f1d16f163f6220536bea06990ae0852c09637a509225a1eb5","False"
"assets/derivatives/rigs/v1_archived/rig-source-parts-warlock_part_05.png","4545","4064ef88eba7c14b123c7e7cd2ec2f6241686846b0c1399e7a32c58d706a2508","False"
"assets/derivatives/rigs/v1_archived/rig-source-parts-warlock_part_06.png","8982","5fe436aad81f337b3661ab1709305f52e45a7e44d35aa8e9be27ea01c61a7dc6","False"
"assets/derivatives/rigs/v1_archived/rig-source-parts-warlock_part_07.png","5214","6e76556b55d4d833fed460fccae122754482c6d55396607208c86a97e749c9fc","False"
"assets/derivatives/rigs/v1_archived/rig-source-parts-warlock_part_08.png","6922","71e4ac513da3a553608988375e63234d20274babcda7c5f3c9bedc0c86ff37c6","False"
"assets/derivatives/rigs/v1_archived/rig-source-parts-warlock_part_09.png","798635","49f82eea1c45b00d3e066ad3b18e16875ee6b7b41f300aeca8452606833262ce","False"
"assets/derivatives/rigs/v1_archived/rig-source-parts-warlock_part_10.png","294630","c82344a53a02fbef4e13439f5fa1cce6f0ec52a488244f3ee1efc5f8dcaf8505","False"
"assets/derivatives/rigs/v1_archived/rig-source-parts-warlock_part_11.png","5197","99451bdf4310142c3cf3731966f36d3b2727954964a697dda745526fcfdeae3d","False"
"assets/derivatives/rigs/v1_archived/rig-source-parts-warlock_part_12.png","4196","75cd635d69081b6383876094425d089eb9cf7f49087902f08f60776f8ee59814","False"
"assets/derivatives/rigs/v1_archived/rig-source-parts-warlock_part_13.png","4822","6b4076cc2eaac69c200f80bcfba7ddaa2f092c923fb4c1881a127c3ef04185b9","False"
"assets/derivatives/rigs/v1_archived/rig-source-parts-warlock_part_14.png","11403","72f75af5e399d5303e4b53d8612d34a1cfed30654dd8de7ee3d926ab46bac44f","False"
"assets/derivatives/rigs/v1_archived/rig-source-parts-warlock_part_15.png","5006","4f49e4a4023bb0dc321b9be41727bc1e9c9c35719b8790f6855e5c1fd8cf9f7f","False"
"assets/derivatives/rigs/v1_archived/rig-source-parts-warlock_part_16.png","6784","0bdbd14d432f16f8db01d5890f2dc30836ab74000c07097582f87e5f987285b5","False"
"assets/derivatives/rigs/v1_archived/rig-source-parts-warlock_part_17.png","5612","4dbe19703761c80cd7c222808f11b5c74289a1a0fde7b1489a88417b3fa94af8","False"
"assets/derivatives/rigs/v1_archived/rig-source-parts-warlock_part_18.png","7924","b93f6b67957ed865e38be1aed1f92ffb9caab1d4a72ba8e12595ea846384821b","False"
"assets/derivatives/rigs/v3/barbarian/arm_left.png","136654","804ba63f00d6861c7d9ca40cbc3f523c2c688505b8ab19377c9a1abef66ecd1c","False"
"assets/derivatives/rigs/v3/barbarian/arm_right.png","94532","4419c803494a3403058f931f11cb2e4d362546e3430ef38a091b270aadf4e594","False"
"assets/derivatives/rigs/v3/barbarian/boot_foot_left.png","49979","58183894ee254c60f9e0b69150fc348a1346eae5451ac3e009d80bcf5a158831","False"
"assets/derivatives/rigs/v3/barbarian/boot_foot_right.png","48681","5bfbee621d5a952ceb8af733cef8acb9561cf33d98e8ca04f1ccb58a19e3b709","False"
"assets/derivatives/rigs/v3/barbarian/head_horned_helm.png","360238","bf66cbc991f9be11a36f1ecaa6afddce8c0ec312f2314c65ec782c8f2b1186fc","False"
"assets/derivatives/rigs/v3/barbarian/shin_lower_left.png","86233","1ef512933bfcf9056c34d7539b547ebf944e67ad4f63e94cb36d190fb36f88ed","False"
"assets/derivatives/rigs/v3/barbarian/shin_lower_right.png","117650","c9135188cfae05a51141c1d369a9f70cdf851837409624524fb332b177dbae77","False"
"assets/derivatives/rigs/v3/barbarian/thigh_left.png","115683","3ebd82c67dded9c2e11d50dd3ffa61df9d6a8022b0ef74da3f0dfbf347f9e747","False"
"assets/derivatives/rigs/v3/barbarian/thigh_right.png","86606","1a6374666603af51b8fb7e981627191f7dfca47308d6a6efaa1c4ec36f13c469","False"
"assets/derivatives/rigs/v3/barbarian/torso_musculature.png","727143","ba96f8aef563a7665d6aa29d7dcbbb2bba52bd908b317c4e75d4dd98b6f1f68a","False"
"assets/derivatives/rigs/v3/barbarian/weapon_great_axe.png","239505","8d9f03cd164b181d84cbb2145d6ad1fdc4217ddf50adb1384550c4cda1ae478e","False"
"assets/derivatives/rigs/v3/healer/arm_upper_left.png","228146","78d9868ae1d2f86818da6ab909e8a8e522fa461e155b960c8eb7e9312ee499d6","False"
"assets/derivatives/rigs/v3/healer/arm_upper_right.png","179261","a1cf95aa2e76fc3e5873a5605d7472904dc09026cc37d4f1c7e528432c971555","False"
"assets/derivatives/rigs/v3/healer/boot_leg_left.png","135642","e1bb094f6ca0d72d3656dd868eb02607f79a091848f027385d1cb6080c1d088a","False"
"assets/derivatives/rigs/v3/healer/boot_leg_right.png","135755","bb044285df1a28fb9696f036801bffc589ebd401c24514f3778dc52f30d7b9fd","False"
"assets/derivatives/rigs/v3/healer/head_halo_canonical.png","216853","135be17d35536710debe2ab45fe0156f9d9e46e154388f0ab2bdc32ff5f1f249","False"
"assets/derivatives/rigs/v3/healer/head_prayer_variant.png","255493","8b66eec0a0d3e74e3374e806b1278cdf37a50b841bdf47e1b06cf32afe6eba2c","False"
"assets/derivatives/rigs/v3/healer/shawl_vestment.png","284632","cbf8cbd6aa9dfd0be7134a6a2e119bc06e5f809a93d95a36d46a88771d62e15a","False"
"assets/derivatives/rigs/v3/healer/skirt_robes_lower.png","624668","3ac27dde89fb646c543604991bcfa93f974e12fc5ef33a02d017a439c8d3a328","False"
"assets/derivatives/rigs/v3/healer/torso_bodice.png","425247","66201a264eed8aa65d7151ccf7f0a01ba143cff1002eb21b5d5f0fdc522b11cf","False"
"assets/derivatives/rigs/v3/healer/weapon_holy_staff.png","265625","0e34df119c38cfa15f86b6ec486d465ef026baeb5e84607c2a5b70bd5dbb62ac","False"
"assets/derivatives/rigs/v3/knight/arm_lower_right_sword.png","134235","2cd52b5a67f1ecb7b3ae59d4505c84efe39482dcadbe01a996f485992475ca79","False"
"assets/derivatives/rigs/v3/knight/arm_upper_left.png","147730","558dc96fb502c1854629d555e0efc0f20f04904016a529075b9f1560edf9a9e8","False"
"assets/derivatives/rigs/v3/knight/boot_foot_pair.png","166883","0dc2556e57a84662cd79d196ecfbbbb6adae8bcf6b3107da2b873a66c24eaefd","False"
"assets/derivatives/rigs/v3/knight/greave_shin_left.png","84071","9db7643ebd139717bfca5bb8964702d931733c66afca244e98f00a70ef37e5cc","False"
"assets/derivatives/rigs/v3/knight/greave_shin_right.png","174092","48a4b2d4ea66f388b947a09a7faa254298b3e57ebef531ab7d8797fa2999b394","False"
"assets/derivatives/rigs/v3/knight/head_helmet.png","145469","ea79f94c61674bea77c6ef68269903eddcb65aae5b70839c18173f6d53b730af","False"
"assets/derivatives/rigs/v3/knight/pauldron_shoulder_left.png","145044","2b1bd8718fed17d2ea5bf93e9adc03ff0250e167975e94a67668af4f19259983","False"
"assets/derivatives/rigs/v3/knight/pauldron_shoulder_right.png","139019","2849406b27c2add7fe33727702736f0d9255e56d7df8d63446bda9cf7deaa62f","False"
"assets/derivatives/rigs/v3/knight/shield_heater.png","722415","a97e3ae4d85f5d596ee271fb757cc5d48c76f05910ef0b20c01ee5a6677b9011","False"
"assets/derivatives/rigs/v3/knight/thigh_upper_left.png","112273","4edcf180a6f999e7ba42d74fc9fb288cf642629ece6b32b51c281090df089b06","False"
"assets/derivatives/rigs/v3/knight/thigh_upper_right.png","101577","6512c73f499a7d87714f0cf591d552c711061ceffae6c9201fc1cc69b0d76589","False"
"assets/derivatives/rigs/v3/knight/torso_breastplate.png","141879","f4fe35644c82aad90497cb47f348eff041cdde2954e6e0fceb03be58c42427cb","False"
"assets/derivatives/rigs/v3/mage/accessory_spellbook.png","169283","5aceaef00f5285b589670946ba623f483541949afc4bceef7a88e4d9fe24656a","False"
"assets/derivatives/rigs/v3/mage/arm_sleeve_left.png","106779","85812a731c1384a4d12c8a73fb1b1cf6d554a66d88f29890ae98cbb45ee782e8","False"
"assets/derivatives/rigs/v3/mage/arm_sleeve_right.png","90309","07f9a1ad739400143c9179788851d8748498d2391f94daa70a43f6f1b73b75fb","False"
"assets/derivatives/rigs/v3/mage/boot_foot_left.png","83345","34dc7940a97048f6e8e237a76304d2378a22e8af8f39641cd37f1c0d9be2305b","False"
"assets/derivatives/rigs/v3/mage/boot_foot_right.png","84528","3b3a925a40693c75f86966d5da6df33693fb39da9159386ee33df21735579d8b","False"
"assets/derivatives/rigs/v3/mage/hand_left.png","117392","8a62651dc40d7e2e079afe521b2d64f5403e5e491cb58ad72ee5076393d5a6bb","False"
"assets/derivatives/rigs/v3/mage/hand_right.png","114341","03a02818cd62f53b018ad50c27905ccd7c3f77536f54dde675d3c220b854a629","False"
"assets/derivatives/rigs/v3/mage/head_hood_canonical.png","243805","d6770bb28524e12a132383428dc1776e3ab1dc5403cc80bdbd2ba1005e51458c","False"
"assets/derivatives/rigs/v3/mage/head_hood_variant.png","255255","2d50a46441ebdc4d58d43cabbf0dda2ed6e9d926d4c152852f992b47e8292175","False"
"assets/derivatives/rigs/v3/mage/torso_robes.png","851205","ee9a4a357817d85e78c8aa238d12ae8e355e0dfb5570019e8e99bfc8643f169c","False"
"assets/derivatives/rigs/v3/necromancer/accessory_alchemical_bag.png","343537","541969ccedbfa5f851af05b7a685eef7a6cdfc24dbe676e22b7c439a96a88b6d","False"
"assets/derivatives/rigs/v3/necromancer/arm_sleeve_left.png","284141","4c48e0ec6c13b7473d029f029c36a863e528ec2051e3c3551e72fceadbe713d7","False"
"assets/derivatives/rigs/v3/necromancer/arm_sleeve_right.png","377360","b54af704d9797337aabe356f20c26878d77b07a5cb132704ec6843a55df544ba","False"
"assets/derivatives/rigs/v3/necromancer/head_skull_helm.png","116940","f8de6dd316ae3e3a66b53dccf605f48f2a6cea0db996136da067d0c229b21bf0","False"
"assets/derivatives/rigs/v3/necromancer/leg_left.png","258641","a83e176a846f0ef84e267b6ee15e9109c9fbcef9142f78405aee50d9463f038c","False"
"assets/derivatives/rigs/v3/necromancer/leg_right.png","263972","7c96ed579960ef73da63d908250e271c945ce4308a3fa4e7d842c7fc1796f27b","False"
"assets/derivatives/rigs/v3/necromancer/robes_lower.png","558909","5dc5185d0c7d8961ad621c5655494d6242517caf3f64576fb7d8965126d3758a","False"
"assets/derivatives/rigs/v3/necromancer/torso_shroud.png","846788","53809ad31d68f7fb2436a61829be9495024f20ee98ddafc0be57f7dfbd8b5657","False"
"assets/derivatives/rigs/v3/necromancer/weapon_scythe.png","358944","ab84511ac51116841df0b62a669fcc51b28226c2e41ecbfd1e42f1a07d9b30d4","False"
"assets/derivatives/rigs/v3/paladin/arm_upper_left.png","110514","b4788ba64724692af152e3f059129e4627191a295e61f46138f5e29e6d5ff3c1","False"
"assets/derivatives/rigs/v3/paladin/arm_upper_right.png","97181","7824c956d2cd0a9ecf6406f7fc278052b6352c26827677c79ad71237cb66c98a","False"
"assets/derivatives/rigs/v3/paladin/greave_boot_left.png","248198","fe3921bca3101bb4594236a9ca9cbcdc2e3697f78ce695722058f0689e46c09d","False"
"assets/derivatives/rigs/v3/paladin/greave_boot_right.png","164855","d281a45c23362fb08cb256a80adb08d01ed2d6e35d789bc6e896845dce09c3e6","False"
"assets/derivatives/rigs/v3/paladin/head_winged_helm.png","317303","5cb6972d352421b5891008fca8585a3de5de38e043275caa389e5590c1eb5f32","False"
"assets/derivatives/rigs/v3/paladin/pauldron_left.png","120216","927f0ad771aa29eaab1b7656f8d91c426f56fe267b863832d259151c7341cf03","False"
"assets/derivatives/rigs/v3/paladin/pauldron_right.png","134535","2294e9d5c2fd42a3840869eb19f6c5abf5b7efc3762d241d3f383f3270a64b38","False"
"assets/derivatives/rigs/v3/paladin/shield_sun_heraldic.png","515296","2b4999c4bb6817359b1e631d2bf1b0dd8e391e1f838b4d4346fdf15bc7766423","False"
"assets/derivatives/rigs/v3/paladin/thigh_left.png","95240","d407353c016d9529c51e89e0d0a525e107c9aeab3c06353ca21f4dcc2ac12e53","False"
"assets/derivatives/rigs/v3/paladin/thigh_right.png","93293","335802abbd70e8339a4d7df12534741f0b6b8a9afe20ff4a510eb1a5ec5d89e6","False"
"assets/derivatives/rigs/v3/paladin/torso_breastplate.png","311604","327b49e0fe10e5ed74b4efbe6b7def7da68cd31f339e80f888cf462c2ea9954c","False"
"assets/derivatives/rigs/v3/paladin/vambrace_lower_left.png","123255","f08375e250cfa3f0554bf520884888ddba0477536dbff02a04dcd7cb40e52689","False"
"assets/derivatives/rigs/v3/paladin/vambrace_lower_right.png","108997","809fb500ecd3b469c9e38abbe55fc76e542be4ac7b3bdea82b8c85b91084c193","False"
"assets/derivatives/rigs/v3/paladin/weapon_holy_sword.png","55458","f9d58ffe5adbd311fa2776b06f7275a5558def58ec82f1e456c455f5041808ed","False"
"assets/derivatives/rigs/v3/parts_manifest_v3.json","128637","f86d6ee4af4bc26d26e2d9db2e9ca49874639d1fe4065c23c84417c4414e7024","False"
"assets/derivatives/rigs/v3/ranger/arm_upper_left.png","206390","be286c6b69b57c7cdf8da3fcd5e8637612eea3332aee111f60df334dc793d755","False"
"assets/derivatives/rigs/v3/ranger/boot_foot_left.png","101741","0156f673d9bff3d805dc0c9e47c4efabac952585c4156281c6da35470f20a345","False"
"assets/derivatives/rigs/v3/ranger/boot_foot_right.png","100713","6433e457ea1d97e127897291604dd5abd0099ddb391414d909298f2c9725416a","False"
"assets/derivatives/rigs/v3/ranger/forearm_hand_left.png","132516","8bb7bcadd4e3dc9417f7fea3aa596baecbd787418e9bdba92ffb252dce4e8353","False"
"assets/derivatives/rigs/v3/ranger/forearm_hand_right.png","132228","2358de102332d4c4b856cf9cd0c2abe92ab9dd11d79b85607442a70c2dad00f8","False"
"assets/derivatives/rigs/v3/ranger/head_cowl.png","207588","835d5e2e2683e99efe3e49c64433cf9116e38dcdb1cec02b3ba9c2d7032d76c2","False"
"assets/derivatives/rigs/v3/ranger/quiver_cloak.png","205802","b97910eee10c761586968e0907e01d15ee02f6b70acddd7bcc7fb0a23934d30a","False"
"assets/derivatives/rigs/v3/ranger/shin_left.png","99027","32617e2865eee065471d7c608ae9d93acd6901d4498cfd124d1a2415a5249cfc","False"
"assets/derivatives/rigs/v3/ranger/shin_right.png","96107","01f3ade30de6ae324e782b093a611ab0598f8fdbad83f80a9b9fe8149c596235","False"
"assets/derivatives/rigs/v3/ranger/thigh_left.png","82360","313bf95cb6462d73fca90c0afe37dbfa91a608bd2595aaefb14d9e3346dca485","False"
"assets/derivatives/rigs/v3/ranger/thigh_right.png","81788","1bc67bb5584af64ba987a2125eb0be0339adda1c3880875ed9e6c745500bab27","False"
"assets/derivatives/rigs/v3/ranger/torso_tunic.png","1085631","2f58b4d41b903ccbf065b99268a4eaa3b051c46505eadf6dbd982e3c94be09eb","False"
"assets/derivatives/rigs/v3/ranger/weapon_longbow.png","189799","9e9eeeea9cb745815b31594f1778979de3249da9df693c18fee35466b0bbe36f","False"
"assets/derivatives/rigs/v3/warlock/hand_focus_casting.png","328350","d7c288095d04a5ab61beb5951c381ef0b292776b82f83fd02382d762ce5f69a5","False"
"assets/derivatives/rigs/v3/warlock/head_canonical_neutral.png","198537","3bd70345d2520c3d239ae4c0ac20097a058ac842229e95d6f8e2b2528bd7c36f","False"
"assets/derivatives/rigs/v3/warlock/head_variant_focused.png","205842","cc98fc965dfd5c4073c2e0eb997452a4936934e3e46176139ec67af0eac70a9f","False"
"assets/derivatives/rigs/v3/warlock/robes_lower_skirt.png","900647","05f24fa6af45c944913aaf459eef81902b8c4162e0dc3ec7efac8178dfe14dab","False"
"assets/derivatives/rigs/v3/warlock/torso_robes_upper.png","1257036","1dc38852c3d33d92fb15569339c3b6978cd3abd3f13b890aff23e9e432d0b300","False"
"assets/derivatives/rigs/v3/warlock/weapon_staff_sleeve.png","1407725","d0e0279bbad028ccb69c94e13ea09d0cc460732276ee9b32392b07e9e806f1b6","False"
"assets/derivatives/rigs/v4/barbarian/hand_a.png","49979","58183894ee254c60f9e0b69150fc348a1346eae5451ac3e009d80bcf5a158831","False"
"assets/derivatives/rigs/v4/barbarian/hand_b.png","48681","5bfbee621d5a952ceb8af733cef8acb9561cf33d98e8ca04f1ccb58a19e3b709","False"
"assets/derivatives/rigs/v4/barbarian/head_view_a.png","239505","8d9f03cd164b181d84cbb2145d6ad1fdc4217ddf50adb1384550c4cda1ae478e","False"
"assets/derivatives/rigs/v4/barbarian/head_view_b.png","136654","804ba63f00d6861c7d9ca40cbc3f523c2c688505b8ab19377c9a1abef66ecd1c","False"
"assets/derivatives/rigs/v4/barbarian/head_view_c.png","94532","4419c803494a3403058f931f11cb2e4d362546e3430ef38a091b270aadf4e594","False"
"assets/derivatives/rigs/v4/barbarian/lower_garment.png","360238","bf66cbc991f9be11a36f1ecaa6afddce8c0ec312f2314c65ec782c8f2b1186fc","False"
"assets/derivatives/rigs/v4/barbarian/shin_lower_left.png","86233","1ef512933bfcf9056c34d7539b547ebf944e67ad4f63e94cb36d190fb36f88ed","False"
"assets/derivatives/rigs/v4/barbarian/shin_lower_right.png","117650","c9135188cfae05a51141c1d369a9f70cdf851837409624524fb332b177dbae77","False"
"assets/derivatives/rigs/v4/barbarian/thigh_left.png","115683","3ebd82c67dded9c2e11d50dd3ffa61df9d6a8022b0ef74da3f0dfbf347f9e747","False"
"assets/derivatives/rigs/v4/barbarian/thigh_right.png","86606","1a6374666603af51b8fb7e981627191f7dfca47308d6a6efaa1c4ec36f13c469","False"
"assets/derivatives/rigs/v4/barbarian/torso_musculature.png","727143","ba96f8aef563a7665d6aa29d7dcbbb2bba52bd908b317c4e75d4dd98b6f1f68a","False"
"assets/derivatives/rigs/v4/healer/arm_upper_left.png","228146","78d9868ae1d2f86818da6ab909e8a8e522fa461e155b960c8eb7e9312ee499d6","False"
"assets/derivatives/rigs/v4/healer/arm.png","265625","0e34df119c38cfa15f86b6ec486d465ef026baeb5e84607c2a5b70bd5dbb62ac","False"
"assets/derivatives/rigs/v4/healer/backpack.png","179261","a1cf95aa2e76fc3e5873a5605d7472904dc09026cc37d4f1c7e528432c971555","False"
"assets/derivatives/rigs/v4/healer/boot_leg_left.png","135642","e1bb094f6ca0d72d3656dd868eb02607f79a091848f027385d1cb6080c1d088a","False"
"assets/derivatives/rigs/v4/healer/boot_leg_right.png","135755","bb044285df1a28fb9696f036801bffc589ebd401c24514f3778dc52f30d7b9fd","False"
"assets/derivatives/rigs/v4/healer/head_halo_canonical.png","216853","135be17d35536710debe2ab45fe0156f9d9e46e154388f0ab2bdc32ff5f1f249","False"
"assets/derivatives/rigs/v4/healer/head_prayer_variant.png","255493","8b66eec0a0d3e74e3374e806b1278cdf37a50b841bdf47e1b06cf32afe6eba2c","False"
"assets/derivatives/rigs/v4/healer/shawl_vestment.png","284632","cbf8cbd6aa9dfd0be7134a6a2e119bc06e5f809a93d95a36d46a88771d62e15a","False"
"assets/derivatives/rigs/v4/healer/skirt.png","425247","66201a264eed8aa65d7151ccf7f0a01ba143cff1002eb21b5d5f0fdc522b11cf","False"
"assets/derivatives/rigs/v4/healer/staff_arms_group.png","624668","3ac27dde89fb646c543604991bcfa93f974e12fc5ef33a02d017a439c8d3a328","False"
"assets/derivatives/rigs/v4/knight/cuirass_fauld_assembly.png","737337","3c7cc9f853a890a16a2c9a26895c2b0849621b9e29c380cdfcb688eb2dd00dc1","False"
"assets/derivatives/rigs/v4/knight/greave_left.png","61330","608934ea321aeb3736d29c55c3fc530da1788ea17b54c9dd53bb0580e0375398","False"
"assets/derivatives/rigs/v4/knight/helmet_front_mail.png","146874","76fe40ddcbd390550c340a87b5d8aa1f997e1b343615b551bba09d0db2581fec","False"
"assets/derivatives/rigs/v4/knight/piece_1093_432_12.png","148882","1b5fe7e66e521a3eaa17dea494f1a63be0235a995ee07acda06ad7df9bd92568","False"
"assets/derivatives/rigs/v4/knight/piece_1093_432.png","148882","1b5fe7e66e521a3eaa17dea494f1a63be0235a995ee07acda06ad7df9bd92568","False"
"assets/derivatives/rigs/v4/knight/piece_1099_1418_36.png","49640","07382c817d4586adf57eaf92cbc9fdeb8fc8e87e3b81f362f8120df4dc3deea7","False"
"assets/derivatives/rigs/v4/knight/piece_1099_1418.png","49640","07382c817d4586adf57eaf92cbc9fdeb8fc8e87e3b81f362f8120df4dc3deea7","False"
"assets/derivatives/rigs/v4/knight/piece_1129_96_6.png","144733","646d2625e3a2f267c14384e1043d8a2fd626fa1781bbd9d32d666c95798e9ebb","False"
"assets/derivatives/rigs/v4/knight/piece_1129_96.png","144733","646d2625e3a2f267c14384e1043d8a2fd626fa1781bbd9d32d666c95798e9ebb","False"
"assets/derivatives/rigs/v4/knight/piece_120_1233_30.png","1118343","23a4ff52877f606e4ae00c8dd90177e15e0d51c1cb92f49cf6b3b31cf3910d8d","False"
"assets/derivatives/rigs/v4/knight/piece_120_1233.png","1118343","23a4ff52877f606e4ae00c8dd90177e15e0d51c1cb92f49cf6b3b31cf3910d8d","False"
"assets/derivatives/rigs/v4/knight/piece_1322_1107_28.png","134668","5dfc0c9988a18b063421e695bab3b5bcc976648928d253816d000bb9adeb6ddf","False"
"assets/derivatives/rigs/v4/knight/piece_1322_1107.png","134668","5dfc0c9988a18b063421e695bab3b5bcc976648928d253816d000bb9adeb6ddf","False"
"assets/derivatives/rigs/v4/knight/piece_1337_1559_44.png","61643","c821972c565566a8c6cc9c30b923a7a7bb9b4af6df5c84e8c6a32e88f1f4b239","False"
"assets/derivatives/rigs/v4/knight/piece_1337_1559.png","61643","c821972c565566a8c6cc9c30b923a7a7bb9b4af6df5c84e8c6a32e88f1f4b239","False"
"assets/derivatives/rigs/v4/knight/piece_1364_1835_63.png","41409","77652bb9657213d5347fe4e0ccf086906792208041be74d3772aed9e4edee877","False"
"assets/derivatives/rigs/v4/knight/piece_1364_1835.png","41409","77652bb9657213d5347fe4e0ccf086906792208041be74d3772aed9e4edee877","False"
"assets/derivatives/rigs/v4/knight/piece_1568_1407_35.png","49277","f3ae34c13fc5fe00a7957a61b7b29ee494c39d67fdd4db96624f55a7f75b15a9","False"
"assets/derivatives/rigs/v4/knight/piece_1568_1407.png","49277","f3ae34c13fc5fe00a7957a61b7b29ee494c39d67fdd4db96624f55a7f75b15a9","False"
"assets/derivatives/rigs/v4/knight/piece_1589_1109_29.png","91283","dc0b62bf845a25990cbdcaa846556be6ba3b10e0ff0f8add7059f892070bd3ee","False"
"assets/derivatives/rigs/v4/knight/piece_1589_1109.png","91283","dc0b62bf845a25990cbdcaa846556be6ba3b10e0ff0f8add7059f892070bd3ee","False"
"assets/derivatives/rigs/v4/knight/piece_1590_1567_45.png","58408","68257e011fadb5ce5243cb17e7f7d4a59212046cc3b5521e6aff5b9089cd6140","False"
"assets/derivatives/rigs/v4/knight/piece_1590_1567.png","58408","68257e011fadb5ce5243cb17e7f7d4a59212046cc3b5521e6aff5b9089cd6140","False"
"assets/derivatives/rigs/v4/knight/piece_1604_1866_65.png","42738","58b519076925fbc8ce7c8e21543b3debaaa35388cffc33d2330c53be16bc53d3","False"
"assets/derivatives/rigs/v4/knight/piece_1604_1866.png","42738","58b519076925fbc8ce7c8e21543b3debaaa35388cffc33d2330c53be16bc53d3","False"
"assets/derivatives/rigs/v4/knight/piece_165_1664_58.png","31036","393615b0a804cceddfd1283c98f0d0670a6151b4154fbd808e226f0865ffc5b1","False"
"assets/derivatives/rigs/v4/knight/piece_165_1664.png","31036","393615b0a804cceddfd1283c98f0d0670a6151b4154fbd808e226f0865ffc5b1","False"
"assets/derivatives/rigs/v4/knight/piece_1685_89_5.png","138616","c70577846ac8bc55806fb8adab667f0570bab74cbe919f781dc085ddc69ec1bb","False"
"assets/derivatives/rigs/v4/knight/piece_1685_89.png","138616","c70577846ac8bc55806fb8adab667f0570bab74cbe919f781dc085ddc69ec1bb","False"
"assets/derivatives/rigs/v4/knight/piece_1710_1834_64.png","19571","0c7488844179802dae21bdff8ab903c247def935fdfe81c7ad59b2e8f640fb4e","False"
"assets/derivatives/rigs/v4/knight/piece_1710_1834.png","19571","0c7488844179802dae21bdff8ab903c247def935fdfe81c7ad59b2e8f640fb4e","False"
"assets/derivatives/rigs/v4/knight/piece_1756_1934_67.png","10412","ef6fc817c304e65cce15736cb518ebfad567c734f693b759e28926c8d899e4cf","False"
"assets/derivatives/rigs/v4/knight/piece_1756_1934.png","10412","ef6fc817c304e65cce15736cb518ebfad567c734f693b759e28926c8d899e4cf","False"
"assets/derivatives/rigs/v4/knight/piece_1787_1101_25.png","132146","d38a50ef3e7b485ab81b20b48cf3fc62fe3e480b528e91cee8dbc63e48858a4e","False"
"assets/derivatives/rigs/v4/knight/piece_1787_1101.png","132146","d38a50ef3e7b485ab81b20b48cf3fc62fe3e480b528e91cee8dbc63e48858a4e","False"
"assets/derivatives/rigs/v4/knight/piece_1801_1544_43.png","60804","376041d4622d4fea0bbedf03a5561069400c93ef49bf0b0a2e7364b8717ca988","False"
"assets/derivatives/rigs/v4/knight/piece_1801_1544.png","60804","376041d4622d4fea0bbedf03a5561069400c93ef49bf0b0a2e7364b8717ca988","False"
"assets/derivatives/rigs/v4/knight/piece_1822_409_11.png","29966","32d1ed174df27469e224746c01e7e043cbc1acc2269ac856a243277bf670765f","False"
"assets/derivatives/rigs/v4/knight/piece_1822_409.png","29966","32d1ed174df27469e224746c01e7e043cbc1acc2269ac856a243277bf670765f","False"
"assets/derivatives/rigs/v4/knight/piece_1825_1829_62.png","46275","86060dd2d3358fa3bc6b56b57e79fd9d456271b895705d16cbecda42bb5594a1","False"
"assets/derivatives/rigs/v4/knight/piece_1825_1829.png","46275","86060dd2d3358fa3bc6b56b57e79fd9d456271b895705d16cbecda42bb5594a1","False"
"assets/derivatives/rigs/v4/knight/piece_1848_521_14.png","94735","2083497779aa9edb68cc88c1e22178bb6d2b621b4ca5dfe99eee98c9c367db27","False"
"assets/derivatives/rigs/v4/knight/piece_1848_521.png","94735","2083497779aa9edb68cc88c1e22178bb6d2b621b4ca5dfe99eee98c9c367db27","False"
"assets/derivatives/rigs/v4/knight/piece_215_1362_33.png","93410","1be18b735df8a55fa703d7aeaa7c51d3505167feeb1a4e1fb7269b6060327fc1","False"
"assets/derivatives/rigs/v4/knight/piece_215_1362.png","93410","1be18b735df8a55fa703d7aeaa7c51d3505167feeb1a4e1fb7269b6060327fc1","False"
"assets/derivatives/rigs/v4/knight/piece_246_1085_23.png","119154","69257d197d3a20b21595e910d81da301deac13bb3648ce2d273aa6a138038e91","False"
"assets/derivatives/rigs/v4/knight/piece_246_1085.png","119154","69257d197d3a20b21595e910d81da301deac13bb3648ce2d273aa6a138038e91","False"
"assets/derivatives/rigs/v4/knight/piece_266_1385_34.png","775143","8453a79c5b6b23af23b2a7cd7b24d4832e085d78765be85e79c2e876f8f79479","False"
"assets/derivatives/rigs/v4/knight/piece_266_1385.png","775143","8453a79c5b6b23af23b2a7cd7b24d4832e085d78765be85e79c2e876f8f79479","False"
"assets/derivatives/rigs/v4/knight/piece_307_337_8.png","59143","a66077d570638293e545ff6a6cfb63abf88b8d66811abca4124fc3624ee04888","False"
"assets/derivatives/rigs/v4/knight/piece_307_337.png","59143","a66077d570638293e545ff6a6cfb63abf88b8d66811abca4124fc3624ee04888","False"
"assets/derivatives/rigs/v4/knight/piece_309_804_19.png","55083","1ddabcc89279de247f198f92d72dfc2613214d007059478b8c60987d5501543c","False"
"assets/derivatives/rigs/v4/knight/piece_309_804.png","55083","1ddabcc89279de247f198f92d72dfc2613214d007059478b8c60987d5501543c","False"
"assets/derivatives/rigs/v4/knight/piece_332_116_7.png","54276","d9c7a9f19912f71e027dd2bc6ea113a77b83870c45b58ecb46d59a54abe7fcd7","False"
"assets/derivatives/rigs/v4/knight/piece_332_116.png","54276","d9c7a9f19912f71e027dd2bc6ea113a77b83870c45b58ecb46d59a54abe7fcd7","False"
"assets/derivatives/rigs/v4/knight/piece_334_548_15.png","60626","2319159760b1b1dd7bf800f388c59d3cdffc7f38e4c589c6e1244e42b1ba613a","False"
"assets/derivatives/rigs/v4/knight/piece_334_548.png","60626","2319159760b1b1dd7bf800f388c59d3cdffc7f38e4c589c6e1244e42b1ba613a","False"
"assets/derivatives/rigs/v4/knight/piece_41_1351_32.png","30363","ccdcfe28a844dd91045785ee6faac9fba375a367337facdccb42427580b2ebef","False"
"assets/derivatives/rigs/v4/knight/piece_41_1351.png","30363","ccdcfe28a844dd91045785ee6faac9fba375a367337facdccb42427580b2ebef","False"
"assets/derivatives/rigs/v4/knight/piece_485_1103_26.png","81643","41a4e1e5352a122968e34aa80b852d6be3da90ab0eb6e1e6d61c6371a8fe6e7a","False"
"assets/derivatives/rigs/v4/knight/piece_485_1103.png","81643","41a4e1e5352a122968e34aa80b852d6be3da90ab0eb6e1e6d61c6371a8fe6e7a","False"
"assets/derivatives/rigs/v4/knight/piece_499_1816_61.png","76501","44e1f7e9c487914c33f5d5c112dc14b8b9c658fc52f1f126ec6b5c3a9669783c","False"
"assets/derivatives/rigs/v4/knight/piece_499_1816.png","76501","44e1f7e9c487914c33f5d5c112dc14b8b9c658fc52f1f126ec6b5c3a9669783c","False"
"assets/derivatives/rigs/v4/knight/piece_52_605_16.png","142679","ad2ad178dbf4e9bcb6fcb0924d07c4a729f9f9feb7adee1b23a88aaaa44b6aa7","False"
"assets/derivatives/rigs/v4/knight/piece_52_605.png","142679","ad2ad178dbf4e9bcb6fcb0924d07c4a729f9f9feb7adee1b23a88aaaa44b6aa7","False"
"assets/derivatives/rigs/v4/knight/piece_574_672_17.png","77469","9003d575440cf5a5e22a67c03a1e897b2612a3aef34197b34520b83de83d4bf2","False"
"assets/derivatives/rigs/v4/knight/piece_574_672.png","77469","9003d575440cf5a5e22a67c03a1e897b2612a3aef34197b34520b83de83d4bf2","False"
"assets/derivatives/rigs/v4/knight/piece_581_364_10.png","73634","9a303489ad4319db87ce04dca5cbb1781318f03002f7e941a9b94acd80a4fc4d","False"
"assets/derivatives/rigs/v4/knight/piece_581_364.png","73634","9a303489ad4319db87ce04dca5cbb1781318f03002f7e941a9b94acd80a4fc4d","False"
"assets/derivatives/rigs/v4/knight/piece_582_62_4.png","71784","893ddd4859b0005cd3e65a1e26473f1d382b9e7db5766098b51e7b24b761a0d5","False"
"assets/derivatives/rigs/v4/knight/piece_582_62.png","71784","893ddd4859b0005cd3e65a1e26473f1d382b9e7db5766098b51e7b24b761a0d5","False"
"assets/derivatives/rigs/v4/knight/piece_586_1340_31.png","24353","6a4a9a11eb0f17d6d0606f84fa12c6d6cdedb37be500ba618bee05c6b08a8296","False"
"assets/derivatives/rigs/v4/knight/piece_586_1340.png","24353","6a4a9a11eb0f17d6d0606f84fa12c6d6cdedb37be500ba618bee05c6b08a8296","False"
"assets/derivatives/rigs/v4/knight/piece_709_1653_57.png","185711","fe4dba276df2512ca747b15fe41985794ed21a33fbf7303b967634485ce0d686","False"
"assets/derivatives/rigs/v4/knight/piece_709_1653.png","185711","fe4dba276df2512ca747b15fe41985794ed21a33fbf7303b967634485ce0d686","False"
"assets/derivatives/rigs/v4/knight/piece_78_1105_27.png","65551","0cd400dff42cb5f1abd06b5a0fe073a8cce290b7456e361ad51555c936a26066","False"
"assets/derivatives/rigs/v4/knight/piece_78_1105.png","65551","0cd400dff42cb5f1abd06b5a0fe073a8cce290b7456e361ad51555c936a26066","False"
"assets/derivatives/rigs/v4/knight/piece_793_672_18.png","73144","f4c03e4aee320117e5aae874b6920926fb40ce07333aeb09a0362b854c5635cf","False"
"assets/derivatives/rigs/v4/knight/piece_793_672.png","73144","f4c03e4aee320117e5aae874b6920926fb40ce07333aeb09a0362b854c5635cf","False"
"assets/derivatives/rigs/v4/knight/piece_794_359_9.png","71831","b0df742875cad2f540555872916b35632e2cbc4261c7f81ccc2f874a10609f7d","False"
"assets/derivatives/rigs/v4/knight/piece_794_359.png","71831","b0df742875cad2f540555872916b35632e2cbc4261c7f81ccc2f874a10609f7d","False"
"assets/derivatives/rigs/v4/knight/piece_795_60_2.png","73494","59060177147b122575fd9b4301d3b825bdb7b8ef4e6cb760291fdfc339273367","False"
"assets/derivatives/rigs/v4/knight/piece_795_60.png","73494","59060177147b122575fd9b4301d3b825bdb7b8ef4e6cb760291fdfc339273367","False"
"assets/derivatives/rigs/v4/knight/piece_87_1479_39.png","42724","546f348382955d6b7fddaa76a3be9cbe1aec970f26ca51717e7d17d10cda8791","False"
"assets/derivatives/rigs/v4/knight/piece_87_1479.png","42724","546f348382955d6b7fddaa76a3be9cbe1aec970f26ca51717e7d17d10cda8791","False"
"assets/derivatives/rigs/v4/knight/piece_91_437_13.png","45109","f7c19dee87e6d35bfb0a9f0705d62718ae76bbf3ff78f62196abcf31d992151d","False"
"assets/derivatives/rigs/v4/knight/piece_91_437.png","45109","f7c19dee87e6d35bfb0a9f0705d62718ae76bbf3ff78f62196abcf31d992151d","False"
"assets/derivatives/rigs/v4/knight/sabaton_left.png","38348","dee86585abb3552c47486edfe3adf5ea1845fe4018668377e8d1ee9184e88940","False"
"assets/derivatives/rigs/v4/knight/thigh_plate_left.png","100342","d8c9b9b960c3c2e03f26dc8ebfb8b462eae1eb7d376513042f2825729fd915ab","False"
"assets/derivatives/rigs/v4/knight/v3crop_head_helmet_second_view.png","141879","f4fe35644c82aad90497cb47f348eff041cdde2954e6e0fceb03be58c42427cb","False"
"assets/derivatives/rigs/v4/knight/v3crop_shield_heater.png","166883","0dc2556e57a84662cd79d196ecfbbbb6adae8bcf6b3107da2b873a66c24eaefd","False"
"assets/derivatives/rigs/v4/knight/v3crop_torso_cuirass_and_fauld.png","722415","a97e3ae4d85f5d596ee271fb757cc5d48c76f05910ef0b20c01ee5a6677b9011","False"
"assets/derivatives/rigs/v4/mage/accessory_spellbook.png","169283","5aceaef00f5285b589670946ba623f483541949afc4bceef7a88e4d9fe24656a","False"
"assets/derivatives/rigs/v4/mage/arm_sleeve_left.png","106779","85812a731c1384a4d12c8a73fb1b1cf6d554a66d88f29890ae98cbb45ee782e8","False"
"assets/derivatives/rigs/v4/mage/arm_sleeve_right.png","90309","07f9a1ad739400143c9179788851d8748498d2391f94daa70a43f6f1b73b75fb","False"
"assets/derivatives/rigs/v4/mage/head_hood_canonical.png","243805","d6770bb28524e12a132383428dc1776e3ab1dc5403cc80bdbd2ba1005e51458c","False"
"assets/derivatives/rigs/v4/mage/head_hood_variant.png","255255","2d50a46441ebdc4d58d43cabbf0dda2ed6e9d926d4c152852f992b47e8292175","False"
"assets/derivatives/rigs/v4/mage/sleeve_segment_a.png","117392","8a62651dc40d7e2e079afe521b2d64f5403e5e491cb58ad72ee5076393d5a6bb","False"
"assets/derivatives/rigs/v4/mage/sleeve_segment_b.png","114341","03a02818cd62f53b018ad50c27905ccd7c3f77536f54dde675d3c220b854a629","False"
"assets/derivatives/rigs/v4/mage/sleeve_segment_c.png","83345","34dc7940a97048f6e8e237a76304d2378a22e8af8f39641cd37f1c0d9be2305b","False"
"assets/derivatives/rigs/v4/mage/sleeve_segment_d.png","84528","3b3a925a40693c75f86966d5da6df33693fb39da9159386ee33df21735579d8b","False"
"assets/derivatives/rigs/v4/mage/torso_robes.png","851205","ee9a4a357817d85e78c8aa238d12ae8e355e0dfb5570019e8e99bfc8643f169c","False"
"assets/derivatives/rigs/v4/necromancer/accessory_alchemical_bag.png","343537","541969ccedbfa5f851af05b7a685eef7a6cdfc24dbe676e22b7c439a96a88b6d","False"
"assets/derivatives/rigs/v4/necromancer/arm_sleeve_left.png","284141","4c48e0ec6c13b7473d029f029c36a863e528ec2051e3c3551e72fceadbe713d7","False"
"assets/derivatives/rigs/v4/necromancer/arm_sleeve_right.png","377360","b54af704d9797337aabe356f20c26878d77b07a5cb132704ec6843a55df544ba","False"
"assets/derivatives/rigs/v4/necromancer/arms_holding_staff.png","558909","5dc5185d0c7d8961ad621c5655494d6242517caf3f64576fb7d8965126d3758a","False"
"assets/derivatives/rigs/v4/necromancer/head_skull_helm.png","116940","f8de6dd316ae3e3a66b53dccf605f48f2a6cea0db996136da067d0c229b21bf0","False"
"assets/derivatives/rigs/v4/necromancer/leg_left.png","258641","a83e176a846f0ef84e267b6ee15e9109c9fbcef9142f78405aee50d9463f038c","False"
"assets/derivatives/rigs/v4/necromancer/leg_right.png","263972","7c96ed579960ef73da63d908250e271c945ce4308a3fa4e7d842c7fc1796f27b","False"
"assets/derivatives/rigs/v4/necromancer/torso_pelvis_armor.png","358944","ab84511ac51116841df0b62a669fcc51b28226c2e41ecbfd1e42f1a07d9b30d4","False"
"assets/derivatives/rigs/v4/necromancer/torso_shroud.png","846788","53809ad31d68f7fb2436a61829be9495024f20ee98ddafc0be57f7dfbd8b5657","False"
"assets/derivatives/rigs/v4/paladin/arm_upper_left.png","110514","b4788ba64724692af152e3f059129e4627191a295e61f46138f5e29e6d5ff3c1","False"
"assets/derivatives/rigs/v4/paladin/arm_upper_right.png","97181","7824c956d2cd0a9ecf6406f7fc278052b6352c26827677c79ad71237cb66c98a","False"
"assets/derivatives/rigs/v4/paladin/forearm_hand.png","134535","2294e9d5c2fd42a3840869eb19f6c5abf5b7efc3762d241d3f383f3270a64b38","False"
"assets/derivatives/rigs/v4/paladin/greave_boot_right.png","164855","d281a45c23362fb08cb256a80adb08d01ed2d6e35d789bc6e896845dce09c3e6","False"
"assets/derivatives/rigs/v4/paladin/head_winged_helm.png","317303","5cb6972d352421b5891008fca8585a3de5de38e043275caa389e5590c1eb5f32","False"
"assets/derivatives/rigs/v4/paladin/pauldron_left.png","120216","927f0ad771aa29eaab1b7656f8d91c426f56fe267b863832d259151c7341cf03","False"
"assets/derivatives/rigs/v4/paladin/shield.png","248198","fe3921bca3101bb4594236a9ca9cbcdc2e3697f78ce695722058f0689e46c09d","False"
"assets/derivatives/rigs/v4/paladin/sole_detail.png","93293","335802abbd70e8339a4d7df12534741f0b6b8a9afe20ff4a510eb1a5ec5d89e6","False"
"assets/derivatives/rigs/v4/paladin/thigh_left.png","95240","d407353c016d9529c51e89e0d0a525e107c9aeab3c06353ca21f4dcc2ac12e53","False"
"assets/derivatives/rigs/v4/paladin/torso_breastplate.png","311604","327b49e0fe10e5ed74b4efbe6b7def7da68cd31f339e80f888cf462c2ea9954c","False"
"assets/derivatives/rigs/v4/paladin/torso_pelvis.png","515296","2b4999c4bb6817359b1e631d2bf1b0dd8e391e1f838b4d4346fdf15bc7766423","False"
"assets/derivatives/rigs/v4/paladin/vambrace_lower_left.png","123255","f08375e250cfa3f0554bf520884888ddba0477536dbff02a04dcd7cb40e52689","False"
"assets/derivatives/rigs/v4/paladin/vambrace_lower_right.png","108997","809fb500ecd3b469c9e38abbe55fc76e542be4ac7b3bdea82b8c85b91084c193","False"
"assets/derivatives/rigs/v4/paladin/weapon_holy_sword.png","55458","f9d58ffe5adbd311fa2776b06f7275a5558def58ec82f1e456c455f5041808ed","False"
"assets/derivatives/rigs/v4/ranger/boot_foot_left.png","101741","0156f673d9bff3d805dc0c9e47c4efabac952585c4156281c6da35470f20a345","False"
"assets/derivatives/rigs/v4/ranger/boot_foot_right.png","100713","6433e457ea1d97e127897291604dd5abd0099ddb391414d909298f2c9725416a","False"
"assets/derivatives/rigs/v4/ranger/forearm_hand_left.png","132516","8bb7bcadd4e3dc9417f7fea3aa596baecbd787418e9bdba92ffb252dce4e8353","False"
"assets/derivatives/rigs/v4/ranger/forearm_hand_right.png","132228","2358de102332d4c4b856cf9cd0c2abe92ab9dd11d79b85607442a70c2dad00f8","False"
"assets/derivatives/rigs/v4/ranger/head_cowl_second_view.png","205802","b97910eee10c761586968e0907e01d15ee02f6b70acddd7bcc7fb0a23934d30a","False"
"assets/derivatives/rigs/v4/ranger/head_cowl.png","207588","835d5e2e2683e99efe3e49c64433cf9116e38dcdb1cec02b3ba9c2d7032d76c2","False"
"assets/derivatives/rigs/v4/ranger/quiver.png","206390","be286c6b69b57c7cdf8da3fcd5e8637612eea3332aee111f60df334dc793d755","False"
"assets/derivatives/rigs/v4/ranger/shin_left.png","99027","32617e2865eee065471d7c608ae9d93acd6901d4498cfd124d1a2415a5249cfc","False"
"assets/derivatives/rigs/v4/ranger/shin_right.png","96107","01f3ade30de6ae324e782b093a611ab0598f8fdbad83f80a9b9fe8149c596235","False"
"assets/derivatives/rigs/v4/ranger/thigh_left.png","82360","313bf95cb6462d73fca90c0afe37dbfa91a608bd2595aaefb14d9e3346dca485","False"
"assets/derivatives/rigs/v4/ranger/thigh_right.png","81788","1bc67bb5584af64ba987a2125eb0be0339adda1c3880875ed9e6c745500bab27","False"
"assets/derivatives/rigs/v4/ranger/torso_tunic.png","1085631","2f58b4d41b903ccbf065b99268a4eaa3b051c46505eadf6dbd982e3c94be09eb","False"
"assets/derivatives/rigs/v4/ranger/weapon_longbow.png","189799","9e9eeeea9cb745815b31594f1778979de3249da9df693c18fee35466b0bbe36f","False"
"assets/derivatives/rigs/v4/warlock/book_or_bag.png","328350","d7c288095d04a5ab61beb5951c381ef0b292776b82f83fd02382d762ce5f69a5","False"
"assets/derivatives/rigs/v4/warlock/head_with_neighbours_variant.png","205842","cc98fc965dfd5c4073c2e0eb997452a4936934e3e46176139ec67af0eac70a9f","False"
"assets/derivatives/rigs/v4/warlock/head_with_neighbours.png","198537","3bd70345d2520c3d239ae4c0ac20097a058ac842229e95d6f8e2b2528bd7c36f","False"
"assets/derivatives/rigs/v4/warlock/robes_lower_skirt.png","900647","05f24fa6af45c944913aaf459eef81902b8c4162e0dc3ec7efac8178dfe14dab","False"
"assets/derivatives/rigs/v4/warlock/sheet_region.png","1407725","d0e0279bbad028ccb69c94e13ea09d0cc460732276ee9b32392b07e9e806f1b6","False"
"assets/derivatives/rigs/v4/warlock/torso_robes_upper.png","1257036","1dc38852c3d33d92fb15569339c3b6978cd3abd3f13b890aff23e9e432d0b300","False"
"assets/derivatives/rigs/v5/knight/forearm_closed_hand.png","94735","2083497779aa9edb68cc88c1e22178bb6d2b621b4ca5dfe99eee98c9c367db27","False"
"assets/derivatives/rigs/v5/knight/forearm_gauntlet.png","148882","1b5fe7e66e521a3eaa17dea494f1a63be0235a995ee07acda06ad7df9bd92568","False"
"assets/derivatives/rigs/v5/knight/hand_bare.png","31036","393615b0a804cceddfd1283c98f0d0670a6151b4154fbd808e226f0865ffc5b1","False"
"assets/derivatives/rigs/v5/knight/pauldron_rerebrace.png","93410","1be18b735df8a55fa703d7aeaa7c51d3505167feeb1a4e1fb7269b6060327fc1","False"
"assets/derivatives/rigs/v5/knight/pauldron.png","119154","69257d197d3a20b21595e910d81da301deac13bb3648ce2d273aa6a138038e91","False"
"assets/derivatives/rigs/v5/knight/polearm_hands_assembly.png","1118343","23a4ff52877f606e4ae00c8dd90177e15e0d51c1cb92f49cf6b3b31cf3910d8d","False"
"assets/derivatives/rigs/v5/knight/rerebrace.png","65551","0cd400dff42cb5f1abd06b5a0fe073a8cce290b7456e361ad51555c936a26066","False"
"assets/derivatives/rigs/v5/knight/vambrace.png","42724","546f348382955d6b7fddaa76a3be9cbe1aec970f26ca51717e7d17d10cda8791","False"
"assets/derivatives/rigs/v5/paladin/gauntlet.png","57971","cac5e68a83a1e0b001a1f289811b158ba16d2347ee21ea673200f941b8295f7f","False"
"assets/derivatives/rigs/v5/paladin/pauldron_lower_left.png","49544","90a3d841c68de0461ff51d672074901727e5f4fc412186e0db1eac12c48f33c3","False"
"assets/derivatives/rigs/v5/paladin/pauldron_right.png","48424","efea8cc3d1c8e876266b3a5cb1b1bc43e90adbb089da670b610fcddb95827021","False"
"assets/derivatives/rigs/v5/paladin/sword_gauntlet_assembly.png","733976","c6621e7a38a6a8fa7471b8ed29b32a7a4202a483de31e8d009fe312b2b99bdea","False"
"assets/derivatives/rigs/v5/ranger/boot_low.png","40765","a22b1a65c71a7ac7f5a5d560826d887102397b86b0ede4aa83d6dd4c2f6e6180","False"
"assets/derivatives/rigs/v5/ranger/bow_quiver_arrow_assembly.png","592447","8a95a8ef082785ebe053f2023c041ec654c7c1691407b92571b0c2b2fe359fa7","False"
"assets/derivatives/rigs/v5/ranger/dagger.png","38766","23331b841caa4f6c73a0ff8d7488a9e25d8a488154af2b0f05609c7149e0eabd","False"
"assets/derivatives/rigs/v5/ranger/fist_lower.png","22656","7b0f7789489b9bc90bf0517f0329bde4de45b8cd386a6a37a60794a8fc9220ae","False"
"assets/derivatives/rigs/v5/ranger/fist_mid.png","24253","e383fc992f9b7de8ab604c2bbbafc123276a44db07ed4c02c12af26e3854c875","False"
"assets/derivatives/rigs/v5/ranger/hand_gripping_arrow.png","123406","ec1534fa0cbcebe8d5e79e22a45dc478762dffdf7e52a306a25b8bf7d453128c","False"
"assets/derivatives/rigs/v5/ranger/hand_open.png","42260","311cdbd5fd170ddcd5cee332d33169c9597db059d40af5dd8d2e06a2336a4b20","False"
"assets/derivatives/rigs/v5/ranger/pauldron_upper_arm.png","108061","10256d4f6afa0d81afec58eff629d7cbbdf403e73b0359d07f6128127d7678a9","False"
"assets/derivatives/rigs/v5/ranger/sleeve_upper_arm.png","72490","706fd37daa44129c8fa337287a819b8bf0552cd7bb9b48cd9e7c1c21f27cd3c0","False"
"assets/derivatives/rigs/v5/ranger/sole_lower_left.png","21636","229fb469c73c0906477e8d732d5ca8efc7faa9ed5558e4185b64a9fa5c9e1c1d","False"
"assets/derivatives/rigs/v5/ranger/sole_lower_right.png","22087","c88f761ffde1dbc6a2e8122a638b2819b0d24fddcaa5dd57c00c739a47abac48","False"
"assets/derivatives/rigs/v5/ranger/sole_mid.png","21309","e7b00846454245de847a86cf248ee52287115be4a827477304efb7fd091b8153","False"
"assets/derivatives/rigs/v5/ranger/sole_top_right.png","23505","aa6f20e705c905680ec92d720548a285e1506bb433cbbbc6f2eb7ed64fd312ce","False"
"assets/derivatives/rigs/v5/ranger/vambrace_hand_gauntlet.png","98228","987598549ce469ac3fbd7a94d3dfae027e9ecf085122b82748b54e98a14f01c5","False"
"assets/derivatives/rigs/v5/ranger/vambrace_hand_open.png","102662","3eff8ad7b18d5dfd49bb52b874a0c934d69ad51d24c431a0508ebb94ceb2526b","False"
"assets/derivatives/rigs/v6/healer/arm_long_straight_a.png","195762","c497bd118041b81245d69746acd2986bad5139ca8e67eba9e2aa141800d1c989","False"
"assets/derivatives/rigs/v6/healer/arm_long_straight_b.png","191453","27794e9b2256a2b8c283531c6a6220a2de455695886f516e9b065fbfb992aa8a","False"
"assets/derivatives/rigs/v6/healer/arm_sleeve_forearm_hand.png","301156","09144415168e2326be56557125f027c74b7bce22be88f287904462fc3bec493a","False"
"assets/derivatives/rigs/v6/healer/boot.png","45577","6766d8e70129ed023a41e555add178fb9767f769d927784675362bdcbf9220d6","False"
"assets/derivatives/rigs/v6/healer/greave.png","87215","890f868998712a3d66895e6633fad79af72289deeff1c06b847f77319135ba0f","False"
"assets/derivatives/rigs/v6/healer/leg_upper.png","137756","38cc38387d0935fef0671800dd7aabb3af9906f6be3e07995220a0c3ffc59266","False"
"assets/derivatives/rigs/v6/healer/skirt.png","436684","6c31adcb2092b370cd902edd5962bf134c780e6d609a7b2a02df02ea14dee9ed","False"
"assets/derivatives/rigs/v6/healer/staff_arms_group.png","677382","fd402f388d6d969a397922f3cd7d822da56dc70d5caaad5a1a6c4c5060faba81","False"
"assets/derivatives/rigs/v6/healer/torso.png","289013","a4f1688a4d224cf09c75316acad4507a670bb62d5c7e26b697831f31d1e88f12","False"
"assets/derivatives/rigs/v6/paladin/boot.png","175745","7584fa315e447205016d2ce35f8bf56ddbd6654270fd55a846088b004a704e51","False"
"assets/derivatives/rigs/v6/paladin/cuirass_fauld_combined.png","538306","ae79c4de1aa535adacf9f8de7a18e0ef4224a1aa649e77b8082c0a233ac4f69a","False"
"assets/derivatives/rigs/v6/paladin/forearm_gauntlet.png","143372","2caca9acdb63c4509a4ed82f88a38a46d99d403bca087f179dcc3d0ee863ef90","False"
"assets/derivatives/rigs/v6/paladin/greave.png","99376","01a685ae549a6a972dedea9c3c3cd1d2299a39be35057d24ac24e08147b66b34","False"
"assets/derivatives/rigs/v6/paladin/head_three_quarter.png","69057","e55c599395da70e73789a67823f3b993e642cf809fb72fd9756696b02e245455","False"
"assets/derivatives/rigs/v6/paladin/helmet.png","330962","02eb20f614702cbf6ce7b7b3060d200fca7d38f9ad6aa3a87b64f8e6606a83c3","False"
"assets/derivatives/rigs/v6/paladin/knee_cop.png","102467","a8a532487729a5d55ac5fac3a3ce09dfde75b40f823cb02e5deba361501c606c","False"
"assets/derivatives/rigs/v6/paladin/shield.png","255686","a6b0219fb41ad870ea894297e276091ffa99c26b26ab4e0044461e385aaaf523","False"
"assets/derivatives/rigs/v6/paladin/sword_hand_assembly.png","738167","3c8aba0e4b0af6dba0c536bedb2b3235f26a85ea4b2aeb888182e5b4ffdb0016","False"
"assets/derivatives/rigs/v6/paladin/thigh.png","131161","0cae6549a510d4cc89547fb0372feffba8bb895bd1a0a626328269a34e44ea35","False"
"assets/derivatives/substitutions/troop-industrial-heavy.png","1552703","5ca06b27ee90de583b6f717cc54f7abc9d5ada0344c99b61d69ce23f5399094b","False"
"assets/derivatives/substitutions/troop-iron-melee.png","1015039","623f44b114bb683925b9ac4e98f8e6faf56bfe8d68eb10d63b1acb566c768c16","False"
"assets/derivatives/substitutions/v3/troop-industrial-heavy.png","1552703","5ca06b27ee90de583b6f717cc54f7abc9d5ada0344c99b61d69ce23f5399094b","False"
"assets/derivatives/substitutions/v3/troop-iron-melee.png","1015039","623f44b114bb683925b9ac4e98f8e6faf56bfe8d68eb10d63b1acb566c768c16","False"
"assets/high-res/final-native2k/hero-mount-future-transport.png","5115378","a825d0858e883a24e5cf2a7d4376be43099baf0a8d76fe5fa74431e7be02467c","False"
"assets/high-res/final-native2k/hero-mount-horse.png","5123303","00b2cb4f9c9a2f2e4f8c003c9e6b52dafb2c419aa0011c230393fab7a433ec57","False"
"assets/high-res/final-native2k/hero-mount-motor-transport.png","5678189","c2320a5de41679072e4aeb6d0c2279cc3704656a2aacc410a00198a063d5dd08","False"
"assets/high-res/final-native2k/knight-mounted-master.png","6716680","4d324dda996c1feab7832b8d60e5c8fb8ead1e38ec764e1ca82c6c747586afaf","False"
"assets/high-res/final-native2k/portrait-ancient-barbarian.png","5729351","97ebbc00401e02cb1b25151687c9e21ecec03fee4e39639d4d62ac4923979ecf","False"
"assets/high-res/final-native2k/portrait-ancient-healer.png","6013637","1078e29f0db578e35231b7ff4f0e9f95b40d3ac3d3b1a0ad0bf867e6933b9969","False"
"assets/high-res/final-native2k/portrait-ancient-mage.png","6316440","9d1128696562c314c977f8d6e62bcf333ca8afcaa15528d5e5902dddcd355554","False"
"assets/high-res/final-native2k/portrait-ancient-necromancer.png","5680119","0f8873c011a861ad9f4588ded83bda0e4fdfc9a782cbd990ffb095f2139dc385","False"
"assets/high-res/final-native2k/portrait-ancient-paladin.png","6214428","45f8ba7cb73d88e3ceef7e653e8612f62838ad5aa37b00030aeb211762fff7a9","False"
"assets/high-res/final-native2k/portrait-ancient-ranger.png","6120651","f3a32f6682bab256222a4f86bf902e5ee4bd7eac3a743b1443eefdae3917ac62","False"
"assets/high-res/final-native2k/portrait-ancient-warlock.png","6661548","83e229628bf527f9226c6a1f1763e307bc4025f54c224bbb79a431ed885e7fa7","False"
"assets/high-res/final-native2k/portrait-mech-barbarian.png","6210877","09eb1b653d189415a50a7903e30c4d0cb6ed2c60c08a0a818f4f4d36ebbf8b77","False"
"assets/high-res/final-native2k/portrait-mech-healer.png","6190854","db1900ee39e8cc0e1ff6d56ad902be8e3b373b07bc9ee462a60fa142ff29d500","False"
"assets/high-res/final-native2k/portrait-mech-knight.png","6385154","196412b892a0cabd24a4893d5b0043114e6d936bb7068d69015b00cdef4e4a2f","False"
"assets/high-res/final-native2k/portrait-mech-mage.png","5955949","58060a38aadcf53613fd05b4bdd4f72c28a67e55917029667765700f5ad3b5d4","False"
"assets/high-res/final-native2k/portrait-mech-necromancer.png","6302913","f6189720291b817eece9b4450cef76a65bcc5fb1026efe858208ab39277a3652","False"
"assets/high-res/final-native2k/portrait-mech-paladin.png","6565762","41a8c510fa8c5a5fd8ac7386ce800a57edb809bea6f438eb37e69ce680afc6f0","False"
"assets/high-res/final-native2k/portrait-mech-ranger.png","5611608","967a25538e94f755ae056751fa63642126c73ad8465410a5244cc67bb5db794c","False"
"assets/high-res/final-native2k/portrait-mech-warlock.png","6140320","941f57a79e2817a943fd1c8b5fe84dfc7792ad38d9a6c6c540da37c29fd343c9","False"
"assets/high-res/final-native2k/portrait-medieval-barbarian.png","6092830","1d6c824ea6cca0efcc458f4e5e9c22d176499814c0035d698286a34050d15d04","False"
"assets/high-res/final-native2k/portrait-medieval-healer.png","5590906","e2276f5ec1b0c889e9f9be215dd7eb1a93f55611a9750ca09da7c46a5ce9d4db","False"
"assets/high-res/final-native2k/portrait-medieval-knight.png","5649109","768f7e63bfe5ef7163054a3ea515513456f3ec7fb8fffe786d05590f901a3347","False"
"assets/high-res/final-native2k/portrait-medieval-mage.png","5526573","987b64773a4baf080597feb71efc5f07851bcc7817676ca3edcbd0acc207e0cb","False"
"assets/high-res/final-native2k/portrait-medieval-necromancer.png","6014882","718e654380cd3bbbf0b5b9c863a148d72c1072c7af2b8b2328bb83dca43de711","False"
"assets/high-res/final-native2k/portrait-medieval-paladin.png","6446036","a3999fc72888dfbf334fe03b1175a23b60d285768f3b39a78298d9fd5b9329d2","False"
"assets/high-res/final-native2k/portrait-medieval-ranger.png","6175226","4ec19340bd6e6511209857477550c4c89225ff1f3cacac8ad631609c8217c007","False"
"assets/high-res/final-native2k/portrait-medieval-warlock.png","5823933","5fa91c78cc8427a13587ef35005b89977d4e76b44bb82a2fb4ce8ba0767d38f7","False"
"assets/high-res/final-native2k/portrait-powder-barbarian.png","5930613","a112dcb5829d2e7e359b8fcae2c093a0e758f6dcfcc99176c6f7340a9158bf25","False"
"assets/high-res/final-native2k/portrait-powder-healer.png","5025336","d5993f5b03a462644ced75cfb45b48aad2a8c3ea46d894bbbe8dc845ada563f3","False"
"assets/high-res/final-native2k/portrait-powder-knight.png","5255494","0f1777412533e7e12496126e80f5a7b1eff02d9c0e8f73b188b95e229384a901","False"
"assets/high-res/final-native2k/portrait-powder-mage.png","5700971","aee42d09ff856878ad82396749074ff5c5c6a69200db5d900b6590b064b66205","False"
"assets/high-res/final-native2k/portrait-powder-necromancer.png","5930277","3e3f6e5b1ecaedca4d3a4345a8f1094227ef6e83c734d81effaaebf6fc93d7b2","False"
"assets/high-res/final-native2k/portrait-powder-paladin.png","5890528","e2b97a2b320fdbe396fc0764d968655d299094b8fb338c2d40910d679b3540d3","False"
"assets/high-res/final-native2k/portrait-powder-ranger.png","5328256","782bc50d7e59a42ec7e0ab2cde2bfc82b0876aaa2696d29043c2723d2adb82bf","False"
"assets/high-res/final-native2k/portrait-powder-warlock.png","5536982","71609b01a5acd56d89820498c0dcd2b5b12a0777ef67314f0d2f747838d34900","False"
"assets/high-res/final-native2k/rig-source-parts-barbarian.png","5565822","d470afa75c99d6a8910d84c1a1778daeab277ae3409cf901770f2488606aacc0","False"
"assets/high-res/final-native2k/rig-source-parts-healer.png","5642476","0f576da0a5adce8ece30be32b487f58b20c7900001bfe6d31d80f8005b70aca1","False"
"assets/high-res/final-native2k/rig-source-parts-knight.png","5520326","6533e35255cb1def5f6d095d166ab5e89d1ad27c6d942c5d4f6a0d4ccbd9584c","False"
"assets/high-res/final-native2k/rig-source-parts-mage.png","4593662","1220df812b5485dc408316cede4042952ca5ed169de62b8f2bfe7d0a1cfdc896","False"
"assets/high-res/final-native2k/rig-source-parts-necromancer.png","5280187","5adc013f680913cb7d8bb7b3df02667a04af56caf1303d009d6b15059c28ed49","False"
"assets/high-res/final-native2k/rig-source-parts-paladin.png","4824766","a6bafe602378104b1e6de8a77b900342590457a2019ed11d43fbf0a1899e7e55","False"
"assets/high-res/final-native2k/rig-source-parts-ranger.png","4886278","61ae71558e1ce5b744f957cc6c72ef30bb0d5efc3ab2a914f727bf79d66423f4","False"
"assets/high-res/final-native2k/rig-source-parts-warlock.png","5121026","36f7fd57356b3499e5badc8b3ea126645ab0ed0463c9cf0c72c0e55339cda916","False"
"assets/high-res/final-native2k/rival-identity-1.png","6289420","4deac0ae4b94d9bfd21aa2647a7ce9628a2f5de475b912007b90e18263242807","False"
"assets/high-res/final-native2k/rival-identity-2.png","5557200","53454f9b790fb0e6325d115a847648730e0cd55f8f9b97ccd57f08c987493ac1","False"
"assets/high-res/final-native2k/rival-identity-3.png","6530555","9ac7dd5f4261cf01788b7e6e9bec1d08fdab99829544f952beabd5a9983fbe25","False"
"assets/high-res/final-native2k/rival-identity-4.png","5993760","3b50bd014bc81fadb004d295772cf55ed10f3bf03d623881a61b0b504bb4c655","False"
"assets/high-res/final-native2k/rival-identity-5.png","6205338","7e26105acec408fb505a0561bd3e4ec9b50c7ebdad168244c098d721664fbac2","False"
"assets/high-res/final-native2k/rival-identity-6.png","5767863","7b10a411ebf3a84972165c2a8dd1ec12bc1613ab3a117d4a31ba882bd5bc41e0","False"
"assets/high-res/final-native2k/troop-bronze-heavy.png","5593675","516f33f65dd6557ee1ae03654d43651eb3857cd88dad4ae584ba51d8ea529c02","False"
"assets/high-res/final-native2k/troop-bronze-melee.png","3738395","117532a07fbec5f3c731fbeac9c8091e30fdb85b42565bd838135c4a7680bd43","False"
"assets/high-res/final-native2k/troop-bronze-ranged.png","4287236","c679721fbe1edbe602c1031eb49adb039505f567b0264755c1eb3d13ad165b7e","False"
"assets/high-res/final-native2k/troop-future-heavy.png","5473894","e2c0542ad948ea4e29c18dbb2ff0d9c633e7083c321c427bb0cb2cfc75d1211a","False"
"assets/high-res/final-native2k/troop-future-melee.png","4849209","bf1e5c692fec229c5479c683a3d1276052daee19f8ab74b2e5396071bfa72f65","False"
"assets/high-res/final-native2k/troop-future-ranged.png","6472508","bf2139aca7808a53e5578375db38f69f4b80cbf59a7dc02ee9011b5159efb502","False"
"assets/high-res/final-native2k/troop-gunpowder-heavy.png","5373802","f361f5ee481818d7cf7b99d5d7f5ad82a10b55d32ae379d197a416f56a752dfe","False"
"assets/high-res/final-native2k/troop-gunpowder-melee.png","4690874","2d24e05d68bb4284ac61f333c55130a2eb983e7af872d10acca9e00b81902ece","False"
"assets/high-res/final-native2k/troop-gunpowder-ranged.png","3995274","04cb2017858823f25f8196b5c15eaf4e996d9e59397269c67ac0d60b71cc1b0c","False"
"assets/high-res/final-native2k/troop-industrial-heavy.png","4341095","5c9704b200143afa039c910f1f439a532db4790a6b23435d998e70e2fc060a7a","False"
"assets/high-res/final-native2k/troop-industrial-melee.png","4343662","5fc88477e51c3bd080408231360f77f099a0952f830cd6246ce7b421605d55c6","False"
"assets/high-res/final-native2k/troop-industrial-ranged.png","4915402","4d4c2a234fbc000593a52e65b80214367e1c211dd1eef12fee1a078064093a09","False"
"assets/high-res/final-native2k/troop-iron-heavy.png","5010825","8490ae4aff2c049cb421b1d0d460cdd1cad92dfc153801f9277268c039ee0e3b","False"
"assets/high-res/final-native2k/troop-iron-melee.png","3299783","065a151c7b2ae7d31e30e60a103450752a1a0fe2c19224237b32d7aa558502fd","False"
"assets/high-res/final-native2k/troop-iron-ranged.png","4824701","f0af299d817ca5f0d6364b0120d526998478e59ecf2559f5b50b1928d27b21be","False"
"assets/high-res/final-native2k/troop-medieval-heavy.png","3602550","701aa123b49018ce03dc660bde8e84044f425ae34c5b05b0c883f6d5091c96c2","False"
"assets/high-res/final-native2k/troop-medieval-melee.png","5542663","163931e8a5e8e1464e58177aa7c93feb5490cdff801562ade45c232aeae9fca5","False"
"assets/high-res/final-native2k/troop-medieval-ranged.png","4894964","c6b083d2f99f9d98f650fc69462bfa66d6c16b28dfb4f223bc05e53b5ceb93f9","False"
"assets/high-res/final-native2k/troop-modern-heavy.png","5518079","62561760350d361e036ed4abe87463a20dc59f34e44f1ce2462b9ed511754423","False"
"assets/high-res/final-native2k/troop-modern-melee.png","4658028","e825b2e3b0749fdf4e82891c288ecd02710186ee668e5a976c516cb2067e400f","False"
"assets/high-res/final-native2k/troop-modern-ranged.png","5244574","e89d132617bbef3d6a53badd429169bcfccdc267e220f14d6a427f03509e9815","False"
"assets/high-res/final-native2k/troop-stone-heavy.png","4503201","dd75ab45858989e183a7b9a4b59c4db0e4ad3b4f23f412568b279c423580ca0a","False"
"assets/high-res/final-native2k/troop-stone-melee.png","4984813","629979bca666ff35bc4cf196d99598109a820bb75b3c456169d937bfa26b1b0f","False"
"assets/high-res/final-native2k/troop-stone-ranged.png","4806400","fbad903b1168a20bb5dc075c3680d9ec0cb1a5cd84d6757465137a88473d8748","False"
"assets/high-res/interactive-4k-first32-20261003/run-01-20261003-172733/journal.json","14063","3e2af048a9655c1bdef8ef712cd0bd2b970d1d229d9f6d4454a745e3369c7fae","False"
"assets/high-res/interactive-4k-first32-20261003/run-01-20261003-172733/manifest.json","14906","4cc894ca01831de600846198798c5f8a5760c4c2103a85df6b7c182c41027b35","False"
"assets/high-res/interactive-4k-first32-20261003/run-01-20261003-172733/packs/adventure-terrain-desert/base.png","2040915","64ccc317270f8da4f8ebcd20b93a8ed151911b9f13f61b8c95a9dcd172d40334","False"
"assets/high-res/interactive-4k-first32-20261003/run-01-20261003-172733/packs/adventure-terrain-desert/geometry.json","5289","2e9ab72adf61611279c55a1e75e76454c941ca1dc2326406066e0a0735a37d34","False"
"assets/high-res/interactive-4k-first32-20261003/run-01-20261003-172733/packs/adventure-terrain-desert/guide.png","21109","f605eeb406ce349b694047fac18f48c7b5a94fd4012a5b9475aa27cb001207c2","False"
"assets/high-res/interactive-4k-first32-20261003/run-01-20261003-172733/packs/adventure-terrain-desert/mask_change.png","5748","e8dffd231c99de06c25262530b2814cd5b1834d553fad0bd012785666ea6193f","False"
"assets/high-res/interactive-4k-first32-20261003/run-01-20261003-172733/packs/adventure-terrain-desert/mask_keep.png","6658","0da26751fb7cd9f9fda66f184498bfd5618df565d0db92e329aed220b28672b9","False"
"assets/high-res/interactive-4k-first32-20261003/run-01-20261003-172733/packs/adventure-terrain-desert/output.png","27344523","501e57f1631d04a04ed54297cbeeb3b62ba37372b699bbf5eee0254a40c37953","False"
"assets/high-res/interactive-4k-first32-20261003/run-01-20261003-172733/packs/adventure-terrain-desert/request_meta.json","1566","6b2faa22bdb1bdf7cecb4396ca580eb693772b155d51c783bf37ac1d3b319c43","False"
"assets/high-res/interactive-4k-first32-20261003/run-01-20261003-172733/packs/adventure-terrain-desert/response_compact.json","1549","cdf1b62c083372ae0304c30c9e2436effcfda3a070a406dfdb4c698e3ab3f96a","False"
"assets/high-res/interactive-4k-first32-20261003/run-01-20261003-172733/packs/adventure-terrain-desert/validation.json","500","c3bb5695eb96772230e1eb281ac2cc434dd204ba1fe918cd23bfe4c73675f252","False"
"assets/high-res/interactive-4k-first32-20261003/run-01-20261003-172733/packs/adventure-terrain-hills/base.png","2033413","6bf42420cbd4cdfd7db97744366b8a5675dc6f86888382befb20207bd8900575","False"
"assets/high-res/interactive-4k-first32-20261003/run-01-20261003-172733/packs/adventure-terrain-hills/geometry.json","5289","2e9ab72adf61611279c55a1e75e76454c941ca1dc2326406066e0a0735a37d34","False"
"assets/high-res/interactive-4k-first32-20261003/run-01-20261003-172733/packs/adventure-terrain-hills/guide.png","21109","f605eeb406ce349b694047fac18f48c7b5a94fd4012a5b9475aa27cb001207c2","False"
"assets/high-res/interactive-4k-first32-20261003/run-01-20261003-172733/packs/adventure-terrain-hills/mask_change.png","5748","e8dffd231c99de06c25262530b2814cd5b1834d553fad0bd012785666ea6193f","False"
"assets/high-res/interactive-4k-first32-20261003/run-01-20261003-172733/packs/adventure-terrain-hills/mask_keep.png","6658","0da26751fb7cd9f9fda66f184498bfd5618df565d0db92e329aed220b28672b9","False"
"assets/high-res/interactive-4k-first32-20261003/run-01-20261003-172733/packs/adventure-terrain-hills/output.png","26126352","79e65680d4953559bcfc0d9d0695ab40c07f21c8f08d0b92dd8402028aa3319d","False"
"assets/high-res/interactive-4k-first32-20261003/run-01-20261003-172733/packs/adventure-terrain-hills/request_meta.json","1558","6bc4a5b73f1b824729cadc0823a20dcaac736820026439a2bb19c126c6116373","False"
"assets/high-res/interactive-4k-first32-20261003/run-01-20261003-172733/packs/adventure-terrain-hills/response_compact.json","1547","b0568d0c947d0d75df5f5f5a402a707b9f0414c0581b5659040d8813480c1251","False"
"assets/high-res/interactive-4k-first32-20261003/run-01-20261003-172733/packs/adventure-terrain-hills/validation.json","498","9d6111cb36d007fd5cc2259a0463895c3f2ed7c2a8de0cd82acb0d75098e4975","False"
"assets/high-res/interactive-4k-first32-20261003/run-01-20261003-172733/packs/adventure-terrain-plains/base.png","2000118","0641a856f1a610149ca3208934ada59dd6eea57283c0a8ed788047b0f3cc64a8","False"
"assets/high-res/interactive-4k-first32-20261003/run-01-20261003-172733/packs/adventure-terrain-plains/geometry.json","5289","2e9ab72adf61611279c55a1e75e76454c941ca1dc2326406066e0a0735a37d34","False"
"assets/high-res/interactive-4k-first32-20261003/run-01-20261003-172733/packs/adventure-terrain-plains/guide.png","21109","f605eeb406ce349b694047fac18f48c7b5a94fd4012a5b9475aa27cb001207c2","False"
"assets/high-res/interactive-4k-first32-20261003/run-01-20261003-172733/packs/adventure-terrain-plains/mask_change.png","5748","e8dffd231c99de06c25262530b2814cd5b1834d553fad0bd012785666ea6193f","False"
"assets/high-res/interactive-4k-first32-20261003/run-01-20261003-172733/packs/adventure-terrain-plains/mask_keep.png","6658","0da26751fb7cd9f9fda66f184498bfd5618df565d0db92e329aed220b28672b9","False"
"assets/high-res/interactive-4k-first32-20261003/run-01-20261003-172733/packs/adventure-terrain-plains/output.png","27529382","05afa074262f1f3c567f92d8000998441fe704eda20ae2a11ad12c54e2951858","False"
"assets/high-res/interactive-4k-first32-20261003/run-01-20261003-172733/packs/adventure-terrain-plains/request_meta.json","1571","9cd1f538a28ef9cfc8835d5ed60d4887af576853bc9417f191b31389a172af77","False"
"assets/high-res/interactive-4k-first32-20261003/run-01-20261003-172733/packs/adventure-terrain-plains/response_compact.json","1549","914460ba3caf2ee9a97e41e71e313dce85e5b9ab1bd1b1f19cdbd32bc1289e4b","False"
"assets/high-res/interactive-4k-first32-20261003/run-01-20261003-172733/packs/adventure-terrain-plains/validation.json","500","f89bf1147998886c6f9a06ecfda45abb796f5b30707ea4a896992077490c26f9","False"
"assets/high-res/interactive-4k-first32-20261003/run-01-20261003-172733/packs/adventure-terrain-ruins/base.png","2098238","0764d1e0b9898118ba3f15a03e9e92eaecd1a6fdd9d9415a041a84b206fb675c","False"
"assets/high-res/interactive-4k-first32-20261003/run-01-20261003-172733/packs/adventure-terrain-ruins/geometry.json","5289","2e9ab72adf61611279c55a1e75e76454c941ca1dc2326406066e0a0735a37d34","False"
"assets/high-res/interactive-4k-first32-20261003/run-01-20261003-172733/packs/adventure-terrain-ruins/guide.png","21109","f605eeb406ce349b694047fac18f48c7b5a94fd4012a5b9475aa27cb001207c2","False"
"assets/high-res/interactive-4k-first32-20261003/run-01-20261003-172733/packs/adventure-terrain-ruins/mask_change.png","5748","e8dffd231c99de06c25262530b2814cd5b1834d553fad0bd012785666ea6193f","False"
"assets/high-res/interactive-4k-first32-20261003/run-01-20261003-172733/packs/adventure-terrain-ruins/mask_keep.png","6658","0da26751fb7cd9f9fda66f184498bfd5618df565d0db92e329aed220b28672b9","False"
"assets/high-res/interactive-4k-first32-20261003/run-01-20261003-172733/packs/adventure-terrain-ruins/output.png","25811967","3a4315fd7a0e52e83c2047847bfc6c1a899121937b8facf363f82fc7bfba41e3","False"
"assets/high-res/interactive-4k-first32-20261003/run-01-20261003-172733/packs/adventure-terrain-ruins/request_meta.json","1577","80660f7abb4bf4f951c25144a1632b085306fc5921b81d5b48de785f19f6a82b","False"
"assets/high-res/interactive-4k-first32-20261003/run-01-20261003-172733/packs/adventure-terrain-ruins/response_compact.json","1547","f92976d40c682e66759dcd25878d725c84b2e92eabc1c522f304af39649a2470","False"
"assets/high-res/interactive-4k-first32-20261003/run-01-20261003-172733/packs/adventure-terrain-ruins/validation.json","498","1ddc1e7b1be06868c401c100abb778583dec5c992c0716a89ea9ed0dcbf45878","False"
"assets/high-res/interactive-4k-first32-20261003/run-01-20261003-172733/packs/adventure-terrain-snow/base.png","2028151","be4962372d7bdf13e719a8724b625564a850e9a6fff3483c24b0d4e90bb67407","False"
"assets/high-res/interactive-4k-first32-20261003/run-01-20261003-172733/packs/adventure-terrain-snow/geometry.json","5289","2e9ab72adf61611279c55a1e75e76454c941ca1dc2326406066e0a0735a37d34","False"
"assets/high-res/interactive-4k-first32-20261003/run-01-20261003-172733/packs/adventure-terrain-snow/guide.png","21109","f605eeb406ce349b694047fac18f48c7b5a94fd4012a5b9475aa27cb001207c2","False"
"assets/high-res/interactive-4k-first32-20261003/run-01-20261003-172733/packs/adventure-terrain-snow/mask_change.png","5748","e8dffd231c99de06c25262530b2814cd5b1834d553fad0bd012785666ea6193f","False"
"assets/high-res/interactive-4k-first32-20261003/run-01-20261003-172733/packs/adventure-terrain-snow/mask_keep.png","6658","0da26751fb7cd9f9fda66f184498bfd5618df565d0db92e329aed220b28672b9","False"
"assets/high-res/interactive-4k-first32-20261003/run-01-20261003-172733/packs/adventure-terrain-snow/output.png","26675358","86f64b17582726831524c6ae48a90efd2451e254f478a5a49d5f7e8bd39fd7c2","False"
"assets/high-res/interactive-4k-first32-20261003/run-01-20261003-172733/packs/adventure-terrain-snow/request_meta.json","1567","c45670f0bd35bd047ae08cffc09f3db365d043ee686e586031db09c027196527","False"
"assets/high-res/interactive-4k-first32-20261003/run-01-20261003-172733/packs/adventure-terrain-snow/response_compact.json","1545","14dddb99feb0c4d4d1625e716839538819bff4141beb979ac9066b8cda10945f","False"
"assets/high-res/interactive-4k-first32-20261003/run-01-20261003-172733/packs/adventure-terrain-snow/validation.json","496","c1c9a3331cc1e41bd103e2cb34ba433b1b93e8315a5d027aa8d5b2a3bbbf5b91","False"
"assets/high-res/interactive-4k-first32-20261003/run-01-20261003-172733/packs/adventure-terrain-swamp/base.png","1982498","153c8cf9decf2046f4e01be74e3f3964aa98fdd63b21eb9a3562ccaf94ddc0ab","False"
"assets/high-res/interactive-4k-first32-20261003/run-01-20261003-172733/packs/adventure-terrain-swamp/geometry.json","5289","2e9ab72adf61611279c55a1e75e76454c941ca1dc2326406066e0a0735a37d34","False"
"assets/high-res/interactive-4k-first32-20261003/run-01-20261003-172733/packs/adventure-terrain-swamp/guide.png","21109","f605eeb406ce349b694047fac18f48c7b5a94fd4012a5b9475aa27cb001207c2","False"
"assets/high-res/interactive-4k-first32-20261003/run-01-20261003-172733/packs/adventure-terrain-swamp/mask_change.png","5748","e8dffd231c99de06c25262530b2814cd5b1834d553fad0bd012785666ea6193f","False"
"assets/high-res/interactive-4k-first32-20261003/run-01-20261003-172733/packs/adventure-terrain-swamp/mask_keep.png","6658","0da26751fb7cd9f9fda66f184498bfd5618df565d0db92e329aed220b28672b9","False"
"assets/high-res/interactive-4k-first32-20261003/run-01-20261003-172733/packs/adventure-terrain-swamp/output.png","24871279","f612975cfe39ee6cf422d1d82b56bff886498d2a4e06f1d8bf3e0087600c5005","False"
"assets/high-res/interactive-4k-first32-20261003/run-01-20261003-172733/packs/adventure-terrain-swamp/request_meta.json","1568","cd8f67ce06d9f400f1dbc4a160dc6745e5a7fc85db5606f2f49a98bf843c94cd","False"
"assets/high-res/interactive-4k-first32-20261003/run-01-20261003-172733/packs/adventure-terrain-swamp/response_compact.json","1547","0055cc603afd611cdfe9c1c9a429fc2875d3a303d0eab765a0454b334ec1e372","False"
"assets/high-res/interactive-4k-first32-20261003/run-01-20261003-172733/packs/adventure-terrain-swamp/validation.json","498","b8574c65b87ceec52d76b660c4965cada26731db5b0d4dd436904d00f56a3e0b","False"
"assets/high-res/interactive-4k-first32-20261003/run-01-20261003-172733/packs/adventure-terrain-waste/base.png","1994817","e1993fbc583b32239e7a52337a8f18ed1db9d73caf7f0a0a67ce8ddc03ca618b","False"
"assets/high-res/interactive-4k-first32-20261003/run-01-20261003-172733/packs/adventure-terrain-waste/geometry.json","5289","2e9ab72adf61611279c55a1e75e76454c941ca1dc2326406066e0a0735a37d34","False"
"assets/high-res/interactive-4k-first32-20261003/run-01-20261003-172733/packs/adventure-terrain-waste/guide.png","21109","f605eeb406ce349b694047fac18f48c7b5a94fd4012a5b9475aa27cb001207c2","False"
"assets/high-res/interactive-4k-first32-20261003/run-01-20261003-172733/packs/adventure-terrain-waste/mask_change.png","5748","e8dffd231c99de06c25262530b2814cd5b1834d553fad0bd012785666ea6193f","False"
"assets/high-res/interactive-4k-first32-20261003/run-01-20261003-172733/packs/adventure-terrain-waste/mask_keep.png","6658","0da26751fb7cd9f9fda66f184498bfd5618df565d0db92e329aed220b28672b9","False"
"assets/high-res/interactive-4k-first32-20261003/run-01-20261003-172733/packs/adventure-terrain-waste/output.png","24987322","8ede49b9c7c679c600d04ff605164801b7bfa0166fbcc94c93ac7923d751d5d5","False"
"assets/high-res/interactive-4k-first32-20261003/run-01-20261003-172733/packs/adventure-terrain-waste/request_meta.json","1567","1335f44ee731acab2f8061933f11a101c28a9d3b937fb53cfc212375e1ecb2f2","False"
"assets/high-res/interactive-4k-first32-20261003/run-01-20261003-172733/packs/adventure-terrain-waste/response_compact.json","1547","4ac88dcda96c72a9958388270f7f4a6da5f0d2e7b63909c10d7fabd906e3ff0b","False"
"assets/high-res/interactive-4k-first32-20261003/run-01-20261003-172733/packs/adventure-terrain-waste/validation.json","498","27e6386bf1bffb9e0a04c7f2d3f5358bc9ae35320ed2d71aba30fee55d4f5227","False"
"assets/high-res/interactive-4k-first32-20261003/run-01-20261003-172733/packs/adventure-terrain/base.png","1975320","ca29fa03aaced730b91fc32b35ec5880c3d388a8a0ce1e34d2752936caf1880f","False"
"assets/high-res/interactive-4k-first32-20261003/run-01-20261003-172733/packs/adventure-terrain/geometry.json","5289","2e9ab72adf61611279c55a1e75e76454c941ca1dc2326406066e0a0735a37d34","False"
"assets/high-res/interactive-4k-first32-20261003/run-01-20261003-172733/packs/adventure-terrain/guide.png","21109","f605eeb406ce349b694047fac18f48c7b5a94fd4012a5b9475aa27cb001207c2","False"
"assets/high-res/interactive-4k-first32-20261003/run-01-20261003-172733/packs/adventure-terrain/mask_change.png","5748","e8dffd231c99de06c25262530b2814cd5b1834d553fad0bd012785666ea6193f","False"
"assets/high-res/interactive-4k-first32-20261003/run-01-20261003-172733/packs/adventure-terrain/mask_keep.png","6658","0da26751fb7cd9f9fda66f184498bfd5618df565d0db92e329aed220b28672b9","False"
"assets/high-res/interactive-4k-first32-20261003/run-01-20261003-172733/packs/adventure-terrain/output.png","26074068","bac89323d80cc953db73af945bbd4277a9001c040eee567fef6328d7b196c0df","False"
"assets/high-res/interactive-4k-first32-20261003/run-01-20261003-172733/packs/adventure-terrain/request_meta.json","1574","63455717977cea70bdf59a96eb8ea4d29162d208c5bca942cce5ed108ad3f882","False"
"assets/high-res/interactive-4k-first32-20261003/run-01-20261003-172733/packs/adventure-terrain/response_compact.json","1535","c20955462dbe1c794054ac21d16af290bf0c607e4943a8285540264ec25912fc","False"
"assets/high-res/interactive-4k-first32-20261003/run-01-20261003-172733/packs/adventure-terrain/validation.json","493","01f1e36cfaf0fcb58c5c23536eca17f682502333a28af1ba0a21d48b7ee9720e","False"
"assets/high-res/interactive-4k-first32-20261003/run-01-20261003-172733/packs/tactical-terrain-desert/base.png","2107252","853ab8c9f302d673ecee0e1643cdac6baa97834baf70edd34edc34f1a0a1cb8c","False"
"assets/high-res/interactive-4k-first32-20261003/run-01-20261003-172733/packs/tactical-terrain-desert/geometry.json","2691","1aefd72b0a7b63e654db9bb49fa70f5d4f57c37ec17faa7594c2ec5b6922d205","False"
"assets/high-res/interactive-4k-first32-20261003/run-01-20261003-172733/packs/tactical-terrain-desert/guide.png","14504","a01f22e015db11a5cb488de4015ddda3759d7db99e5f0cc60c455f6f611ed392","False"
"assets/high-res/interactive-4k-first32-20261003/run-01-20261003-172733/packs/tactical-terrain-desert/mask_change.png","2741","6d57449f7bcbf5986e80eeda132ce487252308b5e1f81745347f586e0edd4bfa","False"
"assets/high-res/interactive-4k-first32-20261003/run-01-20261003-172733/packs/tactical-terrain-desert/mask_keep.png","3855","3fd2b4d229ee31419ad1bac5fccca2d0ff7ef4962375a41f0ea30532f139eee8","False"
"assets/high-res/interactive-4k-first32-20261003/run-01-20261003-172733/packs/tactical-terrain-desert/output.png","26512038","5f5206c89caa2e29958f5b344d26d3f2342f07c73e42b3caedc503557abda83c","False"
"assets/high-res/interactive-4k-first32-20261003/run-01-20261003-172733/packs/tactical-terrain-desert/request_meta.json","1601","61a89277049197eee200aab3fc4a6f6e6cb2904208b13eca2936352fb539b013","False"
"assets/high-res/interactive-4k-first32-20261003/run-01-20261003-172733/packs/tactical-terrain-desert/response_compact.json","1547","0efb7a00f56c3c86872614cd292da74e34b6f8e942d29a1707aa422f1ca693cd","False"
"assets/high-res/interactive-4k-first32-20261003/run-01-20261003-172733/packs/tactical-terrain-desert/validation.json","499","5bea489d0b9b93a92cf6064002c6861fec538f93ebe2653253d7d66f230929a9","False"
"assets/high-res/interactive-4k-first32-20261003/run-01-20261003-172733/packs/tactical-terrain-hills/base.png","2409429","bb52d7bae27197fe47d78028e697702d47ce0a4f3b685422604b9275d1611a9d","False"
"assets/high-res/interactive-4k-first32-20261003/run-01-20261003-172733/packs/tactical-terrain-hills/geometry.json","2691","1aefd72b0a7b63e654db9bb49fa70f5d4f57c37ec17faa7594c2ec5b6922d205","False"
"assets/high-res/interactive-4k-first32-20261003/run-01-20261003-172733/packs/tactical-terrain-hills/guide.png","14504","a01f22e015db11a5cb488de4015ddda3759d7db99e5f0cc60c455f6f611ed392","False"
"assets/high-res/interactive-4k-first32-20261003/run-01-20261003-172733/packs/tactical-terrain-hills/mask_change.png","2741","6d57449f7bcbf5986e80eeda132ce487252308b5e1f81745347f586e0edd4bfa","False"
"assets/high-res/interactive-4k-first32-20261003/run-01-20261003-172733/packs/tactical-terrain-hills/mask_keep.png","3855","3fd2b4d229ee31419ad1bac5fccca2d0ff7ef4962375a41f0ea30532f139eee8","False"
"assets/high-res/interactive-4k-first32-20261003/run-01-20261003-172733/packs/tactical-terrain-hills/output.png","27809382","30c3aa2f29f8281d6b9736c8d65a0cde637ff1d56cd00af9edc3d0145bf8cdcb","False"
"assets/high-res/interactive-4k-first32-20261003/run-01-20261003-172733/packs/tactical-terrain-hills/request_meta.json","1593","d2d0084e6cf3554424429073ee089573769cf070e6bb7c6c0b1c69b515295856","False"
"assets/high-res/interactive-4k-first32-20261003/run-01-20261003-172733/packs/tactical-terrain-hills/response_compact.json","1545","87a1a6c3cfbf06041ab5f2c246a2140eeb91ac8cff96fcec13ce88bfe642a58d","False"
"assets/high-res/interactive-4k-first32-20261003/run-01-20261003-172733/packs/tactical-terrain-hills/validation.json","497","ba4a061aa0646b6dbcb453204d714d3b98b79777c1ef447a9207ad8747d88b83","False"
"assets/high-res/interactive-4k-first32-20261003/run-01-20261003-172733/packs/tactical-terrain-plains/base.png","1959325","5e3e14d154e447a2f6909b78cbe78f1db076633ba428dbfeab09e352173295eb","False"
"assets/high-res/interactive-4k-first32-20261003/run-01-20261003-172733/packs/tactical-terrain-plains/geometry.json","2691","1aefd72b0a7b63e654db9bb49fa70f5d4f57c37ec17faa7594c2ec5b6922d205","False"
"assets/high-res/interactive-4k-first32-20261003/run-01-20261003-172733/packs/tactical-terrain-plains/guide.png","14504","a01f22e015db11a5cb488de4015ddda3759d7db99e5f0cc60c455f6f611ed392","False"
"assets/high-res/interactive-4k-first32-20261003/run-01-20261003-172733/packs/tactical-terrain-plains/mask_change.png","2741","6d57449f7bcbf5986e80eeda132ce487252308b5e1f81745347f586e0edd4bfa","False"
"assets/high-res/interactive-4k-first32-20261003/run-01-20261003-172733/packs/tactical-terrain-plains/mask_keep.png","3855","3fd2b4d229ee31419ad1bac5fccca2d0ff7ef4962375a41f0ea30532f139eee8","False"
"assets/high-res/interactive-4k-first32-20261003/run-01-20261003-172733/packs/tactical-terrain-plains/output.png","27121056","5916792b12a1d9cdec26cd96477b5aeeba57feae8afae3a91e87124635273ef6","False"
"assets/high-res/interactive-4k-first32-20261003/run-01-20261003-172733/packs/tactical-terrain-plains/request_meta.json","1606","bb228c6dd1291a2b51509fc0e800b43951ca6868f2b3963d4bb508fe52bb050b","False"
"assets/high-res/interactive-4k-first32-20261003/run-01-20261003-172733/packs/tactical-terrain-plains/response_compact.json","1547","bc23b88f781c545fadddd578b170d49d7d362e29cbe40e197425fe203ce9c903","False"
"assets/high-res/interactive-4k-first32-20261003/run-01-20261003-172733/packs/tactical-terrain-plains/validation.json","499","d504d9fe074e738922325510ad384cb8bd88d0fd0907629585cda1d1f982e420","False"
"assets/high-res/interactive-4k-first32-20261003/run-01-20261003-172733/packs/tactical-terrain-snow/base.png","1994114","fe856327a04a4649f74118fb6b3caf1171de6b5e0f08e9e05a74ad86ad72260f","False"
"assets/high-res/interactive-4k-first32-20261003/run-01-20261003-172733/packs/tactical-terrain-snow/geometry.json","2691","1aefd72b0a7b63e654db9bb49fa70f5d4f57c37ec17faa7594c2ec5b6922d205","False"
"assets/high-res/interactive-4k-first32-20261003/run-01-20261003-172733/packs/tactical-terrain-snow/guide.png","14504","a01f22e015db11a5cb488de4015ddda3759d7db99e5f0cc60c455f6f611ed392","False"
"assets/high-res/interactive-4k-first32-20261003/run-01-20261003-172733/packs/tactical-terrain-snow/mask_change.png","2741","6d57449f7bcbf5986e80eeda132ce487252308b5e1f81745347f586e0edd4bfa","False"
"assets/high-res/interactive-4k-first32-20261003/run-01-20261003-172733/packs/tactical-terrain-snow/mask_keep.png","3855","3fd2b4d229ee31419ad1bac5fccca2d0ff7ef4962375a41f0ea30532f139eee8","False"
"assets/high-res/interactive-4k-first32-20261003/run-01-20261003-172733/packs/tactical-terrain-snow/request_meta.json","1602","2280da560e5d5a636eaa32309e07ee84d00f4d3d52e4178820d5ac844df1b735","False"
"assets/high-res/interactive-4k-first32-20261003/run-01-20261003-172733/packs/tactical-terrain-snow/validation.json","495","8327bdc921d8a3021b741cda914bba8ca710f168ed3e5a421ca3f9115ebb2aa0","False"
"assets/high-res/interactive-4k-first32-20261003/run-01-20261003-172733/packs/tactical-terrain-swamp/base.png","2169744","83a20efd2f43d9a09f760e00ccdf14cf63edcfdabd8046571068a5bb10d732f7","False"
"assets/high-res/interactive-4k-first32-20261003/run-01-20261003-172733/packs/tactical-terrain-swamp/geometry.json","2691","1aefd72b0a7b63e654db9bb49fa70f5d4f57c37ec17faa7594c2ec5b6922d205","False"
"assets/high-res/interactive-4k-first32-20261003/run-01-20261003-172733/packs/tactical-terrain-swamp/guide.png","14504","a01f22e015db11a5cb488de4015ddda3759d7db99e5f0cc60c455f6f611ed392","False"
"assets/high-res/interactive-4k-first32-20261003/run-01-20261003-172733/packs/tactical-terrain-swamp/mask_change.png","2741","6d57449f7bcbf5986e80eeda132ce487252308b5e1f81745347f586e0edd4bfa","False"
"assets/high-res/interactive-4k-first32-20261003/run-01-20261003-172733/packs/tactical-terrain-swamp/mask_keep.png","3855","3fd2b4d229ee31419ad1bac5fccca2d0ff7ef4962375a41f0ea30532f139eee8","False"
"assets/high-res/interactive-4k-first32-20261003/run-01-20261003-172733/packs/tactical-terrain-swamp/output.png","26303385","95c293612f625fa0e896442673148a9ed20b3fdca43a521e8edb5c2149e84c51","False"
"assets/high-res/interactive-4k-first32-20261003/run-01-20261003-172733/packs/tactical-terrain-swamp/request_meta.json","1603","9ed0451b88e5bc5964246cc298539b5c0bc6663a7bc7f8e8093a79f2d6d18506","False"
"assets/high-res/interactive-4k-first32-20261003/run-01-20261003-172733/packs/tactical-terrain-swamp/response_compact.json","1545","2e04f602c8348f016cc5fb09a1a8f08e54452260aa37c69e7f7f19832e3934dd","False"
"assets/high-res/interactive-4k-first32-20261003/run-01-20261003-172733/packs/tactical-terrain-swamp/validation.json","497","2a2462e58cb366e98c74beb1f71453406c3b0bfc81c7bb7eb7baeefb0a6dfe29","False"
"assets/high-res/interactive-4k-first32-20261003/run-01-20261003-172733/packs/tactical-terrain/base.png","2229531","a6cc8e25ac7c6673fc0f9e053247c2497a82e015610c299318a7533aae12e5cd","False"
"assets/high-res/interactive-4k-first32-20261003/run-01-20261003-172733/packs/tactical-terrain/geometry.json","2691","1aefd72b0a7b63e654db9bb49fa70f5d4f57c37ec17faa7594c2ec5b6922d205","False"
"assets/high-res/interactive-4k-first32-20261003/run-01-20261003-172733/packs/tactical-terrain/guide.png","14504","a01f22e015db11a5cb488de4015ddda3759d7db99e5f0cc60c455f6f611ed392","False"
"assets/high-res/interactive-4k-first32-20261003/run-01-20261003-172733/packs/tactical-terrain/mask_change.png","2741","6d57449f7bcbf5986e80eeda132ce487252308b5e1f81745347f586e0edd4bfa","False"
"assets/high-res/interactive-4k-first32-20261003/run-01-20261003-172733/packs/tactical-terrain/mask_keep.png","3855","3fd2b4d229ee31419ad1bac5fccca2d0ff7ef4962375a41f0ea30532f139eee8","False"
"assets/high-res/interactive-4k-first32-20261003/run-01-20261003-172733/packs/tactical-terrain/request_meta.json","1609","0f73e04182cb3b4195bd6bbf2976b1d91df4bab58d58c2f496d4c066cf86dd0a","False"
"assets/high-res/interactive-4k-first32-20261003/run-01-20261003-172733/packs/tactical-terrain/response_compact.json","1058","20297f2a6898785b63439022a5dee34da4477c75f96c8dd7d8b7e1e92dbcc376","False"
"assets/high-res/interactive-4k-first32-20261003/run-01-20261003-172733/packs/tactical-terrain/validation.json","492","54d87b8c6be9e9cfd7a2be0d05025db607c34f9ddaabeeb967a5a9104b5f9c05","False"
"assets/high-res/interactive-4k-first32-20261003/run-02-20261004-010239/journal.json","15450","830ef27307f907d06d4431708b43dbd2e393bacf69afb4cb7ebbfb4dd8c47fe2","False"
"assets/high-res/interactive-4k-first32-20261003/run-02-20261004-010239/manifest.json","22763","8ca8a4ded1f7cebb711f0d3981b094dccf19bdbfb2ea34542f34c220d4b5d313","False"
"assets/high-res/interactive-4k-first32-20261003/run-02-20261004-010239/packs/defense-terrain-desert/base.png","2100548","1463b5b154a3ec7ffb36fe2761c7855b9173a798859d080afb11540b465f2cdc","False"
"assets/high-res/interactive-4k-first32-20261003/run-02-20261004-010239/packs/defense-terrain-desert/geometry.json","3645","5387a1b30f69cb4163be20d3523eda6908b074ed2bbbf2822212d15eae7f0668","False"
"assets/high-res/interactive-4k-first32-20261003/run-02-20261004-010239/packs/defense-terrain-desert/guide.png","12956","adf1ee03f03955341e9d28af92708ccbb03f5e3ca7832c7427e872e5314d0346","False"
"assets/high-res/interactive-4k-first32-20261003/run-02-20261004-010239/packs/defense-terrain-desert/mask_change.png","5195","f326aad4872dc0a1d2ced16188cf39609bcf8200170ac3b1ff50d740e645ff47","False"
"assets/high-res/interactive-4k-first32-20261003/run-02-20261004-010239/packs/defense-terrain-desert/mask_keep.png","5720","f0a474b972c09bd953d74cdb118d6e1c23f105d8b8cc58078d5c426a9359e9de","False"
"assets/high-res/interactive-4k-first32-20261003/run-02-20261004-010239/packs/defense-terrain-desert/validation.json","562","9a2e9586d91749b2edca8d3da13343fb5354355892c4584af13d9ce54052c17b","False"
"assets/high-res/interactive-4k-first32-20261003/run-02-20261004-010239/packs/defense-terrain-hills/base.png","2142430","4e02b0b901eaa498d6db3b4725efe0f9fe4a4dbfce2e57339ccb8f91e5edc680","False"
"assets/high-res/interactive-4k-first32-20261003/run-02-20261004-010239/packs/defense-terrain-hills/geometry.json","3645","5387a1b30f69cb4163be20d3523eda6908b074ed2bbbf2822212d15eae7f0668","False"
"assets/high-res/interactive-4k-first32-20261003/run-02-20261004-010239/packs/defense-terrain-hills/guide.png","12956","adf1ee03f03955341e9d28af92708ccbb03f5e3ca7832c7427e872e5314d0346","False"
"assets/high-res/interactive-4k-first32-20261003/run-02-20261004-010239/packs/defense-terrain-hills/mask_change.png","5195","f326aad4872dc0a1d2ced16188cf39609bcf8200170ac3b1ff50d740e645ff47","False"
"assets/high-res/interactive-4k-first32-20261003/run-02-20261004-010239/packs/defense-terrain-hills/mask_keep.png","5720","f0a474b972c09bd953d74cdb118d6e1c23f105d8b8cc58078d5c426a9359e9de","False"
"assets/high-res/interactive-4k-first32-20261003/run-02-20261004-010239/packs/defense-terrain-hills/request_meta.json","1570","be5938c6bd3ecda9677c527577f18df3800e6eb79cae887c8c02416d517e7a09","False"
"assets/high-res/interactive-4k-first32-20261003/run-02-20261004-010239/packs/defense-terrain-hills/validation.json","494","ec3459b8c88b29850ec0d70afa780855eff3666ca605e41bc6bfd223509a3f56","False"
"assets/high-res/interactive-4k-first32-20261003/run-02-20261004-010239/packs/defense-terrain-plains/base.png","1989091","b63022a587be4fa4018d17f4e0bc12905a1bf4df933064b28db9f43e0b0fa96b","False"
"assets/high-res/interactive-4k-first32-20261003/run-02-20261004-010239/packs/defense-terrain-plains/geometry.json","3645","5387a1b30f69cb4163be20d3523eda6908b074ed2bbbf2822212d15eae7f0668","False"
"assets/high-res/interactive-4k-first32-20261003/run-02-20261004-010239/packs/defense-terrain-plains/guide.png","12956","adf1ee03f03955341e9d28af92708ccbb03f5e3ca7832c7427e872e5314d0346","False"
"assets/high-res/interactive-4k-first32-20261003/run-02-20261004-010239/packs/defense-terrain-plains/mask_change.png","5195","f326aad4872dc0a1d2ced16188cf39609bcf8200170ac3b1ff50d740e645ff47","False"
"assets/high-res/interactive-4k-first32-20261003/run-02-20261004-010239/packs/defense-terrain-plains/mask_keep.png","5720","f0a474b972c09bd953d74cdb118d6e1c23f105d8b8cc58078d5c426a9359e9de","False"
"assets/high-res/interactive-4k-first32-20261003/run-02-20261004-010239/packs/defense-terrain-plains/output.png","26287825","7941ee34e62b2053c4c4d309e8a42bba795c39605627f2a3911e1fb8c84678da","False"
"assets/high-res/interactive-4k-first32-20261003/run-02-20261004-010239/packs/defense-terrain-plains/request_meta.json","1583","8fffe676fa69d24c4febc246c01bbefbbc38eecf45c7f63498a564ec9a5f3ec3","False"
"assets/high-res/interactive-4k-first32-20261003/run-02-20261004-010239/packs/defense-terrain-plains/response_compact.json","1545","3fbaae71c87fd14501bfeb31bbda22114fbb47b3fe599d0520db4a6aa6716aed","False"
"assets/high-res/interactive-4k-first32-20261003/run-02-20261004-010239/packs/defense-terrain-plains/validation.json","496","0173afccd3a3017da0db47d3a7306c0c915003950b5b86ec248505f5ec8bc643","False"
"assets/high-res/interactive-4k-first32-20261003/run-02-20261004-010239/packs/defense-terrain-ruins/base.png","2118888","8e5845655ce5827a5a8bf9cb9b6c1a7a36aae8fd228452632b6064bb012dacca","False"
"assets/high-res/interactive-4k-first32-20261003/run-02-20261004-010239/packs/defense-terrain-ruins/geometry.json","3645","5387a1b30f69cb4163be20d3523eda6908b074ed2bbbf2822212d15eae7f0668","False"
"assets/high-res/interactive-4k-first32-20261003/run-02-20261004-010239/packs/defense-terrain-ruins/guide.png","12956","adf1ee03f03955341e9d28af92708ccbb03f5e3ca7832c7427e872e5314d0346","False"
"assets/high-res/interactive-4k-first32-20261003/run-02-20261004-010239/packs/defense-terrain-ruins/mask_change.png","5195","f326aad4872dc0a1d2ced16188cf39609bcf8200170ac3b1ff50d740e645ff47","False"
"assets/high-res/interactive-4k-first32-20261003/run-02-20261004-010239/packs/defense-terrain-ruins/mask_keep.png","5720","f0a474b972c09bd953d74cdb118d6e1c23f105d8b8cc58078d5c426a9359e9de","False"
"assets/high-res/interactive-4k-first32-20261003/run-02-20261004-010239/packs/defense-terrain-ruins/validation.json","560","a6b97f15f35ec2a6d648252842a1eff00bb4f2dce790a6b29bed7cdc78a3912f","False"
"assets/high-res/interactive-4k-first32-20261003/run-02-20261004-010239/packs/defense-terrain-snow/base.png","2033500","c68a771386670e043c013022532ed5e8f1cdb907b49630d714bef32500d55859","False"
"assets/high-res/interactive-4k-first32-20261003/run-02-20261004-010239/packs/defense-terrain-snow/geometry.json","3645","5387a1b30f69cb4163be20d3523eda6908b074ed2bbbf2822212d15eae7f0668","False"
"assets/high-res/interactive-4k-first32-20261003/run-02-20261004-010239/packs/defense-terrain-snow/guide.png","12956","adf1ee03f03955341e9d28af92708ccbb03f5e3ca7832c7427e872e5314d0346","False"
"assets/high-res/interactive-4k-first32-20261003/run-02-20261004-010239/packs/defense-terrain-snow/mask_change.png","5195","f326aad4872dc0a1d2ced16188cf39609bcf8200170ac3b1ff50d740e645ff47","False"
"assets/high-res/interactive-4k-first32-20261003/run-02-20261004-010239/packs/defense-terrain-snow/mask_keep.png","5720","f0a474b972c09bd953d74cdb118d6e1c23f105d8b8cc58078d5c426a9359e9de","False"
"assets/high-res/interactive-4k-first32-20261003/run-02-20261004-010239/packs/defense-terrain-snow/validation.json","558","f58f5c3d360eedc5f658a8541451c76648bdb9a108b333eac0cde9516574711a","False"
"assets/high-res/interactive-4k-first32-20261003/run-02-20261004-010239/packs/defense-terrain-swamp/base.png","2095820","b96d48bb6b30edaf2e39481901a74d81a9a2c9b6b9d07342964d41d3c9b67bb0","False"
"assets/high-res/interactive-4k-first32-20261003/run-02-20261004-010239/packs/defense-terrain-swamp/geometry.json","3645","5387a1b30f69cb4163be20d3523eda6908b074ed2bbbf2822212d15eae7f0668","False"
"assets/high-res/interactive-4k-first32-20261003/run-02-20261004-010239/packs/defense-terrain-swamp/guide.png","12956","adf1ee03f03955341e9d28af92708ccbb03f5e3ca7832c7427e872e5314d0346","False"
"assets/high-res/interactive-4k-first32-20261003/run-02-20261004-010239/packs/defense-terrain-swamp/mask_change.png","5195","f326aad4872dc0a1d2ced16188cf39609bcf8200170ac3b1ff50d740e645ff47","False"
"assets/high-res/interactive-4k-first32-20261003/run-02-20261004-010239/packs/defense-terrain-swamp/mask_keep.png","5720","f0a474b972c09bd953d74cdb118d6e1c23f105d8b8cc58078d5c426a9359e9de","False"
"assets/high-res/interactive-4k-first32-20261003/run-02-20261004-010239/packs/defense-terrain-swamp/validation.json","560","d37e4e075f5c9a977b6ff1447a96d96437fb9c77769be40d03c1b39bd3ca1146","False"
"assets/high-res/interactive-4k-first32-20261003/run-02-20261004-010239/packs/defense-terrain-waste/base.png","2295021","dbe022347c23e5258ab3c10bf98ec092b220479ef05df2c9644934842c6c780c","False"
"assets/high-res/interactive-4k-first32-20261003/run-02-20261004-010239/packs/defense-terrain-waste/geometry.json","3645","5387a1b30f69cb4163be20d3523eda6908b074ed2bbbf2822212d15eae7f0668","False"
"assets/high-res/interactive-4k-first32-20261003/run-02-20261004-010239/packs/defense-terrain-waste/guide.png","12956","adf1ee03f03955341e9d28af92708ccbb03f5e3ca7832c7427e872e5314d0346","False"
"assets/high-res/interactive-4k-first32-20261003/run-02-20261004-010239/packs/defense-terrain-waste/mask_change.png","5195","f326aad4872dc0a1d2ced16188cf39609bcf8200170ac3b1ff50d740e645ff47","False"
"assets/high-res/interactive-4k-first32-20261003/run-02-20261004-010239/packs/defense-terrain-waste/mask_keep.png","5720","f0a474b972c09bd953d74cdb118d6e1c23f105d8b8cc58078d5c426a9359e9de","False"
"assets/high-res/interactive-4k-first32-20261003/run-02-20261004-010239/packs/defense-terrain-waste/validation.json","560","9d0f28e8fd954eaa8afeefe308b29e533711ec118e5a92918147f552360e290b","False"
"assets/high-res/interactive-4k-first32-20261003/run-02-20261004-010239/packs/defense-terrain/base.png","2142560","619bc808ea9b04993f944adb1249e196692e75e2f39d4a0d2c2db6af1f7b4fab","False"
"assets/high-res/interactive-4k-first32-20261003/run-02-20261004-010239/packs/defense-terrain/geometry.json","3645","5387a1b30f69cb4163be20d3523eda6908b074ed2bbbf2822212d15eae7f0668","False"
"assets/high-res/interactive-4k-first32-20261003/run-02-20261004-010239/packs/defense-terrain/guide.png","12956","adf1ee03f03955341e9d28af92708ccbb03f5e3ca7832c7427e872e5314d0346","False"
"assets/high-res/interactive-4k-first32-20261003/run-02-20261004-010239/packs/defense-terrain/mask_change.png","5195","f326aad4872dc0a1d2ced16188cf39609bcf8200170ac3b1ff50d740e645ff47","False"
"assets/high-res/interactive-4k-first32-20261003/run-02-20261004-010239/packs/defense-terrain/mask_keep.png","5720","f0a474b972c09bd953d74cdb118d6e1c23f105d8b8cc58078d5c426a9359e9de","False"
"assets/high-res/interactive-4k-first32-20261003/run-02-20261004-010239/packs/defense-terrain/output.png","26293690","01c19c36e58c6e542dc8506da2f367cdc45a47345d8947723e97d9650866aeb2","False"
"assets/high-res/interactive-4k-first32-20261003/run-02-20261004-010239/packs/defense-terrain/request_meta.json","1586","43beed2ae3544a025a7bbcdfc8ddeb2ebcbba89b6cbc3d16ed1bb1fd20913560","False"
"assets/high-res/interactive-4k-first32-20261003/run-02-20261004-010239/packs/defense-terrain/response_compact.json","1531","80a13f3eb2526aae195c000ca3c3538276611cc6881e03cd8feed0a198262106","False"
"assets/high-res/interactive-4k-first32-20261003/run-02-20261004-010239/packs/defense-terrain/validation.json","489","2b3e4da149ec1348f4e1000ff516ec94feeecc5a950fc4a7827ed098238d4272","False"
"assets/high-res/interactive-4k-first32-20261003/run-02-20261004-010239/packs/kingdom-terrain-bronze/base.png","1986830","8fe4bc1500dabe6d573a78b738741f5082ed91e0b6d3275361ad6241789f69e9","False"
"assets/high-res/interactive-4k-first32-20261003/run-02-20261004-010239/packs/kingdom-terrain-bronze/geometry.json","3922","eb96bb6585694bf27db13835445377a3f0baa7bd00cf1154c9c4797a75ba65c7","False"
"assets/high-res/interactive-4k-first32-20261003/run-02-20261004-010239/packs/kingdom-terrain-bronze/guide.png","21013","ec2d43ccebb33719adebf2fc18db9943df858a56ec49ef4f27d5dc07e2c0f1c1","False"
"assets/high-res/interactive-4k-first32-20261003/run-02-20261004-010239/packs/kingdom-terrain-bronze/mask_change.png","5844","84fbc5f5c35a8745ce1412580c689db25b5f29bd595151a17979e9a839f8c92c","False"
"assets/high-res/interactive-4k-first32-20261003/run-02-20261004-010239/packs/kingdom-terrain-bronze/mask_keep.png","6851","0ec6d7eeccb9633a97a20e44e5690cfb4c3658c1140a91f06aed22e4f91ab083","False"
"assets/high-res/interactive-4k-first32-20261003/run-02-20261004-010239/packs/kingdom-terrain-bronze/validation.json","4249","17bd970390a88f97cc6ea99be504ed6269c11b66b8ea2d7cb94869d89316a19a","False"
"assets/high-res/interactive-4k-first32-20261003/run-02-20261004-010239/packs/kingdom-terrain-future/base.png","2007593","b69a16f1e1921c0ab341db51feb9e121090e5096025aca7a80d99656f8e72db6","False"
"assets/high-res/interactive-4k-first32-20261003/run-02-20261004-010239/packs/kingdom-terrain-future/geometry.json","3922","eb96bb6585694bf27db13835445377a3f0baa7bd00cf1154c9c4797a75ba65c7","False"
"assets/high-res/interactive-4k-first32-20261003/run-02-20261004-010239/packs/kingdom-terrain-future/guide.png","21013","ec2d43ccebb33719adebf2fc18db9943df858a56ec49ef4f27d5dc07e2c0f1c1","False"
"assets/high-res/interactive-4k-first32-20261003/run-02-20261004-010239/packs/kingdom-terrain-future/mask_change.png","5844","84fbc5f5c35a8745ce1412580c689db25b5f29bd595151a17979e9a839f8c92c","False"
"assets/high-res/interactive-4k-first32-20261003/run-02-20261004-010239/packs/kingdom-terrain-future/mask_keep.png","6851","0ec6d7eeccb9633a97a20e44e5690cfb4c3658c1140a91f06aed22e4f91ab083","False"
"assets/high-res/interactive-4k-first32-20261003/run-02-20261004-010239/packs/kingdom-terrain-future/validation.json","4249","4ecb4b069cc1d6ce6189f67e43c7992a1a8ed30014aecbe8a37bb1b2ea7a76eb","False"
"assets/high-res/interactive-4k-first32-20261003/run-02-20261004-010239/packs/kingdom-terrain-gunpowder/base.png","2070355","8db8eaead6ff402978acdac5824020704345e785461bc90424d0c25352566239","False"
"assets/high-res/interactive-4k-first32-20261003/run-02-20261004-010239/packs/kingdom-terrain-gunpowder/geometry.json","3922","eb96bb6585694bf27db13835445377a3f0baa7bd00cf1154c9c4797a75ba65c7","False"
"assets/high-res/interactive-4k-first32-20261003/run-02-20261004-010239/packs/kingdom-terrain-gunpowder/guide.png","21013","ec2d43ccebb33719adebf2fc18db9943df858a56ec49ef4f27d5dc07e2c0f1c1","False"
"assets/high-res/interactive-4k-first32-20261003/run-02-20261004-010239/packs/kingdom-terrain-gunpowder/mask_change.png","5844","84fbc5f5c35a8745ce1412580c689db25b5f29bd595151a17979e9a839f8c92c","False"
"assets/high-res/interactive-4k-first32-20261003/run-02-20261004-010239/packs/kingdom-terrain-gunpowder/mask_keep.png","6851","0ec6d7eeccb9633a97a20e44e5690cfb4c3658c1140a91f06aed22e4f91ab083","False"
"assets/high-res/interactive-4k-first32-20261003/run-02-20261004-010239/packs/kingdom-terrain-gunpowder/validation.json","4258","db4737111e351061f127771231aa87d222f94708c3859be4351f6ab946765b9e","False"
"assets/high-res/interactive-4k-first32-20261003/run-02-20261004-010239/packs/kingdom-terrain-industrial/base.png","2112098","6f7125003a4695976a31ac75b93809eb09f69134a14042fe95aba0bea971a6fe","False"
"assets/high-res/interactive-4k-first32-20261003/run-02-20261004-010239/packs/kingdom-terrain-industrial/geometry.json","3922","eb96bb6585694bf27db13835445377a3f0baa7bd00cf1154c9c4797a75ba65c7","False"
"assets/high-res/interactive-4k-first32-20261003/run-02-20261004-010239/packs/kingdom-terrain-industrial/guide.png","21013","ec2d43ccebb33719adebf2fc18db9943df858a56ec49ef4f27d5dc07e2c0f1c1","False"
"assets/high-res/interactive-4k-first32-20261003/run-02-20261004-010239/packs/kingdom-terrain-industrial/mask_change.png","5844","84fbc5f5c35a8745ce1412580c689db25b5f29bd595151a17979e9a839f8c92c","False"
"assets/high-res/interactive-4k-first32-20261003/run-02-20261004-010239/packs/kingdom-terrain-industrial/mask_keep.png","6851","0ec6d7eeccb9633a97a20e44e5690cfb4c3658c1140a91f06aed22e4f91ab083","False"
"assets/high-res/interactive-4k-first32-20261003/run-02-20261004-010239/packs/kingdom-terrain-industrial/validation.json","4261","e5ea6021e5abe7218dab66e38fcb4f924fa7ffc027c6214b8280e6519c8c9446","False"
"assets/high-res/interactive-4k-first32-20261003/run-02-20261004-010239/packs/kingdom-terrain-iron/base.png","2146472","34d5afded320fb5c495c2952f235010ac03b60512879c30a2ca56c2b4e4f215a","False"
"assets/high-res/interactive-4k-first32-20261003/run-02-20261004-010239/packs/kingdom-terrain-iron/geometry.json","3922","eb96bb6585694bf27db13835445377a3f0baa7bd00cf1154c9c4797a75ba65c7","False"
"assets/high-res/interactive-4k-first32-20261003/run-02-20261004-010239/packs/kingdom-terrain-iron/guide.png","21013","ec2d43ccebb33719adebf2fc18db9943df858a56ec49ef4f27d5dc07e2c0f1c1","False"
"assets/high-res/interactive-4k-first32-20261003/run-02-20261004-010239/packs/kingdom-terrain-iron/mask_change.png","5844","84fbc5f5c35a8745ce1412580c689db25b5f29bd595151a17979e9a839f8c92c","False"
"assets/high-res/interactive-4k-first32-20261003/run-02-20261004-010239/packs/kingdom-terrain-iron/mask_keep.png","6851","0ec6d7eeccb9633a97a20e44e5690cfb4c3658c1140a91f06aed22e4f91ab083","False"
"assets/high-res/interactive-4k-first32-20261003/run-02-20261004-010239/packs/kingdom-terrain-iron/validation.json","4243","2c10dab1e2f638a7ea92eb879790ab4f5b0493979b27ab2024bedc38cc7839cb","False"
"assets/high-res/interactive-4k-first32-20261003/run-02-20261004-010239/packs/kingdom-terrain-medieval/base.png","2047168","dc5e752b0ab53d78de69c09541eeb2cf30cc42c8179f8fe2476851983ba050f0","False"
"assets/high-res/interactive-4k-first32-20261003/run-02-20261004-010239/packs/kingdom-terrain-medieval/geometry.json","3922","eb96bb6585694bf27db13835445377a3f0baa7bd00cf1154c9c4797a75ba65c7","False"
"assets/high-res/interactive-4k-first32-20261003/run-02-20261004-010239/packs/kingdom-terrain-medieval/guide.png","21013","ec2d43ccebb33719adebf2fc18db9943df858a56ec49ef4f27d5dc07e2c0f1c1","False"
"assets/high-res/interactive-4k-first32-20261003/run-02-20261004-010239/packs/kingdom-terrain-medieval/mask_change.png","5844","84fbc5f5c35a8745ce1412580c689db25b5f29bd595151a17979e9a839f8c92c","False"
"assets/high-res/interactive-4k-first32-20261003/run-02-20261004-010239/packs/kingdom-terrain-medieval/mask_keep.png","6851","0ec6d7eeccb9633a97a20e44e5690cfb4c3658c1140a91f06aed22e4f91ab083","False"
"assets/high-res/interactive-4k-first32-20261003/run-02-20261004-010239/packs/kingdom-terrain-medieval/validation.json","4255","6f539b9eee141aebd4e6ec5b608c3e0522feee25b757244c083189d4c4021292","False"
"assets/high-res/interactive-4k-first32-20261003/run-02-20261004-010239/packs/kingdom-terrain-modern/base.png","2168505","080482f6dacbf231c7e1dc7b191e120d9522a8eac4b43dd1f0e6530a615f5103","False"
"assets/high-res/interactive-4k-first32-20261003/run-02-20261004-010239/packs/kingdom-terrain-modern/geometry.json","3922","eb96bb6585694bf27db13835445377a3f0baa7bd00cf1154c9c4797a75ba65c7","False"
"assets/high-res/interactive-4k-first32-20261003/run-02-20261004-010239/packs/kingdom-terrain-modern/guide.png","21013","ec2d43ccebb33719adebf2fc18db9943df858a56ec49ef4f27d5dc07e2c0f1c1","False"
"assets/high-res/interactive-4k-first32-20261003/run-02-20261004-010239/packs/kingdom-terrain-modern/mask_change.png","5844","84fbc5f5c35a8745ce1412580c689db25b5f29bd595151a17979e9a839f8c92c","False"
"assets/high-res/interactive-4k-first32-20261003/run-02-20261004-010239/packs/kingdom-terrain-modern/mask_keep.png","6851","0ec6d7eeccb9633a97a20e44e5690cfb4c3658c1140a91f06aed22e4f91ab083","False"
"assets/high-res/interactive-4k-first32-20261003/run-02-20261004-010239/packs/kingdom-terrain-modern/validation.json","4249","3b7f0b8a4a8855fb552392add181d0b0bcbd2aa4251b2960109b82cd161e31cb","False"
"assets/high-res/interactive-4k-first32-20261003/run-02-20261004-010239/packs/kingdom-terrain-stone/base.png","2041343","f3ca3384753ab99900270a5a9e6cda191ce1c95ae7eb9a5690e6c747056b72d8","False"
"assets/high-res/interactive-4k-first32-20261003/run-02-20261004-010239/packs/kingdom-terrain-stone/geometry.json","3922","eb96bb6585694bf27db13835445377a3f0baa7bd00cf1154c9c4797a75ba65c7","False"
"assets/high-res/interactive-4k-first32-20261003/run-02-20261004-010239/packs/kingdom-terrain-stone/guide.png","21013","ec2d43ccebb33719adebf2fc18db9943df858a56ec49ef4f27d5dc07e2c0f1c1","False"
"assets/high-res/interactive-4k-first32-20261003/run-02-20261004-010239/packs/kingdom-terrain-stone/mask_change.png","5844","84fbc5f5c35a8745ce1412580c689db25b5f29bd595151a17979e9a839f8c92c","False"
"assets/high-res/interactive-4k-first32-20261003/run-02-20261004-010239/packs/kingdom-terrain-stone/mask_keep.png","6851","0ec6d7eeccb9633a97a20e44e5690cfb4c3658c1140a91f06aed22e4f91ab083","False"
"assets/high-res/interactive-4k-first32-20261003/run-02-20261004-010239/packs/kingdom-terrain-stone/validation.json","4246","2019f127f0cdf59f8c1b3972187c803d88815b6a67409c060d7e21a44deeb594","False"
"assets/high-res/interactive-4k-first32-20261003/run-02-20261004-010239/packs/tactical-terrain-ruins/base.png","2070784","99ba48319cb64b073ff9f1f4fa90f0f42e2e8c5ecd96d6813fe724bf50b286ea","False"
"assets/high-res/interactive-4k-first32-20261003/run-02-20261004-010239/packs/tactical-terrain-ruins/geometry.json","2691","1aefd72b0a7b63e654db9bb49fa70f5d4f57c37ec17faa7594c2ec5b6922d205","False"
"assets/high-res/interactive-4k-first32-20261003/run-02-20261004-010239/packs/tactical-terrain-ruins/guide.png","14504","a01f22e015db11a5cb488de4015ddda3759d7db99e5f0cc60c455f6f611ed392","False"
"assets/high-res/interactive-4k-first32-20261003/run-02-20261004-010239/packs/tactical-terrain-ruins/mask_change.png","2741","6d57449f7bcbf5986e80eeda132ce487252308b5e1f81745347f586e0edd4bfa","False"
"assets/high-res/interactive-4k-first32-20261003/run-02-20261004-010239/packs/tactical-terrain-ruins/mask_keep.png","3855","3fd2b4d229ee31419ad1bac5fccca2d0ff7ef4962375a41f0ea30532f139eee8","False"
"assets/high-res/interactive-4k-first32-20261003/run-02-20261004-010239/packs/tactical-terrain-ruins/output.png","26581286","c96446ba9f8cdb2e9c5c081653246fab5fac419dc4afae2005e48e9119989cf5","False"
"assets/high-res/interactive-4k-first32-20261003/run-02-20261004-010239/packs/tactical-terrain-ruins/request_meta.json","1612","72c7d57a50b7e6ba758f6052bbce55ea42171ebbd714ef9595df6b224cccded1","False"
"assets/high-res/interactive-4k-first32-20261003/run-02-20261004-010239/packs/tactical-terrain-ruins/response_compact.json","1545","d524835fb9bd4c870210b6dba4ac3b43ee80576b19de6cfd5cf9755ee9c979c6","False"
"assets/high-res/interactive-4k-first32-20261003/run-02-20261004-010239/packs/tactical-terrain-ruins/validation.json","497","5128f766a64f069478e10cd8281d428c6e350ab49d596c4dbcc2fd588bee5d34","False"
"assets/high-res/interactive-4k-first32-20261003/run-02-20261004-010239/packs/tactical-terrain-waste/base.png","2255977","cce43ee7c162e1f27f255293d2683bd8af36fc45f39001b417a1d0172dd1f7ca","False"
"assets/high-res/interactive-4k-first32-20261003/run-02-20261004-010239/packs/tactical-terrain-waste/geometry.json","2691","1aefd72b0a7b63e654db9bb49fa70f5d4f57c37ec17faa7594c2ec5b6922d205","False"
"assets/high-res/interactive-4k-first32-20261003/run-02-20261004-010239/packs/tactical-terrain-waste/guide.png","14504","a01f22e015db11a5cb488de4015ddda3759d7db99e5f0cc60c455f6f611ed392","False"
"assets/high-res/interactive-4k-first32-20261003/run-02-20261004-010239/packs/tactical-terrain-waste/mask_change.png","2741","6d57449f7bcbf5986e80eeda132ce487252308b5e1f81745347f586e0edd4bfa","False"
"assets/high-res/interactive-4k-first32-20261003/run-02-20261004-010239/packs/tactical-terrain-waste/mask_keep.png","3855","3fd2b4d229ee31419ad1bac5fccca2d0ff7ef4962375a41f0ea30532f139eee8","False"
"assets/high-res/interactive-4k-first32-20261003/run-02-20261004-010239/packs/tactical-terrain-waste/output.png","26691664","8159cb4d9126752f8327ee1a77ef595b67c9fdf94833f06536feb493d779d9c8","False"
"assets/high-res/interactive-4k-first32-20261003/run-02-20261004-010239/packs/tactical-terrain-waste/request_meta.json","1602","4d9c100c55b34da0d0bc8d75c6ded2fb65d613bd2a2165fb8187f697e45b141f","False"
"assets/high-res/interactive-4k-first32-20261003/run-02-20261004-010239/packs/tactical-terrain-waste/response_compact.json","1545","2644f33cb4af8c20f1d2fb0d06c8a529a1d4fe3445e2da5503d2b9c74d73d98a","False"
"assets/high-res/interactive-4k-first32-20261003/run-02-20261004-010239/packs/tactical-terrain-waste/validation.json","497","5792af7b2e85db6f55e8c28ebdc9117c7dc15cd3cce81792ddbcb59636f8636c","False"
"assets/high-res/interactive-4k-first32-20261003/run-03-20261004-012700/journal.json","14219","21ba98aa80fdc5613e2ff7595527fccfbc2e514c7194ee0ff693d7989887baea","False"
"assets/high-res/interactive-4k-first32-20261003/run-03-20261004-012700/manifest.json","22555","b434ff83ed1a5f0ff1699956c4b21c07ed69f2b5a09d85fc3b524390897eb6f6","False"
"assets/high-res/interactive-4k-first32-20261003/run-03-20261004-012700/packs/defense-terrain-desert/base.png","2100548","1463b5b154a3ec7ffb36fe2761c7855b9173a798859d080afb11540b465f2cdc","False"
"assets/high-res/interactive-4k-first32-20261003/run-03-20261004-012700/packs/defense-terrain-desert/geometry.json","3645","5387a1b30f69cb4163be20d3523eda6908b074ed2bbbf2822212d15eae7f0668","False"
"assets/high-res/interactive-4k-first32-20261003/run-03-20261004-012700/packs/defense-terrain-desert/guide.png","12956","adf1ee03f03955341e9d28af92708ccbb03f5e3ca7832c7427e872e5314d0346","False"
"assets/high-res/interactive-4k-first32-20261003/run-03-20261004-012700/packs/defense-terrain-desert/mask_change.png","5195","f326aad4872dc0a1d2ced16188cf39609bcf8200170ac3b1ff50d740e645ff47","False"
"assets/high-res/interactive-4k-first32-20261003/run-03-20261004-012700/packs/defense-terrain-desert/mask_keep.png","5720","f0a474b972c09bd953d74cdb118d6e1c23f105d8b8cc58078d5c426a9359e9de","False"
"assets/high-res/interactive-4k-first32-20261003/run-03-20261004-012700/packs/defense-terrain-desert/validation.json","562","9a2e9586d91749b2edca8d3da13343fb5354355892c4584af13d9ce54052c17b","False"
"assets/high-res/interactive-4k-first32-20261003/run-03-20261004-012700/packs/defense-terrain-hills/base.png","2142430","4e02b0b901eaa498d6db3b4725efe0f9fe4a4dbfce2e57339ccb8f91e5edc680","False"
"assets/high-res/interactive-4k-first32-20261003/run-03-20261004-012700/packs/defense-terrain-hills/geometry.json","3645","5387a1b30f69cb4163be20d3523eda6908b074ed2bbbf2822212d15eae7f0668","False"
"assets/high-res/interactive-4k-first32-20261003/run-03-20261004-012700/packs/defense-terrain-hills/guide.png","12956","adf1ee03f03955341e9d28af92708ccbb03f5e3ca7832c7427e872e5314d0346","False"
"assets/high-res/interactive-4k-first32-20261003/run-03-20261004-012700/packs/defense-terrain-hills/mask_change.png","5195","f326aad4872dc0a1d2ced16188cf39609bcf8200170ac3b1ff50d740e645ff47","False"
"assets/high-res/interactive-4k-first32-20261003/run-03-20261004-012700/packs/defense-terrain-hills/mask_keep.png","5720","f0a474b972c09bd953d74cdb118d6e1c23f105d8b8cc58078d5c426a9359e9de","False"
"assets/high-res/interactive-4k-first32-20261003/run-03-20261004-012700/packs/defense-terrain-hills/output.png","26575621","a5b979e6f3fc483ac79d0fb9e6c165e8f710e7d8d498fe9f92c3e10730d47ec9","False"
"assets/high-res/interactive-4k-first32-20261003/run-03-20261004-012700/packs/defense-terrain-hills/request_meta.json","1570","be5938c6bd3ecda9677c527577f18df3800e6eb79cae887c8c02416d517e7a09","False"
"assets/high-res/interactive-4k-first32-20261003/run-03-20261004-012700/packs/defense-terrain-hills/response_compact.json","1543","e7f3024739df656a0161dbedbd2b80a7575ef4fac1c001d4d8dd109f03837310","False"
"assets/high-res/interactive-4k-first32-20261003/run-03-20261004-012700/packs/defense-terrain-hills/validation.json","494","ec3459b8c88b29850ec0d70afa780855eff3666ca605e41bc6bfd223509a3f56","False"
"assets/high-res/interactive-4k-first32-20261003/run-03-20261004-012700/packs/defense-terrain-ruins/base.png","2118888","8e5845655ce5827a5a8bf9cb9b6c1a7a36aae8fd228452632b6064bb012dacca","False"
"assets/high-res/interactive-4k-first32-20261003/run-03-20261004-012700/packs/defense-terrain-ruins/geometry.json","3645","5387a1b30f69cb4163be20d3523eda6908b074ed2bbbf2822212d15eae7f0668","False"
"assets/high-res/interactive-4k-first32-20261003/run-03-20261004-012700/packs/defense-terrain-ruins/guide.png","12956","adf1ee03f03955341e9d28af92708ccbb03f5e3ca7832c7427e872e5314d0346","False"
"assets/high-res/interactive-4k-first32-20261003/run-03-20261004-012700/packs/defense-terrain-ruins/mask_change.png","5195","f326aad4872dc0a1d2ced16188cf39609bcf8200170ac3b1ff50d740e645ff47","False"
"assets/high-res/interactive-4k-first32-20261003/run-03-20261004-012700/packs/defense-terrain-ruins/mask_keep.png","5720","f0a474b972c09bd953d74cdb118d6e1c23f105d8b8cc58078d5c426a9359e9de","False"
"assets/high-res/interactive-4k-first32-20261003/run-03-20261004-012700/packs/defense-terrain-ruins/validation.json","560","a6b97f15f35ec2a6d648252842a1eff00bb4f2dce790a6b29bed7cdc78a3912f","False"
"assets/high-res/interactive-4k-first32-20261003/run-03-20261004-012700/packs/defense-terrain-snow/base.png","2033500","c68a771386670e043c013022532ed5e8f1cdb907b49630d714bef32500d55859","False"
"assets/high-res/interactive-4k-first32-20261003/run-03-20261004-012700/packs/defense-terrain-snow/geometry.json","3645","5387a1b30f69cb4163be20d3523eda6908b074ed2bbbf2822212d15eae7f0668","False"
"assets/high-res/interactive-4k-first32-20261003/run-03-20261004-012700/packs/defense-terrain-snow/guide.png","12956","adf1ee03f03955341e9d28af92708ccbb03f5e3ca7832c7427e872e5314d0346","False"
"assets/high-res/interactive-4k-first32-20261003/run-03-20261004-012700/packs/defense-terrain-snow/mask_change.png","5195","f326aad4872dc0a1d2ced16188cf39609bcf8200170ac3b1ff50d740e645ff47","False"
"assets/high-res/interactive-4k-first32-20261003/run-03-20261004-012700/packs/defense-terrain-snow/mask_keep.png","5720","f0a474b972c09bd953d74cdb118d6e1c23f105d8b8cc58078d5c426a9359e9de","False"
"assets/high-res/interactive-4k-first32-20261003/run-03-20261004-012700/packs/defense-terrain-snow/validation.json","558","f58f5c3d360eedc5f658a8541451c76648bdb9a108b333eac0cde9516574711a","False"
"assets/high-res/interactive-4k-first32-20261003/run-03-20261004-012700/packs/defense-terrain-swamp/base.png","2095820","b96d48bb6b30edaf2e39481901a74d81a9a2c9b6b9d07342964d41d3c9b67bb0","False"
"assets/high-res/interactive-4k-first32-20261003/run-03-20261004-012700/packs/defense-terrain-swamp/geometry.json","3645","5387a1b30f69cb4163be20d3523eda6908b074ed2bbbf2822212d15eae7f0668","False"
"assets/high-res/interactive-4k-first32-20261003/run-03-20261004-012700/packs/defense-terrain-swamp/guide.png","12956","adf1ee03f03955341e9d28af92708ccbb03f5e3ca7832c7427e872e5314d0346","False"
"assets/high-res/interactive-4k-first32-20261003/run-03-20261004-012700/packs/defense-terrain-swamp/mask_change.png","5195","f326aad4872dc0a1d2ced16188cf39609bcf8200170ac3b1ff50d740e645ff47","False"
"assets/high-res/interactive-4k-first32-20261003/run-03-20261004-012700/packs/defense-terrain-swamp/mask_keep.png","5720","f0a474b972c09bd953d74cdb118d6e1c23f105d8b8cc58078d5c426a9359e9de","False"
"assets/high-res/interactive-4k-first32-20261003/run-03-20261004-012700/packs/defense-terrain-swamp/request_meta.json","1580","a9e6c03e6c04d99d2f36d6fe21a4f2b026d4f5e4b8aa9de304e8e993fc6f703b","False"
"assets/high-res/interactive-4k-first32-20261003/run-03-20261004-012700/packs/defense-terrain-swamp/validation.json","494","68b282e4b001298acda623f61032efee551c8c372df6b5886776fa70fcfa0ce2","False"
"assets/high-res/interactive-4k-first32-20261003/run-03-20261004-012700/packs/defense-terrain-waste/base.png","2295021","dbe022347c23e5258ab3c10bf98ec092b220479ef05df2c9644934842c6c780c","False"
"assets/high-res/interactive-4k-first32-20261003/run-03-20261004-012700/packs/defense-terrain-waste/geometry.json","3645","5387a1b30f69cb4163be20d3523eda6908b074ed2bbbf2822212d15eae7f0668","False"
"assets/high-res/interactive-4k-first32-20261003/run-03-20261004-012700/packs/defense-terrain-waste/guide.png","12956","adf1ee03f03955341e9d28af92708ccbb03f5e3ca7832c7427e872e5314d0346","False"
"assets/high-res/interactive-4k-first32-20261003/run-03-20261004-012700/packs/defense-terrain-waste/mask_change.png","5195","f326aad4872dc0a1d2ced16188cf39609bcf8200170ac3b1ff50d740e645ff47","False"
"assets/high-res/interactive-4k-first32-20261003/run-03-20261004-012700/packs/defense-terrain-waste/mask_keep.png","5720","f0a474b972c09bd953d74cdb118d6e1c23f105d8b8cc58078d5c426a9359e9de","False"
"assets/high-res/interactive-4k-first32-20261003/run-03-20261004-012700/packs/defense-terrain-waste/validation.json","560","9d0f28e8fd954eaa8afeefe308b29e533711ec118e5a92918147f552360e290b","False"
"assets/high-res/interactive-4k-first32-20261003/run-04-20261004-013946/journal.json","14973","99449e1e055a7bf58a83edbe34cefffb2e7cf1b15c79297d294c24b8ce68c064","False"
"assets/high-res/interactive-4k-first32-20261003/run-04-20261004-013946/manifest.json","20746","2f15ca68b0bea90f42dc7b5dccea18807c04a33978a4ccf81f3ff798bf9f9f6a","False"
"assets/high-res/interactive-4k-first32-20261003/run-04-20261004-013946/packs/defense-terrain-desert/base.png","2100548","1463b5b154a3ec7ffb36fe2761c7855b9173a798859d080afb11540b465f2cdc","False"
"assets/high-res/interactive-4k-first32-20261003/run-04-20261004-013946/packs/defense-terrain-desert/geometry.json","3645","5387a1b30f69cb4163be20d3523eda6908b074ed2bbbf2822212d15eae7f0668","False"
"assets/high-res/interactive-4k-first32-20261003/run-04-20261004-013946/packs/defense-terrain-desert/guide.png","12956","adf1ee03f03955341e9d28af92708ccbb03f5e3ca7832c7427e872e5314d0346","False"
"assets/high-res/interactive-4k-first32-20261003/run-04-20261004-013946/packs/defense-terrain-desert/mask_change.png","5195","f326aad4872dc0a1d2ced16188cf39609bcf8200170ac3b1ff50d740e645ff47","False"
"assets/high-res/interactive-4k-first32-20261003/run-04-20261004-013946/packs/defense-terrain-desert/mask_keep.png","5720","f0a474b972c09bd953d74cdb118d6e1c23f105d8b8cc58078d5c426a9359e9de","False"
"assets/high-res/interactive-4k-first32-20261003/run-04-20261004-013946/packs/defense-terrain-desert/output.png","26770834","7da55fccca84bc13acb282ce7bd30bbdf3504eb2614024cc2a8b7bd932ab1ce9","False"
"assets/high-res/interactive-4k-first32-20261003/run-04-20261004-013946/packs/defense-terrain-desert/request_meta.json","1578","3d6a9547e7535c41ec2a02b66393db90c1e83a895c2cf4fefc305caa901a337b","False"
"assets/high-res/interactive-4k-first32-20261003/run-04-20261004-013946/packs/defense-terrain-desert/response_compact.json","1545","8c264fff52a36ddc1b51fd45db8f5f6df98ed2401510c2f96e7a957db471c351","False"
"assets/high-res/interactive-4k-first32-20261003/run-04-20261004-013946/packs/defense-terrain-desert/validation.json","496","dbd1a8cf49186f4ddced2cd8589d4b4d313e9ab5789a94f8f44204133fc41dd4","False"
"assets/high-res/interactive-4k-first32-20261003/run-04-20261004-013946/packs/defense-terrain-ruins/base.png","2118888","8e5845655ce5827a5a8bf9cb9b6c1a7a36aae8fd228452632b6064bb012dacca","False"
"assets/high-res/interactive-4k-first32-20261003/run-04-20261004-013946/packs/defense-terrain-ruins/geometry.json","3645","5387a1b30f69cb4163be20d3523eda6908b074ed2bbbf2822212d15eae7f0668","False"
"assets/high-res/interactive-4k-first32-20261003/run-04-20261004-013946/packs/defense-terrain-ruins/guide.png","12956","adf1ee03f03955341e9d28af92708ccbb03f5e3ca7832c7427e872e5314d0346","False"
"assets/high-res/interactive-4k-first32-20261003/run-04-20261004-013946/packs/defense-terrain-ruins/mask_change.png","5195","f326aad4872dc0a1d2ced16188cf39609bcf8200170ac3b1ff50d740e645ff47","False"
"assets/high-res/interactive-4k-first32-20261003/run-04-20261004-013946/packs/defense-terrain-ruins/mask_keep.png","5720","f0a474b972c09bd953d74cdb118d6e1c23f105d8b8cc58078d5c426a9359e9de","False"
"assets/high-res/interactive-4k-first32-20261003/run-04-20261004-013946/packs/defense-terrain-ruins/output.png","25531872","71ecaf6c98b90bd95f08a87dfeed3ec257e4968949b6af3e7bbcb34fbee0c981","False"
"assets/high-res/interactive-4k-first32-20261003/run-04-20261004-013946/packs/defense-terrain-ruins/request_meta.json","1589","494d9bee3861b1ff2ec3fdb0ce1ae4aff90167b86b30c651603465bf645f8616","False"
"assets/high-res/interactive-4k-first32-20261003/run-04-20261004-013946/packs/defense-terrain-ruins/response_compact.json","1543","8ddf3616946c20fb32a049365850e81c3573cb392cc7f24acdaf11e1a3abc103","False"
"assets/high-res/interactive-4k-first32-20261003/run-04-20261004-013946/packs/defense-terrain-ruins/validation.json","494","69db931e1d17702f278bcd960750f676bf90fcc0cd7d6f4ac4a89c24ea2f4179","False"
"assets/high-res/interactive-4k-first32-20261003/run-04-20261004-013946/packs/defense-terrain-snow/base.png","2033500","c68a771386670e043c013022532ed5e8f1cdb907b49630d714bef32500d55859","False"
"assets/high-res/interactive-4k-first32-20261003/run-04-20261004-013946/packs/defense-terrain-snow/geometry.json","3645","5387a1b30f69cb4163be20d3523eda6908b074ed2bbbf2822212d15eae7f0668","False"
"assets/high-res/interactive-4k-first32-20261003/run-04-20261004-013946/packs/defense-terrain-snow/guide.png","12956","adf1ee03f03955341e9d28af92708ccbb03f5e3ca7832c7427e872e5314d0346","False"
"assets/high-res/interactive-4k-first32-20261003/run-04-20261004-013946/packs/defense-terrain-snow/mask_change.png","5195","f326aad4872dc0a1d2ced16188cf39609bcf8200170ac3b1ff50d740e645ff47","False"
"assets/high-res/interactive-4k-first32-20261003/run-04-20261004-013946/packs/defense-terrain-snow/mask_keep.png","5720","f0a474b972c09bd953d74cdb118d6e1c23f105d8b8cc58078d5c426a9359e9de","False"
"assets/high-res/interactive-4k-first32-20261003/run-04-20261004-013946/packs/defense-terrain-snow/output.png","24731631","514ad172d646a9d17103a55b32f093634ac2e7307c0269fe977f8ea1dcde448e","False"
"assets/high-res/interactive-4k-first32-20261003/run-04-20261004-013946/packs/defense-terrain-snow/request_meta.json","1579","13e881b53c4c3081c1f1576c45bf8c8ff2e02a9161a4d38cfdf2b3e963a378ac","False"
"assets/high-res/interactive-4k-first32-20261003/run-04-20261004-013946/packs/defense-terrain-snow/response_compact.json","1541","4a47ef1f1553abb418ab3de0812652bb8f94620c8573b9b39d98ac78123a637b","False"
"assets/high-res/interactive-4k-first32-20261003/run-04-20261004-013946/packs/defense-terrain-snow/validation.json","492","9205a909539c2dc59c542f4ae5e82ed97093989e0125c23f92f05e81b87c9c98","False"
"assets/high-res/interactive-4k-first32-20261003/run-04-20261004-013946/packs/defense-terrain-swamp/base.png","2095820","b96d48bb6b30edaf2e39481901a74d81a9a2c9b6b9d07342964d41d3c9b67bb0","False"
"assets/high-res/interactive-4k-first32-20261003/run-04-20261004-013946/packs/defense-terrain-swamp/geometry.json","3645","5387a1b30f69cb4163be20d3523eda6908b074ed2bbbf2822212d15eae7f0668","False"
"assets/high-res/interactive-4k-first32-20261003/run-04-20261004-013946/packs/defense-terrain-swamp/guide.png","12956","adf1ee03f03955341e9d28af92708ccbb03f5e3ca7832c7427e872e5314d0346","False"
"assets/high-res/interactive-4k-first32-20261003/run-04-20261004-013946/packs/defense-terrain-swamp/mask_change.png","5195","f326aad4872dc0a1d2ced16188cf39609bcf8200170ac3b1ff50d740e645ff47","False"
"assets/high-res/interactive-4k-first32-20261003/run-04-20261004-013946/packs/defense-terrain-swamp/mask_keep.png","5720","f0a474b972c09bd953d74cdb118d6e1c23f105d8b8cc58078d5c426a9359e9de","False"
"assets/high-res/interactive-4k-first32-20261003/run-04-20261004-013946/packs/defense-terrain-swamp/output.png","24888992","380a0cc2343985d0fa0e6491932374eb078b2d4842d60f5a77f96202ef2e88ff","False"
"assets/high-res/interactive-4k-first32-20261003/run-04-20261004-013946/packs/defense-terrain-swamp/request_meta.json","1580","a9e6c03e6c04d99d2f36d6fe21a4f2b026d4f5e4b8aa9de304e8e993fc6f703b","False"
"assets/high-res/interactive-4k-first32-20261003/run-04-20261004-013946/packs/defense-terrain-swamp/response_compact.json","1543","baf92bd3af1abdcaf468ea588328193296b6c6ec2d9f8d78cdb3a9d81e9dc713","False"
"assets/high-res/interactive-4k-first32-20261003/run-04-20261004-013946/packs/defense-terrain-swamp/validation.json","494","68b282e4b001298acda623f61032efee551c8c372df6b5886776fa70fcfa0ce2","False"
"assets/high-res/interactive-4k-first32-20261003/run-04-20261004-013946/packs/defense-terrain-waste/base.png","2295021","dbe022347c23e5258ab3c10bf98ec092b220479ef05df2c9644934842c6c780c","False"
"assets/high-res/interactive-4k-first32-20261003/run-04-20261004-013946/packs/defense-terrain-waste/geometry.json","3645","5387a1b30f69cb4163be20d3523eda6908b074ed2bbbf2822212d15eae7f0668","False"
"assets/high-res/interactive-4k-first32-20261003/run-04-20261004-013946/packs/defense-terrain-waste/guide.png","12956","adf1ee03f03955341e9d28af92708ccbb03f5e3ca7832c7427e872e5314d0346","False"
"assets/high-res/interactive-4k-first32-20261003/run-04-20261004-013946/packs/defense-terrain-waste/mask_change.png","5195","f326aad4872dc0a1d2ced16188cf39609bcf8200170ac3b1ff50d740e645ff47","False"
"assets/high-res/interactive-4k-first32-20261003/run-04-20261004-013946/packs/defense-terrain-waste/mask_keep.png","5720","f0a474b972c09bd953d74cdb118d6e1c23f105d8b8cc58078d5c426a9359e9de","False"
"assets/high-res/interactive-4k-first32-20261003/run-04-20261004-013946/packs/defense-terrain-waste/output.png","25289855","c165d958c68f052d10aab4318d005b4963f9efd59c9ea4b3f708111249632967","False"
"assets/high-res/interactive-4k-first32-20261003/run-04-20261004-013946/packs/defense-terrain-waste/request_meta.json","1579","cce7efa6d2b072fcda536a15f270074c63856ed6af3df0a6d9412030645c7263","False"
"assets/high-res/interactive-4k-first32-20261003/run-04-20261004-013946/packs/defense-terrain-waste/response_compact.json","1543","a0d94e8d8b050a1c9bfbcc0167a9ebd7bed144f44188532d627f50fa87795db2","False"
"assets/high-res/interactive-4k-first32-20261003/run-04-20261004-013946/packs/defense-terrain-waste/validation.json","494","2f4a1ed6bfee68d0fad687fb94df2d5245e59887914ef2527512c58102f7d3f3","False"
"assets/high-res/interactive-4k-first32-20261003/run-05-tactical-retry-20261004-015857/journal.json","1610","092411e73eb20119952594a156d1521eecc6c083c2cc6b6a2116f8f7f21ade63","False"
"assets/high-res/interactive-4k-first32-20261003/run-05-tactical-retry-20261004-015857/manifest.json","1612","b9061f6d5699f3163bb66551fab9afbe294a52f15daf9ceb4a638074b6382b1d","False"
"assets/high-res/interactive-4k-first32-20261003/run-05-tactical-retry-20261004-015857/packs/tactical-terrain-snow/base.png","1994114","fe856327a04a4649f74118fb6b3caf1171de6b5e0f08e9e05a74ad86ad72260f","False"
"assets/high-res/interactive-4k-first32-20261003/run-05-tactical-retry-20261004-015857/packs/tactical-terrain-snow/geometry.json","2691","1aefd72b0a7b63e654db9bb49fa70f5d4f57c37ec17faa7594c2ec5b6922d205","False"
"assets/high-res/interactive-4k-first32-20261003/run-05-tactical-retry-20261004-015857/packs/tactical-terrain-snow/guide.png","14504","a01f22e015db11a5cb488de4015ddda3759d7db99e5f0cc60c455f6f611ed392","False"
"assets/high-res/interactive-4k-first32-20261003/run-05-tactical-retry-20261004-015857/packs/tactical-terrain-snow/mask_change.png","2741","6d57449f7bcbf5986e80eeda132ce487252308b5e1f81745347f586e0edd4bfa","False"
"assets/high-res/interactive-4k-first32-20261003/run-05-tactical-retry-20261004-015857/packs/tactical-terrain-snow/mask_keep.png","3855","3fd2b4d229ee31419ad1bac5fccca2d0ff7ef4962375a41f0ea30532f139eee8","False"
"assets/high-res/interactive-4k-first32-20261003/run-05-tactical-retry-20261004-015857/packs/tactical-terrain-snow/output.png","24575719","c1b39f72f6ded4bb12de468aff09a9c6d071ace467482c4cdff77e86015d8840","False"
"assets/high-res/interactive-4k-first32-20261003/run-05-tactical-retry-20261004-015857/packs/tactical-terrain-snow/request_meta.json","1602","2280da560e5d5a636eaa32309e07ee84d00f4d3d52e4178820d5ac844df1b735","False"
"assets/high-res/interactive-4k-first32-20261003/run-05-tactical-retry-20261004-015857/packs/tactical-terrain-snow/response_compact.json","1573","86f227b89165f8740d4805d5504808efc74d1571ecbee89e5cc6c12a477892a7","False"
"assets/high-res/interactive-4k-first32-20261003/run-05-tactical-retry-20261004-015857/packs/tactical-terrain-snow/validation.json","495","8327bdc921d8a3021b741cda914bba8ca710f168ed3e5a421ca3f9115ebb2aa0","False"
"assets/high-res/interactive-4k-first32-20261003/run-05-tactical-retry-20261004-015857/packs/tactical-terrain/base.png","2229531","a6cc8e25ac7c6673fc0f9e053247c2497a82e015610c299318a7533aae12e5cd","False"
"assets/high-res/interactive-4k-first32-20261003/run-05-tactical-retry-20261004-015857/packs/tactical-terrain/geometry.json","2691","1aefd72b0a7b63e654db9bb49fa70f5d4f57c37ec17faa7594c2ec5b6922d205","False"
"assets/high-res/interactive-4k-first32-20261003/run-05-tactical-retry-20261004-015857/packs/tactical-terrain/guide.png","14504","a01f22e015db11a5cb488de4015ddda3759d7db99e5f0cc60c455f6f611ed392","False"
"assets/high-res/interactive-4k-first32-20261003/run-05-tactical-retry-20261004-015857/packs/tactical-terrain/mask_change.png","2741","6d57449f7bcbf5986e80eeda132ce487252308b5e1f81745347f586e0edd4bfa","False"
"assets/high-res/interactive-4k-first32-20261003/run-05-tactical-retry-20261004-015857/packs/tactical-terrain/mask_keep.png","3855","3fd2b4d229ee31419ad1bac5fccca2d0ff7ef4962375a41f0ea30532f139eee8","False"
"assets/high-res/interactive-4k-first32-20261003/run-05-tactical-retry-20261004-015857/packs/tactical-terrain/output.png","27199024","6eadf55f2df8727bcc0415b0f5bc2a8f8c5c766e8ce18f7839923401e0c39e5e","False"
"assets/high-res/interactive-4k-first32-20261003/run-05-tactical-retry-20261004-015857/packs/tactical-terrain/request_meta.json","1609","0f73e04182cb3b4195bd6bbf2976b1d91df4bab58d58c2f496d4c066cf86dd0a","False"
"assets/high-res/interactive-4k-first32-20261003/run-05-tactical-retry-20261004-015857/packs/tactical-terrain/response_compact.json","1563","699271413f328562cb1cc7748e093004b9539e36a763b9617271cec2daf0e9e0","False"
"assets/high-res/interactive-4k-first32-20261003/run-05-tactical-retry-20261004-015857/packs/tactical-terrain/validation.json","492","54d87b8c6be9e9cfd7a2be0d05025db607c34f9ddaabeeb967a5a9104b5f9c05","False"
"assets/high-res/interactive-4k-first32-20261003/run-06-kingdom-20261004-023157/journal.json","10612","7e6158fd8bf180974f7d62dda050d51c6c1788e2462b3aa206ed8722fd0d072f","False"
"assets/high-res/interactive-4k-first32-20261003/run-06-kingdom-20261004-023157/manifest.json","18545","8b12ac02c8f4f1b26d13f62b6cd47656450707f6d8f97a03a71cd1a438c13b47","False"
"assets/high-res/interactive-4k-first32-20261003/run-06-kingdom-20261004-023157/packs/kingdom-terrain-bronze/geometry.json","4721","ed203396a1391e49ce225202f59388060d6bcdfaf3d1fe2321479fbce5b46b35","False"
"assets/high-res/interactive-4k-first32-20261003/run-06-kingdom-20261004-023157/packs/kingdom-terrain-bronze/request_meta.json","1351","008b48672c0c2d15f3e80bdd125a3fbe6f145d9643e5f0886aba689b4819f572","False"
"assets/high-res/interactive-4k-first32-20261003/run-06-kingdom-20261004-023157/packs/kingdom-terrain-bronze/validation.json","1118","75a1e3b9df48c70dd1df1d58fc537f0c8a07b738460854ffb79403ae97ff5bcf","False"
"assets/high-res/interactive-4k-first32-20261003/run-06-kingdom-20261004-023157/packs/kingdom-terrain-future/geometry.json","4721","ed203396a1391e49ce225202f59388060d6bcdfaf3d1fe2321479fbce5b46b35","False"
"assets/high-res/interactive-4k-first32-20261003/run-06-kingdom-20261004-023157/packs/kingdom-terrain-future/request_meta.json","1368","0c68c28c58caeed2f797003cf96c3cc588e9d183060da5d83232c9e260c754c8","False"
"assets/high-res/interactive-4k-first32-20261003/run-06-kingdom-20261004-023157/packs/kingdom-terrain-future/validation.json","1118","c96a84bf4a2130a86b78ed78f74a5506ccb226ca0a3eeb5d796604fd31082838","False"
"assets/high-res/interactive-4k-first32-20261003/run-06-kingdom-20261004-023157/packs/kingdom-terrain-gunpowder/geometry.json","4721","ed203396a1391e49ce225202f59388060d6bcdfaf3d1fe2321479fbce5b46b35","False"
"assets/high-res/interactive-4k-first32-20261003/run-06-kingdom-20261004-023157/packs/kingdom-terrain-gunpowder/request_meta.json","1398","8f9345329e3506b74b39af488aa4bd8c32f513a908baae606a9101440bacd83a","False"
"assets/high-res/interactive-4k-first32-20261003/run-06-kingdom-20261004-023157/packs/kingdom-terrain-gunpowder/validation.json","1127","4f57790d6338bcfeb06b6a3ec0400d85e9bca2cbfe6f2e27e28468c3c811d4ca","False"
"assets/high-res/interactive-4k-first32-20261003/run-06-kingdom-20261004-023157/packs/kingdom-terrain-industrial/geometry.json","4721","ed203396a1391e49ce225202f59388060d6bcdfaf3d1fe2321479fbce5b46b35","False"
"assets/high-res/interactive-4k-first32-20261003/run-06-kingdom-20261004-023157/packs/kingdom-terrain-industrial/request_meta.json","1380","74d4fbc4ae32686861baf8e73bc90c3db48aa8e4f3fc1c11a227c5c2a5f49e3b","False"
"assets/high-res/interactive-4k-first32-20261003/run-06-kingdom-20261004-023157/packs/kingdom-terrain-industrial/validation.json","1130","dbfc99e44681f1cf4a9d03bd5050a9ac8df386902539668a88b8b84408e9d3c5","False"
"assets/high-res/interactive-4k-first32-20261003/run-06-kingdom-20261004-023157/packs/kingdom-terrain-iron/geometry.json","4721","ed203396a1391e49ce225202f59388060d6bcdfaf3d1fe2321479fbce5b46b35","False"
"assets/high-res/interactive-4k-first32-20261003/run-06-kingdom-20261004-023157/packs/kingdom-terrain-iron/request_meta.json","1354","613ef01b50bfdba0b9486d3503f90118700f391e2fabfc9bf14c671fed0c4d21","False"
"assets/high-res/interactive-4k-first32-20261003/run-06-kingdom-20261004-023157/packs/kingdom-terrain-iron/validation.json","1112","e18fa4667637c34fb42e2f7597451af561d422f003f685ae2ddf27ddecc0370d","False"
"assets/high-res/interactive-4k-first32-20261003/run-06-kingdom-20261004-023157/packs/kingdom-terrain-medieval/geometry.json","4721","ed203396a1391e49ce225202f59388060d6bcdfaf3d1fe2321479fbce5b46b35","False"
"assets/high-res/interactive-4k-first32-20261003/run-06-kingdom-20261004-023157/packs/kingdom-terrain-medieval/request_meta.json","1361","d459c93b23f7386fbb90049a676d882fa7863f670fd5a3ff00d9912c5b0d24ec","False"
"assets/high-res/interactive-4k-first32-20261003/run-06-kingdom-20261004-023157/packs/kingdom-terrain-medieval/validation.json","1124","208f63e88cba1ba71a948714c1ae8a4bff637ec1c51a7237fda0665e0ed8a5c3","False"
"assets/high-res/interactive-4k-first32-20261003/run-06-kingdom-20261004-023157/packs/kingdom-terrain-modern/geometry.json","4721","ed203396a1391e49ce225202f59388060d6bcdfaf3d1fe2321479fbce5b46b35","False"
"assets/high-res/interactive-4k-first32-20261003/run-06-kingdom-20261004-023157/packs/kingdom-terrain-modern/request_meta.json","1358","b874d21da5f6dcb5568a5f1179cc53d8f4d2089ff02d31da91f507c1c051979e","False"
"assets/high-res/interactive-4k-first32-20261003/run-06-kingdom-20261004-023157/packs/kingdom-terrain-modern/validation.json","1118","e70b87e013db0dfe9570ff6e42851633215b6c4580b55618d11cf01d85c64bfe","False"
"assets/high-res/interactive-4k-first32-20261003/run-06-kingdom-20261004-023157/packs/kingdom-terrain-stone/geometry.json","4721","ed203396a1391e49ce225202f59388060d6bcdfaf3d1fe2321479fbce5b46b35","False"
"assets/high-res/interactive-4k-first32-20261003/run-06-kingdom-20261004-023157/packs/kingdom-terrain-stone/request_meta.json","1369","90284a59bc086b7580655aaeb57216c29ccb1e95a22ec1e6a35a8fa0f0fc0f73","False"
"assets/high-res/interactive-4k-first32-20261003/run-06-kingdom-20261004-023157/packs/kingdom-terrain-stone/validation.json","1115","afe37915e4b7c7e6428d93ce76716d01b4e3a392e2be7057c206ee34927e1adc","False"
"assets/high-res/interactive-4k-first32-20261003/run-06-kingdom-20261004-023224/journal.json","10612","6fe8fc9efc5444c24f19898c49a99ebca1dcd243c529e945f2a9d8af1caac5ed","False"
"assets/high-res/interactive-4k-first32-20261003/run-06-kingdom-20261004-023224/manifest.json","18545","7adf698671a691877def4eab34de73f5f1feb28e17c9e4bd97727591cb3ed0a7","False"
"assets/high-res/interactive-4k-first32-20261003/run-06-kingdom-20261004-023224/packs/kingdom-terrain-bronze/geometry.json","4721","ed203396a1391e49ce225202f59388060d6bcdfaf3d1fe2321479fbce5b46b35","False"
"assets/high-res/interactive-4k-first32-20261003/run-06-kingdom-20261004-023224/packs/kingdom-terrain-bronze/request_meta.json","1351","008b48672c0c2d15f3e80bdd125a3fbe6f145d9643e5f0886aba689b4819f572","False"
"assets/high-res/interactive-4k-first32-20261003/run-06-kingdom-20261004-023224/packs/kingdom-terrain-bronze/validation.json","1118","75a1e3b9df48c70dd1df1d58fc537f0c8a07b738460854ffb79403ae97ff5bcf","False"
"assets/high-res/interactive-4k-first32-20261003/run-06-kingdom-20261004-023224/packs/kingdom-terrain-future/geometry.json","4721","ed203396a1391e49ce225202f59388060d6bcdfaf3d1fe2321479fbce5b46b35","False"
"assets/high-res/interactive-4k-first32-20261003/run-06-kingdom-20261004-023224/packs/kingdom-terrain-future/request_meta.json","1368","0c68c28c58caeed2f797003cf96c3cc588e9d183060da5d83232c9e260c754c8","False"
"assets/high-res/interactive-4k-first32-20261003/run-06-kingdom-20261004-023224/packs/kingdom-terrain-future/validation.json","1118","c96a84bf4a2130a86b78ed78f74a5506ccb226ca0a3eeb5d796604fd31082838","False"
"assets/high-res/interactive-4k-first32-20261003/run-06-kingdom-20261004-023224/packs/kingdom-terrain-gunpowder/geometry.json","4721","ed203396a1391e49ce225202f59388060d6bcdfaf3d1fe2321479fbce5b46b35","False"
"assets/high-res/interactive-4k-first32-20261003/run-06-kingdom-20261004-023224/packs/kingdom-terrain-gunpowder/request_meta.json","1398","8f9345329e3506b74b39af488aa4bd8c32f513a908baae606a9101440bacd83a","False"
"assets/high-res/interactive-4k-first32-20261003/run-06-kingdom-20261004-023224/packs/kingdom-terrain-gunpowder/validation.json","1127","4f57790d6338bcfeb06b6a3ec0400d85e9bca2cbfe6f2e27e28468c3c811d4ca","False"
"assets/high-res/interactive-4k-first32-20261003/run-06-kingdom-20261004-023224/packs/kingdom-terrain-industrial/geometry.json","4721","ed203396a1391e49ce225202f59388060d6bcdfaf3d1fe2321479fbce5b46b35","False"
"assets/high-res/interactive-4k-first32-20261003/run-06-kingdom-20261004-023224/packs/kingdom-terrain-industrial/request_meta.json","1380","74d4fbc4ae32686861baf8e73bc90c3db48aa8e4f3fc1c11a227c5c2a5f49e3b","False"
"assets/high-res/interactive-4k-first32-20261003/run-06-kingdom-20261004-023224/packs/kingdom-terrain-industrial/validation.json","1130","dbfc99e44681f1cf4a9d03bd5050a9ac8df386902539668a88b8b84408e9d3c5","False"
"assets/high-res/interactive-4k-first32-20261003/run-06-kingdom-20261004-023224/packs/kingdom-terrain-iron/geometry.json","4721","ed203396a1391e49ce225202f59388060d6bcdfaf3d1fe2321479fbce5b46b35","False"
"assets/high-res/interactive-4k-first32-20261003/run-06-kingdom-20261004-023224/packs/kingdom-terrain-iron/request_meta.json","1354","613ef01b50bfdba0b9486d3503f90118700f391e2fabfc9bf14c671fed0c4d21","False"
"assets/high-res/interactive-4k-first32-20261003/run-06-kingdom-20261004-023224/packs/kingdom-terrain-iron/validation.json","1112","e18fa4667637c34fb42e2f7597451af561d422f003f685ae2ddf27ddecc0370d","False"
"assets/high-res/interactive-4k-first32-20261003/run-06-kingdom-20261004-023224/packs/kingdom-terrain-medieval/geometry.json","4721","ed203396a1391e49ce225202f59388060d6bcdfaf3d1fe2321479fbce5b46b35","False"
"assets/high-res/interactive-4k-first32-20261003/run-06-kingdom-20261004-023224/packs/kingdom-terrain-medieval/request_meta.json","1361","d459c93b23f7386fbb90049a676d882fa7863f670fd5a3ff00d9912c5b0d24ec","False"
"assets/high-res/interactive-4k-first32-20261003/run-06-kingdom-20261004-023224/packs/kingdom-terrain-medieval/validation.json","1124","208f63e88cba1ba71a948714c1ae8a4bff637ec1c51a7237fda0665e0ed8a5c3","False"
"assets/high-res/interactive-4k-first32-20261003/run-06-kingdom-20261004-023224/packs/kingdom-terrain-modern/geometry.json","4721","ed203396a1391e49ce225202f59388060d6bcdfaf3d1fe2321479fbce5b46b35","False"
"assets/high-res/interactive-4k-first32-20261003/run-06-kingdom-20261004-023224/packs/kingdom-terrain-modern/request_meta.json","1358","b874d21da5f6dcb5568a5f1179cc53d8f4d2089ff02d31da91f507c1c051979e","False"
"assets/high-res/interactive-4k-first32-20261003/run-06-kingdom-20261004-023224/packs/kingdom-terrain-modern/validation.json","1118","e70b87e013db0dfe9570ff6e42851633215b6c4580b55618d11cf01d85c64bfe","False"
"assets/high-res/interactive-4k-first32-20261003/run-06-kingdom-20261004-023224/packs/kingdom-terrain-stone/geometry.json","4721","ed203396a1391e49ce225202f59388060d6bcdfaf3d1fe2321479fbce5b46b35","False"
"assets/high-res/interactive-4k-first32-20261003/run-06-kingdom-20261004-023224/packs/kingdom-terrain-stone/request_meta.json","1369","90284a59bc086b7580655aaeb57216c29ccb1e95a22ec1e6a35a8fa0f0fc0f73","False"
"assets/high-res/interactive-4k-first32-20261003/run-06-kingdom-20261004-023224/packs/kingdom-terrain-stone/validation.json","1115","afe37915e4b7c7e6428d93ce76716d01b4e3a392e2be7057c206ee34927e1adc","False"
"assets/high-res/interactive-4k-first32-20261003/run-06-kingdom-20261004-023321/journal.json","20037","d8b70a2b91465dddf15a52c4de85e1ac1f39781f8bdd681aec66f03420de9f49","False"
"assets/high-res/interactive-4k-first32-20261003/run-06-kingdom-20261004-023321/manifest.json","20601","ad34cc146f23e12eac34cc26ed8bf7dd4918bf22b744e37c7b62c40dddb28b59","False"
"assets/high-res/interactive-4k-first32-20261003/run-06-kingdom-20261004-023321/packs/kingdom-terrain-bronze/base.png","2065571","5d5b0fd70ab773d99192181ed8bc9bdd5b9f427565bc89cc91b7b8969cee4011","False"
"assets/high-res/interactive-4k-first32-20261003/run-06-kingdom-20261004-023321/packs/kingdom-terrain-bronze/geometry.json","4721","ed203396a1391e49ce225202f59388060d6bcdfaf3d1fe2321479fbce5b46b35","False"
"assets/high-res/interactive-4k-first32-20261003/run-06-kingdom-20261004-023321/packs/kingdom-terrain-bronze/guide.png","32422","132c25a97b0a12088add088b3d6aad21175cc8cf8724cedec7d33140315f89d9","False"
"assets/high-res/interactive-4k-first32-20261003/run-06-kingdom-20261004-023321/packs/kingdom-terrain-bronze/mask_change.png","6576","6ca6b956a7aeca0b54102f2519a8b247f4ca43452b584b7c10c2a15f4c8fdd5c","False"
"assets/high-res/interactive-4k-first32-20261003/run-06-kingdom-20261004-023321/packs/kingdom-terrain-bronze/mask_keep.png","7618","f49aea34feb8a7d16aeaa771068836a2462e6b9c82b27c2c54f51bb0ff8a70c8","False"
"assets/high-res/interactive-4k-first32-20261003/run-06-kingdom-20261004-023321/packs/kingdom-terrain-bronze/output.png","24378150","0312c0dc67638cf75e090f27d89a6d0a0afa3b180da666288d4123f2ff59bf71","False"
"assets/high-res/interactive-4k-first32-20261003/run-06-kingdom-20261004-023321/packs/kingdom-terrain-bronze/request_meta.json","1338","a42907211091d49888e2f18a277c7ea8413e1f0c9903016ea962af6057179ef9","False"
"assets/high-res/interactive-4k-first32-20261003/run-06-kingdom-20261004-023321/packs/kingdom-terrain-bronze/response_compact.json","1561","0f0aba42584eadc1074e62e15d2fe0f50bfae0223b05726ec3ae385a7ea6e925","False"
"assets/high-res/interactive-4k-first32-20261003/run-06-kingdom-20261004-023321/packs/kingdom-terrain-bronze/validation.json","1118","75a1e3b9df48c70dd1df1d58fc537f0c8a07b738460854ffb79403ae97ff5bcf","False"
"assets/high-res/interactive-4k-first32-20261003/run-06-kingdom-20261004-023321/packs/kingdom-terrain-future/base.png","2102032","ba240f031101f735001da2735d3562bb159adba3f66545f08743b11b7524da96","False"
"assets/high-res/interactive-4k-first32-20261003/run-06-kingdom-20261004-023321/packs/kingdom-terrain-future/geometry.json","4721","ed203396a1391e49ce225202f59388060d6bcdfaf3d1fe2321479fbce5b46b35","False"
"assets/high-res/interactive-4k-first32-20261003/run-06-kingdom-20261004-023321/packs/kingdom-terrain-future/guide.png","32422","132c25a97b0a12088add088b3d6aad21175cc8cf8724cedec7d33140315f89d9","False"
"assets/high-res/interactive-4k-first32-20261003/run-06-kingdom-20261004-023321/packs/kingdom-terrain-future/mask_change.png","6576","6ca6b956a7aeca0b54102f2519a8b247f4ca43452b584b7c10c2a15f4c8fdd5c","False"
"assets/high-res/interactive-4k-first32-20261003/run-06-kingdom-20261004-023321/packs/kingdom-terrain-future/mask_keep.png","7618","f49aea34feb8a7d16aeaa771068836a2462e6b9c82b27c2c54f51bb0ff8a70c8","False"
"assets/high-res/interactive-4k-first32-20261003/run-06-kingdom-20261004-023321/packs/kingdom-terrain-future/output.png","24878620","ea3dd0083f27dcbf8e641b1aad8c0d2450e7944e378c41d5da2e4fc936a33153","False"
"assets/high-res/interactive-4k-first32-20261003/run-06-kingdom-20261004-023321/packs/kingdom-terrain-future/request_meta.json","1355","a7d7b1a917f097b19e11da47bdf8eb1ac5d12a1ebc3428a8d42fe0a915aa5d80","False"
"assets/high-res/interactive-4k-first32-20261003/run-06-kingdom-20261004-023321/packs/kingdom-terrain-future/response_compact.json","1561","4293ac49ea463c8bf5feb7f4faeec281a29e47f8f0835e53bebb39ce5ebf96b2","False"
"assets/high-res/interactive-4k-first32-20261003/run-06-kingdom-20261004-023321/packs/kingdom-terrain-future/validation.json","1118","c96a84bf4a2130a86b78ed78f74a5506ccb226ca0a3eeb5d796604fd31082838","False"
"assets/high-res/interactive-4k-first32-20261003/run-06-kingdom-20261004-023321/packs/kingdom-terrain-gunpowder/base.png","2161780","761476cb7690dd65d778e6604211ee6a656652b71be6ae6e2a21e92c1cd463d7","False"
"assets/high-res/interactive-4k-first32-20261003/run-06-kingdom-20261004-023321/packs/kingdom-terrain-gunpowder/geometry.json","4721","ed203396a1391e49ce225202f59388060d6bcdfaf3d1fe2321479fbce5b46b35","False"
"assets/high-res/interactive-4k-first32-20261003/run-06-kingdom-20261004-023321/packs/kingdom-terrain-gunpowder/guide.png","32422","132c25a97b0a12088add088b3d6aad21175cc8cf8724cedec7d33140315f89d9","False"
"assets/high-res/interactive-4k-first32-20261003/run-06-kingdom-20261004-023321/packs/kingdom-terrain-gunpowder/mask_change.png","6576","6ca6b956a7aeca0b54102f2519a8b247f4ca43452b584b7c10c2a15f4c8fdd5c","False"
"assets/high-res/interactive-4k-first32-20261003/run-06-kingdom-20261004-023321/packs/kingdom-terrain-gunpowder/mask_keep.png","7618","f49aea34feb8a7d16aeaa771068836a2462e6b9c82b27c2c54f51bb0ff8a70c8","False"
"assets/high-res/interactive-4k-first32-20261003/run-06-kingdom-20261004-023321/packs/kingdom-terrain-gunpowder/output.png","25296275","b4564a2a28440069aec1febaf663e5eb56166ddcd0f81cc072dfe2caf827d390","False"
"assets/high-res/interactive-4k-first32-20261003/run-06-kingdom-20261004-023321/packs/kingdom-terrain-gunpowder/request_meta.json","1382","313ba6bb918d7683fdb03b13a3ed8349f6dd9eb69c31bc394c492aec5064c156","False"
"assets/high-res/interactive-4k-first32-20261003/run-06-kingdom-20261004-023321/packs/kingdom-terrain-gunpowder/response_compact.json","1567","a325a6e52e4a164e7d41bccfca151297d9fbb498a72a65396c8fc29495e4a7b0","False"
"assets/high-res/interactive-4k-first32-20261003/run-06-kingdom-20261004-023321/packs/kingdom-terrain-gunpowder/validation.json","1127","4f57790d6338bcfeb06b6a3ec0400d85e9bca2cbfe6f2e27e28468c3c811d4ca","False"
"assets/high-res/interactive-4k-first32-20261003/run-06-kingdom-20261004-023321/packs/kingdom-terrain-industrial/base.png","2204521","cd90b61f50f922d8059304a950c3cd49469022e20ffcab3b9616a044d5f3d32f","False"
"assets/high-res/interactive-4k-first32-20261003/run-06-kingdom-20261004-023321/packs/kingdom-terrain-industrial/geometry.json","4721","ed203396a1391e49ce225202f59388060d6bcdfaf3d1fe2321479fbce5b46b35","False"
"assets/high-res/interactive-4k-first32-20261003/run-06-kingdom-20261004-023321/packs/kingdom-terrain-industrial/guide.png","32422","132c25a97b0a12088add088b3d6aad21175cc8cf8724cedec7d33140315f89d9","False"
"assets/high-res/interactive-4k-first32-20261003/run-06-kingdom-20261004-023321/packs/kingdom-terrain-industrial/mask_change.png","6576","6ca6b956a7aeca0b54102f2519a8b247f4ca43452b584b7c10c2a15f4c8fdd5c","False"
"assets/high-res/interactive-4k-first32-20261003/run-06-kingdom-20261004-023321/packs/kingdom-terrain-industrial/mask_keep.png","7618","f49aea34feb8a7d16aeaa771068836a2462e6b9c82b27c2c54f51bb0ff8a70c8","False"
"assets/high-res/interactive-4k-first32-20261003/run-06-kingdom-20261004-023321/packs/kingdom-terrain-industrial/output.png","25644044","b8d44f3d7be8161b49e48a4853af399d87c52457c76ce202cc7cc1d4a31274c1","False"
"assets/high-res/interactive-4k-first32-20261003/run-06-kingdom-20261004-023321/packs/kingdom-terrain-industrial/request_meta.json","1363","2d1e4f5b869913e8c278c0b02b8da4b0b693235632c89622750a9310ab3b40da","False"
"assets/high-res/interactive-4k-first32-20261003/run-06-kingdom-20261004-023321/packs/kingdom-terrain-industrial/response_compact.json","1569","43a5ee87ed93b77268330c6d53f6727f1c1f55580bd5ea4427f66e5873aa7b45","False"
"assets/high-res/interactive-4k-first32-20261003/run-06-kingdom-20261004-023321/packs/kingdom-terrain-industrial/validation.json","1130","dbfc99e44681f1cf4a9d03bd5050a9ac8df386902539668a88b8b84408e9d3c5","False"
"assets/high-res/interactive-4k-first32-20261003/run-06-kingdom-20261004-023321/packs/kingdom-terrain-iron/base.png","2252494","7f92eb9deaa185fabbf80d098389b5d348adf61c533fd57e6c29d7b7bdce9245","False"
"assets/high-res/interactive-4k-first32-20261003/run-06-kingdom-20261004-023321/packs/kingdom-terrain-iron/geometry.json","4721","ed203396a1391e49ce225202f59388060d6bcdfaf3d1fe2321479fbce5b46b35","False"
"assets/high-res/interactive-4k-first32-20261003/run-06-kingdom-20261004-023321/packs/kingdom-terrain-iron/guide.png","32422","132c25a97b0a12088add088b3d6aad21175cc8cf8724cedec7d33140315f89d9","False"
"assets/high-res/interactive-4k-first32-20261003/run-06-kingdom-20261004-023321/packs/kingdom-terrain-iron/mask_change.png","6576","6ca6b956a7aeca0b54102f2519a8b247f4ca43452b584b7c10c2a15f4c8fdd5c","False"
"assets/high-res/interactive-4k-first32-20261003/run-06-kingdom-20261004-023321/packs/kingdom-terrain-iron/mask_keep.png","7618","f49aea34feb8a7d16aeaa771068836a2462e6b9c82b27c2c54f51bb0ff8a70c8","False"
"assets/high-res/interactive-4k-first32-20261003/run-06-kingdom-20261004-023321/packs/kingdom-terrain-iron/output.png","26532120","b007e856c9af75ce6fa44656af8fbf6b530487aa0bcb46f04fab3aa36c92d709","False"
"assets/high-res/interactive-4k-first32-20261003/run-06-kingdom-20261004-023321/packs/kingdom-terrain-iron/request_meta.json","1343","797155a4294fea0a3954b8905a6da4ab45a2797ea69d1c9cabb38ca167650a48","False"
"assets/high-res/interactive-4k-first32-20261003/run-06-kingdom-20261004-023321/packs/kingdom-terrain-iron/response_compact.json","1557","aab22dae4781c6cfdd84ec4286716ca58eae73cbf6434e415e8dbe9199626675","False"
"assets/high-res/interactive-4k-first32-20261003/run-06-kingdom-20261004-023321/packs/kingdom-terrain-iron/validation.json","1112","e18fa4667637c34fb42e2f7597451af561d422f003f685ae2ddf27ddecc0370d","False"
"assets/high-res/interactive-4k-first32-20261003/run-06-kingdom-20261004-023321/packs/kingdom-terrain-medieval/base.png","2137222","24b859be3061f1bb320b742e907a47b0625970850fe7efe147a20b69233b652d","False"
"assets/high-res/interactive-4k-first32-20261003/run-06-kingdom-20261004-023321/packs/kingdom-terrain-medieval/geometry.json","4721","ed203396a1391e49ce225202f59388060d6bcdfaf3d1fe2321479fbce5b46b35","False"
"assets/high-res/interactive-4k-first32-20261003/run-06-kingdom-20261004-023321/packs/kingdom-terrain-medieval/guide.png","32422","132c25a97b0a12088add088b3d6aad21175cc8cf8724cedec7d33140315f89d9","False"
"assets/high-res/interactive-4k-first32-20261003/run-06-kingdom-20261004-023321/packs/kingdom-terrain-medieval/mask_change.png","6576","6ca6b956a7aeca0b54102f2519a8b247f4ca43452b584b7c10c2a15f4c8fdd5c","False"
"assets/high-res/interactive-4k-first32-20261003/run-06-kingdom-20261004-023321/packs/kingdom-terrain-medieval/mask_keep.png","7618","f49aea34feb8a7d16aeaa771068836a2462e6b9c82b27c2c54f51bb0ff8a70c8","False"
"assets/high-res/interactive-4k-first32-20261003/run-06-kingdom-20261004-023321/packs/kingdom-terrain-medieval/output.png","26119965","56cf0629ff12a0f251d15a9a86a1995b15c3b781668ef809f2ffcbe7a81f719d","False"
"assets/high-res/interactive-4k-first32-20261003/run-06-kingdom-20261004-023321/packs/kingdom-terrain-medieval/request_meta.json","1346","e0152cd4d67726d607ae2ae7c9c2555f4210347364feeb898e9514d9e6a7a0a1","False"
"assets/high-res/interactive-4k-first32-20261003/run-06-kingdom-20261004-023321/packs/kingdom-terrain-medieval/response_compact.json","1565","8445469eb22e90ff14adfa82fa6faf20fee438e953863dc4a5c1f3ecf535f345","False"
"assets/high-res/interactive-4k-first32-20261003/run-06-kingdom-20261004-023321/packs/kingdom-terrain-medieval/validation.json","1124","208f63e88cba1ba71a948714c1ae8a4bff637ec1c51a7237fda0665e0ed8a5c3","False"
"assets/high-res/interactive-4k-first32-20261003/run-06-kingdom-20261004-023321/packs/kingdom-terrain-modern/base.png","2267129","9dfd6cb024b9957a8729f5f2f7f364ccac9d5aa531bef2330356c11d6a215d50","False"
"assets/high-res/interactive-4k-first32-20261003/run-06-kingdom-20261004-023321/packs/kingdom-terrain-modern/geometry.json","4721","ed203396a1391e49ce225202f59388060d6bcdfaf3d1fe2321479fbce5b46b35","False"
"assets/high-res/interactive-4k-first32-20261003/run-06-kingdom-20261004-023321/packs/kingdom-terrain-modern/guide.png","32422","132c25a97b0a12088add088b3d6aad21175cc8cf8724cedec7d33140315f89d9","False"
"assets/high-res/interactive-4k-first32-20261003/run-06-kingdom-20261004-023321/packs/kingdom-terrain-modern/mask_change.png","6576","6ca6b956a7aeca0b54102f2519a8b247f4ca43452b584b7c10c2a15f4c8fdd5c","False"
"assets/high-res/interactive-4k-first32-20261003/run-06-kingdom-20261004-023321/packs/kingdom-terrain-modern/mask_keep.png","7618","f49aea34feb8a7d16aeaa771068836a2462e6b9c82b27c2c54f51bb0ff8a70c8","False"
"assets/high-res/interactive-4k-first32-20261003/run-06-kingdom-20261004-023321/packs/kingdom-terrain-modern/output.png","25907134","606d04fc98640fa6644b8dec4f420987cd9455b70f44a795802d69f09afaa29c","False"
"assets/high-res/interactive-4k-first32-20261003/run-06-kingdom-20261004-023321/packs/kingdom-terrain-modern/request_meta.json","1345","67f30d5822a07cbb1f0ffcffff27fe25954d2a66356dc06cf7adf9f6ba9a74ac","False"
"assets/high-res/interactive-4k-first32-20261003/run-06-kingdom-20261004-023321/packs/kingdom-terrain-modern/response_compact.json","1561","81bd0dcbedabbd09e7166a9ecc3aede8e04fcf307514dea8141e0aacbb097ace","False"
"assets/high-res/interactive-4k-first32-20261003/run-06-kingdom-20261004-023321/packs/kingdom-terrain-modern/validation.json","1118","e70b87e013db0dfe9570ff6e42851633215b6c4580b55618d11cf01d85c64bfe","False"
"assets/high-res/interactive-4k-first32-20261003/run-06-kingdom-20261004-023321/packs/kingdom-terrain-stone/base.png","2017015","05e40f4462ebb7dadbe85dead60b78e2967d9be53b8b75ef6cb12b4309268049","False"
"assets/high-res/interactive-4k-first32-20261003/run-06-kingdom-20261004-023321/packs/kingdom-terrain-stone/geometry.json","4721","ed203396a1391e49ce225202f59388060d6bcdfaf3d1fe2321479fbce5b46b35","False"
"assets/high-res/interactive-4k-first32-20261003/run-06-kingdom-20261004-023321/packs/kingdom-terrain-stone/guide.png","32422","132c25a97b0a12088add088b3d6aad21175cc8cf8724cedec7d33140315f89d9","False"
"assets/high-res/interactive-4k-first32-20261003/run-06-kingdom-20261004-023321/packs/kingdom-terrain-stone/mask_change.png","6576","6ca6b956a7aeca0b54102f2519a8b247f4ca43452b584b7c10c2a15f4c8fdd5c","False"
"assets/high-res/interactive-4k-first32-20261003/run-06-kingdom-20261004-023321/packs/kingdom-terrain-stone/mask_keep.png","7618","f49aea34feb8a7d16aeaa771068836a2462e6b9c82b27c2c54f51bb0ff8a70c8","False"
"assets/high-res/interactive-4k-first32-20261003/run-06-kingdom-20261004-023321/packs/kingdom-terrain-stone/output.png","24644276","a32475f5756d16f510887cd145495a7bfaefe043473d257428ecd3f8b9520ae4","False"
"assets/high-res/interactive-4k-first32-20261003/run-06-kingdom-20261004-023321/packs/kingdom-terrain-stone/request_meta.json","1357","81cc092f8b0e582d45c861c8ae05302ab23fbe608d4696fc11645d53c7428d43","False"
"assets/high-res/interactive-4k-first32-20261003/run-06-kingdom-20261004-023321/packs/kingdom-terrain-stone/response_compact.json","1559","31398a98fc1db6765012114640d1fc5f3890b694c7d19db5d93d400a20b5a2a6","False"
"assets/high-res/interactive-4k-first32-20261003/run-06-kingdom-20261004-023321/packs/kingdom-terrain-stone/validation.json","1115","afe37915e4b7c7e6428d93ce76716d01b4e3a392e2be7057c206ee34927e1adc","False"
"assets/high-res/later73-preparation-packs/hero-mount-future-transport/layout_spec.json","308","851260cc0e79e1369114f8bed72ef624a6a836b243382f2b1def58f84d4acdf3","False"
"assets/high-res/later73-preparation-packs/hero-mount-future-transport/output.png","5115378","a825d0858e883a24e5cf2a7d4376be43099baf0a8d76fe5fa74431e7be02467c","False"
"assets/high-res/later73-preparation-packs/hero-mount-future-transport/prompt.txt","491","6eb8656226775650e9e23e1c9333dade01d372538463a7895269c20b238e07e1","False"
"assets/high-res/later73-preparation-packs/hero-mount-future-transport/request_body.json","1656380","b190ee54f5cde1e84cd57f7581356e9cf45d781439a2621a5e365934259d2b13","False"
"assets/high-res/later73-preparation-packs/hero-mount-future-transport/request_meta.json","1989","5373997b2ffd60e682eb7f88642e6fd09e1f6c2be4de2b23310d8bcaef2fae92","False"
"assets/high-res/later73-preparation-packs/hero-mount-future-transport/write_ahead_request.json","542","206aac6f0137f2dde5837f570802874a2fc2ab720e6fe1cb8a57073aa3fd4c55","False"
"assets/high-res/later73-preparation-packs/hero-mount-horse/layout_spec.json","308","851260cc0e79e1369114f8bed72ef624a6a836b243382f2b1def58f84d4acdf3","False"
"assets/high-res/later73-preparation-packs/hero-mount-horse/output.png","5123303","00b2cb4f9c9a2f2e4f8c003c9e6b52dafb2c419aa0011c230393fab7a433ec57","False"
"assets/high-res/later73-preparation-packs/hero-mount-horse/prompt.txt","489","cf1d5ccd254888c0da7cb53b1e754abb41e9fa0ccfa347d78bf395cc00cf75ca","False"
"assets/high-res/later73-preparation-packs/hero-mount-horse/request_body.json","1777098","e7a5a569db21eeda3402cd6c752d69f69d21916ce1afdbbeb826265ff549be75","False"
"assets/high-res/later73-preparation-packs/hero-mount-horse/request_meta.json","1974","3794b2913610ab7d266511495d9224bc2ac1ba61a0486b89dd70adde43e7e9eb","False"
"assets/high-res/later73-preparation-packs/hero-mount-horse/write_ahead_request.json","521","463946bd1ff704ba1ea77e20d415c968804c828811d1df4374ba22f80c6c793f","False"
"assets/high-res/later73-preparation-packs/hero-mount-motor-transport/layout_spec.json","308","851260cc0e79e1369114f8bed72ef624a6a836b243382f2b1def58f84d4acdf3","False"
"assets/high-res/later73-preparation-packs/hero-mount-motor-transport/output.png","5678189","c2320a5de41679072e4aeb6d0c2279cc3704656a2aacc410a00198a063d5dd08","False"
"assets/high-res/later73-preparation-packs/hero-mount-motor-transport/prompt.txt","490","70e623dde4bee229768829c659fb4ebcd8f2495f2752c3012a7340d64d230ed1","False"
"assets/high-res/later73-preparation-packs/hero-mount-motor-transport/request_body.json","1813211","a2f432e48b9aae169cf0dae222d6863642689b12b83794f9363dc55154e81ba5","False"
"assets/high-res/later73-preparation-packs/hero-mount-motor-transport/request_meta.json","1985","775734a4bc925dc86c8e50583e9378a31e7b79c7cd036453a5d9d885a0862609","False"
"assets/high-res/later73-preparation-packs/hero-mount-motor-transport/write_ahead_request.json","541","f5f1b47a8829fbb5169bc1e389b1283161d6ac88c1061b1679bae98ad93f0cc2","False"
"assets/high-res/later73-preparation-packs/knight-mounted-master/layout_spec.json","447","c013e77022b791e394a3b0fcee821e608b1656580a748dcc5994bd70a1dd8621","False"
"assets/high-res/later73-preparation-packs/knight-mounted-master/output.png","6716680","4d324dda996c1feab7832b8d60e5c8fb8ead1e38ec764e1ca82c6c747586afaf","False"
"assets/high-res/later73-preparation-packs/knight-mounted-master/prompt.txt","530","300e94af286b2358941a442e741128d80994c3763dc71440b962dbbe0e4a900c","False"
"assets/high-res/later73-preparation-packs/knight-mounted-master/request_body.json","1792087","4a464654b9d613f673a3184e7714bc156ab5320f357a9ab84cf9cad1d5cee760","False"
"assets/high-res/later73-preparation-packs/knight-mounted-master/request_meta.json","2169","ed6bf48e816e28a63f6439160f400b53674e13a329aa2fc1e1dd97f26c3f98d8","False"
"assets/high-res/later73-preparation-packs/knight-mounted-master/write_ahead_request.json","531","e0d24b5f862fbf7febb6e5ed7eaf995a86d6c5ce70bd3067b068790c39403cb5","False"
"assets/high-res/later73-preparation-packs/portrait-ancient-barbarian/layout_spec.json","308","03a20e8fa68da314af95058749d95db1e75a6b20e6cc6b7fb312262002f85c44","False"
"assets/high-res/later73-preparation-packs/portrait-ancient-barbarian/output.png","5729351","97ebbc00401e02cb1b25151687c9e21ecec03fee4e39639d4d62ac4923979ecf","False"
"assets/high-res/later73-preparation-packs/portrait-ancient-barbarian/prompt.txt","463","61775b9bc87e2bb9f13245ba53b84d4cf7e846cc848ca28a17e5adedff03e83e","False"
"assets/high-res/later73-preparation-packs/portrait-ancient-barbarian/request_body.json","1720240","eaaa4b8d91d88aea84c78cc77d7c8b31e4aeb083c7d48ba13b7105b2c706c9fa","False"
"assets/high-res/later73-preparation-packs/portrait-ancient-barbarian/request_meta.json","1958","a80c8adbcfb1ecf4723101d3935f42cce56b0219678a6be46885308de63af603","False"
"assets/high-res/later73-preparation-packs/portrait-ancient-barbarian/write_ahead_request.json","541","f22a365c0e548cf98e62a5eb4b32cf2ab019e1f526ae5652938f6ae57a0c5f6f","False"
"assets/high-res/later73-preparation-packs/portrait-ancient-healer/layout_spec.json","308","03a20e8fa68da314af95058749d95db1e75a6b20e6cc6b7fb312262002f85c44","False"
"assets/high-res/later73-preparation-packs/portrait-ancient-healer/output.png","6013637","1078e29f0db578e35231b7ff4f0e9f95b40d3ac3d3b1a0ad0bf867e6933b9969","False"
"assets/high-res/later73-preparation-packs/portrait-ancient-healer/prompt.txt","449","67f446c4c6192671549d006a9998f95e803efa493cf6bfa7f5c845f458f3055e","False"
"assets/high-res/later73-preparation-packs/portrait-ancient-healer/request_body.json","2055762","730817dd0824ef960888618739defc91a711914031f41599377676e1449e5f96","False"
"assets/high-res/later73-preparation-packs/portrait-ancient-healer/request_meta.json","1935","139c1dd84c281e6a68a6d248cb8fa51288d23c852ebb8346fe85b299ca231e9f","False"
"assets/high-res/later73-preparation-packs/portrait-ancient-healer/write_ahead_request.json","535","90fcee55e2d3fe574f9fd6e4c92e22f0bdcb65ded7f33721a9f4704b3ff61965","False"
"assets/high-res/later73-preparation-packs/portrait-ancient-mage/layout_spec.json","308","03a20e8fa68da314af95058749d95db1e75a6b20e6cc6b7fb312262002f85c44","False"
"assets/high-res/later73-preparation-packs/portrait-ancient-mage/output.png","6316440","9d1128696562c314c977f8d6e62bcf333ca8afcaa15528d5e5902dddcd355554","False"
"assets/high-res/later73-preparation-packs/portrait-ancient-mage/prompt.txt","458","9bf05e7ae12a6384a5d01b76da8e30b4566dddb345d4b189ba98f27e15433173","False"
"assets/high-res/later73-preparation-packs/portrait-ancient-mage/request_body.json","2022783","b54608d10b9db9fa2ab67d77248c8434c52842dfee6cb5c5d224405b0c66e939","False"
"assets/high-res/later73-preparation-packs/portrait-ancient-mage/request_meta.json","1938","b038b39742d37108048c460504cc8fceef4b5d7f7fe76e844ec44a900b2b5be1","False"
"assets/high-res/later73-preparation-packs/portrait-ancient-mage/write_ahead_request.json","531","02836b1d9da66116d2fc4fb143b120b06988031a2cb92a7d48cedef16180d762","False"
"assets/high-res/later73-preparation-packs/portrait-ancient-necromancer/layout_spec.json","308","03a20e8fa68da314af95058749d95db1e75a6b20e6cc6b7fb312262002f85c44","False"
"assets/high-res/later73-preparation-packs/portrait-ancient-necromancer/output.png","5680119","0f8873c011a861ad9f4588ded83bda0e4fdfc9a782cbd990ffb095f2139dc385","False"
"assets/high-res/later73-preparation-packs/portrait-ancient-necromancer/prompt.txt","457","e4379a9aa6819785552cf5a999eaab977a4d89f5c9432f026691d47273a1bbc1","False"
"assets/high-res/later73-preparation-packs/portrait-ancient-necromancer/request_body.json","1642830","8f8b0d91cc144d00dcf2762d9236cd86992389056c471707e51dd5e471a14e00","False"
"assets/high-res/later73-preparation-packs/portrait-ancient-necromancer/request_meta.json","1958","31a42dd19e45df0f05a6472591a0c66e00a8564a3004c056ac1b814504920cd3","False"
"assets/high-res/later73-preparation-packs/portrait-ancient-necromancer/write_ahead_request.json","545","113072c34997e326f7cb312ec4a54016f000eb8230c4d5fe88062eaa7ccc04a0","False"
"assets/high-res/later73-preparation-packs/portrait-ancient-paladin/layout_spec.json","308","03a20e8fa68da314af95058749d95db1e75a6b20e6cc6b7fb312262002f85c44","False"
"assets/high-res/later73-preparation-packs/portrait-ancient-paladin/output.png","6214428","45f8ba7cb73d88e3ceef7e653e8612f62838ad5aa37b00030aeb211762fff7a9","False"
"assets/high-res/later73-preparation-packs/portrait-ancient-paladin/prompt.txt","457","7d2cba42a843abbb90bc784eda5c6197296e3a2d82e62d447fab4e6d8c9930d9","False"
"assets/high-res/later73-preparation-packs/portrait-ancient-paladin/request_body.json","1889054","8ac9cdc4e7c50a3983d28007aa5845a114221014f88dfd9c6b9e0288a3b3a4ed","False"
"assets/high-res/later73-preparation-packs/portrait-ancient-paladin/request_meta.json","1946","53609ac2dc3ddd6838806ddf83e2c110f3008900ef77ffcdfc40ba225aea8f0c","False"
"assets/high-res/later73-preparation-packs/portrait-ancient-paladin/write_ahead_request.json","537","6b07cc113351d62d69984fbedd1a432193fd0fdaa995e5487cf563c2f18c4dc2","False"
"assets/high-res/later73-preparation-packs/portrait-ancient-ranger/layout_spec.json","308","03a20e8fa68da314af95058749d95db1e75a6b20e6cc6b7fb312262002f85c44","False"
"assets/high-res/later73-preparation-packs/portrait-ancient-ranger/output.png","6120651","f3a32f6682bab256222a4f86bf902e5ee4bd7eac3a743b1443eefdae3917ac62","False"
"assets/high-res/later73-preparation-packs/portrait-ancient-ranger/prompt.txt","477","9de793965f9a06fdf6a8f486306071a441d0c52aa84bf1f65957a9eeb3051c47","False"
"assets/high-res/later73-preparation-packs/portrait-ancient-ranger/request_body.json","1986562","a23ac35f9da759385db7ffe5f66c89f3e273a9b1a805ef5f0ec902da4d053e9a","False"
"assets/high-res/later73-preparation-packs/portrait-ancient-ranger/request_meta.json","1963","dbba90c5537005fedba4183b68f601bafc1252d7cfdfe085a4404ad0c0688c03","False"
"assets/high-res/later73-preparation-packs/portrait-ancient-ranger/write_ahead_request.json","535","52511ec25275ec196b83e67c357139d84206bc11a957752945ab1b90a98ddfe4","False"
"assets/high-res/later73-preparation-packs/portrait-ancient-warlock/layout_spec.json","308","03a20e8fa68da314af95058749d95db1e75a6b20e6cc6b7fb312262002f85c44","False"
"assets/high-res/later73-preparation-packs/portrait-ancient-warlock/output.png","6661548","83e229628bf527f9226c6a1f1763e307bc4025f54c224bbb79a431ed885e7fa7","False"
"assets/high-res/later73-preparation-packs/portrait-ancient-warlock/prompt.txt","463","1f72ab9b353cd5a4c2004c4d97fa85b2184ced8782c5d65be6b3fa5b85032414","False"
"assets/high-res/later73-preparation-packs/portrait-ancient-warlock/request_body.json","3126132","3b82ba9bd9cb3732e0b23c79984ce7eb75630e6b41d26f1237bc2ce9f8ca59af","False"
"assets/high-res/later73-preparation-packs/portrait-ancient-warlock/request_meta.json","1952","cd070421e3bc91c63dc0f130da22deb9adbcc0b5538e04a1483ae5b0ff0f1dee","False"
"assets/high-res/later73-preparation-packs/portrait-ancient-warlock/write_ahead_request.json","537","02ce179081ee1418769ed31251f2230246e0984d181fdfd5507c7456378dca97","False"
"assets/high-res/later73-preparation-packs/portrait-mech-barbarian/layout_spec.json","308","03a20e8fa68da314af95058749d95db1e75a6b20e6cc6b7fb312262002f85c44","False"
"assets/high-res/later73-preparation-packs/portrait-mech-barbarian/output.png","6210877","09eb1b653d189415a50a7903e30c4d0cb6ed2c60c08a0a818f4f4d36ebbf8b77","False"
"assets/high-res/later73-preparation-packs/portrait-mech-barbarian/prompt.txt","453","00f1ca25f416018f1ae681147998a31f4528c287da3197448b49ed7e1b395bb5","False"
"assets/high-res/later73-preparation-packs/portrait-mech-barbarian/request_body.json","1809586","31d926aabb070df951ce19d08e8dbb4cda09895dcc0099b791f060bf5d072783","False"
"assets/high-res/later73-preparation-packs/portrait-mech-barbarian/request_meta.json","1940","97d79d63d2898d188d13d4a54274c9242b582e3a978243036b6729900af2463b","False"
"assets/high-res/later73-preparation-packs/portrait-mech-barbarian/write_ahead_request.json","535","807240751d07c659e3170a926d6b9e53cf0c6a22e1d2a273a6b8039581cc7523","False"
"assets/high-res/later73-preparation-packs/portrait-mech-healer/layout_spec.json","308","03a20e8fa68da314af95058749d95db1e75a6b20e6cc6b7fb312262002f85c44","False"
"assets/high-res/later73-preparation-packs/portrait-mech-healer/output.png","6190854","db1900ee39e8cc0e1ff6d56ad902be8e3b373b07bc9ee462a60fa142ff29d500","False"
"assets/high-res/later73-preparation-packs/portrait-mech-healer/prompt.txt","447","434692d0381d8aa09f5c26d2081c9412f0752581f50b58c59bd8fa4ca3b3c601","False"
"assets/high-res/later73-preparation-packs/portrait-mech-healer/request_body.json","1643820","50fbc67956355c476e7384d5b2df367175a27b1045fb3dbae9be826e3d80dd0a","False"
"assets/high-res/later73-preparation-packs/portrait-mech-healer/request_meta.json","1925","147faafc239f5187bae3c1d2cba4f28bb47267c0484dd004436e88fd4978481a","False"
"assets/high-res/later73-preparation-packs/portrait-mech-healer/write_ahead_request.json","529","40399a4099d96b47f413da7d5868f37f2ffd546cfe962465d67246de6e8af31d","False"
"assets/high-res/later73-preparation-packs/portrait-mech-knight/layout_spec.json","308","03a20e8fa68da314af95058749d95db1e75a6b20e6cc6b7fb312262002f85c44","False"
"assets/high-res/later73-preparation-packs/portrait-mech-knight/output.png","6385154","196412b892a0cabd24a4893d5b0043114e6d936bb7068d69015b00cdef4e4a2f","False"
"assets/high-res/later73-preparation-packs/portrait-mech-knight/prompt.txt","456","d680fa2ce367dea5080d12ae59f74a3527d7b43b9693a6a86715e49df61584b2","False"
"assets/high-res/later73-preparation-packs/portrait-mech-knight/request_body.json","1743137","2918a21c9196f6452f0c0152992d94d5c14344e4cc46390015503935c59d226c","False"
"assets/high-res/later73-preparation-packs/portrait-mech-knight/request_meta.json","1934","26ed1c55cb14685565603cdb1e2875565e5f57d69a049b61eb30a9bd55fe2b3a","False"
"assets/high-res/later73-preparation-packs/portrait-mech-knight/write_ahead_request.json","529","093ebfcd6d3ae9c64e807355f04ed223be9de811a5f70d88291c50750911f71e","False"
"assets/high-res/later73-preparation-packs/portrait-mech-mage/layout_spec.json","308","03a20e8fa68da314af95058749d95db1e75a6b20e6cc6b7fb312262002f85c44","False"
"assets/high-res/later73-preparation-packs/portrait-mech-mage/output.png","5955949","58060a38aadcf53613fd05b4bdd4f72c28a67e55917029667765700f5ad3b5d4","False"
"assets/high-res/later73-preparation-packs/portrait-mech-mage/prompt.txt","440","a78995d3a8c5e957d1d4a2275276e9c1cdcd864b8ea0fffa1c105eddddc85fa1","False"
"assets/high-res/later73-preparation-packs/portrait-mech-mage/request_body.json","1685137","22a7cdee9e71d69086255d0ba8b57bae0fe17e15b3dbc04ad61a7d29a7f934eb","False"
"assets/high-res/later73-preparation-packs/portrait-mech-mage/request_meta.json","1912","cd669750f573879cdbaa4d11c291ff1b1921248f7e1b7b5c494599225f0d46bb","False"
"assets/high-res/later73-preparation-packs/portrait-mech-mage/write_ahead_request.json","525","c90625c8871693d735e4e8cc20011ff46a9a43013276a77fba5c807b5f7a8c1c","False"
"assets/high-res/later73-preparation-packs/portrait-mech-necromancer/layout_spec.json","308","03a20e8fa68da314af95058749d95db1e75a6b20e6cc6b7fb312262002f85c44","False"
"assets/high-res/later73-preparation-packs/portrait-mech-necromancer/output.png","6302913","f6189720291b817eece9b4450cef76a65bcc5fb1026efe858208ab39277a3652","False"
"assets/high-res/later73-preparation-packs/portrait-mech-necromancer/prompt.txt","442","61d0e431a4523f7d6e594352e1e62a5ba6e99f6632b4b1993257d0602c0e157a","False"
"assets/high-res/later73-preparation-packs/portrait-mech-necromancer/request_body.json","1886031","87a41308d2004b04b5cc5f4712110db29f23f7e92c8966a7367b35511d4db3d4","False"
"assets/high-res/later73-preparation-packs/portrait-mech-necromancer/request_meta.json","1935","a6a6a500fc4b8df74566d2d49e1c6cd3f08f31e96d1c7c1e60cac8c6b78c16c9","False"
"assets/high-res/later73-preparation-packs/portrait-mech-necromancer/write_ahead_request.json","539","0a06e6e739cd4cab9206df129d0d7c17c4e541b7b8129e9a3792423c3ae827f9","False"
"assets/high-res/later73-preparation-packs/portrait-mech-paladin/layout_spec.json","308","03a20e8fa68da314af95058749d95db1e75a6b20e6cc6b7fb312262002f85c44","False"
"assets/high-res/later73-preparation-packs/portrait-mech-paladin/output.png","6565762","41a8c510fa8c5a5fd8ac7386ce800a57edb809bea6f438eb37e69ce680afc6f0","False"
"assets/high-res/later73-preparation-packs/portrait-mech-paladin/prompt.txt","442","62cae52421c1164f1dc04f1a6260af60fd53b42d8028b161b1e433c1e6f50fd2","False"
"assets/high-res/later73-preparation-packs/portrait-mech-paladin/request_body.json","1706491","03b2173c72caf00d440a78d183435e874f6caf774b5bb0c61f23629fc6603949","False"
"assets/high-res/later73-preparation-packs/portrait-mech-paladin/request_meta.json","1923","f7e550db435c6a17abb43a8c3391ccbaeb7e057b576d8e4a9934514f92843073","False"
"assets/high-res/later73-preparation-packs/portrait-mech-paladin/write_ahead_request.json","531","a5c60473a0bccb71e37242a207042156b197dd795d6c424ce5e58b9513983469","False"
"assets/high-res/later73-preparation-packs/portrait-mech-ranger/layout_spec.json","308","03a20e8fa68da314af95058749d95db1e75a6b20e6cc6b7fb312262002f85c44","False"
"assets/high-res/later73-preparation-packs/portrait-mech-ranger/output.png","5611608","967a25538e94f755ae056751fa63642126c73ad8465410a5244cc67bb5db794c","False"
"assets/high-res/later73-preparation-packs/portrait-mech-ranger/prompt.txt","436","692c8cafdd80be92539aca1ff3895a12899b3574dcc4995d7ec827d006383189","False"
"assets/high-res/later73-preparation-packs/portrait-mech-ranger/request_body.json","1595877","12761fa6b058907fb435d7a5897560781c890dd1dcf35a72d736038edff18cf5","False"
"assets/high-res/later73-preparation-packs/portrait-mech-ranger/request_meta.json","1914","694edee39f22ee6a2e30baeabd171830279bc225bb60b9b87ebb6f18f6e0636a","False"
"assets/high-res/later73-preparation-packs/portrait-mech-ranger/write_ahead_request.json","529","f6a8b61f5db44f4accad8c55e82708295e8928ff52fc259d7a856eb8bc25537f","False"
"assets/high-res/later73-preparation-packs/portrait-mech-warlock/layout_spec.json","308","03a20e8fa68da314af95058749d95db1e75a6b20e6cc6b7fb312262002f85c44","False"
"assets/high-res/later73-preparation-packs/portrait-mech-warlock/output.png","6140320","941f57a79e2817a943fd1c8b5fe84dfc7792ad38d9a6c6c540da37c29fd343c9","False"
"assets/high-res/later73-preparation-packs/portrait-mech-warlock/prompt.txt","440","1affe074938b3f09c236a80108c20426fdef8b8aae3d0492439540f4434a0ef4","False"
"assets/high-res/later73-preparation-packs/portrait-mech-warlock/request_body.json","1676017","69841e15ac656dc8d74b792bff9c9e20c561ef26290ca534551f482649cbf7da","False"
"assets/high-res/later73-preparation-packs/portrait-mech-warlock/request_meta.json","1921","22ccd1cf1111cf2105ed901e4f7583e6254f9f9046902cbd06f6183d300ba76c","False"
"assets/high-res/later73-preparation-packs/portrait-mech-warlock/write_ahead_request.json","531","a2fb8fad68817909a8e2913d4c3fd9ede7dc105f97d19ac81c40d764075f091e","False"
"assets/high-res/later73-preparation-packs/portrait-medieval-barbarian/layout_spec.json","308","03a20e8fa68da314af95058749d95db1e75a6b20e6cc6b7fb312262002f85c44","False"
"assets/high-res/later73-preparation-packs/portrait-medieval-barbarian/output.png","6092830","1d6c824ea6cca0efcc458f4e5e9c22d176499814c0035d698286a34050d15d04","False"
"assets/high-res/later73-preparation-packs/portrait-medieval-barbarian/prompt.txt","460","aca7626d4e721e699bebe1fdbf9d65e04e73ce6ef1e5a697e8755b2e4a0cbb48","False"
"assets/high-res/later73-preparation-packs/portrait-medieval-barbarian/request_body.json","1552309","80c126ad51c7de565c8eed5b238cd07a8e184cf8b911934bd24c41a662e41266","False"
"assets/high-res/later73-preparation-packs/portrait-medieval-barbarian/request_meta.json","1959","519b549a1c400ef69c8bdba60364c55bdf86071f1b4c6a5ec4398b5e71a6ee9b","False"
"assets/high-res/later73-preparation-packs/portrait-medieval-barbarian/write_ahead_request.json","543","e22cee1f2b1da1e0d3006413a0edf07688c69f5c58bc5730676008f894e37f3d","False"
"assets/high-res/later73-preparation-packs/portrait-medieval-healer/layout_spec.json","308","03a20e8fa68da314af95058749d95db1e75a6b20e6cc6b7fb312262002f85c44","False"
"assets/high-res/later73-preparation-packs/portrait-medieval-healer/output.png","5590906","e2276f5ec1b0c889e9f9be215dd7eb1a93f55611a9750ca09da7c46a5ce9d4db","False"
"assets/high-res/later73-preparation-packs/portrait-medieval-healer/prompt.txt","453","d183fed7dee0a8dc0cf0ba73ea2848e6564112238bc2904b6745c123371d0ec7","False"
"assets/high-res/later73-preparation-packs/portrait-medieval-healer/request_body.json","1529170","7815f2f84c8f811ad72f3e85cb3cc4fca9e0068b41c49b94129bbd8b76fcf7d2","False"
"assets/high-res/later73-preparation-packs/portrait-medieval-healer/request_meta.json","1943","0c23c6cd397362a1c5d3b197fc7f090573446c16e3c2e6156837ab48e2989696","False"
"assets/high-res/later73-preparation-packs/portrait-medieval-healer/write_ahead_request.json","537","775cde4ba86c717f42297268b7bdf9d3640226fc8653b2344b57c9fb4e790e56","False"
"assets/high-res/later73-preparation-packs/portrait-medieval-knight/layout_spec.json","308","03a20e8fa68da314af95058749d95db1e75a6b20e6cc6b7fb312262002f85c44","False"
"assets/high-res/later73-preparation-packs/portrait-medieval-knight/output.png","5649109","768f7e63bfe5ef7163054a3ea515513456f3ec7fb8fffe786d05590f901a3347","False"
"assets/high-res/later73-preparation-packs/portrait-medieval-knight/prompt.txt","455","5446929426ff11e9c0e60f587cc23018d939435ab30213fd01f21b58195a322c","False"
"assets/high-res/later73-preparation-packs/portrait-medieval-knight/request_body.json","1509252","08c29184c41b15b02c2fd74b92908e522259ca228b04611de5b3d8cdd04d8b66","False"
"assets/high-res/later73-preparation-packs/portrait-medieval-knight/request_meta.json","1944","257486a7e1616466baf2bca00179c06a86f559d86c247098e109f3e1e3dfd321","False"
"assets/high-res/later73-preparation-packs/portrait-medieval-knight/write_ahead_request.json","537","ece0211b4ba372894f1f83624e160accc4ae9d1e5d36ee1d5570ec57e41ff4b3","False"
"assets/high-res/later73-preparation-packs/portrait-medieval-mage/layout_spec.json","308","03a20e8fa68da314af95058749d95db1e75a6b20e6cc6b7fb312262002f85c44","False"
"assets/high-res/later73-preparation-packs/portrait-medieval-mage/output.png","5526573","987b64773a4baf080597feb71efc5f07851bcc7817676ca3edcbd0acc207e0cb","False"
"assets/high-res/later73-preparation-packs/portrait-medieval-mage/prompt.txt","447","6e6dd4174d27f8507fd364429ff61fde77ae2755b1e1a691130caa989d36d828","False"
"assets/high-res/later73-preparation-packs/portrait-medieval-mage/request_body.json","1686468","43464acbccd37b06ba1cb42e9aed8bce86578809eaf74c8d177ff4e2e65e3008","False"
"assets/high-res/later73-preparation-packs/portrait-medieval-mage/request_meta.json","1931","6b5a31d13f3c9d4594da76fa97da496660c11761f4c7f61f7de95222a7c2ffd8","False"
"assets/high-res/later73-preparation-packs/portrait-medieval-mage/write_ahead_request.json","533","e947f0f4bc5724b63890fccd3b9365923203d98ec75c02cca038d2607e947a98","False"
"assets/high-res/later73-preparation-packs/portrait-medieval-necromancer/layout_spec.json","308","03a20e8fa68da314af95058749d95db1e75a6b20e6cc6b7fb312262002f85c44","False"
"assets/high-res/later73-preparation-packs/portrait-medieval-necromancer/output.png","6014882","718e654380cd3bbbf0b5b9c863a148d72c1072c7af2b8b2328bb83dca43de711","False"
"assets/high-res/later73-preparation-packs/portrait-medieval-necromancer/prompt.txt","460","ff9a16b5bcff8048f5efd5b507b00f31712bb00bd1d8dcc03772d9e76e6550fc","False"
"assets/high-res/later73-preparation-packs/portrait-medieval-necromancer/request_body.json","1679137","2264d3da5a42e1f4614826535fc19204e222e6ddc647b6d7b0e723bcaa12f94a","False"
"assets/high-res/later73-preparation-packs/portrait-medieval-necromancer/request_meta.json","1965","46b3f417c28ac9395d729e917f76f1f99c69a72fd219880126ab63d272b2cf7b","False"
"assets/high-res/later73-preparation-packs/portrait-medieval-necromancer/write_ahead_request.json","547","6f77d0ce87feae96e78c849198ed957fa2afcbfa581cf125320a53e874a53ea9","False"
"assets/high-res/later73-preparation-packs/portrait-medieval-paladin/layout_spec.json","308","03a20e8fa68da314af95058749d95db1e75a6b20e6cc6b7fb312262002f85c44","False"
"assets/high-res/later73-preparation-packs/portrait-medieval-paladin/output.png","6446036","a3999fc72888dfbf334fe03b1175a23b60d285768f3b39a78298d9fd5b9329d2","False"
"assets/high-res/later73-preparation-packs/portrait-medieval-paladin/prompt.txt","446","7c260faf9aa51646b4d92aefab78dfaa60670e1a0ec459cedaf26027d362731a","False"
"assets/high-res/later73-preparation-packs/portrait-medieval-paladin/request_body.json","1742423","9b37059a8de8c3ef93fa50b29809c2cc730985f0703ea64a943cf105d1fdc9c3","False"
"assets/high-res/later73-preparation-packs/portrait-medieval-paladin/request_meta.json","1939","f23c65f8151f0b32a834884f129ac835fde530459fe1687b7deb83372be18be4","False"
"assets/high-res/later73-preparation-packs/portrait-medieval-paladin/write_ahead_request.json","539","6948497eba4f707802dc12042afb1b0ddb21543bbbd27c15de262cc4adf40058","False"
"assets/high-res/later73-preparation-packs/portrait-medieval-ranger/layout_spec.json","308","03a20e8fa68da314af95058749d95db1e75a6b20e6cc6b7fb312262002f85c44","False"
"assets/high-res/later73-preparation-packs/portrait-medieval-ranger/output.png","6175226","4ec19340bd6e6511209857477550c4c89225ff1f3cacac8ad631609c8217c007","False"
"assets/high-res/later73-preparation-packs/portrait-medieval-ranger/prompt.txt","454","8657455af6f2ffd7df53be01e35473441b158060729fcd2f95d1be58390f8fdd","False"
"assets/high-res/later73-preparation-packs/portrait-medieval-ranger/request_body.json","1694675","bcdf2cb985dfef22da0fa0e6206fcebe66171f1ba47cbece266d439fbbb5e187","False"
"assets/high-res/later73-preparation-packs/portrait-medieval-ranger/request_meta.json","1944","9dbfdcc5f84c5651b2de2987bd711eee5017d28a194f9b4d7417bda55d9efcda","False"
"assets/high-res/later73-preparation-packs/portrait-medieval-ranger/write_ahead_request.json","537","70e3209f019f3cdeeda4d72e29d990e3365bfc19c3cce97f87944714233bd7cc","False"
"assets/high-res/later73-preparation-packs/portrait-medieval-warlock/layout_spec.json","308","03a20e8fa68da314af95058749d95db1e75a6b20e6cc6b7fb312262002f85c44","False"
"assets/high-res/later73-preparation-packs/portrait-medieval-warlock/output.png","5823933","5fa91c78cc8427a13587ef35005b89977d4e76b44bb82a2fb4ce8ba0767d38f7","False"
"assets/high-res/later73-preparation-packs/portrait-medieval-warlock/prompt.txt","459","e2d2d6e03d468e72e1cbf5d6c58b4cdbe2e60e58c872095ecab8ea7bd04dff41","False"
"assets/high-res/later73-preparation-packs/portrait-medieval-warlock/request_body.json","1656092","40386c951e9494bfa28498d19a20a857bac12c79b9dba23882c5f6f61f4dc30f","False"
"assets/high-res/later73-preparation-packs/portrait-medieval-warlock/request_meta.json","1952","1e511a83bea40decf865bca5d8c92d1b7b03f502812846a24d598d123f991235","False"
"assets/high-res/later73-preparation-packs/portrait-medieval-warlock/write_ahead_request.json","538","4f6b91ee562652f35f9c330370454c6ce61cf1ed589a5c2f79b58e01f5e783f0","False"
"assets/high-res/later73-preparation-packs/portrait-powder-barbarian/layout_spec.json","308","03a20e8fa68da314af95058749d95db1e75a6b20e6cc6b7fb312262002f85c44","False"
"assets/high-res/later73-preparation-packs/portrait-powder-barbarian/output.png","5930613","a112dcb5829d2e7e359b8fcae2c093a0e758f6dcfcc99176c6f7340a9158bf25","False"
"assets/high-res/later73-preparation-packs/portrait-powder-barbarian/prompt.txt","452","8ec230e77c9399f1fdf63ee21af17eb8f81aac5812eaeadb4354dddbcaa4f8bd","False"
"assets/high-res/later73-preparation-packs/portrait-powder-barbarian/request_body.json","1641901","4803017d3eea6a33c74f71fc629c0cec48d251072d5306223aa66f62dcdec00a","False"
"assets/high-res/later73-preparation-packs/portrait-powder-barbarian/request_meta.json","1945","26757d49ca49e63d6a4feee27ce5447b08fc8b959d53d63aab8b9f2d8b6e121c","False"
"assets/high-res/later73-preparation-packs/portrait-powder-barbarian/write_ahead_request.json","539","644ed4fe02db5a108208c594f458a4908944b6361b0d7225c748c62935c19ae6","False"
"assets/high-res/later73-preparation-packs/portrait-powder-barbarian/write_ahead_request.unresolved_archive_1791093442.json","834","eb75ce5e5d33f90ce0c259c6752aa5b728de48371fa3e3f821784031d335bd68","False"
"assets/high-res/later73-preparation-packs/portrait-powder-healer/layout_spec.json","308","03a20e8fa68da314af95058749d95db1e75a6b20e6cc6b7fb312262002f85c44","False"
"assets/high-res/later73-preparation-packs/portrait-powder-healer/output.png","5025336","d5993f5b03a462644ced75cfb45b48aad2a8c3ea46d894bbbe8dc845ada563f3","False"
"assets/high-res/later73-preparation-packs/portrait-powder-healer/prompt.txt","449","f4d27234dbac6f4b2b41e802b298ad4bdbd2bc5d3a7474dc6816cf647124b951","False"
"assets/high-res/later73-preparation-packs/portrait-powder-healer/request_body.json","1495502","1003279fd36d5dff98fbfccc2aa1b67acc3f2ccec3b81250e2d0af862ce69b00","False"
"assets/high-res/later73-preparation-packs/portrait-powder-healer/request_meta.json","1933","3bec9709a59861b1685b93b225d3bda2abac8a1a83e36587479f30856b6719f2","False"
"assets/high-res/later73-preparation-packs/portrait-powder-healer/write_ahead_request.json","533","16723c5a368f6f1d8ebf1d8a787fd48dbfe3e62aa16e7ceb2ee212f09ef8fd0e","False"
"assets/high-res/later73-preparation-packs/portrait-powder-knight/layout_spec.json","308","03a20e8fa68da314af95058749d95db1e75a6b20e6cc6b7fb312262002f85c44","False"
"assets/high-res/later73-preparation-packs/portrait-powder-knight/output.png","5255494","0f1777412533e7e12496126e80f5a7b1eff02d9c0e8f73b188b95e229384a901","False"
"assets/high-res/later73-preparation-packs/portrait-powder-knight/prompt.txt","453","adfb277e8f9a7ccff401d2e61f64a4498c7ac844394c9b18a6c749e265f4a523","False"
"assets/high-res/later73-preparation-packs/portrait-powder-knight/request_body.json","1515950","2c7a8f65fb1d5009191583b70a7a292a1feabe165ee1bf0c83c424446bd5742a","False"
"assets/high-res/later73-preparation-packs/portrait-powder-knight/request_meta.json","1937","3d12a3107632593bc782c035e6d082e4a754acc72993dd662003f4effe210b54","False"
"assets/high-res/later73-preparation-packs/portrait-powder-knight/write_ahead_request.json","532","f4ab0d34d6d66aacd23312fb5d082ea931067973f90960c37d0f83481213851e","False"
"assets/high-res/later73-preparation-packs/portrait-powder-mage/layout_spec.json","308","03a20e8fa68da314af95058749d95db1e75a6b20e6cc6b7fb312262002f85c44","False"
"assets/high-res/later73-preparation-packs/portrait-powder-mage/output.png","5700971","aee42d09ff856878ad82396749074ff5c5c6a69200db5d900b6590b064b66205","False"
"assets/high-res/later73-preparation-packs/portrait-powder-mage/prompt.txt","438","f395763fa1ab6310ce4414aada4662c53953744c793cad8a25865f48c7841aaa","False"
"assets/high-res/later73-preparation-packs/portrait-powder-mage/request_body.json","1855011","00243e3ed1ba1b964e3573a718459ae40da2ae99291797cdc8460c1e101e4478","False"
"assets/high-res/later73-preparation-packs/portrait-powder-mage/request_meta.json","1916","13b9a7a85d6e0b36640e474f41427abc219f1feac25e21d0865cb6a7152e0a87","False"
"assets/high-res/later73-preparation-packs/portrait-powder-mage/write_ahead_request.json","529","1c35d9a350c4589f13b403c1a9f4fdda38335b42b69378724ff5d20640d6e5ff","False"
"assets/high-res/later73-preparation-packs/portrait-powder-necromancer/layout_spec.json","308","03a20e8fa68da314af95058749d95db1e75a6b20e6cc6b7fb312262002f85c44","False"
"assets/high-res/later73-preparation-packs/portrait-powder-necromancer/output.png","5930277","3e3f6e5b1ecaedca4d3a4345a8f1094227ef6e83c734d81effaaebf6fc93d7b2","False"
"assets/high-res/later73-preparation-packs/portrait-powder-necromancer/prompt.txt","453","dbb4339497034ce6157ec6d8c4cd0a281169b2222e11b844c5fd5f9562c8e51f","False"
"assets/high-res/later73-preparation-packs/portrait-powder-necromancer/request_body.json","1598846","b8eee717fdaa7c8c3246f8ffc04149efa61123522c002a622cb62499ab0e6c36","False"
"assets/high-res/later73-preparation-packs/portrait-powder-necromancer/request_meta.json","1952","3505bb9d7ceb4a19b26cec51b337f419e4277342492df52e9fc8a68b52b1eee4","False"
"assets/high-res/later73-preparation-packs/portrait-powder-necromancer/write_ahead_request.json","543","80d1566bf832016ec07d16b6ea41577e04c3c9c59783c6b08303e05d7c1f3f39","False"
"assets/high-res/later73-preparation-packs/portrait-powder-paladin/layout_spec.json","308","03a20e8fa68da314af95058749d95db1e75a6b20e6cc6b7fb312262002f85c44","False"
"assets/high-res/later73-preparation-packs/portrait-powder-paladin/output.png","5890528","e2b97a2b320fdbe396fc0764d968655d299094b8fb338c2d40910d679b3540d3","False"
"assets/high-res/later73-preparation-packs/portrait-powder-paladin/prompt.txt","425","109f9ada910c42f6bfe7c59ba9eb63afd8eebd6ba0f03b45f391e7ad79176160","False"
"assets/high-res/later73-preparation-packs/portrait-powder-paladin/request_body.json","1611978","7bd19f0db72f2d5e6d04f52e28f8d6ff20b34e7f01591c8b2855b2ea9ced65aa","False"
"assets/high-res/later73-preparation-packs/portrait-powder-paladin/request_meta.json","1912","fd0809c2a3730789b6df7e4c147ed613d9e6f450ff66403444caafb1e9e3aeb2","False"
"assets/high-res/later73-preparation-packs/portrait-powder-paladin/write_ahead_request.json","535","eda770d0e01fbc8cf1c6bcd1a08e6b75102053c34ab4051115b27e5e88670819","False"
"assets/high-res/later73-preparation-packs/portrait-powder-ranger/layout_spec.json","308","03a20e8fa68da314af95058749d95db1e75a6b20e6cc6b7fb312262002f85c44","False"
"assets/high-res/later73-preparation-packs/portrait-powder-ranger/output.png","5328256","782bc50d7e59a42ec7e0ab2cde2bfc82b0876aaa2696d29043c2723d2adb82bf","False"
"assets/high-res/later73-preparation-packs/portrait-powder-ranger/prompt.txt","437","fa76030336c5ce64b2bbdb5e0811aedec61056bce397284d1629996d85499e4b","False"
"assets/high-res/later73-preparation-packs/portrait-powder-ranger/request_body.json","1568790","c37a22837d6d11d2b5c0bd40e497f8b5e3378b9074df29196415012e20fd0474","False"
"assets/high-res/later73-preparation-packs/portrait-powder-ranger/request_meta.json","1921","5ec857013b4ad2c536010fe413663c0f285e649a32993e50922ccef6917d0a32","False"
"assets/high-res/later73-preparation-packs/portrait-powder-ranger/write_ahead_request.json","533","9f8bd0679d5824a39c2c558bd4d2889981b783f469929dd8ba3cc96fb98cadfc","False"
"assets/high-res/later73-preparation-packs/portrait-powder-warlock/layout_spec.json","308","03a20e8fa68da314af95058749d95db1e75a6b20e6cc6b7fb312262002f85c44","False"
"assets/high-res/later73-preparation-packs/portrait-powder-warlock/output.png","5536982","71609b01a5acd56d89820498c0dcd2b5b12a0777ef67314f0d2f747838d34900","False"
"assets/high-res/later73-preparation-packs/portrait-powder-warlock/prompt.txt","447","ccdd1b60eadc464041e0ef5bd9c5fb7f604944192bd7cc42a97764800e7d280f","False"
"assets/high-res/later73-preparation-packs/portrait-powder-warlock/request_body.json","1542396","6b829673ffba23241eaaa75b150c89797c38c0d9e3321aadfa2806b77d5e6f80","False"
"assets/high-res/later73-preparation-packs/portrait-powder-warlock/request_meta.json","1934","36cd9cce3e562f71a8ddfe8ea114c0dc2d54f4da592380be02a100046c555027","False"
"assets/high-res/later73-preparation-packs/portrait-powder-warlock/write_ahead_request.json","535","e2caab4d5d1ee35a63ea40eccb9a229aae5ddabb334b87d54ee6efb02ed93def","False"
"assets/high-res/later73-preparation-packs/rig-source-parts-barbarian/layout_spec.json","1175","c021cc05eec0b00bf4e6d479f1fcbb3c129ac7b238a4904f07690eb6f3340dce","False"
"assets/high-res/later73-preparation-packs/rig-source-parts-barbarian/output.png","5565822","d470afa75c99d6a8910d84c1a1778daeab277ae3409cf901770f2488606aacc0","False"
"assets/high-res/later73-preparation-packs/rig-source-parts-barbarian/prompt.txt","535","82eb8299ef26654feb5225721ed5c878f90be7c57bd255c631f3f8298605d0f8","False"
"assets/high-res/later73-preparation-packs/rig-source-parts-barbarian/request_body.json","2082684","5c6f5a1b6230270462a794f4f8295603dcdee0d6f9222603ad7f879dbd803b4f","False"
"assets/high-res/later73-preparation-packs/rig-source-parts-barbarian/request_meta.json","3039","d8f5740ffb5f0eea715e040ca9608a83decd27679e421df00856c99066da5eee","False"
"assets/high-res/later73-preparation-packs/rig-source-parts-barbarian/write_ahead_request.json","540","43262c7d9891923deb2f3beb7234da02ba3658277fe3ed7b49e95ca94cacf498","False"
"assets/high-res/later73-preparation-packs/rig-source-parts-healer/layout_spec.json","1175","c021cc05eec0b00bf4e6d479f1fcbb3c129ac7b238a4904f07690eb6f3340dce","False"
"assets/high-res/later73-preparation-packs/rig-source-parts-healer/output.png","5642476","0f576da0a5adce8ece30be32b487f58b20c7900001bfe6d31d80f8005b70aca1","False"
"assets/high-res/later73-preparation-packs/rig-source-parts-healer/prompt.txt","526","fcbd448bc5ef7a4b2e811be96b8adf38e4fa60f4a7402343c93debf4fd3c8bd1","False"
"assets/high-res/later73-preparation-packs/rig-source-parts-healer/request_body.json","2064151","d4bc6458400bb97581bd0b18e4be5e08ffa44191d1460e140bb3ef8c4af34833","False"
"assets/high-res/later73-preparation-packs/rig-source-parts-healer/request_meta.json","3022","872e123a2450a7252b69cd3c38e9f2383b2b7feb0ed1f695e2e0381e154e210b","False"
"assets/high-res/later73-preparation-packs/rig-source-parts-healer/write_ahead_request.json","535","bda3a8f12d491a099d69f9bf65ec0c56c54344041751d5adbc52a3454e28407a","False"
"assets/high-res/later73-preparation-packs/rig-source-parts-knight/layout_spec.json","1175","c021cc05eec0b00bf4e6d479f1fcbb3c129ac7b238a4904f07690eb6f3340dce","False"
"assets/high-res/later73-preparation-packs/rig-source-parts-knight/output.png","5520326","6533e35255cb1def5f6d095d166ab5e89d1ad27c6d942c5d4f6a0d4ccbd9584c","False"
"assets/high-res/later73-preparation-packs/rig-source-parts-knight/prompt.txt","526","ebd2f2593fc809b7f71c93b240076549b7448e7c776f1dad26cdb3da3b52fe68","False"
"assets/high-res/later73-preparation-packs/rig-source-parts-knight/request_body.json","1997203","1b18f382773d5a0c26e526255b41015e7b16034529f4e470d89cb07596ed21ee","False"
"assets/high-res/later73-preparation-packs/rig-source-parts-knight/request_meta.json","3021","14fae388f9debfdcfb21683f6a4fbbac4dfe55cf02131d9fc6ea532474495ed6","False"
"assets/high-res/later73-preparation-packs/rig-source-parts-knight/write_ahead_request.json","535","3939a735acf5e6d23e562e11e3d51d462bbf21070e71d4d69bcc959fd03f286c","False"
"assets/high-res/later73-preparation-packs/rig-source-parts-mage/layout_spec.json","1175","c021cc05eec0b00bf4e6d479f1fcbb3c129ac7b238a4904f07690eb6f3340dce","False"
"assets/high-res/later73-preparation-packs/rig-source-parts-mage/output.png","4593662","1220df812b5485dc408316cede4042952ca5ed169de62b8f2bfe7d0a1cfdc896","False"
"assets/high-res/later73-preparation-packs/rig-source-parts-mage/prompt.txt","520","fe4966bee3ae3c6cbe4b09f2451c90427f9de281a30149a869f5a7439558fc62","False"
"assets/high-res/later73-preparation-packs/rig-source-parts-mage/request_body.json","1592993","f2654732b14352dbfa21fc649623b9a3bc8287a527f1b0e668924e6ff74ee97f","False"
"assets/high-res/later73-preparation-packs/rig-source-parts-mage/request_meta.json","3009","13560095aeaa89168c6906ab92e6d8c440534e186b5cf877cdc75c9903b7987d","False"
"assets/high-res/later73-preparation-packs/rig-source-parts-mage/write_ahead_request.json","531","ba3e3c085b11d207d4a9ffad4c5070518ab549bd8ffb482cb79983461a2e2901","False"
"assets/high-res/later73-preparation-packs/rig-source-parts-necromancer/layout_spec.json","1175","c021cc05eec0b00bf4e6d479f1fcbb3c129ac7b238a4904f07690eb6f3340dce","False"
"assets/high-res/later73-preparation-packs/rig-source-parts-necromancer/output.png","5280187","5adc013f680913cb7d8bb7b3df02667a04af56caf1303d009d6b15059c28ed49","False"
"assets/high-res/later73-preparation-packs/rig-source-parts-necromancer/prompt.txt","541","1c7c190f945cb4861d95c30ceab9d8419840a2f683b14db9da3308c15a58c5a4","False"
"assets/high-res/later73-preparation-packs/rig-source-parts-necromancer/request_body.json","2063010","f6646dcdc7426dc75b09e4afe941e627cbfd8a5aac27be1c42fe93913047ae05","False"
"assets/high-res/later73-preparation-packs/rig-source-parts-necromancer/request_meta.json","3052","572b1474952bc0e536c6acec15c64f887cfb86187ca77a01400eca563a2236f4","False"
"assets/high-res/later73-preparation-packs/rig-source-parts-necromancer/write_ahead_request.json","545","4255e04653c15e7538ee1613206630864af83580ec3bebd79fa6330b0ee1bc2b","False"
"assets/high-res/later73-preparation-packs/rig-source-parts-paladin/layout_spec.json","1175","c021cc05eec0b00bf4e6d479f1fcbb3c129ac7b238a4904f07690eb6f3340dce","False"
"assets/high-res/later73-preparation-packs/rig-source-parts-paladin/output.png","4824766","a6bafe602378104b1e6de8a77b900342590457a2019ed11d43fbf0a1899e7e55","False"
"assets/high-res/later73-preparation-packs/rig-source-parts-paladin/prompt.txt","529","04d0388cb3aa3ecf2c2fc8362d7857ffe801b241f8395def9c5587dc3442e440","False"
"assets/high-res/later73-preparation-packs/rig-source-parts-paladin/request_body.json","1683878","182e23d0c3e7ede4b75cca8f7ce5b1984ae16b2b87b06c0f09dc98b4e4cea2bf","False"
"assets/high-res/later73-preparation-packs/rig-source-parts-paladin/request_meta.json","3027","b5fba77de30e8e89275f363ed1ddfc1cf770df10f94bccfe13783888bf6fc862","False"
"assets/high-res/later73-preparation-packs/rig-source-parts-paladin/write_ahead_request.json","536","58e8d20fc72a3df42497fa170d367f238096b0eec37ff911f14f62150db0ddba","False"
"assets/high-res/later73-preparation-packs/rig-source-parts-ranger/layout_spec.json","1175","c021cc05eec0b00bf4e6d479f1fcbb3c129ac7b238a4904f07690eb6f3340dce","False"
"assets/high-res/later73-preparation-packs/rig-source-parts-ranger/output.png","4886278","61ae71558e1ce5b744f957cc6c72ef30bb0d5efc3ab2a914f727bf79d66423f4","False"
"assets/high-res/later73-preparation-packs/rig-source-parts-ranger/prompt.txt","526","82f83a16301309682e4a05d4139a1b084a6da16cecf2fb60abc82092c2c06f87","False"
"assets/high-res/later73-preparation-packs/rig-source-parts-ranger/request_body.json","1939295","7a3b3f3a6673eb17829d33dc15e713f75c6bc2c8b011a3f13219f435ffc65dfb","False"
"assets/high-res/later73-preparation-packs/rig-source-parts-ranger/request_meta.json","3021","5188b6c56e507cd7f0b66958ec7a3e1db85b4f5f68b3f2d48f90d3ca9b0c2237","False"
"assets/high-res/later73-preparation-packs/rig-source-parts-ranger/write_ahead_request.json","535","03a5480b7ff50e1f638cad368ffc3b7714acc362e441d66e2042443477b72ae1","False"
"assets/high-res/later73-preparation-packs/rig-source-parts-ranger/write_ahead_request.unresolved_archive_1791093485.json","244","ca9fc1109e758e035e820f31cd71756e12f08130cc33bf2e3c8ae430e3b63c1b","False"
"assets/high-res/later73-preparation-packs/rig-source-parts-warlock/layout_spec.json","1175","c021cc05eec0b00bf4e6d479f1fcbb3c129ac7b238a4904f07690eb6f3340dce","False"
"assets/high-res/later73-preparation-packs/rig-source-parts-warlock/output.png","5121026","36f7fd57356b3499e5badc8b3ea126645ab0ed0463c9cf0c72c0e55339cda916","False"
"assets/high-res/later73-preparation-packs/rig-source-parts-warlock/prompt.txt","529","6c38f3ba1bcde9bfdccee866ef89364ae705b6e45fb35675d4032f8c47aec84c","False"
"assets/high-res/later73-preparation-packs/rig-source-parts-warlock/request_body.json","1802778","fd767e47cb7abb4c6f3cc38ada9a1c6b7f3d79e72262149bacf133b8da411732","False"
"assets/high-res/later73-preparation-packs/rig-source-parts-warlock/request_meta.json","3027","1fd2c5fd3c7fb5cc556583b88eab2d5323a985882bac1b7bd3ca72b9e3709ace","False"
"assets/high-res/later73-preparation-packs/rig-source-parts-warlock/write_ahead_request.json","536","338af6c7793de33aeec4ba7065a6a2c49eb877a0a4c49ce4ddb522e17629ec1b","False"
"assets/high-res/later73-preparation-packs/rival-identity-1/layout_spec.json","330","64ce458fc796bb58a4bcd9e0e2afab737b014af468703a729aa9d6d7469b5c0d","False"
"assets/high-res/later73-preparation-packs/rival-identity-1/output.png","6289420","4deac0ae4b94d9bfd21aa2647a7ce9628a2f5de475b912007b90e18263242807","False"
"assets/high-res/later73-preparation-packs/rival-identity-1/prompt.txt","516","5f647e3af06878fef4845d91e41f6d6207cbfde4a7098cb8453fe033b581a46a","False"
"assets/high-res/later73-preparation-packs/rival-identity-1/request_body.json","2223013","2d15485cf66d95bf89768ae27d2c33cb6f044ff9f6fd16eddc1b436f160038d0","False"
"assets/high-res/later73-preparation-packs/rival-identity-1/request_meta.json","2048","bf50b17e608db2cb45c8179433353dc25c38bb707efe4f9ebbbe746cee54b874","False"
"assets/high-res/later73-preparation-packs/rival-identity-1/write_ahead_request.json","521","bf8c34a6025cba41e7b1ca0188b426df389c83d4d0aa4f44a15f10634266afa5","False"
"assets/high-res/later73-preparation-packs/rival-identity-2/layout_spec.json","330","64ce458fc796bb58a4bcd9e0e2afab737b014af468703a729aa9d6d7469b5c0d","False"
"assets/high-res/later73-preparation-packs/rival-identity-2/output.png","5557200","53454f9b790fb0e6325d115a847648730e0cd55f8f9b97ccd57f08c987493ac1","False"
"assets/high-res/later73-preparation-packs/rival-identity-2/prompt.txt","472","86d1ee9039dc3e21a6965866f14c0af6a5b821865bc1841d6b1f56551361cdbc","False"
"assets/high-res/later73-preparation-packs/rival-identity-2/request_body.json","1891581","d15f36e469f445f1822e2f8e266859aeeb39041c0b9b6788a0630ff768c39c88","False"
"assets/high-res/later73-preparation-packs/rival-identity-2/request_meta.json","2004","55216c666a69626a22cadd7e972225b57177194833b5ea3cd4f031574d56e3fb","False"
"assets/high-res/later73-preparation-packs/rival-identity-2/write_ahead_request.json","520","5c8fbe2370bc6b96176531f9af018ef034fafe9179acf6aae6f5e4861d246a6b","False"
"assets/high-res/later73-preparation-packs/rival-identity-3/layout_spec.json","330","64ce458fc796bb58a4bcd9e0e2afab737b014af468703a729aa9d6d7469b5c0d","False"
"assets/high-res/later73-preparation-packs/rival-identity-3/output.png","6530555","9ac7dd5f4261cf01788b7e6e9bec1d08fdab99829544f952beabd5a9983fbe25","False"
"assets/high-res/later73-preparation-packs/rival-identity-3/prompt.txt","465","86b77102c5618a0921abb8f1a9be07720adc40e1e512de85eb034b0f7e40be7c","False"
"assets/high-res/later73-preparation-packs/rival-identity-3/request_body.json","1661434","5240e3e66d34d73ebfe712828c5a0a928f2cba699bb098d5106602beea647e8b","False"
"assets/high-res/later73-preparation-packs/rival-identity-3/request_meta.json","1993","f452d414a718b76ea1ede3589910f3374060c246b17e2402ebf067fd40c57a9c","False"
"assets/high-res/later73-preparation-packs/rival-identity-3/write_ahead_request.json","521","6aaa39346554c752f5b7f84e99ef07edfc3563024bae21417917eef1a1834e65","False"
"assets/high-res/later73-preparation-packs/rival-identity-4/layout_spec.json","330","64ce458fc796bb58a4bcd9e0e2afab737b014af468703a729aa9d6d7469b5c0d","False"
"assets/high-res/later73-preparation-packs/rival-identity-4/output.png","5993760","3b50bd014bc81fadb004d295772cf55ed10f3bf03d623881a61b0b504bb4c655","False"
"assets/high-res/later73-preparation-packs/rival-identity-4/prompt.txt","471","2d224e0d8062631557e377118b3783e727f45ba803d194fa01b3f6d163fcee92","False"
"assets/high-res/later73-preparation-packs/rival-identity-4/request_body.json","2034172","e211f4466d8d056374e9d83f61ce6b713037ce4fe8fe8b576f65bec2bf874b5c","False"
"assets/high-res/later73-preparation-packs/rival-identity-4/request_meta.json","2005","4cd09d22e224a3ab79dc47f6d8d71b3bf356b913f9f8d26cf68f7a6ee3bb3677","False"
"assets/high-res/later73-preparation-packs/rival-identity-4/write_ahead_request.json","521","3143002c5a7c3d395d77fb089de5ea4ec7b66bbd2a68a331736f524e30caef86","False"
"assets/high-res/later73-preparation-packs/rival-identity-5/layout_spec.json","330","64ce458fc796bb58a4bcd9e0e2afab737b014af468703a729aa9d6d7469b5c0d","False"
"assets/high-res/later73-preparation-packs/rival-identity-5/output.png","6205338","7e26105acec408fb505a0561bd3e4ec9b50c7ebdad168244c098d721664fbac2","False"
"assets/high-res/later73-preparation-packs/rival-identity-5/prompt.txt","472","a749514e0e2903d9358a90a8134783a67e29d3a3f6b5f103a8de8810e4fbf905","False"
"assets/high-res/later73-preparation-packs/rival-identity-5/request_body.json","1557225","0304a418c41afa5758cf69b5e1548313ee53fd276908835a6872f406b16e6191","False"
"assets/high-res/later73-preparation-packs/rival-identity-5/request_meta.json","2004","23b602ab7efed4b23fe766249f8f85be59afe5c53394fe83db4f2fd46403ffc9","False"
"assets/high-res/later73-preparation-packs/rival-identity-5/write_ahead_request.json","521","20679812889ead161541af606f5b65935d6b1ddaf77da49256ec091d0dfd43c1","False"
"assets/high-res/later73-preparation-packs/rival-identity-6/layout_spec.json","330","64ce458fc796bb58a4bcd9e0e2afab737b014af468703a729aa9d6d7469b5c0d","False"
"assets/high-res/later73-preparation-packs/rival-identity-6/output.png","5767863","7b10a411ebf3a84972165c2a8dd1ec12bc1613ab3a117d4a31ba882bd5bc41e0","False"
"assets/high-res/later73-preparation-packs/rival-identity-6/prompt.txt","483","8573453f5e85008f61c1cdd9ab1c4108e184303cc8b4c7109ff8aa0b42088d8f","False"
"assets/high-res/later73-preparation-packs/rival-identity-6/request_body.json","1931552","bf927a4c888e084cefd14f727fa6e69e727c7774145cfa91a834122572ef9a11","False"
"assets/high-res/later73-preparation-packs/rival-identity-6/request_meta.json","2017","1972e37be58b16952c192e0de76d18e1ac9b3f65d0d354874b4b0645490e3e45","False"
"assets/high-res/later73-preparation-packs/rival-identity-6/write_ahead_request.json","521","fdfdcd18c14f51b47eccd268b21479d34d336012e49a6053d2685297ef25ba4d","False"
"assets/high-res/later73-preparation-packs/troop-bronze-heavy/layout_spec.json","310","c72d9378109cd8bbb2931515799df62be2c6a393d4499f8a09560e25bae24bda","False"
"assets/high-res/later73-preparation-packs/troop-bronze-heavy/output.png","5593675","516f33f65dd6557ee1ae03654d43651eb3857cd88dad4ae584ba51d8ea529c02","False"
"assets/high-res/later73-preparation-packs/troop-bronze-heavy/prompt.txt","492","64434d48075cafb03717b91d687d895a8e4bb54c1cbe405315c43cdbd3d126b3","False"
"assets/high-res/later73-preparation-packs/troop-bronze-heavy/request_body.json","1545333","21185c5fe4d87afd82022bfe83b6975351366b6a45093452fa8304c5a678eff8","False"
"assets/high-res/later73-preparation-packs/troop-bronze-heavy/request_meta.json","2527","f5bff4ba1f7dc06df6398c75f7b8121560cd12ed08223b51f8003c6f2a5d4c6a","False"
"assets/high-res/later73-preparation-packs/troop-bronze-heavy/write_ahead_request.json","525","a1a77ec13093bfbe50554c6a7a73c502ba3478bdd1dfccf0f0b1acbfafec9dd7","False"
"assets/high-res/later73-preparation-packs/troop-bronze-melee/layout_spec.json","310","c72d9378109cd8bbb2931515799df62be2c6a393d4499f8a09560e25bae24bda","False"
"assets/high-res/later73-preparation-packs/troop-bronze-melee/output.png","3738395","117532a07fbec5f3c731fbeac9c8091e30fdb85b42565bd838135c4a7680bd43","False"
"assets/high-res/later73-preparation-packs/troop-bronze-melee/prompt.txt","491","5fbb0ab5b8b065c1c83a092ae7106539887cdf657512911ce6a654ad1e0a14a9","False"
"assets/high-res/later73-preparation-packs/troop-bronze-melee/request_body.json","1273184","b2edb55be3d161562563a96ad31f007826aabe905ba4190015616c38e0c3a146","False"
"assets/high-res/later73-preparation-packs/troop-bronze-melee/request_meta.json","1959","1dbf525fc6e87232f5ca7021d5559e4f3eda5934d64b96e9ab8e92857949ea62","False"
"assets/high-res/later73-preparation-packs/troop-bronze-melee/write_ahead_request.json","525","06a57628ef565d8a843bc42f7767caf080ac9a6a773ae5884c6bd15aad4b8fe6","False"
"assets/high-res/later73-preparation-packs/troop-bronze-ranged/layout_spec.json","310","c72d9378109cd8bbb2931515799df62be2c6a393d4499f8a09560e25bae24bda","False"
"assets/high-res/later73-preparation-packs/troop-bronze-ranged/output.png","4287236","c679721fbe1edbe602c1031eb49adb039505f567b0264755c1eb3d13ad165b7e","False"
"assets/high-res/later73-preparation-packs/troop-bronze-ranged/prompt.txt","481","a341929f0aa6b377e02083b0408c4651ce047378157af5bff0349f35eff9fc21","False"
"assets/high-res/later73-preparation-packs/troop-bronze-ranged/request_body.json","1378482","5c7a265dcecdb524a2e6b19b2dc6b3b74ec70659b4e16a7383dab7cfc875b3fb","False"
"assets/high-res/later73-preparation-packs/troop-bronze-ranged/request_meta.json","1952","510b7c0a032f6424bcf815712fb274f813dfd98f709d16510773e5f2b2511934","False"
"assets/high-res/later73-preparation-packs/troop-bronze-ranged/write_ahead_request.json","527","884759e33a4aa532c3dabb0365c65287b55ae56151fe12ee405d522e6600ed1c","False"
"assets/high-res/later73-preparation-packs/troop-future-heavy/layout_spec.json","310","c72d9378109cd8bbb2931515799df62be2c6a393d4499f8a09560e25bae24bda","False"
"assets/high-res/later73-preparation-packs/troop-future-heavy/output.png","5473894","e2c0542ad948ea4e29c18dbb2ff0d9c633e7083c321c427bb0cb2cfc75d1211a","False"
"assets/high-res/later73-preparation-packs/troop-future-heavy/prompt.txt","479","8a3ec92433c91969c4d5a878e3d048bac40b0205e8dd2b9c5f3482922e5a0d96","False"
"assets/high-res/later73-preparation-packs/troop-future-heavy/request_body.json","1547828","bc2d0bc8656dbc9a83cf4f8a6fe24e2b268854486040eff30dfc2ff41c8c928a","False"
"assets/high-res/later73-preparation-packs/troop-future-heavy/request_meta.json","2515","5450aa46a5245cd64376c8cb3a2616504dfb338ee8c0103544d9a571ee549b25","False"
"assets/high-res/later73-preparation-packs/troop-future-heavy/write_ahead_request.json","525","2336e6ec7d64399f797f12fccc8047bd67fa2e2fc3e8e20a5095f5fe252e1908","False"
"assets/high-res/later73-preparation-packs/troop-future-melee/layout_spec.json","310","c72d9378109cd8bbb2931515799df62be2c6a393d4499f8a09560e25bae24bda","False"
"assets/high-res/later73-preparation-packs/troop-future-melee/output.png","4849209","bf1e5c692fec229c5479c683a3d1276052daee19f8ab74b2e5396071bfa72f65","False"
"assets/high-res/later73-preparation-packs/troop-future-melee/prompt.txt","479","f7f0791eb4dacd129c0bc972aceb0c7da5987dd3e995d946a8c207f3010d7a7e","False"
"assets/high-res/later73-preparation-packs/troop-future-melee/request_body.json","1613420","0b68290d7e7d0af858dfc32f7f25e9529d38e349a2226f9b7d98092b8db0638e","False"
"assets/high-res/later73-preparation-packs/troop-future-melee/request_meta.json","1948","744a39db60701c3474429fec40a1a4cc411e61da60f12124eb64a7552809cd6b","False"
"assets/high-res/later73-preparation-packs/troop-future-melee/write_ahead_request.json","525","462a2450e4388c48b4e9ad8745ec7160168a09087ed5d494e3565eb3eca63a68","False"
"assets/high-res/later73-preparation-packs/troop-future-ranged/layout_spec.json","310","c72d9378109cd8bbb2931515799df62be2c6a393d4499f8a09560e25bae24bda","False"
"assets/high-res/later73-preparation-packs/troop-future-ranged/output.png","6472508","bf2139aca7808a53e5578375db38f69f4b80cbf59a7dc02ee9011b5159efb502","False"
"assets/high-res/later73-preparation-packs/troop-future-ranged/prompt.txt","486","81fecf893542221761a7d85bf9cd4f2ea97d756aea67ea029ecae7a885e3ff15","False"
"assets/high-res/later73-preparation-packs/troop-future-ranged/request_body.json","1520699","cc164f53859af5613364c5cd28ecbffc67c7bc88212b1824c71f5242b89c3c95","False"
"assets/high-res/later73-preparation-packs/troop-future-ranged/request_meta.json","1958","bd9aa2fa15b46a20d40d683b7999fba8321fb63cdc67cd02b562e3c29f7914e3","False"
"assets/high-res/later73-preparation-packs/troop-future-ranged/write_ahead_request.json","527","3e36d5d8ac50d2d2a7c1e214cff9db8556bc145aa223286679a7c1fa2c7107f2","False"
"assets/high-res/later73-preparation-packs/troop-gunpowder-heavy/layout_spec.json","310","c72d9378109cd8bbb2931515799df62be2c6a393d4499f8a09560e25bae24bda","False"
"assets/high-res/later73-preparation-packs/troop-gunpowder-heavy/output.png","5373802","f361f5ee481818d7cf7b99d5d7f5ad82a10b55d32ae379d197a416f56a752dfe","False"
"assets/high-res/later73-preparation-packs/troop-gunpowder-heavy/prompt.txt","487","b93e7d6b5a2e93234e813a9732f195cdd6948b205e5c9d5315b5a974e3d14ad5","False"
"assets/high-res/later73-preparation-packs/troop-gunpowder-heavy/request_body.json","1704748","b23958cf54dfe9be66e3d8c7cd99ee05c490d23ced6858395a13ad923e7830f2","False"
"assets/high-res/later73-preparation-packs/troop-gunpowder-heavy/request_meta.json","2538","e07ccc6446f8183338f428ec1875f418479cc07d8ab0d61237915dde3ea24c28","False"
"assets/high-res/later73-preparation-packs/troop-gunpowder-heavy/write_ahead_request.json","531","bdbf8235e68ddfb8c68822687cdad8d08f99dfa8f4e0f492278f9bc6044c29c5","False"
"assets/high-res/later73-preparation-packs/troop-gunpowder-melee/layout_spec.json","310","c72d9378109cd8bbb2931515799df62be2c6a393d4499f8a09560e25bae24bda","False"
"assets/high-res/later73-preparation-packs/troop-gunpowder-melee/output.png","4690874","2d24e05d68bb4284ac61f333c55130a2eb983e7af872d10acca9e00b81902ece","False"
"assets/high-res/later73-preparation-packs/troop-gunpowder-melee/prompt.txt","478","f232294001e8e84ca5cc7b01b1656565bcfa93875c1afe25d9329dcf70d0461c","False"
"assets/high-res/later73-preparation-packs/troop-gunpowder-melee/request_body.json","1254375","768eff92d0b5048c54dc1d9878ef35bbf3b7b7ec2e8030f11522d27d80b15afb","False"
"assets/high-res/later73-preparation-packs/troop-gunpowder-melee/request_meta.json","1956","a75f77e71291f650492bec8e86323763a59ee3b308cfaeab9b0203cc5e924782","False"
"assets/high-res/later73-preparation-packs/troop-gunpowder-melee/write_ahead_request.json","531","afbcb4ddcb6a040524643345c29226572ff8a6194f095a687aad5312e7274311","False"
"assets/high-res/later73-preparation-packs/troop-gunpowder-ranged/layout_spec.json","310","c72d9378109cd8bbb2931515799df62be2c6a393d4499f8a09560e25bae24bda","False"
"assets/high-res/later73-preparation-packs/troop-gunpowder-ranged/output.png","3995274","04cb2017858823f25f8196b5c15eaf4e996d9e59397269c67ac0d60b71cc1b0c","False"
"assets/high-res/later73-preparation-packs/troop-gunpowder-ranged/prompt.txt","494","3eddcdf8900ce7bdea29dd130c765c8d68d1a1f801b8ef8cd2b90a89defd7cdd","False"
"assets/high-res/later73-preparation-packs/troop-gunpowder-ranged/request_body.json","1364239","f7874feeabd5709499fec274379c0a336f1fa95a2729392b1816695aff073ebe","False"
"assets/high-res/later73-preparation-packs/troop-gunpowder-ranged/request_meta.json","1975","554833d071850ae186e3e817ff39a9de37220b0e8c96d44a98a8e1e4f21837fd","False"
"assets/high-res/later73-preparation-packs/troop-gunpowder-ranged/write_ahead_request.json","533","88f54551e467962b48fb23715bb9936b952d67f948ee6a06b095c6d1d6598ef7","False"
"assets/high-res/later73-preparation-packs/troop-industrial-heavy/layout_spec.json","310","c72d9378109cd8bbb2931515799df62be2c6a393d4499f8a09560e25bae24bda","False"
"assets/high-res/later73-preparation-packs/troop-industrial-heavy/output.png","4341095","5c9704b200143afa039c910f1f439a532db4790a6b23435d998e70e2fc060a7a","False"
"assets/high-res/later73-preparation-packs/troop-industrial-heavy/prompt.txt","486","d36efdd6c64f3f460f0f21ce502ea8c1d457c1ab774f7f7f07c88555e33bb78d","False"
"assets/high-res/later73-preparation-packs/troop-industrial-heavy/request_body.json","1505507","1f94ccba9e565f7cada0184ceb95b6620b2934f4e4b57c4a671cb6519221a6b3","False"
"assets/high-res/later73-preparation-packs/troop-industrial-heavy/request_meta.json","2542","366a17afc933fdfd4a488908fb80bf73208c71936033f5cd6b4949a6a803466a","False"
"assets/high-res/later73-preparation-packs/troop-industrial-heavy/write_ahead_request.json","533","76f51d8f2210589d97b4ff998d6c4f06ff23e3c040f7a1bcde3b3fee195a6152","False"
"assets/high-res/later73-preparation-packs/troop-industrial-melee/layout_spec.json","310","c72d9378109cd8bbb2931515799df62be2c6a393d4499f8a09560e25bae24bda","False"
"assets/high-res/later73-preparation-packs/troop-industrial-melee/output.png","4343662","5fc88477e51c3bd080408231360f77f099a0952f830cd6246ce7b421605d55c6","False"
"assets/high-res/later73-preparation-packs/troop-industrial-melee/prompt.txt","490","a031e3ee7d238bdad9a56c6391e6fdd2975553338f1038d18ee4b55365dcf36d","False"
"assets/high-res/later73-preparation-packs/troop-industrial-melee/request_body.json","1494763","570a34c1f764fae875d1dcbe6ae507ea07800db43fc2c550bd34037aec173afa","False"
"assets/high-res/later73-preparation-packs/troop-industrial-melee/request_meta.json","1971","d7991a713748d60f1ba213a14e0873231be99b51f8a84db227c35cc6dbfe6f62","False"
"assets/high-res/later73-preparation-packs/troop-industrial-melee/write_ahead_request.json","532","73323b12a870be5dba7ceca4978e5f14f5b9d157b5dd8a399e7dda06bb3fdf96","False"
"assets/high-res/later73-preparation-packs/troop-industrial-ranged/layout_spec.json","310","c72d9378109cd8bbb2931515799df62be2c6a393d4499f8a09560e25bae24bda","False"
"assets/high-res/later73-preparation-packs/troop-industrial-ranged/output.png","4915402","4d4c2a234fbc000593a52e65b80214367e1c211dd1eef12fee1a078064093a09","False"
"assets/high-res/later73-preparation-packs/troop-industrial-ranged/prompt.txt","482","a9c64cfb69c4fc9bb814fbe9403ed19ea5c3123995527234e9c9ce382aa2c7f9","False"
"assets/high-res/later73-preparation-packs/troop-industrial-ranged/request_body.json","1308263","6d2c689d29f9ba341d417412c3d054b56dee96927a13c6bc3da9624a0440c17b","False"
"assets/high-res/later73-preparation-packs/troop-industrial-ranged/request_meta.json","1966","074362e0d5a10b3b7d16924d0c24b95ec041df702886eb45e457f8e7c74fb5d1","False"
"assets/high-res/later73-preparation-packs/troop-industrial-ranged/write_ahead_request.json","535","33a546876caeb262b2318e8cfeac04525ffde71d66244e1edef0cca010ef71c5","False"
"assets/high-res/later73-preparation-packs/troop-iron-heavy/layout_spec.json","310","c72d9378109cd8bbb2931515799df62be2c6a393d4499f8a09560e25bae24bda","False"
"assets/high-res/later73-preparation-packs/troop-iron-heavy/output.png","5010825","8490ae4aff2c049cb421b1d0d460cdd1cad92dfc153801f9277268c039ee0e3b","False"
"assets/high-res/later73-preparation-packs/troop-iron-heavy/prompt.txt","477","1d34086381d871d627cc1f6ac92871e812d3d436e2d5004e1e3519b1b86c1ad4","False"
"assets/high-res/later73-preparation-packs/troop-iron-heavy/request_body.json","1499514","6cd2cc891a5f15807b054559ad555b51a2f556bf435bfcf537dba69a1c4e89c6","False"
"assets/high-res/later73-preparation-packs/troop-iron-heavy/request_meta.json","2502","4d2a3d04fd67f4673c16457ae11faffb06eb96a6587f8d6b5b8d05979cc29994","False"
"assets/high-res/later73-preparation-packs/troop-iron-heavy/write_ahead_request.json","521","0e0be5b6d23ca7a8013dbc3f5bd2702a2469905070a64e9ef56b282dcaca3cf9","False"
"assets/high-res/later73-preparation-packs/troop-iron-melee/layout_spec.json","310","c72d9378109cd8bbb2931515799df62be2c6a393d4499f8a09560e25bae24bda","False"
"assets/high-res/later73-preparation-packs/troop-iron-melee/output.png","3299783","065a151c7b2ae7d31e30e60a103450752a1a0fe2c19224237b32d7aa558502fd","False"
"assets/high-res/later73-preparation-packs/troop-iron-melee/prompt.txt","494","eab3b8e148e371d415689045fdacfb9df003086318134a81da7cce84d3acf4f9","False"
"assets/high-res/later73-preparation-packs/troop-iron-melee/request_body.json","1380943","61e12133f5d2a115933a1346828b4fda2acd26b4c6ae57b338f71549c60999ec","False"
"assets/high-res/later73-preparation-packs/troop-iron-melee/request_meta.json","1956","0dab31a66d963943c97b7ffaf21dd62336c81bb684fa85f2bf625486a7ca5f50","False"
"assets/high-res/later73-preparation-packs/troop-iron-melee/write_ahead_request.json","521","c8a833744899061192b6090495e9e9d21b8990c5e85974b1b61ee21563c5a9ba","False"
"assets/high-res/later73-preparation-packs/troop-iron-ranged/layout_spec.json","310","c72d9378109cd8bbb2931515799df62be2c6a393d4499f8a09560e25bae24bda","False"
"assets/high-res/later73-preparation-packs/troop-iron-ranged/output.png","4824701","f0af299d817ca5f0d6364b0120d526998478e59ecf2559f5b50b1928d27b21be","False"
"assets/high-res/later73-preparation-packs/troop-iron-ranged/prompt.txt","486","adebc1bae9937e27ec518897e82286ad827799a5dcc16391312761765eaa622c","False"
"assets/high-res/later73-preparation-packs/troop-iron-ranged/request_body.json","1532883","f631df6029d52a9c3b7600d01ee2a430317335bb799234ad635e87260476b788","False"
"assets/high-res/later73-preparation-packs/troop-iron-ranged/request_meta.json","1951","e85e1eedd6883a19b46d3c503752f6e6484d11a011d426f7520ba80e6c0d441c","False"
"assets/high-res/later73-preparation-packs/troop-iron-ranged/write_ahead_request.json","523","448a6611640414c942d56693d8ba695bcbf701a8d47907b1adc787fd3709e7a5","False"
"assets/high-res/later73-preparation-packs/troop-medieval-heavy/layout_spec.json","310","c72d9378109cd8bbb2931515799df62be2c6a393d4499f8a09560e25bae24bda","False"
"assets/high-res/later73-preparation-packs/troop-medieval-heavy/output.png","3602550","701aa123b49018ce03dc660bde8e84044f425ae34c5b05b0c883f6d5091c96c2","False"
"assets/high-res/later73-preparation-packs/troop-medieval-heavy/prompt.txt","486","4050803dece8ca5d929da9616afc44d08a25989ba899d2fa736ac7e4928791d2","False"
"assets/high-res/later73-preparation-packs/troop-medieval-heavy/request_body.json","1344599","0b9bd19e65b7ac944b290acc9b153eab4d124cc3ca6d18a0a423bd89c4f0d12c","False"
"assets/high-res/later73-preparation-packs/troop-medieval-heavy/request_meta.json","1961","4381bdaed4de53eb2befc967e155f7bcf91f8f37ab9ef55f0f4bc7d78927a0b4","False"
"assets/high-res/later73-preparation-packs/troop-medieval-heavy/write_ahead_request.json","529","042edbd439503407d4576f18707c1cdc9d3237688f4b5357f0e77d99f88d07af","False"
"assets/high-res/later73-preparation-packs/troop-medieval-melee/layout_spec.json","310","c72d9378109cd8bbb2931515799df62be2c6a393d4499f8a09560e25bae24bda","False"
"assets/high-res/later73-preparation-packs/troop-medieval-melee/output.png","5542663","163931e8a5e8e1464e58177aa7c93feb5490cdff801562ade45c232aeae9fca5","False"
"assets/high-res/later73-preparation-packs/troop-medieval-melee/prompt.txt","483","374afdca96171f76cced6caf7358cfec68b0d5e796247950cd628faacf06a1e6","False"
"assets/high-res/later73-preparation-packs/troop-medieval-melee/request_body.json","1767804","0e0ada558318d34fee4dcd9d733651c0997bdf40128777662799fb0c3f0dcf7f","False"
"assets/high-res/later73-preparation-packs/troop-medieval-melee/request_meta.json","1958","32c64209c7f15d3a36c0c4c6607bd8e4f3aca3686c7af78db63ffcaddb861dad","False"
"assets/high-res/later73-preparation-packs/troop-medieval-melee/write_ahead_request.json","529","1d7fb6200a924279a4f169ccd999c1811686e27e16a26cf5ff7d21e49752c2cf","False"
"assets/high-res/later73-preparation-packs/troop-medieval-ranged/layout_spec.json","310","c72d9378109cd8bbb2931515799df62be2c6a393d4499f8a09560e25bae24bda","False"
"assets/high-res/later73-preparation-packs/troop-medieval-ranged/output.png","4894964","c6b083d2f99f9d98f650fc69462bfa66d6c16b28dfb4f223bc05e53b5ceb93f9","False"
"assets/high-res/later73-preparation-packs/troop-medieval-ranged/prompt.txt","470","8530921fdd31be99b7f49d0aaeba5c34d470586411e4d56152eba343bc06bc14","False"
"assets/high-res/later73-preparation-packs/troop-medieval-ranged/request_body.json","1390567","36db690728565f97abc9d7ac66613b746d698d779028b59235e7b0c721d7421c","False"
"assets/high-res/later73-preparation-packs/troop-medieval-ranged/request_meta.json","1948","c8cf236fc0d1d2fa3d75bf4956baa00fd6a9eea5e03f77faf443a05216b5038b","False"
"assets/high-res/later73-preparation-packs/troop-medieval-ranged/write_ahead_request.json","530","32e9af3f5f0fa0ec9934def2c48567fe75bc1301ace17e9d936271f1c2660a73","False"
"assets/high-res/later73-preparation-packs/troop-modern-heavy/layout_spec.json","310","c72d9378109cd8bbb2931515799df62be2c6a393d4499f8a09560e25bae24bda","False"
"assets/high-res/later73-preparation-packs/troop-modern-heavy/output.png","5518079","62561760350d361e036ed4abe87463a20dc59f34e44f1ce2462b9ed511754423","False"
"assets/high-res/later73-preparation-packs/troop-modern-heavy/prompt.txt","481","36c117d531c060b9d953d00541bf7ef3bbece949ff324fe29cb4b76e4dbd751b","False"
"assets/high-res/later73-preparation-packs/troop-modern-heavy/request_body.json","1429390","d4cb7fb3225fd07899afd592c62736d61d38696f83356a29cc4e8e5890c14561","False"
"assets/high-res/later73-preparation-packs/troop-modern-heavy/request_meta.json","2517","01a3a4c5bd99caadfc65bb947c3fe02e5bf100978d51d06fdbb981b7d58192ef","False"
"assets/high-res/later73-preparation-packs/troop-modern-heavy/write_ahead_request.json","524","4e38647f312cccb2ae71272f6bf42c7615a6e8d005118086db492a2952e9a6b2","False"
"assets/high-res/later73-preparation-packs/troop-modern-melee/layout_spec.json","310","c72d9378109cd8bbb2931515799df62be2c6a393d4499f8a09560e25bae24bda","False"
"assets/high-res/later73-preparation-packs/troop-modern-melee/output.png","4658028","e825b2e3b0749fdf4e82891c288ecd02710186ee668e5a976c516cb2067e400f","False"
"assets/high-res/later73-preparation-packs/troop-modern-melee/prompt.txt","479","77b927c033e4f45e7d386608b100fba01fbbe4e7dfeb6ac0b1b4c0ace82e1cdb","False"
"assets/high-res/later73-preparation-packs/troop-modern-melee/request_body.json","1502620","33ab2157559db5affff41b164c71c8ebe01caa10c798256ecfa1f3b337d728d4","False"
"assets/high-res/later73-preparation-packs/troop-modern-melee/request_meta.json","1948","6b0fc7640376fb4c97133cec72863c1a5f99d18523572fee91b9d96765957d59","False"
"assets/high-res/later73-preparation-packs/troop-modern-melee/write_ahead_request.json","525","c18f8a9c9bd7947b4dc27270095f4d738a1e2ce1005bac3fd05306bfdfb82291","False"
"assets/high-res/later73-preparation-packs/troop-modern-ranged/layout_spec.json","310","c72d9378109cd8bbb2931515799df62be2c6a393d4499f8a09560e25bae24bda","False"
"assets/high-res/later73-preparation-packs/troop-modern-ranged/output.png","5244574","e89d132617bbef3d6a53badd429169bcfccdc267e220f14d6a427f03509e9815","False"
"assets/high-res/later73-preparation-packs/troop-modern-ranged/prompt.txt","482","7376ad4a5f726bb35302a8f8a9adfb2bf0cad8b6e5a3426d1390b11595f19201","False"
"assets/high-res/later73-preparation-packs/troop-modern-ranged/request_body.json","1432795","bb1c1940e5ff9b6b97a5831f35ef039a8938538ce18e505314daf9ef32cbca29","False"
"assets/high-res/later73-preparation-packs/troop-modern-ranged/request_meta.json","1954","19fa01ff666defb01f6f0894dd8cfadc6807f008e79b870d82dcdcd9104dc4ca","False"
"assets/high-res/later73-preparation-packs/troop-modern-ranged/write_ahead_request.json","527","e517f7a3f5a63e3741ff9e650581c00470949659b57f250677b02f1ea16931c0","False"
"assets/high-res/later73-preparation-packs/troop-stone-heavy/layout_spec.json","310","c72d9378109cd8bbb2931515799df62be2c6a393d4499f8a09560e25bae24bda","False"
"assets/high-res/later73-preparation-packs/troop-stone-heavy/output.png","4503201","dd75ab45858989e183a7b9a4b59c4db0e4ad3b4f23f412568b279c423580ca0a","False"
"assets/high-res/later73-preparation-packs/troop-stone-heavy/prompt.txt","488","d89faf39bfae82a4f133e1c80c1336e938d57c8188bf91782d02915efa65ecaa","False"
"assets/high-res/later73-preparation-packs/troop-stone-heavy/request_body.json","1575121","cd067423c83da9c378a84e5a8938a415e4adc7d18f5631683fb626ce179023a8","False"
"assets/high-res/later73-preparation-packs/troop-stone-heavy/request_meta.json","1953","a2e6c7a2c00add488f66c0b5a4affb9f81584069f4470519e0b6662e1905f715","False"
"assets/high-res/later73-preparation-packs/troop-stone-heavy/write_ahead_request.json","523","7f0509810d2034ad46bbab8f625ff1fc8329d7bceec28f562b25a4ac1ea036d4","False"
"assets/high-res/later73-preparation-packs/troop-stone-melee/layout_spec.json","310","c72d9378109cd8bbb2931515799df62be2c6a393d4499f8a09560e25bae24bda","False"
"assets/high-res/later73-preparation-packs/troop-stone-melee/output.png","4984813","629979bca666ff35bc4cf196d99598109a820bb75b3c456169d937bfa26b1b0f","False"
"assets/high-res/later73-preparation-packs/troop-stone-melee/prompt.txt","484","7db391ee49eb8c9146a8839150ce6cf8194b21c5782825fbc5dcf77b8f47dc90","False"
"assets/high-res/later73-preparation-packs/troop-stone-melee/request_body.json","1633281","50bf1ad4927f4fcc292b4a5e3c8b139cf30f4921362f793bc024e846da8074eb","False"
"assets/high-res/later73-preparation-packs/troop-stone-melee/request_meta.json","1949","555e6bd1afe632a4f25465c7cf8b0563df8e528555234478c0f1975e1a890184","False"
"assets/high-res/later73-preparation-packs/troop-stone-melee/write_ahead_request.json","523","f4117a4724b9223d22335f47086ddc80908fa6cf203dcbc522f6d1ee6badfc24","False"
"assets/high-res/later73-preparation-packs/troop-stone-ranged/layout_spec.json","310","c72d9378109cd8bbb2931515799df62be2c6a393d4499f8a09560e25bae24bda","False"
"assets/high-res/later73-preparation-packs/troop-stone-ranged/output.png","4806400","fbad903b1168a20bb5dc075c3680d9ec0cb1a5cd84d6757465137a88473d8748","False"
"assets/high-res/later73-preparation-packs/troop-stone-ranged/prompt.txt","482","fe79a9517baa81b111a93be1acde9af94e3a86c7b27476a090e661b2ab3e8987","False"
"assets/high-res/later73-preparation-packs/troop-stone-ranged/request_body.json","1697271","836cb7858d96aa84cf594daf3c626d1af5e48c8b45f1fa2505cc69ced1b1c8d8","False"
"assets/high-res/later73-preparation-packs/troop-stone-ranged/request_meta.json","1950","ae6ab6915a24e3e1d8ed954a406d0ea4aa544a097227d2bdd89ce25cc9bac686","False"
"assets/high-res/later73-preparation-packs/troop-stone-ranged/write_ahead_request.json","525","ff6c602211ec4509d8cc5c7b0c01af043dcf047681c5fbadee67fe4df20101ee","False"
"assets/mocks/INDEX.md","6717","b7e79abb36cd53dbd6e8dd221781463e7fcbceadbffabfd37d5a2a5abec7b753","False"
"assets/production/production-01-20261003/collection-report.json","30375","5247210589b7d9bc2e65071bbc0194f6cb2cf7504fac1256e634d01cf65026a8","False"
"assets/production/production-01-20261003/images/01-kingdom-terrain-stone.png","2163972","6cb13e0d4deaf2924a1b089d57356c973b4998621e59a66a8d3edca1b03daad1","False"
"assets/production/production-01-20261003/images/02-kingdom-terrain-bronze.png","2109981","49f13640f0d3f1b44769606ae541e8f67bd34d861dc0052e6bd69af7342230c1","False"
"assets/production/production-01-20261003/images/03-kingdom-terrain-iron.png","2293053","a05358dba5c543bdde5d17d0ad65aa59b24e8afc6705d95cadfd002436df8fb9","False"
"assets/production/production-01-20261003/images/04-kingdom-terrain-medieval.png","2169075","3eea9e8d20e1f4648f95eec2ae735079b36287a976a6b4f25ae94be4f48b7453","False"
"assets/production/production-01-20261003/images/05-kingdom-terrain-gunpowder.png","2180694","9aec2f273a388c3061d9c1237be4590d678c34c7962c366c7944db38c6228879","False"
"assets/production/production-01-20261003/images/06-kingdom-terrain-industrial.png","2240590","85440ec67f04e90b144f1f6ecc281fc1b898b584c38deec0b8e512e7f2d512d6","False"
"assets/production/production-01-20261003/images/07-kingdom-terrain-modern.png","2337763","c53704f6a8cb8e6586d0fe0c26b5e9af172f9d3d8cba6489affe2c1fae5cc926","False"
"assets/production/production-01-20261003/images/08-kingdom-terrain-future.png","2158708","df5e35eeca4df63ec2fd636dfe4d7522b6a33f805ff7c4e84aee321423f6fd8d","False"
"assets/production/production-01-20261003/images/09-townhall-stone.png","1368518","a23084c32422834a9f3adf48e45af3085d812fd3db36306d6a5c96d38dcb287f","False"
"assets/production/production-01-20261003/images/10-townhall-bronze.png","1709606","d6dc28f97dcf6835da13879639697c68c70ab0dcb3204a22608fb40be1b0f857","False"
"assets/production/production-01-20261003/images/11-townhall-iron.png","1443056","4570853585d11013533f68d47c50f70c331023af43f0e10ad4dff8fcadbeb3bb","False"
"assets/production/production-01-20261003/images/12-townhall-medieval.png","1452230","d62b513ffca26bb026f554d7da8cd9c4459d68d88070ef6d00b9443af19307c7","False"
"assets/production/production-01-20261003/images/13-townhall-gunpowder.png","1345121","941fea03f24ef7387cdc52d8b120bf3821e54bd5758955dee1badc3dd1b7946d","False"
"assets/production/production-01-20261003/images/14-townhall-industrial.png","1508753","243cd0e8413b10d83567a2849356aeb2a107304a5dddf14fbb937fe5f8fe51fb","False"
"assets/production/production-01-20261003/images/15-townhall-modern.png","1349631","a35479785aecf268668716c3e5b1ef8866743b0f380d926e0437ff149a6cde73","False"
"assets/production/production-01-20261003/images/16-townhall-future.png","1566062","1830813744011e31d6f9296da753ec35abd5a93297244f5437739fe2cb9665ed","False"
"assets/production/production-01-20261003/images/17-adventure-terrain.png","2036010","d7b85885045bdedca6f0d203a56f1a57786074afb8591f6a72cefbf75bd7faab","False"
"assets/production/production-01-20261003/images/18-tactical-terrain.png","2239188","13b7c602053e026039c5f04fe692a9073d17cd96da12af3bfdec2da668224646","False"
"assets/production/production-01-20261003/images/19-defense-terrain.png","2153480","4399132dcd0cce9e1563e2e3525f0cc61b5b6a4368c268dd2ca3125d02aaae2a","False"
"assets/production/production-01-20261003/images/20-adventure-site-town.png","1563756","039dbd00a93d5353af77047c6f4dc0cb6ef06a67b63d749a2376066f9de187f8","False"
"assets/production/production-01-20261003/images/21-adventure-site-ruin.png","1460774","78cf4aca7c73e9fbb3dcf5bf1e0ca3e3a2c8d4bc8d252d3a5aa3261bdc4c5dd4","False"
"assets/production/production-01-20261003/images/22-adventure-site-mill.png","1486356","c746480b3dc3d2b643031f9e9ef241fd8ea0ab8516ada5adb339231c75bc9a0e","False"
"assets/production/production-01-20261003/images/23-adventure-site-mine.png","1477906","f321655205afe6be44b7de49c3a8506ea16f6300ae0b62b7852f30da3f21a51f","False"
"assets/production/production-01-20261003/images/24-adventure-site-dwelling.png","1364523","fedad712e384412e5ddcc071ab5a051ced916e718fc96b4ec87fadf6adb5ba8b","False"
"assets/production/production-01-20261003/images/25-adventure-site-shrine.png","1526871","b60f5383909662005bdf1a19c71bdf3b35753e4fdfee257d66d5d00becff4a55","False"
"assets/production/production-01-20261003/images/26-resource-food.png","1502533","d3287f62b9850e4dbab0f3a132c1abacabfe89932eb9ed9bc76d1496bdb0716f","False"
"assets/production/production-01-20261003/images/27-resource-wood.png","1377399","a91c3a395af420fdbc53ecb9b330cc11633bb61b5b46316163ea2331b3bb82d2","False"
"assets/production/production-01-20261003/images/28-resource-stone.png","1397201","2c819abba15fa22311e039e2ad661a04399791a53ac51aa5f12c9e4dbfef6d5e","False"
"assets/production/production-01-20261003/images/29-resource-gold.png","1297920","e8cb7967df838fd84168e87dff6ac98c66c1bdfaab0dfbac84f81d978468f168","False"
"assets/production/production-01-20261003/images/30-knight-mounted-master.png","1343327","df9f9165a9e2fbc5c4cccb6ae463d06778e6edc28f193fc44374337767c4d808","False"
"assets/production/production-01-20261003/input.jsonl","50895","2c73379e3640a0c1aefdf27d3b336f1015f90faa332a04e0b6966482d8146840","False"
"assets/production/production-01-20261003/ledger.json","695","62964c58ed9924e96c63e69200847cc298b42042f8f7cc1984198b3bcf6370c1","False"
"assets/production/production-01-20261003/manifest.json","69090","e79a1fa1ed844da77f5f8906189145f90a624be848fd27f9fce683384dbdf0c9","False"
"assets/production/production-01-20261003/provider-job.json","1149","2f97e2f08378188be70d2449d73a9cdad90ae76baafc3fb2892fe3620d9cd4d2","False"
"assets/production/production-01-20261003/provider-output/response-metadata.jsonl","87574","30e0b376136ccade4d0036d455766b055a04925869ce82dad21ce5c7933a4122","False"
"assets/production/production-01-20261003/references.json","2801","8fa63d6bcf424ef6c25cd3866af4328372990796d94d9a8bb0e269ea1d2ac745","False"
"assets/production/production-01-20261003/REVIEW-INDEX.md","1870","1ec8cf9627d0fbf79832abfcd5b2b85df4ceb94e41675550ec93e9ccaff45a2b","False"
"assets/production/production-01-20261003/submission.json","537","0ba23eee737bf1959cc4b754e0507e26bb2a8f8005b34970a2d67b2b8cd0507c","False"
"assets/production/production-01-20261003/verifier-review-20261003.json","52326","dbf4a877203746312eb3309c20560fa1bdf2b5383f9a3967856af99a8bdda645","False"
"assets/production/production-01-20261003/VERIFIER-REVIEW-20261003.md","8256","d2d04637fe44a6da73cb3739368d1262516c326069c4750af81665693fc9ebe3","False"
"assets/production/production-02-20261003/collection-report.json","30405","e20492ffc6c4c8b181d7b5527c757391fb5b114e9f00e6b403208456cd52a00e","False"
"assets/production/production-02-20261003/images/01-skill-offense.png","1197622","f1f60256db16b0dd3e5651493b6ff690d36fb38f264ce273ee7f3e9111370416","False"
"assets/production/production-02-20261003/images/02-skill-archery.png","1202328","1ad354eb5e3e0b18f190303d35ee6b3ce94fc7996b75777f62668748d7aacd3e","False"
"assets/production/production-02-20261003/images/03-skill-armorer.png","1110370","44bd10b2c8aea796b146ac4782e79599d5bf00d28719465e4ab7b97243760622","False"
"assets/production/production-02-20261003/images/04-skill-wisdom.png","1390964","df567b5f207132082955a3f2aae4511b9efec5b9e035c07d37419495539806a8","False"
"assets/production/production-02-20261003/images/05-skill-leadership.png","1249492","f06cbf0f266e51611c6b512889b6af822264ba96f34729ad088af12ad72b4b2b","False"
"assets/production/production-02-20261003/images/06-skill-luck.png","1197209","53a5b44864e5796ea7f78c00f9ba2fe7f2621df3af2d4bf8cf6de9333eb88497","False"
"assets/production/production-02-20261003/images/07-skill-tactics.png","1153124","4f3fd208ae73e210fc2fcdc0ced90078a045eea4e0f27b49bc6dad4ec2811b0a","False"
"assets/production/production-02-20261003/images/08-skill-logistics.png","1193888","07bbacb9b8a06054c1dfea6c8342be0041817eb779a044dc10236057923bd31c","False"
"assets/production/production-02-20261003/images/09-skill-firstaid.png","1281204","ebc54607578b2df6f2d8ce08467f5c413a0dcb1366224ccadb17961df8fad67c","False"
"assets/production/production-02-20261003/images/10-spell-arrow.png","1154959","4d431faa44b8e777732ab24a47beff271f40fee4d0d1615c0e0709c021e7bf1c","False"
"assets/production/production-02-20261003/images/11-spell-bless.png","1459812","558e5ec6e4c4363e679cace5bd3232acbe53c33800862ededb0ac39cce1182b9","False"
"assets/production/production-02-20261003/images/12-spell-haste.png","1220171","55d1748a181f94010e7489842c9c274f8d8f61e98b4725bcf807dd9d05af9bae","False"
"assets/production/production-02-20261003/images/13-spell-cure.png","1166616","eca945b64860396cfbdea4d5cec6a7f49de391307ec7b966638f2917194651e9","False"
"assets/production/production-02-20261003/images/14-spell-slow.png","1278013","6cdfb254b547fabed1bcb54d1df3821247dfe211ab1519a6a864761da4590d26","False"
"assets/production/production-02-20261003/images/15-spell-bolt.png","1237015","720c0f2a56e7aae907b27c79c1070f6f2de7a9e4d6b21c1244fa3d84403effa2","False"
"assets/production/production-02-20261003/images/16-spell-fireball.png","1296280","bf7ad6469653625ae35bacdceee67cc6d9815bf731b1e826b43e743a8f04f568","False"
"assets/production/production-02-20261003/images/17-spell-resurrect.png","1337572","2f8fca2a0184ad725e50bde0b9d378b20fef8b7302896cff38aa2e0f31555746","False"
"assets/production/production-02-20261003/images/18-gear-stone-helm.png","1387670","14833fc1979dfa91eb1625b75f123c0d6fc79304bd8c8b191353e32be9285c97","False"
"assets/production/production-02-20261003/images/19-gear-stone-weapon.png","1103641","9b9bdee27035c0b42c14796ed8f46b96e4b12617568f8a51e15be7049ca73f86","False"
"assets/production/production-02-20261003/images/20-gear-stone-offhand.png","1632507","8967f5f39f192f98d180c463172043fc886e4da87ab507d6f03014b029082df4","False"
"assets/production/production-02-20261003/images/21-gear-stone-armor.png","1758145","b1c668e5e861a89f5850938afdedafc54fa5f62d0e7cde579034b085b49d7ddd","False"
"assets/production/production-02-20261003/images/22-gear-stone-boots.png","1493503","4c61060d91f212070e049abc150cea17dab612d962b29f4ee5d9a0bc54227310","False"
"assets/production/production-02-20261003/images/23-gear-stone-accessory.png","1200228","aa8ea80901f18fb9c43801bac3f3f5963cbc00ff605b83b6d9f3e6a885423ece","False"
"assets/production/production-02-20261003/images/24-portrait-ancient-ranger.png","1489224","5905c40cb0bd55565d700f37841fb394dd48ea20bb179b0f8bc90d753794c269","False"
"assets/production/production-02-20261003/images/25-portrait-ancient-warlock.png","2343912","83b7e730a71f70c5a9ba25eca563a43e69e0fca6664df8c3c3023d204cd6376f","False"
"assets/production/production-02-20261003/images/26-portrait-ancient-mage.png","1516404","45ab95913e183017dd8cfbdb2cfe1fc50ab68758e9898331a784e157f7632364","False"
"assets/production/production-02-20261003/images/27-portrait-ancient-paladin.png","1416108","40c00ba2422ee6eafd09e7c1f73365cd86638bfbcf0ca8dcdc28caf18e0d8796","False"
"assets/production/production-02-20261003/images/28-portrait-ancient-barbarian.png","1289493","ecab8c068f92933a8aba7cf78dd55bb2c26ad6209a3813da4eb7fead42345803","False"
"assets/production/production-02-20261003/images/29-portrait-ancient-necromancer.png","1231440","b46f606ec18725d59c4ad644eb3a6ae552c7bc50917091ca23f2d586e6787b2a","False"
"assets/production/production-02-20261003/images/30-portrait-ancient-healer.png","1541144","4ed721d7feeedb2840df981d524f953246c903906dabc4ffc6f6b46a55d49296","False"
"assets/production/production-02-20261003/input.jsonl","35487","a2744666dd35973e98e5f9ca6c9d7967e53ee841d39d720eeb87533fc20d6dc1","False"
"assets/production/production-02-20261003/ledger.json","695","8e611d589a5bc664402c8e8248e7289b59315f7d91f90e2aa4f4bcc20cfcdae2","False"
"assets/production/production-02-20261003/manifest.json","41617","fb31bd5456b87598bd1facc8ddfd40c9f4c28936ca056959e1d9a9ad2e66b48a","False"
"assets/production/production-02-20261003/provider-job.json","1149","4fe00f09aa55bed3261924f4e7e88ed598a6b0f64d106a9b0aac2cbe9ae1057a","False"
"assets/production/production-02-20261003/provider-output/response-metadata.jsonl","71858","d9dd33ed4255c4c2457c1a0bd7b392029e2409fe5792b580f04018e9560e11c4","False"
"assets/production/production-02-20261003/references.json","704","642f60db07bf3236a7f4603b5e85fd4bc0aae0f701221700bece18f458e988fb","False"
"assets/production/production-02-20261003/REVIEW-INDEX.md","1734","32d1607f606d3a56bd33d25dd36568a56efb84c0e423e57c0a16683d74a73321","False"
"assets/production/production-02-20261003/submission.json","537","dc0a255b07a8693e6c42c1f9d497ed7d567c6518d099fe7ef007c0f28ee6ab01","False"
"assets/production/production-02-20261003/verifier-review-20261003.json","52373","834a6dcb4fc8f676300b976689325fbb5bc02462fe05e54ff59e2220096f1faf","False"
"assets/production/production-02-20261003/VERIFIER-REVIEW-20261003.md","8804","3033150f284077a484abfbf7fd3fec6ec72788b66b3350dda88fbbbb787305dd","False"
"assets/production/production-03-20261003/collection-report.json","30471","b9893617515c967d918b2fb3584c3ad4ae3367b4560df150aa6520cbd4cb33a5","False"
"assets/production/production-03-20261003/images/01-kingdom-terrain-stone.png","2020388","5fcdb893fd7f2567f435742368cfa5fa093cbbbbe2b49a17f9f850d306b7de70","False"
"assets/production/production-03-20261003/images/02-kingdom-terrain-medieval.png","2042115","7c6122a97b842a45d8fb6ce7477df48e07d24046f3c8ce6878647cf2a1daa152","False"
"assets/production/production-03-20261003/images/03-townhall-stone.png","1981949","2809db2bc0045cfeae0ae73b675b0236b03f0f0f369009c90430af62d22c1b5e","False"
"assets/production/production-03-20261003/images/04-skill-offense.png","1298643","594fc35135244184a2c685ff6ac243dfe4b5ff9c846e8e0a92ea60b816cf11cf","False"
"assets/production/production-03-20261003/images/05-gear-stone-weapon.png","2202856","599d2b0437f78cdf5207fbe38e395f35f6ba55d4dbf7676e958c2b555d02abcd","False"
"assets/production/production-03-20261003/images/06-adventure-terrain-plains.png","2109274","0f0b91561a84029bd333924fd7560e59fbc6c4704079c54a1b2673348f24f2aa","False"
"assets/production/production-03-20261003/images/07-adventure-terrain-hills.png","2120636","d7341f4c346f63f54b36605428491d2eb9e6c6e57da8b72c94a22d3744c10028","False"
"assets/production/production-03-20261003/images/08-adventure-terrain-swamp.png","2049973","7b63336ba39b633efa60d8f90e2f731c18f59a2755a72b025b661b68e9a8493e","False"
"assets/production/production-03-20261003/images/09-adventure-terrain-desert.png","2133329","face19a6f2f5cf492c0a037246d95195a20df1f9a50759cac402dd99bf19b427","False"
"assets/production/production-03-20261003/images/10-adventure-terrain-snow.png","2101915","7a9615b285ef6dff89628fa874e467c6e21e8f591c8e90755a2cdd984c73ff46","False"
"assets/production/production-03-20261003/images/11-adventure-terrain-waste.png","2090552","097c0dca278e541d9845378ce4275b4b5cda0ff4cb94eb25c4008252d578e7a8","False"
"assets/production/production-03-20261003/images/12-adventure-terrain-ruins.png","2175108","64a0e78027abe94cd8f7c9c529d32500d60bf82f2509681b46fac42c227a6107","False"
"assets/production/production-03-20261003/images/13-tactical-terrain-plains.png","1944461","e5dc2c794ef9fc921df75a5969d3e1fc08ede8987379cd49c4cbe8747bc70ce8","False"
"assets/production/production-03-20261003/images/14-tactical-terrain-hills.png","2422639","fe1d2f26a4dcb0cd07970e441ff4946ddd21ccbcaa75bca3574ec45407168365","False"
"assets/production/production-03-20261003/images/15-tactical-terrain-swamp.png","2185020","f7690dad04255e3085a0830cde7d6fad4a9e7f460c06416e543595a5cbb5d7b1","False"
"assets/production/production-03-20261003/images/16-tactical-terrain-desert.png","2137972","ad6b64e774530faebd4bda061e8966e99934a7ed35b52d7aca86d587d876a21c","False"
"assets/production/production-03-20261003/images/17-tactical-terrain-snow.png","1972047","67a47456a41e35dcad4bd37dbd2b852ad9c790da99c2ded92ddac11593fa19a1","False"
"assets/production/production-03-20261003/images/18-tactical-terrain-waste.png","2300942","c7300c3824e935913f5c44fdc5e2143064b0bfb59601b913850dc13212dd180a","False"
"assets/production/production-03-20261003/images/19-tactical-terrain-ruins.png","2086998","fd7e61df00ea74f661dcae72be993ede354577628e3034dc9e7e10f9dd7f2630","False"
"assets/production/production-03-20261003/images/20-defense-terrain-plains.png","1977648","74ae033202abdd569275cde5c4db117f0c4aa9d1d51b995e8a3529aef5f39c95","False"
"assets/production/production-03-20261003/images/21-defense-terrain-hills.png","2151986","85683199e550e019adfa557e6344fc11ec690cb075d99a2c25a8df70ac4d92bc","False"
"assets/production/production-03-20261003/images/22-defense-terrain-swamp.png","2100397","e6f9acb065d03e88a3d7c78f82671d4cd4c9054be99c064ef9b0867a753514cf","False"
"assets/production/production-03-20261003/images/23-defense-terrain-desert.png","2126678","ee719f87cd37f2a19e29041fc387fc394f5326d0e9043acb21e06310107ca4d3","False"
"assets/production/production-03-20261003/images/24-defense-terrain-snow.png","2051151","b9baf2f8d31a329326f954de42badd025e3626658e0814dcb5a435c254ef28fe","False"
"assets/production/production-03-20261003/images/25-defense-terrain-waste.png","2354134","369fc0142573387fd8341126501c53741ad13b4e207e35fa70081d63af862104","False"
"assets/production/production-03-20261003/images/26-defense-terrain-ruins.png","2138896","77c66e4ae0e19442811f43b0556bc30623ddb21faae954935e6d177c10962887","False"
"assets/production/production-03-20261003/images/27-farm-stone.png","1492506","a8c004398448e549d9b4e737801e16c5186965e5f35f22d7dd46c61efa3ae0e3","False"
"assets/production/production-03-20261003/images/28-lumber-stone.png","1519403","63fc579f757d8930a10252db38622ccafab35e93679554e4afcbebd535a0fd38","False"
"assets/production/production-03-20261003/images/29-quarry-stone.png","1503676","da5b9d5ccb9c3422d3058dc2a7424da4e74a4732ed72207da7217ec283d6487b","False"
"assets/production/production-03-20261003/images/30-mine-stone.png","1402564","ff1daba56ba7b3e1f40cdb85bcd9ace519260670017572e1123e74f24aa53731","False"
"assets/production/production-03-20261003/input.jsonl","48750","67148f0eac1ad009126f37b5d845d733956429d2dae67508d02251dc4a8dfaae","False"
"assets/production/production-03-20261003/ledger.json","695","0675589dc6db83b33a526d69fa559fe25f30282b2f5b108a735e0e34534c5066","False"
"assets/production/production-03-20261003/manifest.json","60325","64c3bc1cd949a79ec2f1219901097caf32be52e141965b30cc8814c3be649fb0","False"
"assets/production/production-03-20261003/provider-job.json","1149","4422c6112714963b525128f3fac5ef6f8761ba6b1b6fb1f8c47bcb03d3f54e25","False"
"assets/production/production-03-20261003/references.json","3500","26b5b94e05b177a40a4d3c0622d51be1ea7c7c4b2ea0d67bdd5af187dd15b23c","False"
"assets/production/production-03-20261003/REVIEW-INDEX.md","1966","dc30e964bfe6f71797c8bb01ff4e85f31fe855f9a1a2c5642203d01fd53d86f4","False"
"assets/production/production-03-20261003/submission.json","537","54bbaefcee5ce30cfebb8dcc1f89c34aabaa779e4981c4292574618b28191520","False"
"assets/production/production-03-20261003/verifier-review-20261003.json","53158","e2d9a55bb38a7541c70c9ed795f9a3221742b84049efae5a59d03d6dc22e6892","False"
"assets/production/production-03-20261003/VERIFIER-REVIEW-20261003.md","8929","2862fda8a473aa1408549341469d2652dfc2d09e27af266575d4e376cab6b5ba","False"
"assets/production/production-04-20261003/collection-report.json","30023","0fb2336419c5e2fd05277f3ce2b0aad128d3c617e25fccad58e5c2ea88ed4a66","False"
"assets/production/production-04-20261003/images/01-barracks-stone.png","1472184","80cff15590affe872fe15956aa11c044851a20014835dfe7555c5d7b84421365","False"
"assets/production/production-04-20261003/images/02-workshop-stone.png","1922782","038e25d6e0598a4f07c636113df94c8d524bcc60f7a1f39d22bdfedcfff1eb91","False"
"assets/production/production-04-20261003/images/03-hall-stone.png","1578745","e3f2ed9662f90c29147d4530ec5358c08bac71573cd090269bf45b9e28c58959","False"
"assets/production/production-04-20261003/images/04-armory-stone.png","1614594","0ca2c7dc3137311c44b8bd7f58dac3e68230d4713c176ea14ecd8670922e9a8a","False"
"assets/production/production-04-20261003/images/05-walls-stone.png","1630846","bd369e2d175500f3145f14c3a6caf2dd4743eb0ce4dbe4626119b2484ece25c6","False"
"assets/production/production-04-20261003/images/06-farm-bronze.png","1669499","0ee0954b6c393dfd80dedac099e824d2250c569ffb3bf63d0daba0dc0913d456","False"
"assets/production/production-04-20261003/images/07-lumber-bronze.png","1563980","a0bec7deb4bc3bf5ec64c53e72fdd64c5b913cbf28140ff4d81ce04b95c9f18c","False"
"assets/production/production-04-20261003/images/08-quarry-bronze.png","1593174","74207f838a81fa94db263ffb866c2eae51d88b31692ab9e767355f9a098948d0","False"
"assets/production/production-04-20261003/images/09-mine-bronze.png","1818834","e997c80221c30335f27788db2649a9891aa1aba411721d13a378597d4fa7d284","False"
"assets/production/production-04-20261003/images/10-barracks-bronze.png","1523511","5d5172582de36fd7c93bee8ab150b54147c4e83fd3e1c374f50e96f674168169","False"
"assets/production/production-04-20261003/images/11-workshop-bronze.png","1491992","e537fefec8a1751cc10fb8daf3655b2f8d0df7c2e8e3f3866f1f4c8870c8167e","False"
"assets/production/production-04-20261003/images/12-hall-bronze.png","1631895","8a630caa3dd6d741d4dac15bacd9b9fa7eb04e129124e4c496ef64256de5d84b","False"
"assets/production/production-04-20261003/images/13-armory-bronze.png","1388299","a9cca96db9de895e81b9f2093826ed7e70d30170aec04a5868f6cea4d296db9c","False"
"assets/production/production-04-20261003/images/14-walls-bronze.png","1381292","9629d6d6cd6dfd910f56e3dd0409946f6a7d5ac6e50bbbebc8ace75f7ed23890","False"
"assets/production/production-04-20261003/images/15-farm-iron.png","1895954","994c58d032244a1d5cd15243b8ef7d19823031684acaa20aa323adb4ae6a5757","False"
"assets/production/production-04-20261003/images/16-lumber-iron.png","1758470","befef3c3e75db5a6c8e42c190ef5beb6ef543614c0dd71792a9be7e5a41a34aa","False"
"assets/production/production-04-20261003/images/17-quarry-iron.png","1688638","ab80fa12a2406c25f3652944d71753b6ec2dece73ce2c6eb12687fed2bb4062f","False"
"assets/production/production-04-20261003/images/18-mine-iron.png","1745969","711afaad5bfb6271095bbb367e56d977fe802a55e95ba032829f317d722313a2","False"
"assets/production/production-04-20261003/images/19-barracks-iron.png","1486779","76e8d34cf2cd099667807abb3d75aa0c580570b0e0bc260a5a58fa2e10d68204","False"
"assets/production/production-04-20261003/images/20-workshop-iron.png","1478020","61e0eebd6bc071bc80d36b27f575929baf32fe661690f8256d38223476652fc1","False"
"assets/production/production-04-20261003/images/21-hall-iron.png","1449785","2ff7f9f02ad7d47ec436de04e5c185d14fbc26ecb780fcdb8cd0988912e65fec","False"
"assets/production/production-04-20261003/images/22-armory-iron.png","1442734","9381498d83fcc95c0e925936c01ac31ded3c68cd870a6a4cb325cd71a17d9df2","False"
"assets/production/production-04-20261003/images/23-walls-iron.png","1495297","4aee40a7ded93f8acceff9dcb7f4bffa936ae0ed1bd94e078b418db18f8a2cb8","False"
"assets/production/production-04-20261003/images/24-farm-medieval.png","1656632","9f96e71f70f2f202d7271db818ca012811ea560eb15af8cd7f5749a087e262b2","False"
"assets/production/production-04-20261003/images/25-lumber-medieval.png","1479210","e23257685eaef38e1dc164d33bce1da4870bc7a0dc3e0ed56f7b26d4d0546999","False"
"assets/production/production-04-20261003/images/26-quarry-medieval.png","1476287","34f5c146a4e4b5836021f1f5e6480fe7a5dcc5ee8f340abb10c74fc14c40b8ed","False"
"assets/production/production-04-20261003/images/27-mine-medieval.png","1723401","2b34c40dd9bcdaa13dce3748fc4dec4d180a71809c266b3589d2c1c86899ded0","False"
"assets/production/production-04-20261003/images/28-barracks-medieval.png","1388434","4df56100d4913f8bb8eba26734e86f29ead72298fc3e5ce63d04428f1823fe85","False"
"assets/production/production-04-20261003/images/29-workshop-medieval.png","1577483","f387db3fedb0166587bf0eda541f9a2aef4f3f997908ce38b1365de17ee3a554","False"
"assets/production/production-04-20261003/images/30-hall-medieval.png","1636714","9c26c07c1c5ca462f717cdf1142937d89eb1a8cd40cb3ef7877b3adf56eb86b2","False"
"assets/production/production-04-20261003/input.jsonl","49979","ec15ff474afd736b8dd0aa86444412861386986a5dd04765aacef628b9448a08","False"
"assets/production/production-04-20261003/ledger.json","695","622eab8fa4de5a7fda7b5a887be598795204573c52f64925d298df9ba5309b0e","False"
"assets/production/production-04-20261003/manifest.json","79390","f0a1b91386ad26c7790a1bc56d9e196f4aefe0c35b42785f6b506f3b6b3db481","False"
"assets/production/production-04-20261003/provider-job.json","1149","5a9450392038537c8a4ec5c22193eba7a02e10887e8903e2a17e6a768f59dd03","False"
"assets/production/production-04-20261003/references.json","1403","936bb4adb1def4be0e323e93d73dda9103e34c116d4320705e480858e9b83fb1","False"
"assets/production/production-04-20261003/REVIEW-INDEX.md","1518","ca5d615a782773260765928325a8003a6bc9e5cab74dd072422d9c96d838562b","False"
"assets/production/production-04-20261003/submission.json","537","27c4490fb19ca1ee11c2964f5eeb24cb2e0f475042de6f46f6b63fd9c21fdf9c","False"
"assets/production/production-05-20261003/collection-report.json","30165","1705b30ee8af481c9e0f04d4cd819f1e3eaec30435332119c4ed9b33bc684341","False"
"assets/production/production-05-20261003/images/01-armory-medieval.png","1425832","8d6164aaaf39bd51b6d7465a445c4a9a192565959e16b97339de7697ecd6d68d","False"
"assets/production/production-05-20261003/images/02-walls-medieval.png","1374603","835fea2e649359854923abd47ce171221b0622b2b138d9b0534195adbfdca112","False"
"assets/production/production-05-20261003/images/03-farm-gunpowder.png","1266008","ac5a0d0bb7b019674609a84735b46da44a0ddf75875a51c064161b12aba7c3e4","False"
"assets/production/production-05-20261003/images/04-lumber-gunpowder.png","1578835","ca687fcb6b1620aa1bc81bc5027351943207f98556ddb24ff267c5e25bc38820","False"
"assets/production/production-05-20261003/images/05-quarry-gunpowder.png","1849041","3d2904536260e04258270c31fec0a53081e2f980ab50a6744c57760f6f50853e","False"
"assets/production/production-05-20261003/images/06-mine-gunpowder.png","1673277","5078fe69feb1bc923c405d16f897b369c7c0770e2ac8d60fb69b64a07b97525a","False"
"assets/production/production-05-20261003/images/07-barracks-gunpowder.png","1520033","ce0ff24c23484064bf97b7008958b11fcde59124000aaf295cbf84656c2fbde6","False"
"assets/production/production-05-20261003/images/08-workshop-gunpowder.png","1521160","1a6c79749146248acff368821bc948740f29b17a979b4d0f1c3114a0c285be74","False"
"assets/production/production-05-20261003/images/09-hall-gunpowder.png","1524790","8b58ba082aac2cb30da428b7e2254fdb17f302c461fd10e28fcad00754316d79","False"
"assets/production/production-05-20261003/images/10-armory-gunpowder.png","1550636","f2de439abfbe1ece87f631b6e1070d6fed609992cea54f2a65cce9717fa030ab","False"
"assets/production/production-05-20261003/images/11-walls-gunpowder.png","1549974","0403ccdaf42992e36e8809120c5f50ff47bd146c0e5c54c1b5254e7e7bb4afe2","False"
"assets/production/production-05-20261003/images/12-farm-industrial.png","1959450","4455fb3e25d6f20bc41597378903793cdf2cd340ecd3bdc7944b095cb860a974","False"
"assets/production/production-05-20261003/images/13-lumber-industrial.png","1737538","444c2844fee57287ccd9f9c32a16720c054f056223ab00165970ca981f86a55e","False"
"assets/production/production-05-20261003/images/14-quarry-industrial.png","1557048","45751ec535291539b328deffef65f81cbb025aea4ef52292ec81e2049a2a45be","False"
"assets/production/production-05-20261003/images/15-mine-industrial.png","1497489","87704c301d71df6cc5f3f176437926668f4a37365a5dfe6b1e32d06ff2346ee2","False"
"assets/production/production-05-20261003/images/16-barracks-industrial.png","1521769","4734f2dce989c9316cc39d7bbe9742e115666c471edaf461fbaa54ad4a580776","False"
"assets/production/production-05-20261003/images/17-workshop-industrial.png","1404932","1cc6b100061c37b32d6fd46b9526f3210447f2dff6a0603ce8e18880e1464d03","False"
"assets/production/production-05-20261003/images/18-hall-industrial.png","1452724","b2839d4bc0d2f92a70a3bf9be4bfe3cddb5fca168aae014d953ab74a7bc5ac62","False"
"assets/production/production-05-20261003/images/19-armory-industrial.png","1536579","84fd6e5179737da5e7bb34ef696739ae7a8369ccf69ceff4c39a611be9ced788","False"
"assets/production/production-05-20261003/images/20-walls-industrial.png","1451163","f69f7d62d20b1dc89b5a0780113a8a563d037deb3c819b4f9a36c0cccf307779","False"
"assets/production/production-05-20261003/images/21-farm-modern.png","1520647","1435d9d292b66375dc5886bb10772283c75c82757eb6c88ab76c1d8a35f11eb2","False"
"assets/production/production-05-20261003/images/22-lumber-modern.png","1450010","91964067c9cb46b7d70fbfdb05ad5384499313275c09457e098469c41f156fe8","False"
"assets/production/production-05-20261003/images/23-quarry-modern.png","1523401","aeda1d103e86d284d4d05fa29700d8b03e6e1cc575f9ab4a14ab2c106b69dd37","False"
"assets/production/production-05-20261003/images/24-mine-modern.png","1639573","842927f0e7dc687858df6c4e9fcb4103c139baf2705cf2b281503136e7951a25","False"
"assets/production/production-05-20261003/images/25-barracks-modern.png","1302315","496986859be5205c06d37fb9c03b4b7e8cc3c30a6e64c90180fb52f53b0550cf","False"
"assets/production/production-05-20261003/images/26-workshop-modern.png","1666458","5a529b9ec99301e4e551f97917126845346f437b8526c727c4c630cb94a14398","False"
"assets/production/production-05-20261003/images/27-hall-modern.png","1270421","431572ba3d35e063dc71aa4fbd0e1a6eb0d120cbe20750063af1ca8cd9b35b1a","False"
"assets/production/production-05-20261003/images/28-armory-modern.png","1354014","e5a0ee86cbfdb67651d1e47eda67feb6fa75a435d064da786eb7c38781af1cde","False"
"assets/production/production-05-20261003/images/29-walls-modern.png","1362806","82a0f781b2d49ce819e8552e3c525bea4aecf087bd4ebd996df47c05352a3814","False"
"assets/production/production-05-20261003/images/30-farm-future.png","1634839","6d863b1a94b2798c5ba73fd59f083ef869555f549246bba919817d7f8fcf1cff","False"
"assets/production/production-05-20261003/input.jsonl","52952","72b9b690fc0dd92d0db2560468a625f19d4be0bb97ff10e0de137b29be0b67ad","False"
"assets/production/production-05-20261003/ledger.json","695","353649bb6627cb8391c63aa7369c7c5b056589b954ebde7f2662a9f063b8976e","False"
"assets/production/production-05-20261003/manifest.json","82501","b1b9ad159a04ee5b51a1299475c6cbb62563def86c249d26a659b31844d6a966","False"
"assets/production/production-05-20261003/provider-job.json","1149","7144e12887f2bbd7b6ccc8680a30377cf50a2301e165b589d6ef27ced55ea7c9","False"
"assets/production/production-05-20261003/references.json","1636","b1263a4e433532d879546ec284745c23ef8f717de36af8042e99c972e897cd3d","False"
"assets/production/production-05-20261003/REVIEW-INDEX.md","1660","3a65228ad7fe9157749a221cca07ac62c8e2d7e6fa6edc728b475f11177a369e","False"
"assets/production/production-05-20261003/submission.json","537","f4848961d3a763b030dc1cb514c21cda76648754ed0875bbeeba31d2f82476c2","False"
"assets/production/production-06-20261003/collection-report.json","30421","fe071ab0aeb13bb380d888f945cd5f71658893161a0f5f69973f890c3433758b","False"
"assets/production/production-06-20261003/images/01-lumber-future.png","1464309","411b64fdac373a345fd51cfddaf5a3c3041223f984831eac3d524083f9e0ffd5","False"
"assets/production/production-06-20261003/images/02-quarry-future.png","1664909","6c8f87af96ef0e91874dde50a358d6b0f04fcad180ec6453d7438ae9ebd00579","False"
"assets/production/production-06-20261003/images/03-mine-future.png","1476865","a509d3e69554f43de419368a603600f31c6663a7797afadffa79304bf0e14851","False"
"assets/production/production-06-20261003/images/04-barracks-future.png","1312005","046030a1e053d390de987d7c6a9956a5642f8b672e9742fd9124719908c97971","False"
"assets/production/production-06-20261003/images/05-workshop-future.png","1406138","2bf3ec6dae29dc06b46555bc19238bd94455fe99ef7ddeffce63ff155d544209","False"
"assets/production/production-06-20261003/images/06-hall-future.png","1473675","3dc141785809a1c55723ad565860fe484d43c25af95be31164b619f8f1ed99f0","False"
"assets/production/production-06-20261003/images/07-armory-future.png","1622807","5bd4f41debb44d263cc1de633f24ea15222e61ad1a5586a1d9aefa661947fcef","False"
"assets/production/production-06-20261003/images/08-walls-future.png","1272233","d20f22143971f9a50b3579cb51a7562ad0a531f08ffe2a70becd6160e3c1ffd4","False"
"assets/production/production-06-20261003/images/09-world-props-stone.png","1403353","3169838af3d79c15baad0d188aeef337da9549ee7e2e41ea225c3757ef22ef95","False"
"assets/production/production-06-20261003/images/10-construction-stone.png","1571999","acb606c81ce1ae9eed28f6f3af0ee05a8a98908781b8df088bb6690c87116064","False"
"assets/production/production-06-20261003/images/11-civilian-transport-stone.png","1237096","d0cdbe931bdb48647024dfcba5a5ab9216a31d52e3d47df42456987c02017a6b","False"
"assets/production/production-06-20261003/images/12-world-props-bronze.png","1222671","7895d5da64beba3485cc024fe657397714e0719a7ec63ac3a8eccd6747159122","False"
"assets/production/production-06-20261003/images/13-construction-bronze.png","1414150","ffceafdb71ec7aeeb58348e15275cb146c6eecf372ca3f5af3471cf9f4e6a136","False"
"assets/production/production-06-20261003/images/14-civilian-transport-bronze.png","1048579","4c91b5fcce70d2e9426934c2e4efd37f86dfc862f29b426b3f0421c164c92e42","False"
"assets/production/production-06-20261003/images/15-world-props-iron.png","1426945","6c41f1d8714be5f97743c9523707b355d19413de76c4eedc5112260b12171caa","False"
"assets/production/production-06-20261003/images/16-construction-iron.png","1401428","200ff4a271ed5968f2f297a182617bd565c3aacf68e787ef38539177cc5c5f83","False"
"assets/production/production-06-20261003/images/17-civilian-transport-iron.png","1121401","8f570c76eb2882513a34fb0813b36750ddbe1b5cabc59c8507818816880a7dc4","False"
"assets/production/production-06-20261003/images/18-world-props-medieval.png","1558581","1703bd0b17edf35624d05c4f5167b8337f47ce2640135215b66bffef774518ef","False"
"assets/production/production-06-20261003/images/19-construction-medieval.png","1585495","6532447f66564776a2ce596ca2868de0dedeb27c6e36466232e9bfba15c8a856","False"
"assets/production/production-06-20261003/images/20-civilian-transport-medieval.png","1321208","307ec9cdd8393e133b037b3281dab28d7d8d8af023eb8ddc1807e48bffafcb2e","False"
"assets/production/production-06-20261003/images/21-world-props-gunpowder.png","1491605","1cdb00bf5c8ab77ddc6a19847060528a40f9acef78671918ee8f01e758f62d4a","False"
"assets/production/production-06-20261003/images/22-construction-gunpowder.png","1643264","01798e39565d09932acded21252cd172af3e71e3505e5ab24a7d4e0555ec6dcf","False"
"assets/production/production-06-20261003/images/23-civilian-transport-gunpowder.png","1435933","a9c035e293ad7edc0d2819adb306c6487466008084887f65fb0adc0762978026","False"
"assets/production/production-06-20261003/images/24-world-props-industrial.png","1501707","fd4c42686d9b6166c845af8a0bd2de67f77b8605fa76b55e8fee6bfddccbf7d9","False"
"assets/production/production-06-20261003/images/25-construction-industrial.png","1255324","01c52e15236e93c81cde2c400356075ee192b11ca56217605c90cca394b1b863","False"
"assets/production/production-06-20261003/images/26-civilian-transport-industrial.png","1482314","5c365e4ceea9f5c190ab2bd49c7e36428081dbf3eb25233baceea71f10254365","False"
"assets/production/production-06-20261003/images/27-world-props-modern.png","1437069","165dc7f9bedf255ac95f56a49a7c5a074c9fbc4ed9b60d6a96846fc31d098f8f","False"
"assets/production/production-06-20261003/images/28-construction-modern.png","1652538","b18c0b321cb40e340223cd6f1611a5861ac125d46e0629661e5379215060132b","False"
"assets/production/production-06-20261003/images/29-civilian-transport-modern.png","1095716","4ac93c17cfea0d5ae20e6a887baafa6e1f1775e2be55696326abbcd0c25a7505","False"
"assets/production/production-06-20261003/images/30-world-props-future.png","1411721","d3363f0e859316665514e4513a6f89b5132887c486967a6eac8ff673b27ddae2","False"
"assets/production/production-06-20261003/input.jsonl","54827","99f0880df75f3764cca4fb7b369818a61df708e2c2c9c3e22330ed9fef6760ed","False"
"assets/production/production-06-20261003/ledger.json","695","f7d9f4b6a6690143bf06ce101e00d4febcd8bf1d617a8975cf1beff8302afdb8","False"
"assets/production/production-06-20261003/manifest.json","71296","59d8bc594aa0b1992ab622d6a85208319afb80a83eb4b91495a71f2c53ce28b6","False"
"assets/production/production-06-20261003/provider-job.json","1149","785384b5fbca9a25cef768b6f0996a42e12d7642006a659c1397089fc575107c","False"
"assets/production/production-06-20261003/references.json","2568","f3b481389af3f56bb59935aa8dd6d711b955fc1174b6e793b92bbd51a47c9cc4","False"
"assets/production/production-06-20261003/REVIEW-INDEX.md","1916","1a1a6d3abb58d0188919cff1cf599721a4888210e0e162834932734f889bf523","False"
"assets/production/production-06-20261003/submission.json","537","d436045e461491e9a6ddbdc80e720647387286f528c2889c8ea5bc4656cee096","False"
"assets/production/production-07-20261003/collection-report.json","30668","9be9604cc56f7e0ec536688060ee5125cd77e1b7ac012924a809172b67133787","False"
"assets/production/production-07-20261003/images/01-construction-future.png","1515050","ecb77b7c770d92d65d86698082fe37293dd4bb1e1e78c1185a42ac88d80638d7","False"
"assets/production/production-07-20261003/images/02-civilian-transport-future.png","1215013","682f8cce232e6012cf7dc4af3668ad7e9462decafbee88bd2b1e9b72632dabfb","False"
"assets/production/production-07-20261003/images/03-troop-stone-melee.png","1224256","c374fb4d5c0ce1f7c6347751d77ea325b61477931d5c2bae5aeb4deb294db032","False"
"assets/production/production-07-20261003/images/04-troop-stone-ranged.png","1272250","2fb642c52923c7d718c6dc12a22f4cead1849a44c9942cb59d1994f2b64f66c4","False"
"assets/production/production-07-20261003/images/05-troop-stone-heavy.png","1180634","97cace9a0053023b56699db46a12eea109f9b45648a7ab3bc890b3d4595f39a0","False"
"assets/production/production-07-20261003/images/06-troop-bronze-melee.png","954180","d342bc57556035ee48eb33698e3aa71d241acc965406cc85840491cdd36e8fc9","False"
"assets/production/production-07-20261003/images/07-troop-bronze-ranged.png","1033160","03b2271120763b3c4697140f6c10799d82d240661eeff62abb4a48a27eba93df","False"
"assets/production/production-07-20261003/images/08-troop-bronze-heavy.png","1158289","107f35364f9b29104b182368ec512e42fed7f18eb4d4ce7b16de89b73e99809c","False"
"assets/production/production-07-20261003/images/09-troop-iron-melee.png","1034997","a88d1e71b656688de7ef045de7b65f78e0926e5c48b01f522fe00ec268bb30a4","False"
"assets/production/production-07-20261003/images/10-troop-iron-ranged.png","1148956","51f53a648a73e47b66b31583b6d4aa3f9c932038fc51b91172e9da4a1256b641","False"
"assets/production/production-07-20261003/images/11-troop-iron-heavy.png","1123936","923cbcd530a0630ad5e096d60a09dfee1e5877626ca8d4aec80bb2b6018d2bfe","False"
"assets/production/production-07-20261003/images/12-troop-medieval-melee.png","1325151","a745679143d3e27957e879c5f293b184c7f6fc295f2b54b883bd146e1d5cf08d","False"
"assets/production/production-07-20261003/images/13-troop-medieval-ranged.png","1042233","3e15e24331588271a7e17377a0d304a1fc286a1c3fe0af23a208755a245ec827","False"
"assets/production/production-07-20261003/images/14-troop-medieval-heavy.png","1007743","35d876e74dc8e1e67b9cbd473cd76be0d70d06868149581780d4243703f76d13","False"
"assets/production/production-07-20261003/images/15-troop-gunpowder-melee.png","940083","f29c2fe5af8689a1312bec03f13ca0d59158aea15f73dc8fe162041ca6df7732","False"
"assets/production/production-07-20261003/images/16-troop-gunpowder-ranged.png","1022469","53b16acd4364c93513fd6a0605096b4036009e02f6597619498a2a488dcb99e7","False"
"assets/production/production-07-20261003/images/17-troop-gunpowder-heavy.png","1277855","741a70c6a50ef5b8aaa6afe04409128e4c3d09dbfbd2d6d90ecb396894f55d19","False"
"assets/production/production-07-20261003/images/18-troop-industrial-melee.png","1120363","fca4b6615894979b9a00a41824adecdf24d233360ab6182040ca4585bc0f390b","False"
"assets/production/production-07-20261003/images/19-troop-industrial-ranged.png","980494","e26e2693524df9d2daf41abc0faebbc49b36e921ade68ef20bdc798024363358","False"
"assets/production/production-07-20261003/images/20-troop-industrial-heavy.png","1128425","c47ad942abd00358dc60d6e980ff82a1692d63a47cc275d7bea54a14f2a0a102","False"
"assets/production/production-07-20261003/images/21-troop-modern-melee.png","1126265","fca4c32b380fb424a18d785aaba20115e4a6f226ba199438eb942ece7b70411c","False"
"assets/production/production-07-20261003/images/22-troop-modern-ranged.png","1073895","9f03516d79c0c834b8eb62c76fa88daa828a4804358d7b35d66c7e2f97775661","False"
"assets/production/production-07-20261003/images/23-troop-modern-heavy.png","1071341","ad4fd5e8c8bcfb82945f3351df575aa8eb9bedfbe16e8aef0bc0460d96130a40","False"
"assets/production/production-07-20261003/images/24-troop-future-melee.png","1209364","28c6b0f03a33de5fe317fbfad32478c293df4768acf1473133405bb84aca44e9","False"
"assets/production/production-07-20261003/images/25-troop-future-ranged.png","1139818","22d7f84d86c47157368fd6c9fb0cd6e21d11c76892ba297094d59c7aa680f2d4","False"
"assets/production/production-07-20261003/images/26-troop-future-heavy.png","1160170","c2ec850173f90169c2d369178a66b67814a48bfa1bf53199bd87cf4c7f318f12","False"
"assets/production/production-07-20261003/images/27-tower-stone-arrow.png","1383711","6e962fa61bab5456de2837dcd1b43f30dc08ff58b9749f8b5e55548c3a8ecd89","False"
"assets/production/production-07-20261003/images/28-tower-stone-splash.png","1277519","5f4f5e774dfeca1f85ff8f68fa15c8330a32344d9125fb131b543151733bfcef","False"
"assets/production/production-07-20261003/images/29-tower-stone-slow.png","1452496","92abac6b003f878f4558fd4688fa49b86c765dc1435fdb8046fc674dbe6f7add","False"
"assets/production/production-07-20261003/images/30-tower-stone-support.png","1428757","385a5a91bd140367af160113ac731aa26011a632532fd7112089025c0047a80e","False"
"assets/production/production-07-20261003/input.jsonl","55302","dc7cf45f1442717893445b6906ed689135c5fb3af51419120fef38c667bbc558","False"
"assets/production/production-07-20261003/ledger.json","695","1e2d4b9595b44bbdb78b148c9234027c42ed2086704b67245b53ccc9969782a7","False"
"assets/production/production-07-20261003/manifest.json","83195","d95c19879dfeb1bd26599f1ab8a31a36ece567f2d4bb2698ba91d48d6f03cf2e","False"
"assets/production/production-07-20261003/provider-job.json","1149","52623c0a17c74ce6c5de2902772dc2af74f7eafcf38946b5503cdbbd1386b8a8","False"
"assets/production/production-07-20261003/references.json","1403","79ace37056b166ac56f2015497ef826eaaeb2afd7b08b0c4028663cb93203ef8","False"
"assets/production/production-07-20261003/REVIEW-INDEX.md","1914","c644eafe381e6619e869d9c149a3f55dbf83f3af12c7a8b2734ff5dab6bcc1ec","False"
"assets/production/production-07-20261003/submission.json","537","77cc9f7066ad8491171a27070024ba801e0912956a260767ba6becc3de438796","False"
"assets/production/production-08-20261003/collection-report.json","30449","048b97eaebf81079960b94fa6e59bfc0064ebc89b29b3174815657b44b03300e","False"
"assets/production/production-08-20261003/images/01-tower-bronze-arrow.png","1130484","86326adcfc2c7f580093d00f4c3371c161fea9ed59e9f90d6e542d4413d5a1a1","False"
"assets/production/production-08-20261003/images/02-tower-bronze-splash.png","1597226","16d3f7e0bcac0ed5aae19673e50d694e01d37502acf60c3e5e939b9a6c1c71ef","False"
"assets/production/production-08-20261003/images/03-tower-bronze-slow.png","1540570","f69b6d6f8610c95a4f44d4028369bc380ea8649821893f655fe7f5458e7fe57f","False"
"assets/production/production-08-20261003/images/04-tower-bronze-support.png","1491289","2dd6ef065863d158e98edbfef341c0e25f22edb1f25c9f14fab7f1404ebeb5cb","False"
"assets/production/production-08-20261003/images/05-tower-iron-arrow.png","1212791","a8a8dcf7a0c857ecfdb2ce652a703c96cd595c0208dd3fe8c7b3e169ff79b56e","False"
"assets/production/production-08-20261003/images/06-tower-iron-splash.png","1490762","3d838e9715a0173bdf09f010a2d96d6679070f40a0d4fb63437799047d1de8be","False"
"assets/production/production-08-20261003/images/07-tower-iron-slow.png","1310958","2198fc653717fe755c5883eaa01c7a032444e712b3e30a7e50f23775b21d34d9","False"
"assets/production/production-08-20261003/images/08-tower-iron-support.png","1563059","6ad484d3a520ebb84297831797d3482c29fd42464b2caf13a574723729934caf","False"
"assets/production/production-08-20261003/images/09-tower-medieval-arrow.png","1574567","c42d12ff551729e5c199868522f6e7e5cd664a38451258e27760dea5961e9bb9","False"
"assets/production/production-08-20261003/images/10-tower-medieval-splash.png","1421877","19efbe9223af16b58d9848e16f1ebb9e005f17e12dd66284e5a4775f5d2d6616","False"
"assets/production/production-08-20261003/images/11-tower-medieval-slow.png","1337876","a7d592a871dcd398a674353d35a5180670f95b1d207602601752453014eccf06","False"
"assets/production/production-08-20261003/images/12-tower-medieval-support.png","1393728","b779f8714868ba468efed372a52b949f1321f94bac52cf90851a5fb6e8f28e6d","False"
"assets/production/production-08-20261003/images/13-tower-gunpowder-arrow.png","1368286","4e3e59fe56141eb34e02e99740ce9ec30560ace0d5bc62ae2603ab9b59d09cb9","False"
"assets/production/production-08-20261003/images/14-tower-gunpowder-splash.png","1680719","c3f13a5d1791016e1b894e021c8edec1a678bfe7583927b46d5aa0f868a82d00","False"
"assets/production/production-08-20261003/images/15-tower-gunpowder-slow.png","1450221","2fb9e33b1e519b28c7d389ba38f23af754ebb86f7c29482b45d3b21f0eddb934","False"
"assets/production/production-08-20261003/images/16-tower-gunpowder-support.png","1264940","ee1aef2fff493e52c3ca564461fd54eb0a7568ccf423d17311d620d7473b0827","False"
"assets/production/production-08-20261003/images/17-tower-industrial-arrow.png","1270613","bd33e9044d0a80b497d6c158775632de53e2ecb0f810882817e83d4fbf5ddca3","False"
"assets/production/production-08-20261003/images/18-tower-industrial-splash.png","1625848","04a84eb416fe4ae5a1936e550b0d0a7622506a2136467d972b2791d5104abc6a","False"
"assets/production/production-08-20261003/images/19-tower-industrial-slow.png","1448504","b02604efc15e081d605b7d9fb392866c5841c887d1a2f393ac63cdce4f4ff3e4","False"
"assets/production/production-08-20261003/images/20-tower-industrial-support.png","1242015","8e688fb72335ec9cc483e7cef6ec15aa2c7470886d0387df34ee1a4caad4b050","False"
"assets/production/production-08-20261003/images/21-tower-modern-arrow.png","1274367","85a457679a6d05db90064c50c99798aabe6107f73f38f9fc24657aa6415c01d9","False"
"assets/production/production-08-20261003/images/22-tower-modern-splash.png","1421233","1f94d0091f9736384cf89cd67af300e8ac778a0ab1e6be0e60402b7ca910bde9","False"
"assets/production/production-08-20261003/images/23-tower-modern-slow.png","1320553","acb9676b77ac854ce5f9560fe25b9c7666b55c8495efdee2d3606547fe7f9651","False"
"assets/production/production-08-20261003/images/24-tower-modern-support.png","1350487","6e77252535eb6ce31f46926034bee0ae19e87eada6aca3060c493f34108ef154","False"
"assets/production/production-08-20261003/images/25-tower-future-arrow.png","1052505","3e14d6fd018ceee9edcc445dc89b4e35dd17a2ab25d3d6bad6797d63453d63ec","False"
"assets/production/production-08-20261003/images/26-tower-future-splash.png","1313870","bc4b07869134e81edfb137bf55149e3dd1f27d2e1f6cf0538480726b1cc87047","False"
"assets/production/production-08-20261003/images/27-tower-future-slow.png","1381821","a6f50b9534609379ce5029e27997b7daa0704ba7044e9826f421219053550ba7","False"
"assets/production/production-08-20261003/images/28-tower-future-support.png","1473342","1dd553eef8e9e49be0ff44e18aa9f2e95f2e7814d6eff7f65860c47f77aa8547","False"
"assets/production/production-08-20261003/images/29-attacker-stone-brute.png","1181055","b9ba13ac8fb43e8d47fd0f8701198adce3e89506f3c58c0cc31b2306769e8d30","False"
"assets/production/production-08-20261003/images/30-attacker-stone-runner.png","1094105","2a583b6a232fd11b5a621d8a65ad2744652204efbad0453181b92d5f0528beb6","False"
"assets/production/production-08-20261003/input.jsonl","53731","911e954705bf9990e4a1e50d07570c5f603da29ba2785821c1735554434d6ff0","False"
"assets/production/production-08-20261003/ledger.json","695","b5b0d4dde094f0d6b7698041d726b66b5d5e68a0ae41deebd426bc5ecdcc27a9","False"
"assets/production/production-08-20261003/manifest.json","82792","519165fcb34e37020e6e785170b6cb7d2f0986eec10e1774a33b71af71b0bbd9","False"
"assets/production/production-08-20261003/provider-job.json","1149","9b36e4ad38c0d088533f87416f4a31492d6308e1e0adb5d63c856cdb7207f327","False"
"assets/production/production-08-20261003/references.json","704","22125d0e5cf7c4de27c990aa7e095a94388b7e5c43032a8d8bdd94cb93ad83e7","False"
"assets/production/production-08-20261003/REVIEW-INDEX.md","1944","f1d5391b3066233e7f8f7954bc0914b36667cd2454b8aac52e4df43ba64d7ce2","False"
"assets/production/production-08-20261003/submission.json","537","1c720a8d0109e7abfb220d5d09edb02b87edb1f968c7a4618ac2a3b6e2ac3605","False"
"assets/production/production-09-20261003/collection-report.json","30812","7018ca0043e17c075ff05c1aeec06ddb2fc9b6d3738de1abe2efb8f122e621a3","False"
"assets/production/production-09-20261003/images/01-attacker-stone-archer.png","1155838","70029d1334e71a688bd99df4419e3d2ff0c9c9efb4058ed2868cc0064a31afbe","False"
"assets/production/production-09-20261003/images/02-attacker-stone-sapper.png","1288274","0068911b2cb8c569e4b6b0794b62cba2b62113b665b88c136cd1b8a8dbb99e68","False"
"assets/production/production-09-20261003/images/03-attacker-stone-shaman.png","1142393","c461d432b0b0f03c9d7a9e1fdefb8138cc9b5fc193c939622673b41712c70834","False"
"assets/production/production-09-20261003/images/04-attacker-bronze-brute.png","1225530","658d0604bdb36923bbeb7763ee36ce24474d20f68a0b028fd269673d1a26834c","False"
"assets/production/production-09-20261003/images/05-attacker-bronze-runner.png","2037309","3a0025afe4b314a64fb57caafc3272c45d30e7c424f89e104c4327665d481839","False"
"assets/production/production-09-20261003/images/06-attacker-bronze-archer.png","1138160","471dc9f5682ac0d280ee3a88087a8e641eb72c251661d3e89c69ae38ccd3817c","False"
"assets/production/production-09-20261003/images/07-attacker-bronze-sapper.png","1246070","58d4ad9df83215d3e61ec85efed12490a4537ce11beb000443e6bfee233f042d","False"
"assets/production/production-09-20261003/images/08-attacker-bronze-shaman.png","1241497","f526e776db70aee362ecf36f9181fbdf401e8e3ab79195b531577a19782fdaa7","False"
"assets/production/production-09-20261003/images/09-attacker-iron-brute.png","1198271","b505ac92fe0e53cacf0f756446b854bdc52ea861cf93a7d7a374323d743abd8b","False"
"assets/production/production-09-20261003/images/10-attacker-iron-runner.png","1153866","e260201188e173f55b44a1907687ffe389ebf0ed3928dd02094bbae6657f3110","False"
"assets/production/production-09-20261003/images/11-attacker-iron-archer.png","1097189","9fe7250b1caf6b054af86f808c20dacc7ac05c58a9358e6c924e984924113234","False"
"assets/production/production-09-20261003/images/12-attacker-iron-sapper.png","1137019","0a4946424dc56bddd161bd01d1ffa81513f12ca8689ba2d462705ce6686856c8","False"
"assets/production/production-09-20261003/images/13-attacker-iron-shaman.png","1032572","f5bead4a289e101825a2796ba73efca1ec3778bb50f3b3e4e995c78d4fc64280","False"
"assets/production/production-09-20261003/images/14-attacker-medieval-brute.png","1195406","56ce30b5887463e52563da7c3a4668598646e4bab7b6f788f71f111b0045c26a","False"
"assets/production/production-09-20261003/images/15-attacker-medieval-runner.png","1153878","cdee1f0cf18369d90a984d7c9cb90774aa1872e4d83525bd3b911c6969a0befb","False"
"assets/production/production-09-20261003/images/16-attacker-medieval-archer.png","1497307","9cbd8517af86839ed83371f680a930da311ed5bd71fa4301cd1674b4d5a52d83","False"
"assets/production/production-09-20261003/images/17-attacker-medieval-sapper.png","1281326","2fe6ce3fe4811355b50998bc4351e6e6f990c38b260bb8e5bbfb46a334251992","False"
"assets/production/production-09-20261003/images/18-attacker-medieval-shaman.png","1018970","bfe40c2c79d748e727e4bc4c28a7fa687b8d1d77f174ef69bf4cbeeff88471f7","False"
"assets/production/production-09-20261003/images/19-attacker-gunpowder-brute.png","1059367","61b77c0c01e25c9a20a62b71ea6c37ad74be19d961862cee54e3fc7c6875ba17","False"
"assets/production/production-09-20261003/images/20-attacker-gunpowder-runner.png","1038560","62d0bead33d4d32fe5eb671f0b450c433ad1a70d78d5122a10714350ad705103","False"
"assets/production/production-09-20261003/images/21-attacker-gunpowder-archer.png","1071721","0dfdd4dd0597f85e20af95cf2ee29f95d1fb1e7839e4ab63a5930d0ad76bd421","False"
"assets/production/production-09-20261003/images/22-attacker-gunpowder-sapper.png","1262690","ef64ace72e286d1144e75e543c3629704a9b10baf65ec13f7ab6a230b6e6b9a6","False"
"assets/production/production-09-20261003/images/23-attacker-gunpowder-shaman.png","1196802","7ff3088812801078c5c490eb61a959cdad783576aacd822aa9abaee40158135d","False"
"assets/production/production-09-20261003/images/24-attacker-industrial-brute.png","1320074","f0d437e1c7bcc7dacafe4e09e884f060edde808b0c135e07451876c414c2a365","False"
"assets/production/production-09-20261003/images/25-attacker-industrial-runner.png","1127026","bebcd775b73e285d711dec50a3a533047ba39f784e0fde0c9d755fdd49c5f7e2","False"
"assets/production/production-09-20261003/images/26-attacker-industrial-archer.png","1219926","ec0acad716d23318a1b0cae7dbb81f4dca7ca044d81bd76668f7012822dab161","False"
"assets/production/production-09-20261003/images/27-attacker-industrial-sapper.png","1147983","649de3a242a4288df44e96f1eac2311eb81c1a17a735a040ce7956ddff04456d","False"
"assets/production/production-09-20261003/images/28-attacker-industrial-shaman.png","1180650","72f118b6de817c8fc4731dba00d93a8102e0be7d17449068f7886bb65a72c9d7","False"
"assets/production/production-09-20261003/images/29-attacker-modern-brute.png","1234134","cb6eb64bf7ba30e261340e8a4d8fc52f0f169d4a7b172416135bf7ec660210ae","False"
"assets/production/production-09-20261003/images/30-attacker-modern-runner.png","1105520","ae435705c832e380487602206f12879c86f758a82d877fcc52dc8ab8a550449c","False"
"assets/production/production-09-20261003/input.jsonl","54385","d1478b9eb0075da01234f9158e9a5e451f9c163bee5b8070f04cb1551d2b75b6","False"
"assets/production/production-09-20261003/ledger.json","695","63bc8f63b123582c72d91d8e4e9d8d53b3ca9a95eb5a607238599ecbbf45407c","False"
"assets/production/production-09-20261003/manifest.json","83813","5e51e78ff1437ea14da3cf07063fddd1e08a615ec711f3d81d811ea496801474","False"
"assets/production/production-09-20261003/provider-job.json","1149","e407d8b60013d5c9fc0a0dabf2b9c0d46bdc4ab232ae90e9f130e2b3b1a4b0ba","False"
"assets/production/production-09-20261003/references.json","471","a15091d6e10e9f387da908e6d454e08e32e71e0b4bc8d149935df20704dfb38f","False"
"assets/production/production-09-20261003/REVIEW-INDEX.md","2142","ef3749aaaa96af8993f964b8d2c567137542dbae20be8f584f5a284d7033d7f9","False"
"assets/production/production-09-20261003/submission.json","537","55ceef5f54f82a21b370c4db3668f2cf3b3f09d841f88aba51ad5479634f3b1d","False"
"assets/production/production-10-20261003/collection-report.json","30606","a07822d422c982926b2461310e9a3134f878b867c7e54e3c6e1ac6bc75b6f4c5","False"
"assets/production/production-10-20261003/images/01-attacker-modern-archer.png","1018122","c2d09f5ea982134b6ed5ac80aac6ba64b3f3cca673a4279b8abdf4ab32c32f6d","False"
"assets/production/production-10-20261003/images/02-attacker-modern-sapper.png","1169936","ca9481cd9e25fe4c1f9ee2511d73bfaaeffb778bd051364f23925efd94947264","False"
"assets/production/production-10-20261003/images/03-attacker-modern-shaman.png","1087772","cb90bffbd2aa8779978ad61f8cb73cff30b91bbbefc66600cff22919d0cc688b","False"
"assets/production/production-10-20261003/images/04-attacker-future-brute.png","1411059","06e1e61349904f512676a0dd1f002a0768c3950f2a45fda062d270a21f860a38","False"
"assets/production/production-10-20261003/images/05-attacker-future-runner.png","1537508","78ddf26d78b603d15697dbd552c0fbe040895f1b8500d3659e8452926c167ba6","False"
"assets/production/production-10-20261003/images/06-attacker-future-archer.png","1420034","8105a950c3f5f0541c08bd41a97858b3dab36b63066c0bfd0f7003c8589fb907","False"
"assets/production/production-10-20261003/images/07-attacker-future-sapper.png","1181079","c3173fbdc4702a8d824af6c57598a0e06b4482e7211ce0750b25bd29f68924ac","False"
"assets/production/production-10-20261003/images/08-attacker-future-shaman.png","1363371","4da902797f2058056cad51c7f105397794febbeba669dd884d97e74871a8eb0a","False"
"assets/production/production-10-20261003/images/09-creature-wolf.png","1460941","c6d630ddfd1a24f5d0f4acbe6cbcd5b49a85d87ad724ab1320ffd85c2d34e07e","False"
"assets/production/production-10-20261003/images/10-creature-bandit.png","1039951","21798240b3cb309fd89bd7bbfd148440db3da7bf8b106b55f3466063824ca3d9","False"
"assets/production/production-10-20261003/images/11-creature-bear.png","1249585","25d852c9f26b47c253122eed9f7d27d9ec03edd0649d1e908692caa4751815b3","False"
"assets/production/production-10-20261003/images/12-creature-harpy.png","1439948","a385e1db32a9ff2cddc5b445660a6306eafd5eb4005af7f488e2a2852988156e","False"
"assets/production/production-10-20261003/images/13-creature-golem.png","1420042","d0b24c6e48cd3ee088a230438aeae0e51dad53bde4d3f47c67703c59b9197dd7","False"
"assets/production/production-10-20261003/images/14-creature-griffin.png","1281993","ff34f3efbe7e548d5dcdaa9e8dcdbad81a96237873a90ce4c69a9840ab140754","False"
"assets/production/production-10-20261003/images/15-creature-wyvern.png","1359656","e59279976454ea5dac2059d4f8abe0ea38e27eb531e82743157bbe152e3f7440","False"
"assets/production/production-10-20261003/images/16-creature-drone.png","1000907","a4cb97b60f652338680e0905885a037d9be3bbd776d48821b566b2d5314d1cab","False"
"assets/production/production-10-20261003/images/17-portrait-medieval-knight.png","1131257","4c95bd27510a79d59f7993919e7b7294b2e2bb90d67056ddf68f14599a0af6ce","False"
"assets/production/production-10-20261003/images/18-portrait-medieval-ranger.png","1270324","01f1b286a3744576cac143777f13edf99e6bb672a587d1f67b2a14d3d00a5e45","False"
"assets/production/production-10-20261003/images/19-portrait-medieval-warlock.png","1241385","e8a62326dfc8665df39b3ab3823358d274516184f21b62dbd98fec7b98666199","False"
"assets/production/production-10-20261003/images/20-portrait-medieval-mage.png","1264175","d96302912e5dc9321ef464199b3346a727b9f3fdf6f893ec2f642954e9615647","False"
"assets/production/production-10-20261003/images/21-portrait-medieval-paladin.png","1306142","0284f72d444f8824c0b9b95353e184196667a81b3e54c445dc93f4e265d4f6a8","False"
"assets/production/production-10-20261003/images/22-portrait-medieval-barbarian.png","1163546","6654f0d0032e164cf0ec3bc179525c1bada9dc6e2b736eacfb897db2f22b9663","False"
"assets/production/production-10-20261003/images/23-portrait-medieval-necromancer.png","1258668","01b5daf884785a6e7c3286d85898a5ec51748f100314e493132e0383635ee9e2","False"
"assets/production/production-10-20261003/images/24-portrait-medieval-healer.png","1146198","7da07f8abd5c6b2f72d4f0c938c5457ae5971459542f94827431fb94554c5528","False"
"assets/production/production-10-20261003/images/25-portrait-powder-knight.png","1136283","6414415d6dbbbd9ab3a02e94820c954a94980345e6624a80bb931e242b362235","False"
"assets/production/production-10-20261003/images/26-portrait-powder-ranger.png","1175923","2faf62ad30b5773a63e974257a57d4ec9e217ca6edc72483b8a62b2d3231ed9f","False"
"assets/production/production-10-20261003/images/27-portrait-powder-warlock.png","1156122","c1d8efdbe21ae978b7ef7aae45135ff9d186f05c93e6b168af0364e638aaaa47","False"
"assets/production/production-10-20261003/images/28-portrait-powder-mage.png","1390590","c6bc9bd1e2a9e72f9a06e230e3a87126d68b5844596b6a9e209d895e01e38220","False"
"assets/production/production-10-20261003/images/29-portrait-powder-paladin.png","1208324","44185e212c9dfac21fdae19b2363f69248e52ad62062529422815b7b9561685c","False"
"assets/production/production-10-20261003/images/30-portrait-powder-barbarian.png","1230746","79c0e810541ca0d08d351f7cd903dad467227fef6bbbd83bd26260878937d3a5","False"
"assets/production/production-10-20261003/input.jsonl","42665","3454ed80d9068d2975bb5d9ce95c8eedafaaf0ead40a7608e8974ade319a9f94","False"
"assets/production/production-10-20261003/ledger.json","695","b11e8bcc33a1b482b14b3ce769bbf52f8bbb048913a4ab6c65c2fd138dfb7815","False"
"assets/production/production-10-20261003/manifest.json","62837","67c071706f0a5c998aa65a11b944c5b83dd9fac27e52cc21c03c33daea9d5b0d","False"
"assets/production/production-10-20261003/provider-job.json","1149","6cc3ec17f13c459a8bb942c3f16acbbc8a7d040b173252456b9eef67fe15be93","False"
"assets/production/production-10-20261003/references.json","1170","4cc390eb2e875f9cbc49a667d84f1c2ee962540685c48480e71708043c98e1a1","False"
"assets/production/production-10-20261003/REVIEW-INDEX.md","2018","0bd765bb64648a3ffac732fe2ac4c211d06aa98b9adb6439f6332382cd80e01b","False"
"assets/production/production-10-20261003/submission.json","537","a3b1892091c76546e02ea2e7ebad26414d18ecbacaff63ddde93ecc1fc4168e0","False"
"assets/production/production-11-20261003/collection-report.json","30295","01a409b656b4370456633748f514b95fc51561b0ec3fb45307df69bc5413ae25","False"
"assets/production/production-11-20261003/images/01-portrait-powder-necromancer.png","1198453","b952558ac3bf105090a67ca22ff22fde6858d219f5c81fbed03bfe460aea7c44","False"
"assets/production/production-11-20261003/images/02-portrait-powder-healer.png","1120948","ebb7b46e1da5e015dd53c60b14c1579f9ecfe2faafc6f09f1f03ff5cf5a4b663","False"
"assets/production/production-11-20261003/images/03-portrait-mech-knight.png","1306670","081396f9051aa11c83cfd7d0a2d278a7090f69bd139b38155bd7dd4682b519bd","False"
"assets/production/production-11-20261003/images/04-portrait-mech-ranger.png","1196240","3334a664f47ee972a12d237c1d8f35b24b7809aaec8ecbf7c03b0b43a9d9806d","False"
"assets/production/production-11-20261003/images/05-portrait-mech-warlock.png","1256342","65a4e6d3e7b514d08d9400fced45bfff0d9275f18891f179fb5773e7ea3faa07","False"
"assets/production/production-11-20261003/images/06-portrait-mech-mage.png","1263181","124aea6b3be7495251d10c938de9c3bf74c942f9aa1bd638fbb8b9cb4667976b","False"
"assets/production/production-11-20261003/images/07-portrait-mech-paladin.png","1279195","9b456b58ccc5dbcd006dfd72561d2be3a0618178f49e73cb8249c0907f6ea850","False"
"assets/production/production-11-20261003/images/08-portrait-mech-barbarian.png","1356508","bb6100f437c506b333ada14048fd7a41a5e6600c5f698ac33d3885124d52212e","False"
"assets/production/production-11-20261003/images/09-portrait-mech-necromancer.png","1413851","cdc6436a0a67402a935e4acf580012e9b880d59f0d4e9b22527cbb27ac7f8157","False"
"assets/production/production-11-20261003/images/10-portrait-mech-healer.png","1232189","27ab7e65e4ed73773d9dcbba5848aaea30bfb7e07e48c64d193e4e53e6f97790","False"
"assets/production/production-11-20261003/images/11-site-treasure.png","1676878","fab2f5c2b28c9957e3426482d79c80e1fa54a0d733bfd20a12d84b75f4ee4120","False"
"assets/production/production-11-20261003/images/12-site-rest.png","1525890","ca63e5208b96f060d6c89fa34fc2d7797b088d0e9b5902a650b16c3370369942","False"
"assets/production/production-11-20261003/images/13-site-exit.png","1741341","db87089224c06b07c5e6c5ff29099933e17bb6e9da6f939d3cb7e62d2f09e8c8","False"
"assets/production/production-11-20261003/images/14-site-rival.png","1313702","c861d0f57a0c11512edd8e034409466ad9623e7d305cdec51bf2a1c0d1bf0b42","False"
"assets/production/production-11-20261003/images/15-site-human.png","1458467","eee260adb2846e06d090c549f18b66dd172df288694748a98eb78439b2186625","False"
"assets/production/production-11-20261003/images/16-site-guard.png","1597313","b79cbc079542e88cdbf5807fe0a7844fc67e21b6ee1d257804fc5786f890f5ef","False"
"assets/production/production-11-20261003/images/17-artifact-chalice.png","1333526","4cb7ce392c63b6b95ad16917ee32301b0d65f52e377edeb4c96a0d1b92b2f635","False"
"assets/production/production-11-20261003/images/18-artifact-orb.png","1240493","4ea92977b79022201bda20057591f78795e108c2c44bb7fb3962635113660849","False"
"assets/production/production-11-20261003/images/19-artifact-crown.png","1543517","3dc8527be97d3d4aba6378ecc65e3d24e75f50d84e1d4649eaf421147bffaa30","False"
"assets/production/production-11-20261003/images/20-artifact-tome.png","1491506","c42ae032b4f415adcfc26daefb6f071516a2f50e24f5ff4733754375bef4dde5","False"
"assets/production/production-11-20261003/images/21-artifact-banner.png","1345406","292d621ea41ac9bf6c45af095a718d25a9d09ffaa70d70191679684986fd50bc","False"
"assets/production/production-11-20261003/images/22-artifact-horn.png","1393653","05619333e48c058fd37d0d8a9c293c37b7d4826ddcd8cf34b72af0529c75cdde","False"
"assets/production/production-11-20261003/images/23-artifact-mirror.png","1525321","77ea1e1f976a9570fe0dc2093daedacd1894992ba749a0e7c620bf5981238431","False"
"assets/production/production-11-20261003/images/24-artifact-compass.png","1653168","b7a941107d7dbf7f7dbc83341009c8d75ad304f2dd39babbb80ca0c3a54e7e7c","False"
"assets/production/production-11-20261003/images/25-artifact-ring.png","1371388","aee897a836b1635b217d066a2c2a926a2a1c33b3d5f48c1ee77c0d47b40e19eb","False"
"assets/production/production-11-20261003/images/26-artifact-aegis.png","1775408","f93458988c185b78f42bb12810d953e8ce6e2bf5a3fdeffddca9e2d4d015f4b3","False"
"assets/production/production-11-20261003/images/27-mount-horse.png","1332115","36464fc5127efc3aa7b29b8fe6f24689a3996048f7b8774850f5e01f7b86b0fd","False"
"assets/production/production-11-20261003/images/28-mount-motor.png","1359201","969dc423926956d28dfcc3f658ccdd0faa9f63dbad1a991d13ad1cb9a181f2f8","False"
"assets/production/production-11-20261003/images/29-mount-future.png","1241575","ed946074f1f623dfcaa1d0241f551cac70cdff44905572805d7303e5d13bbaef","False"
"assets/production/production-11-20261003/images/30-supporting-title.png","1920255","7549a8b084629750f9956e33a46a92a986143f122a2144dfc347a04fda6d953a","False"
"assets/production/production-11-20261003/input.jsonl","37655","3324e3f7e4492b707a1edd2b5cfa137aef86b5e9f21d62cd2dcd3d2b9fa6b7f8","False"
"assets/production/production-11-20261003/ledger.json","695","f02372404ca9b011e5ba948a702d705d3d5703ac61dfdf0e94a8807ec1072052","False"
"assets/production/production-11-20261003/manifest.json","53218","2a4706fc0619b7b2b3617e5c53a4efcf39fa1f87c5fe300712aa4e59d41cbaaf","False"
"assets/production/production-11-20261003/provider-job.json","1149","ed091728b73961389687d3c095c46c97c5c593a609551e0c31c4934597cab4dd","False"
"assets/production/production-11-20261003/references.json","2335","20b7c86be2e43b2a3ba7e0f119bb7886a0981442b697fdfcbb41bc99b5aff434","False"
"assets/production/production-11-20261003/REVIEW-INDEX.md","1708","3ebb74c76f91359c8c34f588f52e5a89bf4bf7fcd0365879b11347a217add10f","False"
"assets/production/production-11-20261003/submission.json","537","5ef6a91e7c5745616d1c48b01e300f924136fb5bd84b6322cf217713f14f6dc4","False"
"assets/production/production-12-20261003/collection-report.json","30333","210a0b56e3a212b4bffce2f650931322102e74b10bb35e2d799a95bd85c143c5","False"
"assets/production/production-12-20261003/images/01-supporting-chapter-1.png","1583588","7c6d11739c9247a307cf46927283ac9074bb44328ae501ead520e849c6697127","False"
"assets/production/production-12-20261003/images/02-supporting-chapter-2.png","2040796","376d2fdf6a95ceff1efd66cbcdab48b74679967ecb04cb3c95fd00e9ed3760b4","False"
"assets/production/production-12-20261003/images/03-supporting-chapter-3.png","2115569","f27b0e7c2e4bfb9f63695d70843b68131535eb0efbc61e70b648e2ee9e34edf8","False"
"assets/production/production-12-20261003/images/04-supporting-chapter-4.png","1995811","a71474d2ecfb13fb952e5922176b47a4908dd718ce3cc173dee155c54abf6290","False"
"assets/production/production-12-20261003/images/05-supporting-chapter-5.png","1791235","c4892445f49323e4b4f08677ee034a92c06aa8db40e9dc8de94f7b5e78f58414","False"
"assets/production/production-12-20261003/images/06-supporting-chapter-6.png","1803318","1e83d021ea2c80e396e1f4efd5129bb3cbed573140faf96ea46b45ef742232dd","False"
"assets/production/production-12-20261003/images/07-supporting-chapter-7.png","2004067","b6c58d2244315073389ef0c20af0b527fca63643918e7e375cf0d7837da6a0a8","False"
"assets/production/production-12-20261003/images/08-supporting-chapter-8.png","2081991","b953e08052e103c6170189ad7008b273bd95021256e648ef2dbd887011eced38","False"
"assets/production/production-12-20261003/images/09-supporting-rival-aldric.png","1666532","e10d53ba1ff0f3d579e10a3c35e05e5b0d1dfd1a5d648cc0ef598e3d0a91fd65","False"
"assets/production/production-12-20261003/images/10-supporting-rival-valeria.png","1447960","f2215aab5730e3bf13e39e1f2ef0480300f3459d997fc7898700c7aa26be8191","False"
"assets/production/production-12-20261003/images/11-supporting-rival-corvus.png","1417992","caaf32d33c2af8680a6dc37f409bbf8adc6f15c560ab860de2a1d7d71dfd7864","False"
"assets/production/production-12-20261003/images/12-supporting-rival-theron.png","1167224","785686cadcdfeca76f7653a5917194830d657827a6dda9948b9defcce51f0d40","False"
"assets/production/production-12-20261003/images/13-supporting-rival-morgana.png","1524934","7bbb773febf9eb92d8464b237bb6cc9eba8ceb71c402c4dfd2c6941fedffc2cb","False"
"assets/production/production-12-20261003/images/14-supporting-rival-kane.png","1245386","d95b67650aa557117525a6874a9df0b3118fac04b1b9437af9a6bb8de27f7d54","False"
"assets/production/production-12-20261003/images/15-supporting-ui-materials.png","1715279","7b305fd1be50166864953b04227a8bd62542f3c6b95e3b0b52e0cbfae7620a88","False"
"assets/production/production-12-20261003/images/16-rig-knight.png","1497166","794717ea953c03390e83446454ebb32be4157ccab654a3a318221f44897b1f01","False"
"assets/production/production-12-20261003/images/17-rig-ranger.png","1453735","14a786ad2155c8f11a4d7f8dc4d3ad3769ca1bd1cbefc94d4ba2ecaaf3125f3d","False"
"assets/production/production-12-20261003/images/18-rig-warlock.png","1351345","fb7992f4f5015124b7a06a8f6ed77b3b618cecb1aaa72f022c4ab3705014cce2","False"
"assets/production/production-12-20261003/images/19-rig-mage.png","1194014","7490d6bc9a479ab09a4cda41f6926222a5abd5d6ba83b8595350976b78204afe","False"
"assets/production/production-12-20261003/images/20-rig-paladin.png","1262170","c88a8e7837827919efba456c07e1ecc97aa2bc955f541f3cf6d9826bd8b1655b","False"
"assets/production/production-12-20261003/images/21-rig-barbarian.png","1561272","557129d6e0d23b9dacb7cf3b22a9adda1c1ed16a6cfefd1c3878cb94ee975b20","False"
"assets/production/production-12-20261003/images/22-rig-necromancer.png","1546512","5cff34847a2d1bc8c98ad413391f9758e9219c0263fac78617ada8758ecd719f","False"
"assets/production/production-12-20261003/images/23-rig-healer.png","1547377","0b47ee41e6fa9285fc774311daa1c00e35c4964e01c9a7ecac928a58ef05013f","False"
"assets/production/production-12-20261003/images/24-effect-arrow.png","1458537","0ead193ef6204be78f8004f1f3b2e8197fe5106f2e761b29d0bedba7eac78e34","False"
"assets/production/production-12-20261003/images/25-effect-bolt.png","1405018","1129341556b9eeea40b95b230e00fe8a0d37e3b1817dafa41fa7c5a0553cc0eb","False"
"assets/production/production-12-20261003/images/26-effect-bless.png","1497325","3a86f724599926b8a6aadbf121920b15bf338d3b77a1b81362362989e41ce94f","False"
"assets/production/production-12-20261003/images/27-effect-haste.png","1349745","b1350be6900b516d320d92381afec384ffdb45bbbef767be43092773e40a750c","False"
"assets/production/production-12-20261003/images/28-effect-curse.png","1368179","fd32b14aa4c49a8307563f9e85be70f7198c5a759980e602cbd64bed7e8a1b59","False"
"assets/production/production-12-20261003/images/29-effect-cure.png","1254964","48ec0ad583828fb38018a4d05839b233d32f2320105c976df25a9422cb471163","False"
"assets/production/production-12-20261003/images/30-effect-shield.png","1456962","c4de40d8e6ccb3192d8f58f3001abd9ab25394a33055b56efea490643ab14db4","False"
"assets/production/production-12-20261003/input.jsonl","35655","0dc82cd5b060606ee5b18bf4c5904f9d41fb815fab7978c98c31664167bd958a","False"
"assets/production/production-12-20261003/ledger.json","695","fe98d81f4922f49bf396ab71a8dbf0c673954aa1fa9ce41b739c1dd7214cb161","False"
"assets/production/production-12-20261003/manifest.json","43770","e65c2860b39acdc4f329dedd545b0884ff9703e823bfc05a41003807066727b9","False"
"assets/production/production-12-20261003/provider-job.json","1149","b8aea99ee639383477b83ab8c4d92fa982205cde7377ea834dfa005a320f9873","False"
"assets/production/production-12-20261003/references.json","1170","f9aad07a3b73e5d5e213178e9fd4423effad0c3974674ae42aefa3b51a2e1f12","False"
"assets/production/production-12-20261003/REVIEW-INDEX.md","1754","640a9107f2ff4d920878431b8da40882ffea78a0569e840aff8733f1a969c0b9","False"
"assets/production/production-12-20261003/submission.json","537","fa5d72a08d8ba051d93f6274f909eedaca159b93741885ca6eea55f92298735a","False"
"assets/production/production-13-20261003/collection-report.json","30387","ae9ba1ca3dc6d5ed4e94327628698d4094c970c244b5dbc79846935c37eb6b57","False"
"assets/production/production-13-20261003/images/01-effect-resurrect.png","1075141","91013c4e1f49ee86e00dae3a32788e0f0bd7213671274b0cdc41bed564468658","False"
"assets/production/production-13-20261003/images/02-effect-projectile.png","1401770","58d1cbd5abe7cc06901a1befc268568c7203570f8794bd89d5fced5fb3dbb5fb","False"
"assets/production/production-13-20261003/images/03-effect-impact.png","1593788","a7a3c3acde803f74dba838e9e41fbdf606e591ac3ac1d3fffcdeeda10868f527","False"
"assets/production/production-13-20261003/images/04-gear-bronze-weapon.png","942550","47ad2e26e9c06a09fa58a0295857357543acb0c169ac0a736a8188b0d49289d9","False"
"assets/production/production-13-20261003/images/05-gear-bronze-armor.png","1219489","a643885b865c1daff4ee24341d1d831613cb048a76421c3292778cdf3467062e","False"
"assets/production/production-13-20261003/images/06-gear-bronze-helm.png","1338292","0752c863bcc79ca43cf59ec6b0b081c28edafa59347d7b704a8fcd4029ac267a","False"
"assets/production/production-13-20261003/images/07-gear-bronze-boots.png","1507454","3ec9c20717de3c67647e5f40c1e76fbbe4645dc277d709baabe74e8fa52812af","False"
"assets/production/production-13-20261003/images/08-gear-bronze-offhand.png","1446690","9d3a235e4bb95556671bd2541842de2e41bc0a8ff9560542d27ae9a91cc6bea2","False"
"assets/production/production-13-20261003/images/09-gear-bronze-accessory.png","1208366","32bca1c9765d4b452ee1194f53b7de2700b537dfac7f922cf3d691ff1dc6d9f9","False"
"assets/production/production-13-20261003/images/10-gear-iron-weapon.png","1296597","7fbfd0a5da71f586c774fea34f856cccb610fd7f85fc3259b86c2ab6b90ff667","False"
"assets/production/production-13-20261003/images/11-gear-iron-armor.png","1600260","c73bdfe1573de29bc77007e4f87d2152e18c7fed197671f1bc8ba40cbb7c3c30","False"
"assets/production/production-13-20261003/images/12-gear-iron-helm.png","1211758","8136edcedbd8609d8e583a0b5a3bba53f98556f8a321f20a733eb643e121b0cc","False"
"assets/production/production-13-20261003/images/13-gear-iron-boots.png","1561782","f053230faa03901a273f6b733eb614e782fb037435d46fff4c63392c6ab3b353","False"
"assets/production/production-13-20261003/images/14-gear-iron-offhand.png","1285851","2794177845a221791115809c9d13e2f6a2f31c69e2db680db2c68fc62562099a","False"
"assets/production/production-13-20261003/images/15-gear-iron-accessory.png","1289064","b59b7e6d64bec87c100d8519c3e851ea110aa67434652b431717b3c010039836","False"
"assets/production/production-13-20261003/images/16-gear-medieval-weapon.png","894069","e1de0af61c5a95973431c5d79e231ae9db05b92f6f9f5e6a905150a78ee48ab1","False"
"assets/production/production-13-20261003/images/17-gear-medieval-armor.png","1477353","a3048f9e15e773d3f76ea0f7cdf2204a8dceb01e9a0a3e804e8f3170ef4f3c30","False"
"assets/production/production-13-20261003/images/18-gear-medieval-helm.png","1334017","d414e0c520b6a2716e6cb544a95eaf49b941d5e0fc60f36b7927fbc4b856cb0b","False"
"assets/production/production-13-20261003/images/19-gear-medieval-boots.png","1345439","d9094fbd47fccaffe7360090014397a04741038a2aabbc9554974f1f63e59f8b","False"
"assets/production/production-13-20261003/images/20-gear-medieval-offhand.png","1444737","613ca4273be999a128c4b2d9ae9fefd4895fd09229129ea6e0aed1a44929bb08","False"
"assets/production/production-13-20261003/images/21-gear-medieval-accessory.png","1250358","7d68b2e858d1ded16e05395dc97efc764c071b9c3240d1aef01021ae54df27bc","False"
"assets/production/production-13-20261003/images/22-gear-gunpowder-weapon.png","1438554","af435fb441423b8fe4bd3873b2a47a16317682c2f8afa646ba5cf09cfb37e69b","False"
"assets/production/production-13-20261003/images/23-gear-gunpowder-armor.png","1521292","d00f6bec44101eab250d888b85f909a2e54729a04b0202b1eacb7bc776a09ff7","False"
"assets/production/production-13-20261003/images/24-gear-gunpowder-helm.png","1305634","a852e53978fff96f29436c225d8c81c0150fd3835a3dc6a393d160a7c2664ed7","False"
"assets/production/production-13-20261003/images/25-gear-gunpowder-boots.png","1218032","b355e97f8db89b8ef26b6a9a0bbb26a81a987ff4eef4a7b54d41a3b6254a9efa","False"
"assets/production/production-13-20261003/images/26-gear-gunpowder-offhand.png","1655943","5218a409c7a9534dd3b054e130ac7dd3e861d97a9ac2155180b684f2f1b34242","False"
"assets/production/production-13-20261003/images/27-gear-industrial-weapon.png","1137530","d60bfaeb3f1d087f6a15d39219899d0e55a722ee136dac0c4957ed1b7791c964","False"
"assets/production/production-13-20261003/images/28-gear-industrial-armor.png","1484052","13d8e1f9340f8d71125919704f4fea2b2f0a3945cb8bd6351f47a0701faf3375","False"
"assets/production/production-13-20261003/images/29-gear-industrial-helm.png","1357422","89e848fad9587e19954eb92df6fc9838fed00cf794bd583cf0b8c8bec634c073","False"
"assets/production/production-13-20261003/images/30-gear-industrial-boots.png","1401304","6e273ac65bdf5af9b89f1bc0c0ee51577718eba612f24f5c2f5461aae8e0b439","False"
"assets/production/production-13-20261003/input.jsonl","32143","98ac9a30b2db66e699ef64eece0764a5c75e1f7f6b2bd1116af538fa199e8e1d","False"
"assets/production/production-13-20261003/ledger.json","695","5c725190b3116bc9190a6aaf8978f37e15a810611dcaf31ca25529592ce96082","False"
"assets/production/production-13-20261003/manifest.json","41616","5a51c4d054a37685d25c91e35048bd2a2eb591c6ec7261678700667d5c93bbf7","False"
"assets/production/production-13-20261003/provider-job.json","1149","23fbaaeabbd98d9d9743c225f98b1fca7347c2e3682b26bd140031b42618d0b9","False"
"assets/production/production-13-20261003/references.json","704","74137b56d94d15473ef2089c37cc5a1eddb9612b55176de4e5bc538411185445","False"
"assets/production/production-13-20261003/REVIEW-INDEX.md","1882","e7319f4256a717c9fe8134c4e5cd33bc62f32d66ef25af9030ef9f31d6ccf708","False"
"assets/production/production-13-20261003/submission.json","537","84b745a476ebbbad1e7a2566cd03ed29f21c8a2a6463eaa330ea55beb4588e04","False"
"assets/production/production-14-20261003/collection-report.json","30647","2b4a0554d1175ba3a5faa587c2f63f4c46be8b598501f4b9b007535e81d1ef39","False"
"assets/production/production-14-20261003/images/01-gear-industrial-armor-field.png","1476732","d0b21c6fea7f8147eccfee15d25f8a2b7325efd0377c01c69fc90c6b53cd916f","False"
"assets/production/production-14-20261003/images/02-gear-industrial-armor-robe.png","1645768","85410e735a06347de8a2b6ef21847246bf543f2371147ffd7155e4239e5d4db3","False"
"assets/production/production-14-20261003/images/03-gear-industrial-boots-soft.png","1252074","9c4c15be0bd108f1550c5a38c22100a3f79a003fba49cb9fe8308eb47c7e1b2c","False"
"assets/production/production-14-20261003/images/04-gear-industrial-accessory.png","1280846","0b28978d4c757c3e7d4c8414b9b60fcba0804bedb2158322ae59beed84cb97d9","False"
"assets/production/production-14-20261003/images/05-gear-modern-helm.png","1369414","bbc6ebf807bdb99148b86eef4a6f608b6791fb679a151dafd7a465fbe950df80","False"
"assets/production/production-14-20261003/images/06-gear-modern-helm-hood.png","1357211","6b9354f5c24a26fe12071ab16ef687bc3855d1d9ea7e493b8bdcba3c5079bf31","False"
"assets/production/production-14-20261003/images/07-gear-modern-helm-circlet.png","1332521","de731db7b8d66fdd7b633792744da76f4c3c56d409f283e748cfdb0e6f95b3fc","False"
"assets/production/production-14-20261003/images/08-gear-modern-weapon.png","1115114","fb0a82c9386016ef35f1c5ae3a8e3e90786968a4bed6abd72b6c89f3bc0788a5","False"
"assets/production/production-14-20261003/images/09-gear-modern-weapon-ranger.png","999543","c8979d4f5b81621c9af432a8ea19ee946ae37baec4ec939d979939424d14fe27","False"
"assets/production/production-14-20261003/images/10-gear-modern-weapon-caster.png","1155211","7e7e2b39d5018b5841a58b27a87b93e76772632f51f5e2beeeac87495ebb0fb4","False"
"assets/production/production-14-20261003/images/11-gear-modern-weapon-barbarian.png","1067178","529866459a50baa41bb878cea9fa17d99c869db2fcfb2d3c8e65b1db3ee5c32c","False"
"assets/production/production-14-20261003/images/12-gear-modern-offhand.png","1177976","51ee74b883c4953260d5b42a17fca6573cf3754dbb427c3a86a15e138cdba97a","False"
"assets/production/production-14-20261003/images/13-gear-modern-offhand-codex.png","1441655","26e2cc2c19acd6d2bebd7fec71a56a94652d1c247daf76417ca773d948c4b556","False"
"assets/production/production-14-20261003/images/14-gear-modern-offhand-focus.png","1281479","f838b5f1b2f4596b739b5f8acc38a647a255449e422b0fe9f7dc05f0553b44ea","False"
"assets/production/production-14-20261003/images/15-gear-modern-armor.png","1728865","e7d6242990ec5eac1d081841a1fc63b43948101294edf19851501cddc7bad20d","False"
"assets/production/production-14-20261003/images/16-gear-modern-armor-field.png","1546194","ccdede78180fdc7bedc7341375a889c9475591c70309fe5c6155a9ab753395dd","False"
"assets/production/production-14-20261003/images/17-gear-modern-armor-robe.png","1536200","592594a546c9624b24b7bd35e63dac0d4bb28be0eb8adbbb659dc481de40600f","False"
"assets/production/production-14-20261003/images/18-gear-modern-boots.png","1440003","d97c02d6058f5b633ce105a9aa66ebe84b81e1de761efea1c21c5841ed0116b5","False"
"assets/production/production-14-20261003/images/19-gear-modern-boots-soft.png","1535528","b333bf517f938c30d12f78b4d95bd3eb5e98a898e1d67fb2808bd3699582e628","False"
"assets/production/production-14-20261003/images/20-gear-modern-accessory.png","1668757","7361578b902c0b3a633946f3e01f9d6b8ea19b921491b86bcedf88247cb2e5e0","False"
"assets/production/production-14-20261003/images/21-gear-future-helm.png","1383419","68b64f79a02562329db0a2303f5b77d741020e8d5bc39fd81dc3eba016f7cc28","False"
"assets/production/production-14-20261003/images/22-gear-future-helm-hood.png","1408416","57e4d0980bc64646fda5b9ff5b5d4073cf61ab28ad1b304efa8e6ba3486c4359","False"
"assets/production/production-14-20261003/images/23-gear-future-helm-circlet.png","1279999","17d3719054b189a9bbdbacc528a562db72248e337cbe7830beaaa57b9f249779","False"
"assets/production/production-14-20261003/images/24-gear-future-weapon.png","1128544","3627c931731c93dab4433f2ba9f82c73a9e2f121c452e27ac83ab071eab6abc3","False"
"assets/production/production-14-20261003/images/25-gear-future-weapon-ranger.png","1044738","64e9d31c5e5f8438024fd574705d93d4e73e87f4e158fa217bac6c699485b371","False"
"assets/production/production-14-20261003/images/26-gear-future-weapon-caster.png","1507380","b8cbb2b6878fa7022448a69c7c0e63549c8060b7aff747844dfc4f67248c89fc","False"
"assets/production/production-14-20261003/images/27-gear-future-weapon-barbarian.png","1092326","eba2799eb67a3d58e50b33ccd083d8d20ca24347e18fd657405091955cf4dff7","False"
"assets/production/production-14-20261003/images/28-gear-future-offhand.png","1316362","98a5ac7fc471d8506cb6e63a6fe409e79a558979638357063ef8c97ca4356801","False"
"assets/production/production-14-20261003/images/29-gear-future-offhand-codex.png","1367018","fd5d3962bdabd722c0fdef3896f2aa2413adb6ac3b992d6105a3045264fc79cc","False"
"assets/production/production-14-20261003/images/30-kingdom-stone-day1-composition-v4.png","2103724","5dfdc20e8724acf48781ceae15d00a35899c855a26408a8e7656f84165f23c76","False"
"assets/production/production-14-20261003/input.jsonl","32843","07c72f6cf2848306cd7aec4bd3e3da633207fe85e54d0e72d3081d3a1c15aad9","False"
"assets/production/production-14-20261003/ledger.json","695","3379e70d9cda7bfb871e93f8b4bffce3234a463f58997d9386790b61e895b103","False"
"assets/production/production-14-20261003/manifest.json","43220","b391390b7088e367b46301926d2e85cb77c14f8192d428fe2afb615bac72748d","False"
"assets/production/production-14-20261003/provider-job.json","1149","2ba1f3f1f98c86d921633552117200722e6a4805765732a4e698b24838904b90","False"
"assets/production/production-14-20261003/references.json","704","80eb4ecf82d111e59056acbf13e29f7658ff341148147fdb13500e444a1561db","False"
"assets/production/production-14-20261003/REVIEW-INDEX.md","2142","f7f85a2da2d8b69f2125abb658aacf38e68274df1846f969c9f1fd2ba25ae677","False"
"assets/production/production-14-20261003/submission.json","537","616ffba21158919cd0d317c5c384b7ca6298aaa6d7959c1bc465ea0515dbf898","False"
"assets/production/production-15-20261003/collection-report.json","30637","d7ab7ada1bd22635853fd8b8d696f6ff0a5073ae6494f83dd52ed7aca8793541","False"
"assets/production/production-15-20261003/images/01-gear-future-offhand-focus.png","1585663","44f33c100a69bf6b3953e7f9f580e24e4ccb9adf5df8d38ade37d5216eb5086b","False"
"assets/production/production-15-20261003/images/02-gear-future-armor.png","1277759","5d0ef5449385b0747f67e5333c07e00ec7399a531e3116fc2632ef55dc22b291","False"
"assets/production/production-15-20261003/images/03-gear-future-armor-field.png","1431105","22b519b9858e2c887c6b4660367d04a70f0369a080c229607b14931144f39105","False"
"assets/production/production-15-20261003/images/04-gear-future-armor-robe.png","1671543","2cf290c65a519f80236502593316a381d7f5f69860abd8402245071c0a10e731","False"
"assets/production/production-15-20261003/images/05-gear-future-boots.png","1440862","875c0b1a03f2763f4a68780be3be93c4a3cd3724e46424f048065a6fcb49d309","False"
"assets/production/production-15-20261003/images/06-gear-future-boots-soft.png","1459645","b8c12f0ad1e4f426732f221f5f68d0206ebfdb04fdb6a37670cbb7864eb5229a","False"
"assets/production/production-15-20261003/images/07-gear-future-accessory.png","1386306","677a27b811f94972f43cfb98bba0ce98ad8973f1519f37c4712da93fd044a56a","False"
"assets/production/production-15-20261003/images/08-gear-stone-helm-hood.png","1354542","9354ad202a34ce4171f792b19790f8c91967249a77b78c93bddc756718ae7e45","False"
"assets/production/production-15-20261003/images/09-gear-stone-helm-circlet.png","1363649","ce4cd9cf6d6e59e764dd0639c5aec48399da42e2a0a80409f5cbfd7788a8a3f0","False"
"assets/production/production-15-20261003/images/10-gear-stone-weapon-ranger.png","1144789","9e69233c3820d41bea699a653bb271b4ef472246d9347c30d9e9b296906eacdd","False"
"assets/production/production-15-20261003/images/11-gear-stone-weapon-caster.png","1118045","3ba532e55202a86d25e5eae7c9facfbcf4da0ea7149824eb017da1f3b53e4988","False"
"assets/production/production-15-20261003/images/12-gear-stone-weapon-barbarian.png","1437700","428f66b47256cce5d4d11d90e406d696c4f9ba4f75637ed56b792f9e47021db3","False"
"assets/production/production-15-20261003/images/13-gear-stone-offhand-codex.png","1494290","50405192e70d398a208b5b403275d093193452e34d054928ebd0fd08cafa46ec","False"
"assets/production/production-15-20261003/images/14-gear-stone-offhand-focus.png","1312446","da753d874619c0bfafda4728a2d422bf97c43cb5a1c9221a7efb0b1c0dc9d3bf","False"
"assets/production/production-15-20261003/images/15-gear-stone-armor-field.png","1583324","74a015483d05a37de1fac4370a47cc8fe620f4f4594a8f10655db58f3b193928","False"
"assets/production/production-15-20261003/images/16-gear-stone-armor-robe.png","1641094","4cb17788282e2d8db1ac86447840657370002e3beb412dfd53e287a83bd7f665","False"
"assets/production/production-15-20261003/images/17-gear-stone-boots-soft.png","1609143","1bd20d7b2d81c1a77c40087260b91ab56099de964fbbe0c625816218eb531991","False"
"assets/production/production-15-20261003/images/18-gear-bronze-helm-hood.png","1511444","30fbe69622222cb1eae3fe4439efce297a47bc30bbbc9c3665ac283e2ce39c0f","False"
"assets/production/production-15-20261003/images/19-gear-bronze-helm-circlet.png","1416679","9031c780af29be23fac0380fd339d188999d9021d4979948cc5ff3a35333bdd2","False"
"assets/production/production-15-20261003/images/20-gear-bronze-weapon-ranger.png","1043814","20489ac187f23ffc4aaedbe271546fd6f4230dcc705388365602bea864a8e1af","False"
"assets/production/production-15-20261003/images/21-gear-bronze-weapon-caster.png","999064","4e400e58dddc7b52403f68cc5362f8997a8e3f484e7ac19902d695d194a8b4a6","False"
"assets/production/production-15-20261003/images/22-gear-bronze-weapon-barbarian.png","972095","15c3787591e122070511742a8dd3f148b291c00f79b27fc5bd6255a6179ecc36","False"
"assets/production/production-15-20261003/images/23-gear-bronze-offhand-codex.png","1394292","76532bf9bd1a1f135d958fbea35be3d261de97e569517a90451c1cf280cbe39c","False"
"assets/production/production-15-20261003/images/24-gear-bronze-offhand-focus.png","1208806","8de9a53df48bc70732e019c4663a0c031bbdd1fdf215602a9c20cd1a238db606","False"
"assets/production/production-15-20261003/images/25-gear-bronze-armor-field.png","1566179","4bca10228934236b22afcc399be9b6033fcdc15e50d7ea29beb2079fa2b170dd","False"
"assets/production/production-15-20261003/images/26-gear-bronze-armor-robe.png","1759563","8f7685aa02b43c567c541c77364781492c2910288bc69fc5d9b6b60965efb0ae","False"
"assets/production/production-15-20261003/images/27-gear-bronze-boots-soft.png","1421661","0a60a18e00c1fd556a2a02bd070a82aabaa9ac3f944a035eca08531ee776e1ac","False"
"assets/production/production-15-20261003/images/28-gear-iron-helm-hood.png","1684961","36402b62c6f029099f471f809b698ac3077e07a50d7d7c734f33c0bd80812e08","False"
"assets/production/production-15-20261003/images/29-gear-iron-helm-circlet.png","1422869","8740cf9f3147965bfd1dac79555ecd162f8d11838eee4711e2f42a54817bbd09","False"
"assets/production/production-15-20261003/images/30-gear-iron-weapon-ranger.png","377890","8ba5a2a9e2a39900cb8411c2ca1dc6e9652720f03d6bfa182d09324f78fc72d2","False"
"assets/production/production-15-20261003/input.jsonl","31787","0a627eddcf12351947d53d344dba98a85b6542487e7fe3aabd08615f1d5e6dc0","False"
"assets/production/production-15-20261003/ledger.json","695","3d9122f86f096b7fd0e791f2c4f7f84f63ae2add7a5955efbb7518ca0af06cfe","False"
"assets/production/production-15-20261003/manifest.json","42065","eff74fc0ab1d45d7d0a6b4d209dd040d70005b43c8420c95f949dd175dadbda9","False"
"assets/production/production-15-20261003/provider-job.json","1149","ca9fed8db082e91c9ae39f10d5f08ae883cc3909c6bcea7d6e82997ce7eb5b4e","False"
"assets/production/production-15-20261003/references.json","238","a84932d6a38fb8c5ec3a79bfa909b8e3ebec636cc8ca66869646fb57879d123a","False"
"assets/production/production-15-20261003/REVIEW-INDEX.md","2132","6711d43e35f3793c45cf709108c2b42b0feda4fa7c87d765228981fa430d6601","False"
"assets/production/production-15-20261003/submission.json","537","a67b5902e1a9a509dcbaf935af44f4ec13eaaa3e4ae640179b22a8fcf6887ac8","False"
"assets/production/production-16-20261003/collection-report.json","30884","abd3489fa6a85e9b5f3128e9d00877a9513aff3f5762be592c82ba164b2ba480","False"
"assets/production/production-16-20261003/images/01-gear-iron-weapon-caster.png","1065506","cb98b793bafc3bb7f940d581268341825206db4307ba5f53f7247bc98e54d3a5","False"
"assets/production/production-16-20261003/images/02-gear-iron-weapon-barbarian.png","1059430","6201980e0365c3e2ca43fa01a6d1594e3fe1876abbe20a43693f59373424bd98","False"
"assets/production/production-16-20261003/images/03-gear-iron-offhand-codex.png","1584133","beac261f672b0d8a4cc787e38ddd36935c0eb80c961037d71716d501f3151287","False"
"assets/production/production-16-20261003/images/04-gear-iron-offhand-focus.png","1365485","3c78ce1bf9791ac736acdd62e7e3d645d44cabd28619606fed593297f82040ba","False"
"assets/production/production-16-20261003/images/05-gear-iron-armor-field.png","1547225","acd529214d7be40189460a71119951d4cdaf6a03b73e7b8223cc402fe37c96d8","False"
"assets/production/production-16-20261003/images/06-gear-iron-armor-robe.png","1453547","09bfbdb6fc08ca79ee5c5946136af1655f824645a5cefa99bdbb7a4ca7ed86ed","False"
"assets/production/production-16-20261003/images/07-gear-iron-boots-soft.png","1296016","6a8e1597408402940db8a7b6706e984e132d72f54f3936babb1623777977a009","False"
"assets/production/production-16-20261003/images/08-gear-medieval-helm-hood.png","1629355","60ef2c26d1aeed2ac20d82cdfe9cb8b1c4d333a22c191fced9378ad7636b1cc4","False"
"assets/production/production-16-20261003/images/09-gear-medieval-helm-circlet.png","1280351","72b843b4fed1360d70d385eeaa49737b08c922d326b980e1221ed50ffa54f1b9","False"
"assets/production/production-16-20261003/images/10-gear-medieval-weapon-ranger.png","941268","4f7db9975c807a34e1a5a669e7822d03beff02892d2b46426a69dc1537850dd3","False"
"assets/production/production-16-20261003/images/11-gear-medieval-weapon-caster.png","994680","f5561b635ad9ac3f688207ca440a578fbed5465b88651d94b3ca9d72fdfae279","False"
"assets/production/production-16-20261003/images/12-gear-medieval-weapon-barbarian.png","1058361","3a0490e388699b0c8a88c83c5e991f3608d841cde24b152569be6ae1f383c8c7","False"
"assets/production/production-16-20261003/images/13-gear-medieval-offhand-codex.png","1763622","52fe309628a3909e19fcdb4adae1c394461eaa52db04e39ee4cdf22c4db494b8","False"
"assets/production/production-16-20261003/images/14-gear-medieval-offhand-focus.png","1446362","af2f3c33f21e7324e7b29b70db298928f7ad438cd8551c01150c593e17e9446f","False"
"assets/production/production-16-20261003/images/15-gear-medieval-armor-field.png","1670254","64538b1cc035ae4698700961305518e563d62ae3b82d2b9e8eaaf01073651861","False"
"assets/production/production-16-20261003/images/16-gear-medieval-armor-robe.png","1591526","8ca36367a23dcb222b7c5ed90d55d8d1c150b85532f784a04cd1a15846b4e804","False"
"assets/production/production-16-20261003/images/17-gear-medieval-boots-soft.png","1221041","dec5097ed6096d328802dc3d3a92354e6ff3b7516b971ae22cbe0aa35f03e64c","False"
"assets/production/production-16-20261003/images/18-gear-gunpowder-helm-hood.png","1347057","ae9dad363a59beb604abb9aebdf2ac46ca3b2f839bd91565a325deda807a19f1","False"
"assets/production/production-16-20261003/images/19-gear-gunpowder-helm-circlet.png","1682782","bd5feae59a39b81db0652a553e84511778dc9bcebcc07d9fb10e58125f79577b","False"
"assets/production/production-16-20261003/images/20-gear-gunpowder-weapon-ranger.png","1072616","612c07fe7102a54e3e2a7dfdfab8191228aa3aacd0b9e309307d87ef732619f2","False"
"assets/production/production-16-20261003/images/21-gear-gunpowder-weapon-caster.png","1320791","403fda12775c5da26185f0284ea669db6ca6772b7fdcc3b44035cda5250c605b","False"
"assets/production/production-16-20261003/images/22-gear-gunpowder-weapon-barbarian.png","1332832","11c47f3059932ac7ff08725fed35f338999a060a98fe548dc195428a71c151d3","False"
"assets/production/production-16-20261003/images/23-gear-gunpowder-offhand-codex.png","1570137","3b90e2169dabb7807f950c25fa0b952871e5bca793bd09ba014403977c827c20","False"
"assets/production/production-16-20261003/images/24-gear-gunpowder-offhand-focus.png","1599735","d21cf1a8404ea4d6664a58aea76cd63f7f725c44454740ac7bedf13b5e6713cc","False"
"assets/production/production-16-20261003/images/25-gear-gunpowder-armor-field.png","1356660","8c4ac2f1253c48e77bf1e683a07f100c58722c02e5b0328b6d89f8269b1b61fc","False"
"assets/production/production-16-20261003/images/26-gear-gunpowder-armor-robe.png","1639585","c0fc002ad474d3836c1ffa9448fd2e62c52d9092fdd944065cf5767893c143b6","False"
"assets/production/production-16-20261003/images/27-gear-gunpowder-boots-soft.png","1376289","9881b38098ac071fd7e7e7ac6af832df3d7c67f95404742f24646596987b6fd8","False"
"assets/production/production-16-20261003/images/28-gear-gunpowder-accessory.png","1364585","104437ff7499d214cdf8bc6243d1ad5d3e1592dbc48e7cab65954d5ae6d8d80a","False"
"assets/production/production-16-20261003/images/29-gear-industrial-helm-hood.png","1261337","6edc272063ccd0a8f8695ae01cecdcfdb3a0e8f1b3242f69510812d78780fbde","False"
"assets/production/production-16-20261003/images/30-gear-industrial-helm-circlet.png","1104136","7da8198b72ad4390092549cc410265faafcd4dff53bd7c536beda6a54387f177","False"
"assets/production/production-16-20261003/input.jsonl","31887","bfd9297c2d14e49907e5f91c54eafdb823a954a97194a42c60143a775c8c7c8a","False"
"assets/production/production-16-20261003/ledger.json","695","02064679d31018d873adaaf4b467c45866476357f0c3ea029f3a3adf08f34f93","False"
"assets/production/production-16-20261003/manifest.json","42455","3816c7cc2b3a0c2d5744656f7ec4d0e7bc52b7d9e7dfd2c075a832f56ee8d13c","False"
"assets/production/production-16-20261003/provider-job.json","1149","224a12e6bc2b06698a0a35eb5a973483e6bf29fc4c9ce1cc0c736a1c4ed6a077","False"
"assets/production/production-16-20261003/references.json","238","069588fe6c527acfa2b8be0025d327f0f08f493f34bfb57433e1f25939c1006c","False"
"assets/production/production-16-20261003/REVIEW-INDEX.md","2296","5c367269959718e3f5127c549d076e744b7d0f502cb834972709026b9ea48880","False"
"assets/production/production-16-20261003/submission.json","537","7af23d226c7f082f60da9064437c578563a17e3d5213a7590f8141c7f64404e5","False"
"assets/production/production-17-20261003/collection-report.json","30621","838cf663e3ec5d394f7c097127bc4c8274f30e9008ad5b8b8a93ed6161692b9d","False"
"assets/production/production-17-20261003/images/01-gear-industrial-weapon-ranger.png","1032072","b53af195a37e4e4f96f0bd8d45bdf90b262c88d7ce523066a0e61fe759ce38c4","False"
"assets/production/production-17-20261003/images/02-gear-industrial-weapon-caster.png","1606285","491f63b8d23146243ba598d7716f3a945938cd50940a453722549165b62a7810","False"
"assets/production/production-17-20261003/images/03-gear-industrial-weapon-barbarian.png","1142131","5ea0e053c53c886048dbf90d30ff77d723ee5e17abf224682d5f05a0c397c35e","False"
"assets/production/production-17-20261003/images/04-gear-industrial-offhand.png","1421450","e2a802c697982f5014d89949766d0bbab679cfec440fb589b6b1592f748670a6","False"
"assets/production/production-17-20261003/images/05-gear-industrial-offhand-codex.png","1491876","cb36ca22cf49ad62f2e2410e58d425ed0a075a809ab3e2e542e74b61f28312c0","False"
"assets/production/production-17-20261003/images/06-gear-industrial-offhand-focus.png","1187864","27a3796c3d5361a7baf90a027ee8f4ff277bac009f1e1a4cfa1b82a0e29c9ccc","False"
"assets/production/production-17-20261003/images/07-attacker-bronze-heavy.png","1258742","dac7c0b1a7caa27f7e10f8fed3c8fa6a7bbc859735b188fd3bde3a55eef2426d","False"
"assets/production/production-17-20261003/images/08-attacker-iron-heavy.png","1428297","ad54635f0b937a72a48990bb0b362f49dd5d20da383d85c1ddf42160fe21167b","False"
"assets/production/production-17-20261003/images/09-attacker-gunpowder-heavy.png","1367341","a1a7a7d076ea91ecae8d6d343173299a86344a8eb2f20417293f76566ea08bb1","False"
"assets/production/production-17-20261003/images/10-attacker-industrial-heavy.png","1447538","9dcfa437f8fba8ff6cc8c81757de82c82983668d1c7b2d476e15e481c52e09af","False"
"assets/production/production-17-20261003/images/11-attacker-modern-heavy.png","1305922","b98e6a64d89ffbe2dc63497bc65697c929a88dea0e0eef1c00ac28557d82cd2f","False"
"assets/production/production-17-20261003/images/12-attacker-future-heavy.png","1312680","d18cdce70db61b46e979cc6a2ba73133c6eb3b801d116aeaf563cef9a9f2b3aa","False"
"assets/production/production-17-20261003/images/13-tower-iron-splash.png","1624143","dfb74c741ad6ccac53921662440fa2922b786bf1cd00afc8dbc72985c88652c4","False"
"assets/production/production-17-20261003/images/14-artifact-wolf-amulet.png","1258518","557cd6136a5ee73bf1a06c96c1cfa314457eee2ec29d5bc3632584ded56b3035","False"
"assets/production/production-17-20261003/images/15-artifact-bloodstone.png","1416108","c4104d148ace8a439a997b237e97e5b114542e00641f1355a54885a8006f3966","False"
"assets/production/production-17-20261003/images/16-artifact-iron-clover.png","1403692","56186a4cc30c655d0df51cdb7fc448b9c7b8b965c6bcebe1924582ba3216d344","False"
"assets/production/production-17-20261003/images/17-artifact-eagle-eye-lens.png","1418956","38c5aa506070dba512f99fe0c9cbf7f99dded8018a74f2a738c535173ef3ef46","False"
"assets/production/production-17-20261003/images/18-artifact-ring-of-vitality.png","1269333","27c638212e0aef284e442a401c52838735c9788682c4668c3cc44998f096d86e","False"
"assets/production/production-17-20261003/images/19-artifact-winged-spurs.png","1332497","a2ec123bfce7ab88fe38cf5b81cf444baecf0126bc1013203d0953bd472c0870","False"
"assets/production/production-17-20261003/images/20-artifact-sages-codex.png","1752293","5143db15edefb1c0cfa0dcba80dfe7965d2bbbed79af929d241bd79171f8d4b3","False"
"assets/production/production-17-20261003/images/21-effect-spell-fireball.png","1417511","18fbf3966e4c7595bef47e3984b25a76ecd0167a90b80598ed8499ece8d499cc","False"
"assets/production/production-17-20261003/images/22-effect-spell-slow.png","1784224","1b6510373966489c1bc6aecf79f5a34ed9b1633e26fdccba35ed9539f2605a32","False"
"assets/production/production-17-20261003/images/23-effect-spell-cure.png","1265064","c887730254e5ae9b2078fb0d51271658b10e7dee8b0f1d3831010b8b8c29d942","False"
"assets/production/production-17-20261003/images/24-effect-spell-haste.png","1620839","cf036835d98ed0c78f6efd047216c2c340626fdf753472956b3742f97ec28996","False"
"assets/production/production-17-20261003/images/25-effect-spell-bless.png","1255810","c9603732ba11293f2375e55529ba78b3afaf382200cc1d92fba6cebb1f262623","False"
"assets/production/production-17-20261003/images/26-creature-dire-wolf.png","1477518","22f382472eb324fa4eb24878aefc5e709449c50bb881a5c2809e4d4bc44c2236","False"
"assets/production/production-17-20261003/images/27-creature-cave-bear.png","2271292","3140b114c40811cf0c30bcd4c476dc71d46c385bc874a3885f77ff87e7cc25ea","False"
"assets/production/production-17-20261003/images/28-mount-saddle-harness-horse.png","1465483","379b9854bf875e218aba89001dca7b8f4d86191a80d4a04e19701aace16c471d","False"
"assets/production/production-17-20261003/images/29-mount-saddle-harness-motor.png","2280737","a9438016a292daed99592d56557f8225abc04e6a211c6561fb3a2666574facef","False"
"assets/production/production-17-20261003/images/30-mount-saddle-harness-future.png","1289454","94c0db222f7b3433de844fbbe29ade4138702a0bcb4abd3d9ba8c01f180f79c9","False"
"assets/production/production-17-20261003/input.jsonl","31826","0b617dd2fab4bd6a1107afa7c9ebbb811d35696f7e9f68c98d7af70ce2feafb7","False"
"assets/production/production-17-20261003/ledger.json","695","6d43091a7de29dc95ace799e41559690826e850c9e6749d81b75531192129177","False"
"assets/production/production-17-20261003/manifest.json","42294","5629db862f7fa365fa36a90dd6d4ff54d90dd11ae87313b0f342af0e8f993e88","False"
"assets/production/production-17-20261003/provider-job.json","1149","3097ab7dae5b2af2026b6dbd7e05f127c631fa257165a5622e79248f591642f6","False"
"assets/production/production-17-20261003/references.json","1170","e20e6c91c8670073caf64c2b4792c377846954bb652186d050aca8e8ccd8ceee","False"
"assets/production/production-17-20261003/REVIEW-INDEX.md","2116","fa6334adf5f26b8d8664a0a17dcb6a4f4874700019d4a050cd6b0d20988d99f3","False"
"assets/production/production-17-20261003/submission.json","537","baa91522431c4171c6aed4c88f32f27f629c4d54fcb2cf2fe15f5cd313c6715b","False"
"assets/production/VISUAL-REVIEW-2026-10-03.md","4059","1d2c5577dfbf083d403e9b9c243ea7c5cb7b0078ae8f4c05d003fbee7d458520","False"
"assets/provenance/extracted-response-images/2dca2f88ad88cae3f588696451d820734b6521d1748b4e66c18e4a302dd97c06.png","1831061","2dca2f88ad88cae3f588696451d820734b6521d1748b4e66c18e4a302dd97c06","False"
"CURRENT-STATUS.md","111021","d23aff9b5aa094a56879f5c1a8ebbeb45f2eafa8d85352512d25d6f2b30728d2","True"
"DECISIONS.md","22845","e0dc48f456004c1a8f8333d4434e078a0b1a91022bcaec2b2b852db55e4b8258","True"
"design-preview/all-owner-mocks.html","7956","2a50cf902bed77ba849cd5a4c33d48433827ac698ef5d359bf00263ff6e1f96b","True"
"design-preview/art/battle-back-plains.webp","402550","5fa3e9277bbee4f321ea3c83bd99a6b054329fefd4f74887610bc399b7b1ab1b","True"
"design-preview/art/battle-ground-hills.webp","229620","003197c6f602b01b4036d391fb05744e1a3f90cdb5a076907bbd8f04089a6e35","True"
"design-preview/art/battle-ground-plains.webp","238054","a00e59c65678b7282b8a000d282f483909273f60da65e7744a4e2e36fb9a6d59","True"
"design-preview/art/bld-farm-stone.webp","356056","254e563c787c7dfbe8ef8294931ef84db9228acc732c2c79ed5820fd4714318f","True"
"design-preview/art/bld-hall-stone.webp","283426","0ce8a757774ed0b67d0aab9fc97b3c7fd857cbe1a57043f98d176d2d38cbeb47","True"
"design-preview/art/bld-mine-medieval.webp","264464","a6ba53e06d6c56bfea06aa967ae0bac21ca627e19fe506e56b57c255df672aee","True"
"design-preview/art/bld-mine-stone.webp","251400","1e01a636aaca2f51854fd5099e06d7ec9e0796fc237e082e5683249229d575f8","True"
"design-preview/art/bld-townhall-future.webp","228130","234cda218025ee50760f127e3b01f014550574c1d276532e27ec9891722d5534","True"
"design-preview/art/bld-townhall-iron.webp","368348","2a537f234072838b5e608b7edce76c45a4004b0fdafe17a15a4d97c03f8eaf67","True"
"design-preview/art/bld-townhall-medieval.webp","288114","c3a6a437ffab5c190dc4481114b498d0f900287120e497410099fb0acdb08cf4","True"
"design-preview/art/bld-townhall-stone.webp","346896","f527da5a5bd2e7dcb2cd265cabea5aded1e690cbd128b99e385062388e378cdf","True"
"design-preview/art/bld-walls-medieval.webp","278032","3cf50530f590882e0917a95a810fe4f5e4123085ec45fa9c3aef3b1f00a1f894","True"
"design-preview/art/bld-workshop-medieval.webp","344552","d3292ca5ce467a4353a6f4b9693639725d580ea2ebc0d73300c8e3a9997f931f","True"
"design-preview/art/bld-workshop-stone.webp","317778","5235ad60ffc05b4bdee8db91db1be8e8d93d1817a861bf6d847ac6333e80fb2d","True"
"design-preview/art/enemy-bandit-medieval.webp","52058","3b11106966be3b9e8ee0d139a9d047121f01be737e7ad314b92bfda7fe62dc7c","True"
"design-preview/art/enemy-wolf-medieval.webp","91458","655d30165bccee5ee2f15cb374f953e143304913f360daeb7d72794ac382b069","True"
"design-preview/art/ground-grass-medieval.webp","171906","d9347dfe1ffc757636b66af626358b8a0f9f92e7900b9d67a95ba21b314ee15a","True"
"design-preview/art/ground-road-stone.webp","47528","547badd5ce4e18b4e812b746900c0a06c29772ec2f8fc6385142a830643986a5","True"
"design-preview/art/ground-rock-medieval.webp","180316","cae3704b677e8ada0ca0f5c35379bb97c2c84129db9d0aa8acec9c8e7d4bde47","True"
"design-preview/art/hero-barbarian-medieval.webp","351320","04f55cde370c024ac089e4f50e47aec171a462787870d8b5109f225c272d3f80","True"
"design-preview/art/hero-healer-medieval.webp","220096","b97754fe86b9bfcd98afed095d89b2810a137a4207bf4ddde07de605f5f99b5b","True"
"design-preview/art/hero-knight-battle-medieval.webp","64362","2d85692d278031b378dfd9200094ff6c66b37d27ea9df1e20c91c7fa17b4dbf0","True"
"design-preview/art/hero-knight-medieval.webp","336960","89949b3c5c7d702be2a631efc21027d8102394adb174dfc92b4217d49fcdb631","True"
"design-preview/art/hero-mage-medieval.webp","328392","0e926bcf3bd69da6db74bba96dbbb1dfe0d02d4b19a6cdd3a226c9c58fe55776","True"
"design-preview/art/hero-necromancer-medieval.webp","282432","b1540ffa8ce82abe16047b4f007168516f29814ff77ab48f59915d38d1ea4f69","True"
"design-preview/art/hero-paladin-medieval.webp","311134","27971a8dda49b66cef75cb95d6f6d74e9954acae7b264e5e79bed0cf660514d6","True"
"design-preview/art/hero-ranger-medieval.webp","263092","23e7925430c233ef122893323cff0b97ad589d3b80ce65837e56ebfca457850d","True"
"design-preview/art/hero-warlock-medieval.webp","257470","aaf26face7031a39b1b74a2c19f0140d7a0a3d36b53a807c86f0bdab214675c8","True"
"design-preview/art/icon-adventure-medieval.webp","6514","349f981457c53dee532d49ff29fd5b03fb5dacd06753e1510a855fb9145c00af","True"
"design-preview/art/icon-army-medieval.webp","7880","88517d8bd2288920c0702a3062c3a6588f21353fcf0311df9cc6510dbc2f980f","True"
"design-preview/art/icon-buildings-medieval.webp","7572","694998b0f80e816792c6b789d57d9d10cffc795e0422be4bd21339db559100b6","True"
"design-preview/art/icon-codex-medieval.webp","7738","8f6689fbf6b695b62a8e9f721cfd41f22d81a90b27ea2e70d31dd207df21d490","True"
"design-preview/art/icon-food-bronze.webp","8034","df3c91f0c15b17ce93141174dbb63d14c1534874470ccdc2abf750958a668a87","True"
"design-preview/art/icon-food-medieval.webp","7458","95bc89c6812be5b167398d547fb2418d90b09c76246a272e52ae82a3de6eea41","True"
"design-preview/art/icon-gold-medieval.webp","8278","042eff08f8f4cda2677b8c148242b2f164612d136d05c018701b43bbe41cb230","True"
"design-preview/art/icon-hero-medieval.webp","8802","5e13585d72b48a2627e11cfa10332af2a35b0041ecd175b1f06332bbd29cf8e7","True"
"design-preview/art/icon-kingdom-medieval.webp","6806","ee2e9a8cb5a0688bef854331b22f6f6b55051ded3c4bd7afa4cae0a62095f4d0","True"
"design-preview/art/icon-map-medieval.webp","10784","ceac67c2b5da2e4bf731cd0f2f57893b6e7e7730bedf2300a59dba3ec8c42021","True"
"design-preview/art/icon-research-medieval.webp","6556","f3baa7803809853afe206bff370fca1a78c7fee26917a264be63a64f7134ef65","True"
"design-preview/art/icon-settings-medieval.webp","8384","ccfbbd58df30a9a20d29d1173f4b7e58a979167c20544137dcc5af6764eafefa","True"
"design-preview/art/icon-siege-medieval.webp","7300","d1b625ffc3ec18ae95abd1c453583180db5657c55ba1caa62d403aae4d11d023","True"
"design-preview/art/icon-stone-medieval.webp","7846","3500e7a8b15166f83663f76e553d5b874f781a154508f501355304a20759160c","True"
"design-preview/art/icon-wood-medieval.webp","7474","ea89ba87dbb40f59feb05fb35e7c5ba62b1edbb0db240b1bd83ee7b6092b4f8e","True"
"design-preview/art/item-armor-medieval.webp","94784","f1cea0687e8de080e1a950cb49026172880d819684c5880449c1172b9eb580e1","True"
"design-preview/art/item-boots-medieval.webp","48366","e1cca8a2dbf1778fb1eb27e0421c996a4c67d0bdecf00154ec7c78d00111b05f","True"
"design-preview/art/item-helm-medieval.webp","70130","dac554537116c2d017b720589b43146176a46b35e7cce3929e31aa3a2668c109","True"
"design-preview/art/item-weapon-medieval.webp","25956","63249ace51c923544cf7afeea71ec09c614b93555b62641e7945a4a568c607a8","True"
"design-preview/art/map-land-forest.webp","64098","812ca270cda2109abfd6ed74a914288bc7f8b2a8452e19b20d5d3368649a2a50","True"
"design-preview/art/map-land-ruins.webp","42884","aec5bedec464759433ddc4adb292b2b6fb18b57390116e4b6fcb7b277d83d87e","True"
"design-preview/art/medieval-city-design-source.png","2232884","734d360d06d0ac0d0ebac3df0f623fb77f487b7c073574a398d62179704836a6","True"
"design-preview/art/prop-bush-stone.webp","46838","6701210ac214953e46ed9cbd259466e9d5b13de5c0a815b04f8999d17249bbff","True"
"design-preview/art/prop-rock-stone.webp","55444","636ad17dbe39d015688e7435aa67bd14d59a45567de81024395ce51e49092aae","True"
"design-preview/art/prop-tree-stone.webp","101854","822504d3890c657f3edf02ef611dcb9b74896bf60e1d83f665724a76ce7434a8","True"
"design-preview/art/scaffold-stone.webp","125282","042a8eb240cfa729592562973e420ba45fd9d465cc8b2957d2b5710172904c45","True"
"design-preview/art/settings-metal-source.png","2255889","a399ff42ef3c3a57686a3a313f06ef7ad26754726e92fe6b9d571054875cc119","True"
"design-preview/art/skill-archery.webp","14380","77053f3f281c4de4e43e68de0300c11e101fa52432d02f7615e0c24c7fa830e9","True"
"design-preview/art/skill-armorer.webp","12292","526146056267987bab4c205441615159574e40486738d82dc398dbd9134bc2b1","True"
"design-preview/art/skill-firstaid.webp","11538","623ee72cc3a9efe01e58baf99805283b679183d83622a49b845502ab017fe3a2","True"
"design-preview/art/skill-leadership.webp","14102","fb392976667ecf3439151a0f5a3601470b8ba7e81b932d24c010ba88068e431a","True"
"design-preview/art/skill-logistics.webp","22388","75ac67d8d0a05cd338bc876c69b0a088881a84a2ef80416874376b0d5bf6022d","True"
"design-preview/art/skill-luck.webp","11234","ef3e615c3d69866376b0e436137be48215d000e995d9e992b7489abf75301d30","True"
"design-preview/art/skill-offense.webp","17570","09b7d19015031d56335e8047250b35f7911fb4fb578e7bd3d49d919131648d8c","True"
"design-preview/art/skill-tactics.webp","16048","89f2929552254c0626d6e0f544caf30981a7d345cad92d37864400dd450c8555","True"
"design-preview/art/skill-wisdom.webp","24060","ad5c092ba7cd5db38f49c22dc0f036c741cd6c090b6cb38b5cbe7a4338ae1edf","True"
"design-preview/art/sky-stone.webp","78112","93fe66cac1e2b493868f95a5670e6cfd6f7639b497c6da72882976f688f8973a","True"
"design-preview/art/spell-arrow.webp","20158","5eff7bdb68c4f3adbf9ddbfaa54d56ea1254fc4fd9088b1ae211ce2b512f7cc4","True"
"design-preview/art/spell-bless.webp","27074","352ed1e42d89fdfaf6c8519f1ee49e0ef7a3869413f00ba8a0fc4d55b2264bd2","True"
"design-preview/art/spell-bolt.webp","17458","835e6762c3cd3e822f6acc17b71bebac5edcef14f63a4b7bc43b47e1a4e9fd13","True"
"design-preview/art/spell-cure.webp","27412","1add3f97f2a0625a7d1fd303f8ad751cab6b0d7ffea1248a6d67c5d7e2fb9607","True"
"design-preview/art/spell-fireball.webp","21868","867226a8d7235bf255c3f869ee7dc1bc705c6bad18a602a278db8c36183b9497","True"
"design-preview/art/spell-haste.webp","21214","0fb06204fe6c287564f74c50bee1224dba1654196dcb7994dd9c9e878b8e8c68","True"
"design-preview/art/spell-resurrect.webp","20448","b35a8ea71d070c27aa3c481e8cda72411a2b1a2328469e1e0d8880fd3aff4e8c","True"
"design-preview/art/spell-slow.webp","27916","259f85d2bd360806c34418804717dc3b6203c070b9fdc12577addfc78e0e6042","True"
"design-preview/art/tactical-ruins-original.png","22350996","ea7e228a8e62ffb6e3a42dcee53ae1030c692e69b9abcd6365492c3248c15727","True"
"design-preview/art/tower-arrow-medieval.webp","156930","f93a95cb3df2f0a918e525cce01aa45953d53e134e34af2aba2a82428d06b8ca","True"
"design-preview/art/tower-slow-medieval.webp","157966","58ae250bc316abc04c2f9a77aef968f4fba3885418e5bdf0dd90d1904a523608","True"
"design-preview/art/tower-splash-medieval.webp","279486","ed9c767970289e90024833cd5b1bdf7e871ba61318313cc67eb59bdf69b1b830","True"
"design-preview/art/tower-support-medieval.webp","120342","61b580c538d796df81d01305f2dabfa8c094a2690bdf251db74b37a4b3d7ebf3","True"
"design-preview/art/ui-button-brass.webp","7588","6120fec152aca1e01804a0772c44a706cf64f86ddabbbe03b31123051148001c","True"
"design-preview/art/ui-medallion-rim.webp","17328","6bfc05de7cd1e062e2d9db1ad5524f10af449674e64ad3b4065387ef99c5160c","True"
"design-preview/art/ui-plate-frame.webp","54730","6116061907b629c8990f763df797d1f68eb2c0147183cfef73245a8ba3bcda26","True"
"design-preview/art/unit-heavy-medieval.webp","59342","a48b242b2b2d1e739a3145cadaf96c56c00efab9802a1592f7f19e5177406069","True"
"design-preview/art/unit-melee-medieval.webp","48754","c578149d69d24f554796372504e01c404aa50b967f58312bcfb2ba3c3f5c0943","True"
"design-preview/art/unit-ranged-medieval.webp","55056","a46006d2d3c934a8d7b63a902e860f991f23b9295878f1b3154e1ab0493d3c04","True"
"design-preview/asset-provenance.json","28823","14a49f9d75aa75def1cf2dcfe97b3387fc56793c3da170c2f92caecc2b6cbdbb","True"
"design-preview/check-map-space.mjs","8859","d94adff23be921e88cd6900096e321c421253372fbe5a0dd2c2aff59cdef1b1c","True"
"design-preview/evidence/adventure-proposal-424.png","533525","034103f4da334cb1ba791f4ad93838c0e5a186c890463f7d10d65a7f95d33a0d","True"
"design-preview/evidence/army-proposal-424.png","456078","f60f0e4ae37b35facc0460d3a7ac7d70a1398c9db907cfcacd46d9dbed16b69d","True"
"design-preview/evidence/before-revision/adventure-proposal-424.png","533525","034103f4da334cb1ba791f4ad93838c0e5a186c890463f7d10d65a7f95d33a0d","True"
"design-preview/evidence/before-revision/army-proposal-424.png","456078","f60f0e4ae37b35facc0460d3a7ac7d70a1398c9db907cfcacd46d9dbed16b69d","True"
"design-preview/evidence/before-revision/browser-review.json","2533","8572e1d43ab364c042107cf7473e5af365d7cfa6dae197de911936fd484824f0","True"
"design-preview/evidence/before-revision/day1-proposal-424.png","628245","4d2ab8d8e9447963ec5726007a7d6835dd1480789461913539956f0486b47b42","True"
"design-preview/evidence/before-revision/defense-proposal-424.png","545981","43169395facfb6a993f1fd39c9bc1e3c83be84a25114d80cf95e3af8ec3c7441","True"
"design-preview/evidence/before-revision/forge-proposal-424.png","461339","009360ed1707d6ba772c0b6ebdb4fa2ddc9738b61e94bc30964f8bb21e7a6435","True"
"design-preview/evidence/before-revision/hero-proposal-424.png","444177","2bbd0221aa25c8057c3cbf9317c8af3140fc3a1a8ac7229faf3e4d408306934b","True"
"design-preview/evidence/before-revision/medieval-proposal-424.png","739601","6670351cc511e66047aab6e423b62d8229519ce12ba9c25091558effb79462df","True"
"design-preview/evidence/before-revision/settings-proposal-424.png","572844","b946d63c4916515e7b9120531f441b81be922128b727aa1e0202cfd064395f4f","True"
"design-preview/evidence/before-revision/tactical-proposal-424.png","363048","73e2e2ca54ff4227fab8baa3b3c3981fa1c293951c89c88c81be2283b84c11cd","True"
"design-preview/evidence/browser-review.json","2533","8572e1d43ab364c042107cf7473e5af365d7cfa6dae197de911936fd484824f0","True"
"design-preview/evidence/day1-proposal-424.png","628245","4d2ab8d8e9447963ec5726007a7d6835dd1480789461913539956f0486b47b42","True"
"design-preview/evidence/defense-proposal-424.png","545981","43169395facfb6a993f1fd39c9bc1e3c83be84a25114d80cf95e3af8ec3c7441","True"
"design-preview/evidence/forge-proposal-424.png","461339","009360ed1707d6ba772c0b6ebdb4fa2ddc9738b61e94bc30964f8bb21e7a6435","True"
"design-preview/evidence/hero-proposal-424.png","444177","2bbd0221aa25c8057c3cbf9317c8af3140fc3a1a8ac7229faf3e4d408306934b","True"
"design-preview/evidence/map-space/adventure-375.png","42839","f39c165d9de20c09e96f0fe5eb92ff829a957a6780bea67d704a07293cd6e4e7","True"
"design-preview/evidence/map-space/adventure-825.png","43552","68ff6100d52815ed8f923c617419f98183acb176ca2e010f673ff373ea658322","True"
"design-preview/evidence/map-space/adventure-detail-375.png","46364","0be8c2ed6d65e8c06563b10f3485ee861f71823f31f334496c3175416a51c7c1","True"
"design-preview/evidence/map-space/checks.json","8898","ef788d46515b39b92f057182172f7142022416e9fe84119f8fe21b7342f7c312","True"
"design-preview/evidence/map-space/comparison-adventure-1280.png","771332","5f2d02e3405d8825edecf186bd9b64a8be6d7842a93132d3e0135122bfae5dc2","True"
"design-preview/evidence/map-space/comparison-tactical-1280.png","735345","a142b2ec9ac0532906dc54b0c2e335a4e14fdbe986b0b785890ab306fdf36a0c","True"
"design-preview/evidence/map-space/tactical-375.png","52942","e794c78561e202cec5b6bf1163c9d2a02aa2e5aa50def44bc822c601e5c57369","True"
"design-preview/evidence/map-space/tactical-825.png","40779","d912ee8c854e08508732180f012f5295083a209d55b8c876c69a75bf1ffce28f","True"
"design-preview/evidence/medieval-proposal-424.png","739601","6670351cc511e66047aab6e423b62d8229519ce12ba9c25091558effb79462df","True"
"design-preview/evidence/settings-proposal-424.png","572844","b946d63c4916515e7b9120531f441b81be922128b727aa1e0202cfd064395f4f","True"
"design-preview/evidence/tactical-proposal-424.png","363048","73e2e2ca54ff4227fab8baa3b3c3981fa1c293951c89c88c81be2283b84c11cd","True"
"design-preview/feedback-20261003/check-focus.cjs","2065","9e9211612aed455511388afa9ecad29601dcd27edc2d7ada88383acd732f6a0b","True"
"design-preview/feedback-20261003/check.cjs","7078","a508a38317a954b46664ff2e74e4d17f96a399fb47f5a529d86fa790c4204b99","True"
"design-preview/feedback-20261003/index.html","46817","df31c490f05e6f682d3cff06603404863226c05b6ccb9b2ccf00509ba6dc4247","True"
"design-preview/feedback-20261003/preview-manifest.json","25284","5694818739668ddbb5083a80c4dd9690270cee80f8f32bf03d7cea57810e2151","True"
"design-preview/feedback-20261003/README.md","3500","fba82ff8e70a71e0dcaf584afdc53094a3e5e879c4d0170a081a5b45b2ac9f32","True"
"design-preview/generated/landscape-mocks-20261003-efcd7a7e/collection-report.json","26910","ba45a64b865e53e2081bbe9a65fde27d8d34a4b0b1b742adac64823332480721","True"
"design-preview/generated/landscape-mocks-20261003-efcd7a7e/images/01-home.jpg","266013","86c6d29014b007880ddc2360e3004b63ca22db4f52d2846b07850a77b047d159","True"
"design-preview/generated/landscape-mocks-20261003-efcd7a7e/images/02-kingdom-day1.jpg","327417","2f709bf6173af1c8d38405ae8a4b25844b4856da11924cea43d807fe45e4e1f6","True"
"design-preview/generated/landscape-mocks-20261003-efcd7a7e/images/03-kingdom-stone.jpg","362778","aad0d7277ee8854af5064101ad5af58b499b76ec529a12fce5bd3e9e3b492eb2","True"
"design-preview/generated/landscape-mocks-20261003-efcd7a7e/images/04-kingdom-bronze.jpg","387654","ea1b8faca981cfc4cfae6b03801093f6a9c02143bf8029bf2e4cfe0cd564f414","True"
"design-preview/generated/landscape-mocks-20261003-efcd7a7e/images/05-kingdom-iron.jpg","373842","e646336f428e9fde63c2b657a10d7375b177a5689944c7a44e8a80aae8821694","True"
"design-preview/generated/landscape-mocks-20261003-efcd7a7e/images/06-kingdom-medieval.jpg","344833","5dd5adb7585e97be03048f1fac97535b67d40387387f5f314a17da92e1db0809","True"
"design-preview/generated/landscape-mocks-20261003-efcd7a7e/images/07-kingdom-gunpowder.jpg","340135","f5a8eba1e3cee149ffcb36bb2481a71b0db0172a4eb521fc3ce7aab19e9192b3","True"
"design-preview/generated/landscape-mocks-20261003-efcd7a7e/images/08-kingdom-industrial.jpg","390620","845714405780e04ff9fb887296dbcfd7a30ce3a9d402be3c15c53369426e8f3e","True"
"design-preview/generated/landscape-mocks-20261003-efcd7a7e/images/09-kingdom-modern.jpg","408088","3f22f3fe01890d388eeebc999c74019113f270b1cdd8802d9dd73ffaf7c1bf15","True"
"design-preview/generated/landscape-mocks-20261003-efcd7a7e/images/10-kingdom-future.jpg","377306","94fd03c0ea803d4538c696989c65c1f22700d57c7ae78b71ee0dd3ca32e54443","True"
"design-preview/generated/landscape-mocks-20261003-efcd7a7e/images/11-adventure-overview.jpg","355428","d8a090a128fe15ccc037c225f347b9064fb2624f0586fba1508eb06a18651c95","True"
"design-preview/generated/landscape-mocks-20261003-efcd7a7e/images/12-adventure-crossing.jpg","363119","9ef148954dbafa22c3ca497efe0af03c83b5ea1e9f52452aa56ba6162b305f13","True"
"design-preview/generated/landscape-mocks-20261003-efcd7a7e/images/13-adventure-foot.jpg","338582","40e2e30f2fe640796451f2cabcd063e9d1a779b98607c3ce787fd69985b2c295","True"
"design-preview/generated/landscape-mocks-20261003-efcd7a7e/images/14-tactical-deployment.jpg","318278","0fb2b7f2cc30b2df3222ed5e5052268b1b7a7e2354eba858e26671caf9f22f7e","True"
"design-preview/generated/landscape-mocks-20261003-efcd7a7e/images/15-tactical-action.jpg","341129","94d29bdaf82ea21a77e01b7414c912aabd8402e866ff4d29c8a32d429cd032de","True"
"design-preview/generated/landscape-mocks-20261003-efcd7a7e/images/16-battle-result.jpg","260256","30bb2f1526d64d659cb53810011e1ab7d70ba04eab45b127c92a602c4c29f791","True"
"design-preview/generated/landscape-mocks-20261003-efcd7a7e/images/17-defense-preparation.jpg","337125","3c8fafdbd0f8939e0d3782c7d0da5a8c3601a46f537093a16cdc0cd24fdb1fa5","True"
"design-preview/generated/landscape-mocks-20261003-efcd7a7e/images/18-defense-wave.jpg","335883","ac6a416633f666fcc531d5291b9d02ec74332d26f2340d1b08c32c5fbe6cc7d5","True"
"design-preview/generated/landscape-mocks-20261003-efcd7a7e/images/19-hero-equipment.jpg","244670","6a3a4e08e823a00a9069960af331af6d95b9ebb6629ecc31b5a0e7ac17939f2e","True"
"design-preview/generated/landscape-mocks-20261003-efcd7a7e/images/20-skills.jpg","287862","997fb3d80fb5ea5f15d4ad972cb8af4bc093c268e937102ae075c8b38fc9bc0c","True"
"design-preview/generated/landscape-mocks-20261003-efcd7a7e/images/21-spells.jpg","312161","b5289f2c8eae4be22e1b7b58201e73779bc151d326e66f6832656099c3b00a77","True"
"design-preview/generated/landscape-mocks-20261003-efcd7a7e/images/22-forge.jpg","165912","f5253c7524352e1f57aff00d7623ada1d3858216cdc04296f9dae4bc3e9ba560","True"
"design-preview/generated/landscape-mocks-20261003-efcd7a7e/images/23-inventory.jpg","179720","083b299ebfb716625babc2a6648102dd28d8de0198b1b6a2cf47df440ef40d7e","True"
"design-preview/generated/landscape-mocks-20261003-efcd7a7e/images/24-army.jpg","308685","9728db38e960a2117e7b52b1fb5795cb3a7e9080a12b9f3f65bd0b1e0cc0105f","True"
"design-preview/generated/landscape-mocks-20261003-efcd7a7e/images/25-story.jpg","312592","2f00b9c71582d1649cb60690f305f41437bebe73a4d79912149e800e97705ac6","True"
"design-preview/generated/landscape-mocks-20261003-efcd7a7e/images/26-quests.jpg","306513","c0ffa993cb4b6bcac60a9047065d58483897e25cb63f9e9a1a95c560a78bb833","True"
"design-preview/generated/landscape-mocks-20261003-efcd7a7e/images/27-tutorial.jpg","250576","2fe0a3334873b14a6577c2a625deed78f139e852a0d94ce873abc9d1121d591f","True"
"design-preview/generated/landscape-mocks-20261003-efcd7a7e/images/28-settings.jpg","293126","10454cf23925a875cdae13d4c321a25632a9aa8de7cea7a8368913a087fef641","True"
"design-preview/generated/landscape-mocks-20261003-efcd7a7e/images/29-save-recovery.jpg","270329","8a54fedd84d91e2f144940eae298c178e078b205aec6ac1ead703af8f49135d1","True"
"design-preview/generated/landscape-mocks-20261003-efcd7a7e/images/30-icon-material-board.jpg","225392","9e927748289178edc5d2ce132ad4a6a053051dc976df1d7d2dfee990cc40b1d3","True"
"design-preview/generated/landscape-mocks-20261003-efcd7a7e/input.jsonl","61160","46f374732911f56f2a4eb18ea435b27f52c252172af3829d3ad6cb384667e5b5","True"
"design-preview/generated/landscape-mocks-20261003-efcd7a7e/ledger.json","22414","a53f6652502bb46b205feac742317f649af8898b95b64da8f998d6e804de446f","True"
"design-preview/generated/landscape-mocks-20261003-efcd7a7e/manifest.json","72243","25d36babcbd59d7105275ae33feb11a766c143e94595f3424465212d4221d053","True"
"design-preview/generated/landscape-mocks-20261003-efcd7a7e/provider-job.json","1203","22ffa48414aee7056e7f312ea7a2df309dab7754a86b141d5ef765a1b7b53baa","True"
"design-preview/generated/landscape-mocks-20261003-efcd7a7e/provider-output/response-metadata.jsonl","96017","27f7173f27aade24391631dbc4c265418109a3c9945cb511a4a2fb9715f79d3f","False"
"design-preview/generated/landscape-mocks-20261003-efcd7a7e/REVIEW-INDEX.md","2341","65bad7ecec5c7ca9497403778f17bc5fd38ad770ccf6de4e92b899e91bbfc613","True"
"design-preview/generated/landscape-mocks-20261003-efcd7a7e/review-overview.jpg","911458","e51b8e5995d905b4c5300346d1e8a5f74d5a6ca2c7eb6cf09c5fb222b34717bf","True"
"design-preview/generated/landscape-mocks-20261003-efcd7a7e/submission.json","579","27a00616060e409a00cbf165ab5d269399040207f75ab26c5df6266cf9b50183","True"
"design-preview/generated/landscape-mocks-20261003-efcd7a7e/VISUAL-REVIEW.md","3070","f84d8c0d3d189e4cdec5207cf4c57eadd0dbe9ec0d2f1ca9cdf96c995dbfef96","True"
"design-preview/kingdom-layout-candidate-data.js","21090","4924aa8efdddbe3dd1b65f3b1f49417ab04314e7c47fd4116ac6a2531c37e8fd","True"
"design-preview/kingdom-layout-candidate.css","1940","14e56523aea427c6303b6cc269aed83e9f73ce149f01679f4fc0cfe51b080136","True"
"design-preview/kingdom-layout-candidate.html","2185","fd65b8bad24475737edc7d35d8af959d9a7f8b07889c4debc919db3a4d3d55f1","True"
"design-preview/kingdom-layout-candidate.js","9676","f00216e22a539131d43f1ad29a355f22f0c0337e3f941a498e82116257336220","True"
"design-preview/map-space-data.js","4784","f205825d230dce78f2468efa0f94f00a6bc6925af5a2d5e379b2f4fc0a42eb13","True"
"design-preview/map-space.css","4301","b97030e5d1c2b3f258cba2e0024cc2b5132a764f4e96c0a07e281cd9dbd19f55","True"
"design-preview/map-space.js","7909","d4ecdc90c4b9b09a75a0b277d55203ba535468c585a81159df42275a6004c2ca","True"
"design-preview/README.md","7067","fcaab94a4a1e52cb41dc2efb3cbc9aa16f7ef3332ed38582729f8803b4497cb7","True"
"design-preview/review-map-space.html","6209","26210b44e913ca9d1d63fd60f21bf3d039a7933303ee6968f836105319c0c345","True"
"docs/asset-provenance/completion-check.json","294","8bfc58673ee42b0d3ded8f50189e0e426f4a349c8a97e7cd5f212fa5e0027fca","True"
"docs/asset-provenance/raw-response-archive-index.json","525366","79ae0011b6b19b44f1b979d8a3124942a6b212013b3dc62e8f48fc5c7fd32b69","True"
"docs/asset-provenance/raw-response-metadata/assets/high-res/interactive-4k-first32-20261003/run-01-20261003-172733/packs/adventure-terrain-desert/response.json.metadata","1169","93cc6c7f37c594361664d2021a119a70bdcd07cde59fb1e12126182a2330f5ad","True"
"docs/asset-provenance/raw-response-metadata/assets/high-res/interactive-4k-first32-20261003/run-01-20261003-172733/packs/adventure-terrain-hills/response.json.metadata","1167","9a82f32855640700910e1b543fd789778b0530e13cad4ce30b056ad0f35fffde","True"
"docs/asset-provenance/raw-response-metadata/assets/high-res/interactive-4k-first32-20261003/run-01-20261003-172733/packs/adventure-terrain-plains/response.json.metadata","1169","49ff6895f3ded6a4942ece2796391634a1ff20a90e3db41a776a5bf06c9f3a67","True"
"docs/asset-provenance/raw-response-metadata/assets/high-res/interactive-4k-first32-20261003/run-01-20261003-172733/packs/adventure-terrain-ruins/response.json.metadata","1167","9d7336397a5607506dd5fe89d3a536082eab902abb1e6507ce5c6649a28c43da","True"
"docs/asset-provenance/raw-response-metadata/assets/high-res/interactive-4k-first32-20261003/run-01-20261003-172733/packs/adventure-terrain-snow/response.json.metadata","1165","ed4725d53310bf6d229b93fba56da1a3ceb82f31f498adb172254de72c3ae5ce","True"
"docs/asset-provenance/raw-response-metadata/assets/high-res/interactive-4k-first32-20261003/run-01-20261003-172733/packs/adventure-terrain-swamp/response.json.metadata","1167","04b0ec0783e4934989c7a2099df8fb098986c846d3ac771619a0327bfcab8651","True"
"docs/asset-provenance/raw-response-metadata/assets/high-res/interactive-4k-first32-20261003/run-01-20261003-172733/packs/adventure-terrain-waste/response.json.metadata","1167","e6292e27b1e1409b17fa6b1f5593e7f7919615d23ddbbc25cc513de90fc8cd63","True"
"docs/asset-provenance/raw-response-metadata/assets/high-res/interactive-4k-first32-20261003/run-01-20261003-172733/packs/adventure-terrain/response.json.metadata","1155","8cc64b6f5ad84676fd4d3f0957e299af25b0a734dc55f474c8d7a2a90c8801a7","True"
"docs/asset-provenance/raw-response-metadata/assets/high-res/interactive-4k-first32-20261003/run-01-20261003-172733/packs/tactical-terrain-desert/response.json.metadata","1167","8a23ab322b2e564af0f7ff48fea7f6185d42f96175ebcdfed647dda72ef8035f","True"
"docs/asset-provenance/raw-response-metadata/assets/high-res/interactive-4k-first32-20261003/run-01-20261003-172733/packs/tactical-terrain-hills/response.json.metadata","1165","db1b7168631c596bcd1a580dd57bdb6251a5a065d29e4daff8ef262b3b0ec286","True"
"docs/asset-provenance/raw-response-metadata/assets/high-res/interactive-4k-first32-20261003/run-01-20261003-172733/packs/tactical-terrain-plains/response.json.metadata","1167","9fa943f5fd343e9e228e125e45ef3cf7dd925e10971b4a5a0264d8cbec300dbf","True"
"docs/asset-provenance/raw-response-metadata/assets/high-res/interactive-4k-first32-20261003/run-01-20261003-172733/packs/tactical-terrain-swamp/response.json.metadata","1165","f1b144cf25323543b7285d4c3822ce9c2861fe5adf53e20d63ad50c0e754ce78","True"
"docs/asset-provenance/raw-response-metadata/assets/high-res/interactive-4k-first32-20261003/run-01-20261003-172733/packs/tactical-terrain/response.json.metadata","476","5876f1c65a7b73ffe6502c4eae9b8663305ebb06c7578dce6da8cc3f46df6291","True"
"docs/asset-provenance/raw-response-metadata/assets/high-res/interactive-4k-first32-20261003/run-02-20261004-010239/packs/defense-terrain-plains/response.json.metadata","1165","5b650d006cb08649b0375bab7d853946367627e053332c30e6b0a60cda142c83","True"
"docs/asset-provenance/raw-response-metadata/assets/high-res/interactive-4k-first32-20261003/run-02-20261004-010239/packs/defense-terrain/response.json.metadata","1151","5358b25b24eb42b39587c2eb69e4fdcd381210c4e7e71ba50930cdbb8735fba5","True"
"docs/asset-provenance/raw-response-metadata/assets/high-res/interactive-4k-first32-20261003/run-02-20261004-010239/packs/tactical-terrain-ruins/response.json.metadata","1165","d9382e56e01a61ae1350c959bbee4a97083e1bc0fb768d1ba0e35da22d081faf","True"
"docs/asset-provenance/raw-response-metadata/assets/high-res/interactive-4k-first32-20261003/run-02-20261004-010239/packs/tactical-terrain-waste/response.json.metadata","1165","38dba9688c69056bc90ad81572db55493654aaa8cade8c5f36781ee46f855130","True"
"docs/asset-provenance/raw-response-metadata/assets/high-res/interactive-4k-first32-20261003/run-03-20261004-012700/packs/defense-terrain-hills/response.json.metadata","1163","0b8cfd94d08c7e80a23e622dc57c2215415768d4edb128c275efaa8fa761981b","True"
"docs/asset-provenance/raw-response-metadata/assets/high-res/interactive-4k-first32-20261003/run-04-20261004-013946/packs/defense-terrain-desert/response.json.metadata","1165","453264482ac07cb8f95a0a1167dc67f355100b04ea2cf0440beb908cf012afd2","True"
"docs/asset-provenance/raw-response-metadata/assets/high-res/interactive-4k-first32-20261003/run-04-20261004-013946/packs/defense-terrain-ruins/response.json.metadata","1163","b46c328b028d540cdcacfd39cd8455ee6aafe4b3ce898edd57f6b208834fa01b","True"
"docs/asset-provenance/raw-response-metadata/assets/high-res/interactive-4k-first32-20261003/run-04-20261004-013946/packs/defense-terrain-snow/response.json.metadata","1160","856c48beff1761a0c1f004550cea5cd04c9d2557fbace6b9655b89bf336b92bc","True"
"docs/asset-provenance/raw-response-metadata/assets/high-res/interactive-4k-first32-20261003/run-04-20261004-013946/packs/defense-terrain-swamp/response.json.metadata","1163","bb8e122dd0d61ddffe0337cd898c5b451156443eff51f4a6141d9df4da639d78","True"
"docs/asset-provenance/raw-response-metadata/assets/high-res/interactive-4k-first32-20261003/run-04-20261004-013946/packs/defense-terrain-waste/response.json.metadata","1162","da00f69aa90d452efcb754c6ee35ab088e10fdb87f6fdbacfa19700f08b63314","True"
"docs/asset-provenance/raw-response-metadata/assets/high-res/interactive-4k-first32-20261003/run-05-tactical-retry-20261004-015857/packs/tactical-terrain-snow/response.json.metadata","1193","9a64d013136bf4080cfa4781d6e4298fe84424a3964798c05968ce90a195d673","True"
"docs/asset-provenance/raw-response-metadata/assets/high-res/interactive-4k-first32-20261003/run-05-tactical-retry-20261004-015857/packs/tactical-terrain/response.json.metadata","1183","d31ef6e89a994b2753fe07af95018501e2cdaaf78d87a5209b80fb334340a06e","True"
"docs/asset-provenance/raw-response-metadata/assets/high-res/interactive-4k-first32-20261003/run-06-kingdom-20261004-023321/packs/kingdom-terrain-bronze/response.json.metadata","1181","745abd7213c6f944a2e9dda7d00d75bf3bf0d4b34d791b927187b904127cf673","True"
"docs/asset-provenance/raw-response-metadata/assets/high-res/interactive-4k-first32-20261003/run-06-kingdom-20261004-023321/packs/kingdom-terrain-future/response.json.metadata","1181","df87474156050c2ef002c014bbec32cd1166880225bc1d76cbc7db4b924c429e","True"
"docs/asset-provenance/raw-response-metadata/assets/high-res/interactive-4k-first32-20261003/run-06-kingdom-20261004-023321/packs/kingdom-terrain-gunpowder/response.json.metadata","1187","c502c9df1171785979fdbb5ff1de353d38e4b48516ccc6a840dbe629e8298add","True"
"docs/asset-provenance/raw-response-metadata/assets/high-res/interactive-4k-first32-20261003/run-06-kingdom-20261004-023321/packs/kingdom-terrain-industrial/response.json.metadata","1189","1b6dcb23ea0852ce3e1f154bb6bd2d793dcdb48e15bbf576921afe9d05bd696d","True"
"docs/asset-provenance/raw-response-metadata/assets/high-res/interactive-4k-first32-20261003/run-06-kingdom-20261004-023321/packs/kingdom-terrain-iron/response.json.metadata","1176","6dc1ea473fb3d2549b7da66438142b473a5da49c12909534ac8c32bf8e7fb361","True"
"docs/asset-provenance/raw-response-metadata/assets/high-res/interactive-4k-first32-20261003/run-06-kingdom-20261004-023321/packs/kingdom-terrain-medieval/response.json.metadata","1185","9185b32f97a90af64166e00f359965e9b4889cdecae8fc2a37c40f638a0c81e4","True"
"docs/asset-provenance/raw-response-metadata/assets/high-res/interactive-4k-first32-20261003/run-06-kingdom-20261004-023321/packs/kingdom-terrain-modern/response.json.metadata","1180","269b50741c291730ec2562a89d638d47eb90fe769de62190e8c30b9b47271eb5","True"
"docs/asset-provenance/raw-response-metadata/assets/high-res/interactive-4k-first32-20261003/run-06-kingdom-20261004-023321/packs/kingdom-terrain-stone/response.json.metadata","1179","53851c8a6083c6edb3054c095dcf0b7636bfa060e69cd9b45c8cfb88e82bccda","True"
"docs/asset-provenance/raw-response-metadata/assets/high-res/later73-preparation-packs/hero-mount-future-transport/response.json.metadata","1085","22cb85c4bb772a7e0967dfd7439e07360831f4f3661f123853dbe7bdeeb9aed2","True"
"docs/asset-provenance/raw-response-metadata/assets/high-res/later73-preparation-packs/hero-mount-horse/response.json.metadata","1063","82bd45dffb1ea34ef6be7ded381b40652b2f0788498c8fbe014373d1e025a251","True"
"docs/asset-provenance/raw-response-metadata/assets/high-res/later73-preparation-packs/hero-mount-motor-transport/response.json.metadata","1081","0a7e7b4ef9b467740689213715392c58a1fec78d9937494520796a309e3ffb6f","True"
"docs/asset-provenance/raw-response-metadata/assets/high-res/later73-preparation-packs/knight-mounted-master/response.json.metadata","1073","b673eb53695e00b23f8df81a75d93fd6308d102ae8658f6f607c0566321ddca5","True"
"docs/asset-provenance/raw-response-metadata/assets/high-res/later73-preparation-packs/portrait-ancient-barbarian/response.json.metadata","1083","85dd80dbb69e7e3f3452f63743abaef317df92070ee89395f6df6f007d3587f1","True"
"docs/asset-provenance/raw-response-metadata/assets/high-res/later73-preparation-packs/portrait-ancient-healer/response.json.metadata","1076","35453f9484ef8c7416497bc7e2ec1e65b05b9dd17e973ce8abfb7fd0fac9352a","True"
"docs/asset-provenance/raw-response-metadata/assets/high-res/later73-preparation-packs/portrait-ancient-mage/response.json.metadata","1072","be4e78ebc88836a58679500f1765ce402d28d7ae482688988728503fb3d1451e","True"
"docs/asset-provenance/raw-response-metadata/assets/high-res/later73-preparation-packs/portrait-ancient-necromancer/response.json.metadata","1087","7fc527ccdd356ed6d13275e54d5592368ca1c5d22461ea27fda390b8b1fc4ae0","True"
"docs/asset-provenance/raw-response-metadata/assets/high-res/later73-preparation-packs/portrait-ancient-paladin/response.json.metadata","1079","d6d8e2bf2cd001dd7904715feba9600aadad66df61e93077c7b8174a1b2f7554","True"
"docs/asset-provenance/raw-response-metadata/assets/high-res/later73-preparation-packs/portrait-ancient-ranger/response.json.metadata","1077","3e6b3643e7c776987986bec6100140ea5674e1bd7a49af591cd4b9eb6191079f","True"
"docs/asset-provenance/raw-response-metadata/assets/high-res/later73-preparation-packs/portrait-ancient-warlock/response.json.metadata","1079","e8f093ce9e513d371f6124bb76fc001645136d32ead703caf10456fed6fa600a","True"
"docs/asset-provenance/raw-response-metadata/assets/high-res/later73-preparation-packs/portrait-mech-barbarian/response.json.metadata","1075","cd19c968284aac57c5405b8956e1057c962b28ed1a5a71c807453883037dfa71","True"
"docs/asset-provenance/raw-response-metadata/assets/high-res/later73-preparation-packs/portrait-mech-healer/response.json.metadata","1070","c0d76e850a50d899d9c4688ddc84ae8f848dad65c3283aa0247671ac4a93737f","True"
"docs/asset-provenance/raw-response-metadata/assets/high-res/later73-preparation-packs/portrait-mech-knight/response.json.metadata","1070","b2f2e694b35f228f3ebf130c0604e0a3cd05df48bf4eaaa593bd686d3af01be0","True"
"docs/asset-provenance/raw-response-metadata/assets/high-res/later73-preparation-packs/portrait-mech-mage/response.json.metadata","1066","0d5b1a9dfd6c5b3be57c9b94cd08be6d406d3bd3362597c601b7e3e6208739d0","True"
"docs/asset-provenance/raw-response-metadata/assets/high-res/later73-preparation-packs/portrait-mech-necromancer/response.json.metadata","1081","d1389d3b3d53772bc75317950f45073e14ae59363f340c3423193a85acdef361","True"
"docs/asset-provenance/raw-response-metadata/assets/high-res/later73-preparation-packs/portrait-mech-paladin/response.json.metadata","1072","303968ab0a350265e616f3afd23dfe9bb461f396778bf20c2b237e502e95ec75","True"
"docs/asset-provenance/raw-response-metadata/assets/high-res/later73-preparation-packs/portrait-mech-ranger/response.json.metadata","1070","97fd84ae0a342baa3ef3fc0ae7268be8e26f2637d08705c1f9ded6625e135003","True"
"docs/asset-provenance/raw-response-metadata/assets/high-res/later73-preparation-packs/portrait-mech-warlock/response.json.metadata","1072","c345224930f3f7e31d0bc51474cef4e9fc7dabc981c2441a2ef31f55d1ae4eee","True"
"docs/asset-provenance/raw-response-metadata/assets/high-res/later73-preparation-packs/portrait-medieval-barbarian/response.json.metadata","1085","587061d65ea54e971ec4ca6e5fea821b2642d971216c87986f2510fa2e96765c","True"
"docs/asset-provenance/raw-response-metadata/assets/high-res/later73-preparation-packs/portrait-medieval-healer/response.json.metadata","1078","b090b6a5219a14e4863dad6470390bbd22bc74e4cd5976aee7f0530711673dc1","True"
"docs/asset-provenance/raw-response-metadata/assets/high-res/later73-preparation-packs/portrait-medieval-knight/response.json.metadata","1116","840b0c707f1e2b6e3fc4a60f5327988fc04b15cf5bd3c0a46dce135818a985d4","True"
"docs/asset-provenance/raw-response-metadata/assets/high-res/later73-preparation-packs/portrait-medieval-mage/response.json.metadata","1074","b9524ddb8b9c7721d2656dc8b3aa1b16b0011f9c7596c64c0e9ba4daad16dd29","True"
"docs/asset-provenance/raw-response-metadata/assets/high-res/later73-preparation-packs/portrait-medieval-necromancer/response.json.metadata","1089","d4c078e2cbe8e4d0ef642a7a9d18b2210dda0c1cb92d29d97e2765a26e410c3c","True"
"docs/asset-provenance/raw-response-metadata/assets/high-res/later73-preparation-packs/portrait-medieval-paladin/response.json.metadata","1080","1aea7239e5e588f6c9c78a3b54ce8576152598e9c74da638731a012ca056089f","True"
"docs/asset-provenance/raw-response-metadata/assets/high-res/later73-preparation-packs/portrait-medieval-ranger/response.json.metadata","1079","c6ad4709f79f6e9ec5aad592bc21fe6491447988d797f3b32352f6edb7c4aa4d","True"
"docs/asset-provenance/raw-response-metadata/assets/high-res/later73-preparation-packs/portrait-medieval-warlock/response.json.metadata","1081","0993416f38f5fd51b22da71ef3f37f3f9c0c5bf10ebad27ad09ffc99bded1105","True"
"docs/asset-provenance/raw-response-metadata/assets/high-res/later73-preparation-packs/portrait-powder-barbarian/response.json.metadata","1080","74bdd79d6abbb4393a97ee4522b5272a23d76c9d2cabc239a948d81f78e8ea2c","True"
"docs/asset-provenance/raw-response-metadata/assets/high-res/later73-preparation-packs/portrait-powder-healer/response.json.metadata","1111","487a71e79b8f96f1052290d0feb5a975fdb2e5bf20f4f85e747e416411f4ac37","True"
"docs/asset-provenance/raw-response-metadata/assets/high-res/later73-preparation-packs/portrait-powder-knight/response.json.metadata","1075","27d63bcc303bf71e127d6f206d852c36ce4f7da72902aa18d9a21712121af9e8","True"
"docs/asset-provenance/raw-response-metadata/assets/high-res/later73-preparation-packs/portrait-powder-mage/response.json.metadata","1070","b8c054bf478e5ff399de475f19006ff11a5ffa98fe0b5573f8582301d07e8fc3","True"
"docs/asset-provenance/raw-response-metadata/assets/high-res/later73-preparation-packs/portrait-powder-necromancer/response.json.metadata","1084","316740636120669d8e5043ebb6308cf2de39b1ef1b289dc329103fb86b58d6f1","True"
"docs/asset-provenance/raw-response-metadata/assets/high-res/later73-preparation-packs/portrait-powder-paladin/response.json.metadata","1076","4365c0f3334ea4733132011e24a4222859c60cef184bf3d5c2ca405e33b8a797","True"
"docs/asset-provenance/raw-response-metadata/assets/high-res/later73-preparation-packs/portrait-powder-ranger/response.json.metadata","1074","28662ce23dc93cdfbb085943d962eee9b3967a9d0eaceafe3639934e65f494b7","True"
"docs/asset-provenance/raw-response-metadata/assets/high-res/later73-preparation-packs/portrait-powder-warlock/response.json.metadata","1076","1c52619e24ed6094d52d1e44a3259954ebe2caea9c7ee9b7347f3eff88e119c6","True"
"docs/asset-provenance/raw-response-metadata/assets/high-res/later73-preparation-packs/rig-source-parts-barbarian/response.json.metadata","1083","8bd51b955b519881494ec1e855f71abb275fcab6e8e23b78df467b7fa44a8bc0","True"
"docs/asset-provenance/raw-response-metadata/assets/high-res/later73-preparation-packs/rig-source-parts-healer/response.json.metadata","1077","08df0bc56a74be0aa2daeb6f1bcdf74d305ed792da010411c3bae916eb2bf352","True"
"docs/asset-provenance/raw-response-metadata/assets/high-res/later73-preparation-packs/rig-source-parts-knight/response.json.metadata","1077","ce647c8e67f40e0868018a935558b48f8d931946255ff8b692e7d856e72272ca","True"
"docs/asset-provenance/raw-response-metadata/assets/high-res/later73-preparation-packs/rig-source-parts-mage/response.json.metadata","1073","1f01cef257d87e54a2845d9f48d08382f4007fa68e5a959d155bffc50b16a8b9","True"
"docs/asset-provenance/raw-response-metadata/assets/high-res/later73-preparation-packs/rig-source-parts-necromancer/response.json.metadata","1087","ab7c1ca3319522841e1ddf50a9d238bd45e47cd78535a50a94151e2c68d5154f","True"
"docs/asset-provenance/raw-response-metadata/assets/high-res/later73-preparation-packs/rig-source-parts-paladin/response.json.metadata","1079","9c04c27865ed160fe61deb8dc540493ccc60357b1833fd3d43ba79f0f526dbd9","True"
"docs/asset-provenance/raw-response-metadata/assets/high-res/later73-preparation-packs/rig-source-parts-ranger/response.json.metadata","1077","4e84382d62719a833c01e7dd57b0fd2c31583fc6114576ac5d98081fd31af037","True"
"docs/asset-provenance/raw-response-metadata/assets/high-res/later73-preparation-packs/rig-source-parts-warlock/response.json.metadata","1079","269a9404eebb69a923f5961ec1ce7b31daafdc7cd6ce2fb59c465e2a90424c9f","True"
"docs/asset-provenance/raw-response-metadata/assets/high-res/later73-preparation-packs/rival-identity-1/response.json.metadata","1063","bd372da4f6f71e3686e62db88b419a4bb8b6082ad401be510ef22db26e0776c7","True"
"docs/asset-provenance/raw-response-metadata/assets/high-res/later73-preparation-packs/rival-identity-2/response.json.metadata","1063","2f0c9f3e5bed32f39d9c2e8f5e2cd6648be08091faa106ec4612c8a9e3ca4753","True"
"docs/asset-provenance/raw-response-metadata/assets/high-res/later73-preparation-packs/rival-identity-3/response.json.metadata","1062","7afd94df7bd1b7288bb9bc160477ed7664ded4c5b9c504beffac3859f31c2093","True"
"docs/asset-provenance/raw-response-metadata/assets/high-res/later73-preparation-packs/rival-identity-4/response.json.metadata","1062","617cc80a8ec3df6a9b5f03cdcdbf5488437502669c4fde0e15478a9019c35ad6","True"
"docs/asset-provenance/raw-response-metadata/assets/high-res/later73-preparation-packs/rival-identity-5/response.json.metadata","1061","8a814bc0ba43db9a636561e9dbf0b6e94a2bed9ca468c1069b15c12df680960f","True"
"docs/asset-provenance/raw-response-metadata/assets/high-res/later73-preparation-packs/rival-identity-6/response.json.metadata","1062","14c5a9eeb3b8350dde6a9be357aa25d137533d388d4a1983de757b644d007f51","True"
"docs/asset-provenance/raw-response-metadata/assets/high-res/later73-preparation-packs/troop-bronze-heavy/response.json.metadata","1067","e267ccf9cc56328d80b522924d8579704b00ef3a48832ab598bc1fc74557d0d5","True"
"docs/asset-provenance/raw-response-metadata/assets/high-res/later73-preparation-packs/troop-bronze-melee/response.json.metadata","1067","3d23446877e3b41053c2c9bf11940feecb8ec6cec2e79a8acf61f42387666862","True"
"docs/asset-provenance/raw-response-metadata/assets/high-res/later73-preparation-packs/troop-bronze-ranged/response.json.metadata","1068","6dc662c8d4347750986ca4a4ccd2d7ccdb749e28e80693a3fb1e783b74df779e","True"
"docs/asset-provenance/raw-response-metadata/assets/high-res/later73-preparation-packs/troop-future-heavy/response.json.metadata","1066","40e7b1b76b0e692423d347f05d135d62fa12ca6fa0c708fbc90fb0dba70f121f","True"
"docs/asset-provenance/raw-response-metadata/assets/high-res/later73-preparation-packs/troop-future-melee/response.json.metadata","1066","70db7dbe4ea7ab664a14d9f7a79343fdcc00fcbb4e26f0fc1a26b50152094d33","True"
"docs/asset-provenance/raw-response-metadata/assets/high-res/later73-preparation-packs/troop-future-ranged/response.json.metadata","1068","7ea40c6455a884772401bd505c313dc9ef3eb363e576173aa16c24801d6fbe20","True"
"docs/asset-provenance/raw-response-metadata/assets/high-res/later73-preparation-packs/troop-gunpowder-heavy/response.json.metadata","1072","18c62d6f9e440484e4092c42b2470550207a9ac1fe751b7409298ecbfc41856b","True"
"docs/asset-provenance/raw-response-metadata/assets/high-res/later73-preparation-packs/troop-gunpowder-melee/response.json.metadata","1073","569e05d99c28d58d90b2c7f89764c6f0fcd8ad350ff1d772c166dbc957710663","True"
"docs/asset-provenance/raw-response-metadata/assets/high-res/later73-preparation-packs/troop-gunpowder-ranged/response.json.metadata","1075","2a2f46afd1fb639147ad22e7606317434d10d5dea295c8701c08b4596f2359bf","True"
"docs/asset-provenance/raw-response-metadata/assets/high-res/later73-preparation-packs/troop-industrial-heavy/response.json.metadata","1110","8aa9e6043cfed2bd0c79abedbeee268ff24867fee8a87f1c8b0d05edd7793eb4","True"
"docs/asset-provenance/raw-response-metadata/assets/high-res/later73-preparation-packs/troop-industrial-melee/response.json.metadata","1075","a5584cc01bc8796b03349ef3c6e2d70bb7795c16d128653fd0fd13c983e49dcf","True"
"docs/asset-provenance/raw-response-metadata/assets/high-res/later73-preparation-packs/troop-industrial-ranged/response.json.metadata","1076","e9e3cf49ab5007a054e0758c5099ba2a127e286d1517a164f273bd293d0e6558","True"
"docs/asset-provenance/raw-response-metadata/assets/high-res/later73-preparation-packs/troop-iron-heavy/response.json.metadata","1062","633ac1be9b7b4917ae95926374b047f752bbef06323aa91756fb1e1ebaceeb06","True"
"docs/asset-provenance/raw-response-metadata/assets/high-res/later73-preparation-packs/troop-iron-melee/response.json.metadata","1063","eb9a3ea874639f94ed3b1c13ae4f57d2765e6c5f8b7cbcf5db75dc3d6938420c","True"
"docs/asset-provenance/raw-response-metadata/assets/high-res/later73-preparation-packs/troop-iron-ranged/response.json.metadata","1065","6f6eef24dad11b0395d3be464e50513ef26afa201fc0fef48b1c79a5f6118a20","True"
"docs/asset-provenance/raw-response-metadata/assets/high-res/later73-preparation-packs/troop-medieval-heavy/response.json.metadata","1070","01356b573bcca84da9de92223bbd45b672f1b86e403843238d0ea2c3347cd69d","True"
"docs/asset-provenance/raw-response-metadata/assets/high-res/later73-preparation-packs/troop-medieval-melee/response.json.metadata","1071","c2a8eaee3394e3bda1d51f90130eef8f68465106ef714bc24cd2ded54d6d3d10","True"
"docs/asset-provenance/raw-response-metadata/assets/high-res/later73-preparation-packs/troop-medieval-ranged/response.json.metadata","1073","d46338188c69d62dbbeaa4c72927835efd315849382e7feb289868bfb42f9944","True"
"docs/asset-provenance/raw-response-metadata/assets/high-res/later73-preparation-packs/troop-modern-heavy/response.json.metadata","1067","6b073f53f19ba1e7e2dfb09fec0ea5d27b0952c945d3f1b5bc3c3a48732596d6","True"
"docs/asset-provenance/raw-response-metadata/assets/high-res/later73-preparation-packs/troop-modern-melee/response.json.metadata","1066","23f4f9a29922ef3a904a2b012fc47e8415dbde4c4b75a44a4a73dbf0a8e322eb","True"
"docs/asset-provenance/raw-response-metadata/assets/high-res/later73-preparation-packs/troop-modern-ranged/response.json.metadata","1067","323dac02b6ce93a3ad00dd2c5077bcd292ebfd20ca3e49921832b744930953fe","True"
"docs/asset-provenance/raw-response-metadata/assets/high-res/later73-preparation-packs/troop-stone-heavy/response.json.metadata","1064","7cf260098c2076a16e24e39b92d21550d0fa7a07f98b4afbc215883ba0f2a54b","True"
"docs/asset-provenance/raw-response-metadata/assets/high-res/later73-preparation-packs/troop-stone-melee/response.json.metadata","1064","e0a3444c0946ab3328153d25f17ac7993607f5a2945d2717a585290a0dc7821f","True"
"docs/asset-provenance/raw-response-metadata/assets/high-res/later73-preparation-packs/troop-stone-ranged/response.json.metadata","1066","ab18a8e444a106e2c4e4e297f64d8722c4144c3d6e72be205f8bc22ee47371ee","True"
"docs/asset-provenance/raw-response-metadata/assets/production/production-01-20261003/provider-output/predictions.jsonl.metadata","87204","3870859dcce7e3e0f3f426103b0ed122bd2cb1efddbb8272d9446fd6276de7bb","True"
"docs/asset-provenance/raw-response-metadata/assets/production/production-02-20261003/provider-output/predictions.jsonl.metadata","71488","e5b7d674d97850b59e9ca9e568fbd88c09da5725dbb61019d02accdbecbb7271","True"
"docs/asset-provenance/raw-response-metadata/assets/production/production-03-20261003/provider-output/predictions.jsonl.metadata","85153","da378bde1e244007ea74c31f394ebf9caab4193ca4d26783fc3c468b64d7145a","True"
"docs/asset-provenance/raw-response-metadata/assets/production/production-04-20261003/provider-output/predictions.jsonl.metadata","86159","66f345402ec4a22acf7ec19af1cac51f06289abfe038ed0258ba82ead6088d66","True"
"docs/asset-provenance/raw-response-metadata/assets/production/production-05-20261003/provider-output/predictions.jsonl.metadata","89200","182a2e216bfc2a7d63bc123a156951e22eca031c948c01cd1577bc68f35cab18","True"
"docs/asset-provenance/raw-response-metadata/assets/production/production-06-20261003/provider-output/predictions.jsonl.metadata","91182","1403d12d319eafbcf150e9219080c6ed2277677ffe98934824d0462e03164c32","True"
"docs/asset-provenance/raw-response-metadata/assets/production/production-07-20261003/provider-output/predictions.jsonl.metadata","91788","cd8dab1a49bc935923e8377a24616b69b4da3f4d2e5d33c0504d443039b8b018","True"
"docs/asset-provenance/raw-response-metadata/assets/production/production-08-20261003/provider-output/predictions.jsonl.metadata","90123","6c6ecc7a8f6ba93f5ba41451e58802168f68aab82af2af9e7a311f52dd5097e2","True"
"docs/asset-provenance/raw-response-metadata/assets/production/production-09-20261003/provider-output/predictions.jsonl.metadata","90949","e7fdc4de0f5434554ccab6e457d0d66956c27df96f3169afd14448e060bdfb10","True"
"docs/asset-provenance/raw-response-metadata/assets/production/production-10-20261003/provider-output/predictions.jsonl.metadata","79608","3284eab4abc2ccf4057d8b663837bdadbea575d2c1df63001fbb4d92a60f20ac","True"
"docs/asset-provenance/raw-response-metadata/assets/production/production-11-20261003/provider-output/predictions.jsonl.metadata","73712","8fd81c11e30599f6fcb6b959a2494fb94817bc05cff45d429bb64cb2969f40c3","True"
"docs/asset-provenance/raw-response-metadata/assets/production/production-12-20261003/provider-output/predictions.jsonl.metadata","71811","62b61f64e25a69638103f44c8f6f35663a249ea593e862336d4ee479dbe7afb6","True"
"docs/asset-provenance/raw-response-metadata/assets/production/production-13-20261003/provider-output/predictions.jsonl.metadata","68174","067dca7f6a1a97a08d54645581ab62e061c3c06eab8788b49b72168ce09b8e96","True"
"docs/asset-provenance/raw-response-metadata/assets/production/production-14-20261003/provider-output/predictions.jsonl.metadata","68983","7afae2abef94bb5b8ec2df06f91101f920ba840ddda6627b8703f3d43ae6c7e0","True"
"docs/asset-provenance/raw-response-metadata/assets/production/production-15-20261003/provider-output/predictions.jsonl.metadata","67909","38e3953e2e788d43a028207b890096bb394cb858d9f7ed7ebc7ff685bc2bcfcd","True"
"docs/asset-provenance/raw-response-metadata/assets/production/production-16-20261003/provider-output/predictions.jsonl.metadata","68124","32f4d84cb1d859c1e1d72bcfddcc654b17c942d7d8a8c057947f868592502a55","True"
"docs/asset-provenance/raw-response-metadata/assets/production/production-17-20261003/provider-output/predictions.jsonl.metadata","67939","266a30c9161783b3fd3782dd50896a268165144d3bc5cf691eb97cedd5cba429","True"
"docs/asset-provenance/raw-response-metadata/design-preview/generated/landscape-mocks-20261003-efcd7a7e/provider-output/predictions.jsonl.metadata","96187","df08a9501b657dc0ca232e8f2a31751534c19c77a885f56a49e66bf7fa9582a2","True"
"docs/asset-provenance/raw-response-retirement-journal.jsonl","24550","24330b825065846de01ff9ba40ec4cf131d0192d35d4700c587663b99f481326","True"
"docs/asset-provenance/README.md","4721","0a9c2eb371259f3ce3464c8b51a4f3c3c219b399e8d2a1594a9bc8ffe0931ecf","True"
"docs/asset-provenance/retirement-summary.json","180","64f95f6863d04d9ca41315bb82ae349f1be03e685c15a29536171160d9e90d83","True"
"docs/BATCH-05-08-HANDOFF.md","13292","ec6d14c77241b7d180508ad175e3670989c3d11b9b41760cb0249aa9029d6b4c","True"
"docs/BUILD-PROGRESS.md","94995","c4e7d9ebcedec2e9b04d027bfd2f2aa46902137166c6424458148cd017964627","True"
"docs/DESIGN-FEEDBACK.md","19069","3e26cc67536572a99c4db1640b4b3f8dd3e009179e6e95ecae771a4ff63de74e","True"
"docs/EXECUTOR-CONTINUE.md","1998","0e31c0ac7a81a6f0cec19137e8d7710224a68fbdf4be2cefe81ede1be7aea875","True"
"docs/plan/ACCOUNTING-CONSISTENCY-V3-2026-10-04.json","2654","d27dbace54701e6ce976ad44810173b1148176ad9aca07ad5ffc6a33fe6c1ea3","False"
"docs/plan/ACCOUNTING-CONSISTENCY-V4-2026-10-04.json","2974","b4ad0404db69bef8c5ea14c4de41dd59a601d792e3b5ada8d37981f8913a9f08","False"
"docs/plan/ACTORS-MOUNTS-V3-RESULTS.json","20898","d7628bc2764aae1b8699057c6f55a7775b50caf300517d2250fce61ef3cc8370","False"
"docs/plan/AGE-PROGRESSION-MATRIX-2026-10-04.md","1870","b9c5c0a9939ae4bb36bb3643d81091da1b4e2e00d94ce9b7097d5e405d6f4377","False"
"docs/plan/ALL-BATCHES-ASSET-AUDIT-2026-10-03.md","15511","deb469adbf02e76c3892d7eade9f6a2a93eb3f7a725bd8fb1dec9df379162216","True"
"docs/plan/ART-REUSE.md","31661","34f86aff53fffa294a23854f94a6f9fc5508ddb909f2e50b66ffe789894a6241","True"
"docs/plan/ASSET-ACCEPTANCE-CLARIFICATION-2026-10-03.md","10312","14923fe64c2c80d5ec682470f1c7c4b031e2b8020a4920c0d5b914948d88e681","True"
"docs/plan/asset-manifest.json","15384","157f59a95733bf1d0ac62efc997f85f9f5791acb56aec6bd0f0203342b95030f","True"
"docs/plan/AUDIT-UPDATE.md","8577","4f1c7463e384cab31da5036ba04bf86bb18ab50a7e22324f2746d29353571297","True"
"docs/plan/BACKGROUND-REMOVAL-KEEP-REGENERATE-AUDIT-2026-10-04.md","12663","090f0711c5452558dacc237ab567da20bb3e242fa2285814e89d582a88233589","False"
"docs/plan/BATCH-GAP-OWNER-HANDOFF-V3-2026-10-03.txt","3209","3fb0d10e264a4b9c4e963cf43d58ba22539eba3a4d223e514e2682c98fe11268","True"
"docs/plan/BATCH-GENERATION-AI-NEXT-PROMPT-2026-10-03.txt","7741","ef879d9117ff7a2f3e1d1000ab1ef1ee3a20e5e2e3f8ba88acdf1364cc30e81e","True"
"docs/plan/BATCH-RECONCILIATION-REPORT-2026-10-03.md","12831","229182c7a979c179ba619bbb5e8eccf7cbf43de8f92fc11523b8f34f907cf05e","True"
"docs/plan/BATCHES-09-13-EXECUTION-PROMPT-2026-10-03.txt","8734","f8b52ac89cac3fd54492989a3d18a958d937c90c100269ba5d4f16d8cb8f62b9","True"
"docs/plan/BATCHES-14-17-COMPLETION-REPORT-2026-10-03.md","13303","ec6e13ed7af741c9c97a29a525b70b4ee004db3a5a0b53195887371a3e053b09","True"
"docs/plan/BATCHES-14-17-OWNER-EXECUTION-PROMPT-2026-10-03.txt","8233","61dfceac2779e231493ee071f6fddfa135b891839e4d758276ef259a13893b31","True"
"docs/plan/BOTH-AI-INDEPENDENT-VERIFICATION-2026-10-04.md","14329","535dd3bbaad1d020fb3fb31900efaac445f80f3cef23a037ca1c64519d86b4da","False"
"docs/plan/BOTH-AI-V3-INDEPENDENT-VERIFICATION-2026-10-04.md","16453","76187f509d6522e2deba9ddbe5b980de13a5fdafdd003c5e9e5c93cf6ec18766","False"
"docs/plan/CLEANUP-LEDGER.json","60016","ce141c9ed837f0847b8afb0b44cb4c958fb3b2de4fd5f1b4dd3cf0044a0e9655","True"
"docs/plan/CLEANUP-NOTES.md","695","0af001e8d454e5bce98971241f6cbed5f513207a657a7ff8c5367cb7f9970e8d","True"
"docs/plan/CODE-AI-AFTER-IMAGE-V2-REVERIFICATION-2026-10-04.txt","6372","07ea0b4b53921a7e881a5be0bf712b671ed50dd497bf84e8e13f60d349c8a0be","False"
"docs/plan/CODE-AI-AFTER-V3-AUDIT-2026-10-04.txt","8149","e6964fdfdfb76c84e718d331753324a1475d29539693c812551ec3ca538bd2ae","False"
"docs/plan/CODE-AI-CURRENT-GAME-COMPLETE-BRIEF-2026-10-04.txt","17303","e04656b0a4be8eb5681c3c97e74b9f1f21d8d18f72b002f8b02db326f5aeb971","False"
"docs/plan/CODE-AI-FINISH-ALL-READY-WORK-PROMPT-2026-10-03.txt","21222","460ce244859638f82e6a0b2efd941f310d0f89bded17ee2e5d533a8a3deb8be1","False"
"docs/plan/CODE-AI-NEXT-AFTER-MATTE-DECISION-2026-10-04.txt","6761","4f3f4012353fecb6ebff31a9458517141a7e46df1402f97f7c266c1168ba7569","False"
"docs/plan/CODE-AI-NEXT-AFTER-WHOLE-PLAN-AUDIT-2026-10-04.txt","9164","9d08fde1845f15ac867ae83a637c10875ab2b2d9e463f1505c4e49bffe1fc3f8","False"
"docs/plan/CODE-AI-PERSISTENCE-DIAGNOSIS-2026-10-03.md","10559","802931d9ab8d08b04134754fc3e1a19ff10c1a8c22fdc3f104de023849d88427","False"
"docs/plan/CODE-AI-PLAYABLE-DESIGN-FIRST-2026-10-04.txt","5496","3964a06e114d1cb739117cb06f574551143284623fbb047e36e66048e983e138","False"
"docs/plan/CODE-AI-RESUME-2026-10-04.md","4869","8ecb6242350a704607c555c182ff07d26daaf22c7e965cbe07304d33eae7b622","False"
"docs/plan/CODE-AI-VISUAL-REPAIR-PROMPT-2026-10-04.txt","6258","0e2a53717e4e06f9649e95420552a718b01ab58970c69297d509cfba408a2c57","False"
"docs/plan/CODE-ART-COMPLETE-REMAINING-WORK-PROMPT-2026-10-04.txt","14708","48c223ad09659922ccf820ee3e442645c33b03dea3945cf64ce8a74a3ee6e02b","False"
"docs/plan/CODE-ART-FINISH-ALL-READY-PROMPT-2026-10-04.txt","8335","6338762e0ea18fb474010ad294e2f20554e28b871e2bec7867639e2cde98a87a","False"
"docs/plan/CODE-ART-FINISH-READY-WORK-AUDIT-2026-10-04.md","7152","c13926fda3de7cec05f7234f41e8f730422e2256685b33031f39d9a95a3caf14","False"
"docs/plan/CODE-ART-FOLLOWUP-VERIFICATION-2026-10-04.md","12843","0cd417ffe6becd935ed1847f4f33927632860c96926db84e36ad4b8f992a6118","False"
"docs/plan/CODE-ART-IMPLEMENTATION-NEXT-TASK-2026-10-04.txt","10227","9b37e5fa4c997050459aa145a4cc2223f73735babe46a72e1caf1e0b101ed875","False"
"docs/plan/CODE-ART-INDEPENDENT-VERIFICATION-2026-10-04.md","14384","e9875789475f7664f42a3e59e2f91ff2609d8c53d04215b73dac957409c4646d","False"
"docs/plan/CODE-ART-NEXT-EXECUTION-PROMPT-2026-10-04.txt","11599","294f7cca2a741e12152eb9b8a3c151cbdaf0d8e763a283920c409a98de758149","False"
"docs/plan/CODE-ART-REPAIR-COMPLETION-VERIFICATION-2026-10-04.md","8062","5b1dff0a8837214c23b2555cb2693950b3982df3b68553f69a865c4940489bed","False"
"docs/plan/CODE-READY-WORK-MATRIX-2026-10-04.md","12344","4100708a18adcc4833e877c0ac6aa4c405ed460f10b077961268ec277e9e79e0","False"
"docs/plan/CODING-RECOVERY-AI-NEXT-PROMPT-2026-10-03.txt","9227","5462ac9e570df243c05b6390640df848ad88c8a73732c6176474a99f6e83f4f0","True"
"docs/plan/CODING-RECOVERY-AI-V3-NEXT-PROMPT-2026-10-03.txt","13097","e42434f7691df6dbafb62ba243a4aad74cbf4bbe5b4d683089925aaa0c1a6de9","True"
"docs/plan/CODING-RECOVERY-NEXT-KINGDOM-GUIDE-PROMPT-2026-10-03.txt","6734","b3aab92044b2a10ad92b495a63cd0e7101817118709f0b6f2d6165f4a95f914f","True"
"docs/plan/CODING-RECOVERY-POST-CANDIDATE-PROMPT-2026-10-03.txt","9451","a07b835421c682921180783b94f80a8d049c54e91b10cb596727209051ed1377","True"
"docs/plan/CURRENT-GAME-AND-IMAGE-SOLUTION-AUDIT-2026-10-04.md","21804","5ad0a1ecd58e9f0b931ddcb17518b04f7adf85872fee21c9303a5c323749a5f0","False"
"docs/plan/DATA-ADOPTION-LEDGER.json","28193","172441922aeea6ea7ec3998eb12a81ad553ce981300d072a2a35540ba7b3ce68","True"
"docs/plan/FIRST-32-4K-CONTINUATION-REPORT-2026-10-04.md","24234","88b03abe3eed4ac0c1968ec05af420c4ec5167ae3fb8b61e9fb00f97e5363c83","False"
"docs/plan/FIRST-32-4K-CONTINUATION-REPORT-RUN3-2026-10-04.md","19714","18208ec8e0dfe934a40755743ce300715fb20ca69790f29e64dffa9a886a50c3","False"
"docs/plan/FIRST-32-4K-CONTINUATION-REPORT-RUN4-2026-10-04.md","20521","4c2d999cd09dc6a8dc7c0270164b604edf51eb6f008f61f3f2dd5fd63d620e71","False"
"docs/plan/FIRST-32-4K-EXECUTION-AND-READINESS-REPORT-2026-10-03.md","16364","82ca25dc6b378988a8ea572d7884356a851e3b2c17311d5f36901643e7bb123e","True"
"docs/plan/FIRST-32-4K-EXECUTION-COMPLETION-REPORT-2026-10-03.md","15453","c5a1d7acf01d0f21d1100710cee49c64d45c11d78eb05416c8f47fcc90ae132f","False"
"docs/plan/FIRST-32-4K-KINGDOM-COMPLETION-REPORT-2026-10-04.md","16182","af30870fb3cf05bc2d9e04a402e2fcac20e2f6842f7865a6482eae143f800ba3","False"
"docs/plan/FIRST-32-4K-TACTICAL-RETRY-REPORT-2026-10-04.md","18197","aefdc0df2908ec4e500bcfe14c27aeb59bae87d69117e200863c8b027bb27f5f","False"
"docs/plan/FIVE-BATCH-AUTHORIZATION-2026-10-03.md","6050","70885e9e1698ea1ead6438d42139c240cfc066b0412806e051d369e04190c80e","True"
"docs/plan/FIVE-BATCHES-COMPLETION-REPORT-2026-10-03.md","11035","00326dfc97369d414e4f0bb0610a8ac9a062e95b2b65f2726f3ac60cc30c3acc","True"
"docs/plan/FULL-ASSET-PURCHASE-PLAN.md","16484","e4640da4ef42f4fbd49950ec7d339281f7a4fb67767c58d31501d5698c42e20a","True"
"docs/plan/FULL-IMPLEMENTATION-SPEC.md","33682","f9c9e21b5b6441feecab311588493f99f7c4ce601f46eef45f8a52b78b95fdda","True"
"docs/plan/GAME-DATA-REFERENCE.json","53509","e8220358a70b2e2c9202c43f7dc59470e9eb978904319ab6e0ff942b5ea87959","True"
"docs/plan/GENERATED-ASSET-RECOVERY-REVIEW-2026-10-03.md","15478","7badb18ee572fac5d7a3cfff5ec6aef82b46df575cc4628acda9f0780309b1bc","True"
"docs/plan/GIT-ASSET-STORAGE-PLAN-2026-10-03.md","16965","4bdc0fbc09161f8418f3a604d3493742a277038cfb0527f5bbe19c5a3fc345ad","True"
"docs/plan/HIGH-RESOLUTION-UPGRADE-COUNT-2026-10-03.json","131485","cb08c5485c98b9c8782061716912599259497c0af39a0c4e1cf5c213ad88f4b5","True"
"docs/plan/HIGH-RESOLUTION-UPGRADE-COUNT-2026-10-03.md","2459","62d7fd3d6313f88c2269dea7a0e773bbe69ac72fa1a47513a51d6952b1c7e927","True"
"docs/plan/IMAGE-AI-AFTER-V2-REVERIFICATION-2026-10-04.txt","6498","bcf0177a278c960ea9221b024c9b05c32cc33ac3209e9acec90e26c6584d37bd","False"
"docs/plan/IMAGE-AI-AFTER-V3-AUDIT-2026-10-04.txt","9871","d9d0b198284fe523291c70c0b808513925e9979db1d807539079f1e94a4be09b","False"
"docs/plan/IMAGE-AI-CONSOLIDATED-LOCAL-SOLUTION-2026-10-04.txt","24649","2a605b833f09230d4fc2e518aa8eebc81c08dd85507a873405ae404c574461d6","False"
"docs/plan/IMAGE-AI-CONTINUE-REMAINING-4K-PROMPT-2026-10-04.txt","8060","7c76518659a07c19cb1ccc665d969b7354d930502bf19a55ee9a087fbb4d775b","False"
"docs/plan/IMAGE-AI-DELIVER73-AND-REPAIR-CONTROLS-PROMPT-2026-10-04.txt","8530","6719d510ccf0ad897a5a4aaebbaa95916b8b791fb6ec347ab7d8087ed2d2be81","False"
"docs/plan/IMAGE-AI-DELIVERY-AND-REPAIR-REPORT-2026-10-04.md","8273","b9e004f04fc720aeae6adc56af9fb352efcd43cdcd7c360a315faf5378919d4e","False"
"docs/plan/IMAGE-AI-EXECUTION-AND-RECOVERY-REPORT-2026-10-04.md","14096","07323710ed0007f71ee19875cc6b17cf17d8f75af560e3ced5d848394b5cb4a7","False"
"docs/plan/IMAGE-AI-NEXT-AFTER-MATTE-DECISION-2026-10-04.txt","6917","08cb57e4111a28650c87b122f958390e6b72d213c58b7d89f55a53df04a1ace1","False"
"docs/plan/IMAGE-AI-NEXT-LOCAL-DELIVERY-2026-10-04.txt","9719","8638b328fa4f8f14592adf1d0e98b7d5781f4bcc5e306b8bb8d297747b7e49a5","False"
"docs/plan/IMAGE-AI-START-LATER73-GENERATION-PROMPT-2026-10-04.txt","12304","dbdf6e6b9f47ca24e188f561ff2f90bf0cc073485347e14d33ecccaf9ef1845c","False"
"docs/plan/IMAGE-AI-V4-REMAINING-FIX-NEW-CHAT-2026-10-04.txt","9556","274a97d2e2d84de422a914f231d47476b0075f291445b3d1cd4010831e5f3698","False"
"docs/plan/IMAGE-AI-VALIDATE-PREPARE-AND-CLEANUP-PROMPT-2026-10-04.txt","11203","3d5decd61065c32b9cae0567c30305943c66c6eebdeecbbe44584f9d7218c74b","False"
"docs/plan/IMAGE-AI-VISUAL-REPAIR-PROMPT-2026-10-04.txt","4858","ad727901a61fa17d02c3cd774c77350430c969775492c932de0d452ec98f07df","False"
"docs/plan/IMAGE-DELIVERY-INTERFACE-V4-2026-10-04.json","163505","43393316602e252305cc4a95d6fbcd6c08a9220799ab7d72d8783bc1f8a6ec0f","False"
"docs/plan/IMAGE-DELIVERY-INTERFACE-V5-2026-10-04.json","11883","68f02cf4ee929a96967f28db6896066a2da965636c4837a189c6ba7c79863751","False"
"docs/plan/IMAGE-DELIVERY-INTERFACE-V6-2026-10-04.json","7312","a01a3a05430807577eb863fd441753241cd54f1dc15d3e084f0bf3fe2852c48d","False"
"docs/plan/IMAGE-DELIVERY-MANIFEST-2026-10-04.json","435142","9811801550aa82e198f61833b24f83f3a4d34babfba1314f2860e07193033545","False"
"docs/plan/IMAGE-DELIVERY-MANIFEST-V3-2026-10-04.json","6141","0e9918e086ccc302d195efc8300f75b0c8623d76e5b53d9540a92affd6dc8528","False"
"docs/plan/IMAGE-EXECUTOR-PREPARATION-CORRECTION-2026-10-03.md","6954","d762c29e8430444f59d9bb6697073645d8c0d1faf1bcac4e91700a4f974fd364","True"
"docs/plan/IMAGE-FIRST32-INDEPENDENT-VERIFICATION-2026-10-04.md","14485","c2ac83d7ac748e3cda60d06eeb08dbea1fd9431bd9e918751ea6575026257da0","False"
"docs/plan/IMAGE-GENERATION-START-INDEPENDENT-AUDIT-2026-10-04.md","10573","9fd1a625f6c65b6e152e188380fb442112d29528854e77a23ff8829c3147643a","False"
"docs/plan/IMAGE-LATER73-EXECUTION-COMPLETION-REPORT-2026-10-04.md","6464","0931a925a579e22c9a6ca24cd0185404387c83e272ec562f8d437fecdd660b7a","False"
"docs/plan/IMAGE-LATER73-EXECUTION-MANIFEST-2026-10-04.json","181001","1c4723eec2ef82414d84a281fd4a85cfddc6be354810d5de9d8c8b2a130532b8","False"
"docs/plan/IMAGE-LATER73-INDEPENDENT-CLOSING-AUDIT-2026-10-04.md","9693","de0d228f8d7074a3f6720e6aba4bbbc29dcc44bbeea7ae36798227fb910ec848","False"
"docs/plan/IMAGE-LATER73-LOCAL-PREPARATION-MANIFEST-2026-10-04.json","120465","4a5d74d2595e7493dd82da6f5e64c7a6681c032ac9c21e728bf241ee23d6d330","False"
"docs/plan/IMAGE-LOCAL-SOLUTION-HANDOFF-2026-10-04.md","3409","00a42f7c8b62f84fe84f181c0289441327f81614c133b8195ea8ab2c84713af7","False"
"docs/plan/IMAGE-ONLY-PRODUCTION-AND-CLEANUP-2026-10-04.md","5433","98bd3e23c448485d8c0c83a0ef377923b1b010feccd28647138230975758ebd1","False"
"docs/plan/image-production/active-batch.lock.json","862","6fc42cb5e377380d5bdc6eee325220eebec273d2f18c40c68527b3729c8c3c4f","True"
"docs/plan/image-production/archive/interactive-4k-first32-20261003.lock.json","583","958618a0b923c528692c955d43664052358ebfcf6819c2a05e7f13dc77cf80ac","False"
"docs/plan/image-production/archive/interactive-4k-first32-continuation-20261004.lock.json","595","86fadfff4ff9e8f7c0cfac338b2a45f8b2aa72a75751b1a654a538118856e477","False"
"docs/plan/image-production/archive/landscape-mocks-20261003-efcd7a7e.lock.json","22487","efcf0c71bcd7c1302ca74d575107b3f20fb66c899dfb850187ec244ba3a37cf0","True"
"docs/plan/image-production/archive/production-01-20261003.lock.json","728","ac570f2ce42455b75670423727120a4c04a3db8638d52a31f42f6638618199c0","True"
"docs/plan/image-production/archive/production-02-20261003.lock.json","829","f7a8e7a09b94920d701d4b6d449ec7e1b8b95a555f0f8faa0e5925d75bc80d6b","True"
"docs/plan/image-production/archive/production-03-20261003.lock.json","728","633634a0fe1f7225dc295a17644e2eea7f32d4f7dfced2a4b2caefadfa5f6ecc","True"
"docs/plan/image-production/archive/production-04-20261003.lock.json","728","a22e65686532861827d92bbe110d2c75173d5ba82efc7668bbf1137a79e39dd1","True"
"docs/plan/image-production/archive/production-05-20261003.lock.json","728","dd58dc28b98ee6f641d67b6d0dad6d5cde19c5f360aa35708cfbc4ed6e5dd53b","True"
"docs/plan/image-production/archive/production-06-20261003.lock.json","728","a3512951a284a21401c5a0796dd843d3b6ee4ad2ddce151ba4c1bdff7a0aaf31","True"
"docs/plan/image-production/archive/production-07-20261003.lock.json","728","a1afb45224f3ba84bbbf6a0bb081fa439588e99a41bcfb6be0e7c1601c6137a7","True"
"docs/plan/image-production/archive/production-08-20261003.lock.json","728","06b91d9962ef174e640ac5be9ef53776b9dc223fdbf0df8b090190f187920749","True"
"docs/plan/image-production/archive/production-09-20261003.lock.json","728","e865c6896a268d12d954c895b91132475f816d74ba9676084af02ece1b3cc4c6","True"
"docs/plan/image-production/archive/production-10-20261003.lock.json","728","3d5a5c89ec8c06e937978520953db277e1c85f7827baa6a90d5dfea64c4a092d","True"
"docs/plan/image-production/archive/production-11-20261003.lock.json","728","4361a02182f08df1517c15fe37e9ab2e5c11fa6b07578aa6c070c9a1b0071abe","True"
"docs/plan/image-production/archive/production-12-20261003.lock.json","728","04fc278dfdb7cb9cefabfaad9ab788238db779a0a571703887ff2c6da6da0580","True"
"docs/plan/image-production/archive/production-13-20261003.lock.json","782","daa462c4ff895d323bb74ac28ae2432333cda6199c242e0ffdbf8012029dd6aa","True"
"docs/plan/image-production/archive/production-14-20261003.lock.json","728","3ea2c6f8290c88f19eb037d9effcb2a6b5028ee49798f3cca2c2f4f2ae150e65","True"
"docs/plan/image-production/archive/production-15-20261003.lock.json","728","60cf34ab3bb12ee01bcb8f83e4082e601bedd518d2ce7f075526113e726ccd56","True"
"docs/plan/image-production/archive/production-16-20261003.lock.json","728","db5415c0e2cfe69877bd2fb696155533577f19fea3b227f4b7e34850a72611a8","True"
"docs/plan/image-production/archive/production-17-20261003.lock.json","835","44f657478050bfed7c0d2aa53b54fddc8452529aa466c5eaf3befe332a81ce1d","False"
"docs/plan/image-production/batch-01-manifest.json","69090","e79a1fa1ed844da77f5f8906189145f90a624be848fd27f9fce683384dbdf0c9","True"
"docs/plan/image-production/batch-01-readiness.json","7359","3ef5055129ed6292dc164a0d263ffb078eae12133585a7c167c1e5c509eb8234","True"
"docs/plan/image-production/batch-02-manifest.json","41617","fb31bd5456b87598bd1facc8ddfd40c9f4c28936ca056959e1d9a9ad2e66b48a","True"
"docs/plan/image-production/batch-02-readiness.json","7584","f4f7d69fde6b4804bda6df0c847fd0543e33986fbebc1c178d9240973c45a408","True"
"docs/plan/image-production/batch-03-manifest.json","60325","64c3bc1cd949a79ec2f1219901097caf32be52e141965b30cc8814c3be649fb0","True"
"docs/plan/image-production/batch-03-readiness.json","7810","1dc4eee40cfddded0e2afac9e26f149ea4669b9e3cae0ccd404e25dd477bfcec","True"
"docs/plan/image-production/batch-04-manifest.json","79390","f0a1b91386ad26c7790a1bc56d9e196f4aefe0c35b42785f6b506f3b6b3db481","True"
"docs/plan/image-production/batch-04-readiness.json","8035","f4f49a20e4e6f210fbeb5653c0e83e67ecbb2a7b473917eed5c4c3950f0487b5","True"
"docs/plan/image-production/batch-05-manifest.json","82501","b1b9ad159a04ee5b51a1299475c6cbb62563def86c249d26a659b31844d6a966","True"
"docs/plan/image-production/batch-05-readiness.json","8260","e8745e301ebbd5432675ec98664b6fd9eae1082523092f6fc61f30af8634d261","True"
"docs/plan/image-production/batch-06-manifest.json","71296","59d8bc594aa0b1992ab622d6a85208319afb80a83eb4b91495a71f2c53ce28b6","True"
"docs/plan/image-production/batch-06-readiness.json","8485","af9803aca2a41909c5fc126a55988b67e5927e0bc9314cc9c8e017992f6544d1","True"
"docs/plan/image-production/batch-07-manifest-corrected-draft.json","87415","3b71f8066ac76ae3877b7d2efe06e2fba76cc6f89e21f1275b7e98611ef65aa2","True"
"docs/plan/image-production/batch-07-manifest.json","83195","d95c19879dfeb1bd26599f1ab8a31a36ece567f2d4bb2698ba91d48d6f03cf2e","True"
"docs/plan/image-production/batch-07-readiness.json","8710","7bd4a8b24be7ecfacb9f488acdf42e4eb4f4665ca28c3ac8042cce9c2706d2b0","True"
"docs/plan/image-production/batch-08-manifest.json","82792","519165fcb34e37020e6e785170b6cb7d2f0986eec10e1774a33b71af71b0bbd9","True"
"docs/plan/image-production/batch-08-readiness.json","8936","14ed284dd533967ef9d7697308c9fc4e6855992ef39169eaca9c084925bacd5f","True"
"docs/plan/image-production/batch-09-manifest-draft.json","83841","ad6268b20ed30f181639d5d4806951a70818872e5ebd6fc06e0a431016ab57d8","True"
"docs/plan/image-production/batch-09-manifest.json","83813","5e51e78ff1437ea14da3cf07063fddd1e08a615ec711f3d81d811ea496801474","True"
"docs/plan/image-production/batch-09-readiness-draft.json","856","29e3f498b035021fdd4ac26ba2f182c23f3ae399a7fd5da05b63a7f5b21eee1d","True"
"docs/plan/image-production/batch-09-readiness.json","9161","1d6f0e145b02a53ff76617bc6329ca84a860af3883e2db4687a8fba648c40d7e","True"
"docs/plan/image-production/batch-10-manifest.json","62837","67c071706f0a5c998aa65a11b944c5b83dd9fac27e52cc21c03c33daea9d5b0d","True"
"docs/plan/image-production/batch-10-readiness.json","9389","ac9f11dc2d9e6549797f61c3f4359abf4edebd839beaa85fb472dd9772a369d3","True"
"docs/plan/image-production/batch-11-manifest.json","53218","2a4706fc0619b7b2b3617e5c53a4efcf39fa1f87c5fe300712aa4e59d41cbaaf","True"
"docs/plan/image-production/batch-11-readiness.json","9614","8ea5dc5fe6305ee35aadc2041f7a5a03e36408a199cc1976b521328759a0c76e","True"
"docs/plan/image-production/batch-12-manifest.json","43770","e65c2860b39acdc4f329dedd545b0884ff9703e823bfc05a41003807066727b9","True"
"docs/plan/image-production/batch-12-readiness.json","9838","bb3147aaabc5ae14fec2e466b8bb0efbf4334bc19e1bcc1ccdfd47579782061e","True"
"docs/plan/image-production/batch-13-manifest.json","41616","5a51c4d054a37685d25c91e35048bd2a2eb591c6ec7261678700667d5c93bbf7","True"
"docs/plan/image-production/batch-13-readiness.json","10077","697006e8d09cab46c88a61044901861b6d9dd27c9a4e88bdd32fc637720bf641","True"
"docs/plan/image-production/batch-14-manifest-draft.json","43415","edb75e0659dea6e253d5af56fbc65be3a3d86f8a2db2ff219494d347bb766994","True"
"docs/plan/image-production/batch-14-manifest.json","43220","b391390b7088e367b46301926d2e85cb77c14f8192d428fe2afb615bac72748d","True"
"docs/plan/image-production/batch-14-readiness-draft.json","1752","069a33e608d9058d93a7b68a75bd78c623cca5b8989185ea67509cc599627c19","True"
"docs/plan/image-production/batch-14-readiness.json","10302","457a8e370fc99e93155dad6159d6d5e5c10934bc0ea4675f273dfa8e6aa94d39","True"
"docs/plan/image-production/batch-15-manifest.json","42065","eff74fc0ab1d45d7d0a6b4d209dd040d70005b43c8420c95f949dd175dadbda9","True"
"docs/plan/image-production/batch-15-readiness.json","10527","b885b29426f21a7de1657bf24a871bb08004af5b209d8bca707ff01835dfd331","True"
"docs/plan/image-production/batch-16-manifest.json","42455","3816c7cc2b3a0c2d5744656f7ec4d0e7bc52b7d9e7dfd2c075a832f56ee8d13c","True"
"docs/plan/image-production/batch-16-readiness.json","10752","bc77cb0cf1c8d373880fba0bc5c37982e09d080909c68efe576630ddbb157530","True"
"docs/plan/image-production/batch-17-manifest.json","42294","5629db862f7fa365fa36a90dd6d4ff54d90dd11ae87313b0f342af0e8f993e88","True"
"docs/plan/image-production/batch-17-readiness.json","10977","be72b09385ead307b3e2926737778872ab05ea6226ba7cc374f14225013f8fc5","True"
"docs/plan/image-production/budget-ledger.json","18137","2f876d65349145d5607545f4370d31bc302a0b64650db24a29376c2361a61a71","True"
"docs/plan/image-production/carried-buildings.json","398","a0fdb22161fd404d5fa2cf5f914d6e9c6e235126cf13b90f154b4a426e5e546c","True"
"docs/plan/image-production/cleanup-summary.json","70808","462a520577d767c27648d115c469376cf3a6b522e250dc125911e11f3e8b5bde","False"
"docs/plan/image-production/final-native4k-manifest.json","27260","c4a3c3e2abb23bae42567bb33b94205379c38230c56129824029cd413a3d157b","False"
"docs/plan/image-production/full-purchase-inventory.json","103972","d43e5cce54cee609a791ce59e7c84240610f7f72c1e44701c04dd03ce96d6f66","True"
"docs/plan/image-production/guides/adventure-site-dwelling.png","6407","079b8af9ea45c9fe6a7edd27b4839a796da45cd5674e73bf29b8618e53aa8ac3","True"
"docs/plan/image-production/guides/adventure-site-mill.png","6407","079b8af9ea45c9fe6a7edd27b4839a796da45cd5674e73bf29b8618e53aa8ac3","True"
"docs/plan/image-production/guides/adventure-site-mine.png","6407","079b8af9ea45c9fe6a7edd27b4839a796da45cd5674e73bf29b8618e53aa8ac3","True"
"docs/plan/image-production/guides/adventure-site-ruin.png","6407","079b8af9ea45c9fe6a7edd27b4839a796da45cd5674e73bf29b8618e53aa8ac3","True"
"docs/plan/image-production/guides/adventure-site-shrine.png","6407","079b8af9ea45c9fe6a7edd27b4839a796da45cd5674e73bf29b8618e53aa8ac3","True"
"docs/plan/image-production/guides/adventure-site-town.png","6407","079b8af9ea45c9fe6a7edd27b4839a796da45cd5674e73bf29b8618e53aa8ac3","True"
"docs/plan/image-production/guides/adventure.png","19152","58dc25923ef1519a6f3cd4f119cdc3dec40f872b8ead293de62a53005deb8f95","True"
"docs/plan/image-production/guides/armory-bronze.png","6101","77dd3e26074d8c868597b158e78dfeb9a28f46903319f7b9a5d5646942ada992","True"
"docs/plan/image-production/guides/armory-future.png","6101","77dd3e26074d8c868597b158e78dfeb9a28f46903319f7b9a5d5646942ada992","True"
"docs/plan/image-production/guides/armory-gunpowder.png","6101","77dd3e26074d8c868597b158e78dfeb9a28f46903319f7b9a5d5646942ada992","True"
"docs/plan/image-production/guides/armory-industrial.png","6101","77dd3e26074d8c868597b158e78dfeb9a28f46903319f7b9a5d5646942ada992","True"
"docs/plan/image-production/guides/armory-iron.png","6101","77dd3e26074d8c868597b158e78dfeb9a28f46903319f7b9a5d5646942ada992","True"
"docs/plan/image-production/guides/armory-medieval.png","6101","77dd3e26074d8c868597b158e78dfeb9a28f46903319f7b9a5d5646942ada992","True"
"docs/plan/image-production/guides/armory-modern.png","6101","77dd3e26074d8c868597b158e78dfeb9a28f46903319f7b9a5d5646942ada992","True"
"docs/plan/image-production/guides/armory-stone.png","6101","77dd3e26074d8c868597b158e78dfeb9a28f46903319f7b9a5d5646942ada992","True"
"docs/plan/image-production/guides/attacker-bronze-archer.png","6053","fe3ef8b70ee86c88cc326777625dee1147b273ff450e7911dbee122c41431770","True"
"docs/plan/image-production/guides/attacker-bronze-brute.png","6053","fe3ef8b70ee86c88cc326777625dee1147b273ff450e7911dbee122c41431770","True"
"docs/plan/image-production/guides/attacker-bronze-runner.png","6053","fe3ef8b70ee86c88cc326777625dee1147b273ff450e7911dbee122c41431770","True"
"docs/plan/image-production/guides/attacker-bronze-sapper.png","6053","fe3ef8b70ee86c88cc326777625dee1147b273ff450e7911dbee122c41431770","True"
"docs/plan/image-production/guides/attacker-bronze-shaman.png","6053","fe3ef8b70ee86c88cc326777625dee1147b273ff450e7911dbee122c41431770","True"
"docs/plan/image-production/guides/attacker-future-archer.png","6053","fe3ef8b70ee86c88cc326777625dee1147b273ff450e7911dbee122c41431770","True"
"docs/plan/image-production/guides/attacker-future-brute.png","6053","fe3ef8b70ee86c88cc326777625dee1147b273ff450e7911dbee122c41431770","True"
"docs/plan/image-production/guides/attacker-future-runner.png","6053","fe3ef8b70ee86c88cc326777625dee1147b273ff450e7911dbee122c41431770","True"
"docs/plan/image-production/guides/attacker-future-sapper.png","6053","fe3ef8b70ee86c88cc326777625dee1147b273ff450e7911dbee122c41431770","True"
"docs/plan/image-production/guides/attacker-future-shaman.png","6053","fe3ef8b70ee86c88cc326777625dee1147b273ff450e7911dbee122c41431770","True"
"docs/plan/image-production/guides/attacker-gunpowder-archer.png","6053","fe3ef8b70ee86c88cc326777625dee1147b273ff450e7911dbee122c41431770","True"
"docs/plan/image-production/guides/attacker-gunpowder-brute.png","6053","fe3ef8b70ee86c88cc326777625dee1147b273ff450e7911dbee122c41431770","True"
"docs/plan/image-production/guides/attacker-gunpowder-runner.png","6053","fe3ef8b70ee86c88cc326777625dee1147b273ff450e7911dbee122c41431770","True"
"docs/plan/image-production/guides/attacker-gunpowder-sapper.png","6053","fe3ef8b70ee86c88cc326777625dee1147b273ff450e7911dbee122c41431770","True"
"docs/plan/image-production/guides/attacker-gunpowder-shaman.png","6053","fe3ef8b70ee86c88cc326777625dee1147b273ff450e7911dbee122c41431770","True"
"docs/plan/image-production/guides/attacker-industrial-archer.png","6053","fe3ef8b70ee86c88cc326777625dee1147b273ff450e7911dbee122c41431770","True"
"docs/plan/image-production/guides/attacker-industrial-brute.png","6053","fe3ef8b70ee86c88cc326777625dee1147b273ff450e7911dbee122c41431770","True"
"docs/plan/image-production/guides/attacker-industrial-runner.png","6053","fe3ef8b70ee86c88cc326777625dee1147b273ff450e7911dbee122c41431770","True"
"docs/plan/image-production/guides/attacker-industrial-sapper.png","6053","fe3ef8b70ee86c88cc326777625dee1147b273ff450e7911dbee122c41431770","True"
"docs/plan/image-production/guides/attacker-industrial-shaman.png","6053","fe3ef8b70ee86c88cc326777625dee1147b273ff450e7911dbee122c41431770","True"
"docs/plan/image-production/guides/attacker-iron-archer.png","6053","fe3ef8b70ee86c88cc326777625dee1147b273ff450e7911dbee122c41431770","True"
"docs/plan/image-production/guides/attacker-iron-brute.png","6053","fe3ef8b70ee86c88cc326777625dee1147b273ff450e7911dbee122c41431770","True"
"docs/plan/image-production/guides/attacker-iron-runner.png","6053","fe3ef8b70ee86c88cc326777625dee1147b273ff450e7911dbee122c41431770","True"
"docs/plan/image-production/guides/attacker-iron-sapper.png","6053","fe3ef8b70ee86c88cc326777625dee1147b273ff450e7911dbee122c41431770","True"
"docs/plan/image-production/guides/attacker-iron-shaman.png","6053","fe3ef8b70ee86c88cc326777625dee1147b273ff450e7911dbee122c41431770","True"
"docs/plan/image-production/guides/attacker-medieval-archer.png","6053","fe3ef8b70ee86c88cc326777625dee1147b273ff450e7911dbee122c41431770","True"
"docs/plan/image-production/guides/attacker-medieval-brute.png","6053","fe3ef8b70ee86c88cc326777625dee1147b273ff450e7911dbee122c41431770","True"
"docs/plan/image-production/guides/attacker-medieval-runner.png","6053","fe3ef8b70ee86c88cc326777625dee1147b273ff450e7911dbee122c41431770","True"
"docs/plan/image-production/guides/attacker-medieval-sapper.png","6053","fe3ef8b70ee86c88cc326777625dee1147b273ff450e7911dbee122c41431770","True"
"docs/plan/image-production/guides/attacker-medieval-shaman.png","6053","fe3ef8b70ee86c88cc326777625dee1147b273ff450e7911dbee122c41431770","True"
"docs/plan/image-production/guides/attacker-modern-archer.png","6053","fe3ef8b70ee86c88cc326777625dee1147b273ff450e7911dbee122c41431770","True"
"docs/plan/image-production/guides/attacker-modern-brute.png","6053","fe3ef8b70ee86c88cc326777625dee1147b273ff450e7911dbee122c41431770","True"
"docs/plan/image-production/guides/attacker-modern-runner.png","6053","fe3ef8b70ee86c88cc326777625dee1147b273ff450e7911dbee122c41431770","True"
"docs/plan/image-production/guides/attacker-modern-sapper.png","6053","fe3ef8b70ee86c88cc326777625dee1147b273ff450e7911dbee122c41431770","True"
"docs/plan/image-production/guides/attacker-modern-shaman.png","6053","fe3ef8b70ee86c88cc326777625dee1147b273ff450e7911dbee122c41431770","True"
"docs/plan/image-production/guides/attacker-stone-archer.png","6053","fe3ef8b70ee86c88cc326777625dee1147b273ff450e7911dbee122c41431770","True"
"docs/plan/image-production/guides/attacker-stone-brute.png","6053","fe3ef8b70ee86c88cc326777625dee1147b273ff450e7911dbee122c41431770","True"
"docs/plan/image-production/guides/attacker-stone-runner.png","6053","fe3ef8b70ee86c88cc326777625dee1147b273ff450e7911dbee122c41431770","True"
"docs/plan/image-production/guides/attacker-stone-sapper.png","6053","fe3ef8b70ee86c88cc326777625dee1147b273ff450e7911dbee122c41431770","True"
"docs/plan/image-production/guides/attacker-stone-shaman.png","6053","fe3ef8b70ee86c88cc326777625dee1147b273ff450e7911dbee122c41431770","True"
"docs/plan/image-production/guides/barracks-bronze.png","6101","77dd3e26074d8c868597b158e78dfeb9a28f46903319f7b9a5d5646942ada992","True"
"docs/plan/image-production/guides/barracks-future.png","6101","77dd3e26074d8c868597b158e78dfeb9a28f46903319f7b9a5d5646942ada992","True"
"docs/plan/image-production/guides/barracks-gunpowder.png","6101","77dd3e26074d8c868597b158e78dfeb9a28f46903319f7b9a5d5646942ada992","True"
"docs/plan/image-production/guides/barracks-industrial.png","6101","77dd3e26074d8c868597b158e78dfeb9a28f46903319f7b9a5d5646942ada992","True"
"docs/plan/image-production/guides/barracks-iron.png","6101","77dd3e26074d8c868597b158e78dfeb9a28f46903319f7b9a5d5646942ada992","True"
"docs/plan/image-production/guides/barracks-medieval.png","6101","77dd3e26074d8c868597b158e78dfeb9a28f46903319f7b9a5d5646942ada992","True"
"docs/plan/image-production/guides/barracks-modern.png","6101","77dd3e26074d8c868597b158e78dfeb9a28f46903319f7b9a5d5646942ada992","True"
"docs/plan/image-production/guides/barracks-stone.png","6101","77dd3e26074d8c868597b158e78dfeb9a28f46903319f7b9a5d5646942ada992","True"
"docs/plan/image-production/guides/civilian-transport-bronze.png","5480","0e963150077ac2d024631daf0df30d8b0c7efca20e58ba67282c505f03aa63b2","True"
"docs/plan/image-production/guides/civilian-transport-future.png","5480","0e963150077ac2d024631daf0df30d8b0c7efca20e58ba67282c505f03aa63b2","True"
"docs/plan/image-production/guides/civilian-transport-gunpowder.png","5480","0e963150077ac2d024631daf0df30d8b0c7efca20e58ba67282c505f03aa63b2","True"
"docs/plan/image-production/guides/civilian-transport-industrial.png","5480","0e963150077ac2d024631daf0df30d8b0c7efca20e58ba67282c505f03aa63b2","True"
"docs/plan/image-production/guides/civilian-transport-iron.png","5480","0e963150077ac2d024631daf0df30d8b0c7efca20e58ba67282c505f03aa63b2","True"
"docs/plan/image-production/guides/civilian-transport-medieval.png","5480","0e963150077ac2d024631daf0df30d8b0c7efca20e58ba67282c505f03aa63b2","True"
"docs/plan/image-production/guides/civilian-transport-modern.png","5480","0e963150077ac2d024631daf0df30d8b0c7efca20e58ba67282c505f03aa63b2","True"
"docs/plan/image-production/guides/civilian-transport-stone.png","5480","0e963150077ac2d024631daf0df30d8b0c7efca20e58ba67282c505f03aa63b2","True"
"docs/plan/image-production/guides/construction-bronze.png","5480","0e963150077ac2d024631daf0df30d8b0c7efca20e58ba67282c505f03aa63b2","True"
"docs/plan/image-production/guides/construction-future.png","5480","0e963150077ac2d024631daf0df30d8b0c7efca20e58ba67282c505f03aa63b2","True"
"docs/plan/image-production/guides/construction-gunpowder.png","5480","0e963150077ac2d024631daf0df30d8b0c7efca20e58ba67282c505f03aa63b2","True"
"docs/plan/image-production/guides/construction-industrial.png","5480","0e963150077ac2d024631daf0df30d8b0c7efca20e58ba67282c505f03aa63b2","True"
"docs/plan/image-production/guides/construction-iron.png","5480","0e963150077ac2d024631daf0df30d8b0c7efca20e58ba67282c505f03aa63b2","True"
"docs/plan/image-production/guides/construction-medieval.png","5480","0e963150077ac2d024631daf0df30d8b0c7efca20e58ba67282c505f03aa63b2","True"
"docs/plan/image-production/guides/construction-modern.png","5480","0e963150077ac2d024631daf0df30d8b0c7efca20e58ba67282c505f03aa63b2","True"
"docs/plan/image-production/guides/construction-stone.png","5480","0e963150077ac2d024631daf0df30d8b0c7efca20e58ba67282c505f03aa63b2","True"
"docs/plan/image-production/guides/creature-bandit.png","6108","d63789ca8a488e3d49fab2b63d5e96f1780a431c11b73b8dd50783f9d7442848","True"
"docs/plan/image-production/guides/creature-bear.png","6108","d63789ca8a488e3d49fab2b63d5e96f1780a431c11b73b8dd50783f9d7442848","True"
"docs/plan/image-production/guides/creature-drone.png","6108","d63789ca8a488e3d49fab2b63d5e96f1780a431c11b73b8dd50783f9d7442848","True"
"docs/plan/image-production/guides/creature-golem.png","6108","d63789ca8a488e3d49fab2b63d5e96f1780a431c11b73b8dd50783f9d7442848","True"
"docs/plan/image-production/guides/creature-griffin.png","6108","d63789ca8a488e3d49fab2b63d5e96f1780a431c11b73b8dd50783f9d7442848","True"
"docs/plan/image-production/guides/creature-harpy.png","6108","d63789ca8a488e3d49fab2b63d5e96f1780a431c11b73b8dd50783f9d7442848","True"
"docs/plan/image-production/guides/creature-wolf.png","6108","d63789ca8a488e3d49fab2b63d5e96f1780a431c11b73b8dd50783f9d7442848","True"
"docs/plan/image-production/guides/creature-wyvern.png","6108","d63789ca8a488e3d49fab2b63d5e96f1780a431c11b73b8dd50783f9d7442848","True"
"docs/plan/image-production/guides/defense.png","12446","df1c105407fa48e240137a83eaa0a5dcb5b35ca50f827309f07320fcab9368d7","True"
"docs/plan/image-production/guides/effect-arrow.png","5480","0e963150077ac2d024631daf0df30d8b0c7efca20e58ba67282c505f03aa63b2","True"
"docs/plan/image-production/guides/effect-bless.png","5480","0e963150077ac2d024631daf0df30d8b0c7efca20e58ba67282c505f03aa63b2","True"
"docs/plan/image-production/guides/effect-bolt.png","5480","0e963150077ac2d024631daf0df30d8b0c7efca20e58ba67282c505f03aa63b2","True"
"docs/plan/image-production/guides/effect-cure.png","5480","0e963150077ac2d024631daf0df30d8b0c7efca20e58ba67282c505f03aa63b2","True"
"docs/plan/image-production/guides/effect-curse.png","5480","0e963150077ac2d024631daf0df30d8b0c7efca20e58ba67282c505f03aa63b2","True"
"docs/plan/image-production/guides/effect-haste.png","5480","0e963150077ac2d024631daf0df30d8b0c7efca20e58ba67282c505f03aa63b2","True"
"docs/plan/image-production/guides/effect-impact.png","5480","0e963150077ac2d024631daf0df30d8b0c7efca20e58ba67282c505f03aa63b2","True"
"docs/plan/image-production/guides/effect-projectile.png","5480","0e963150077ac2d024631daf0df30d8b0c7efca20e58ba67282c505f03aa63b2","True"
"docs/plan/image-production/guides/effect-resurrect.png","5480","0e963150077ac2d024631daf0df30d8b0c7efca20e58ba67282c505f03aa63b2","True"
"docs/plan/image-production/guides/effect-shield.png","5480","0e963150077ac2d024631daf0df30d8b0c7efca20e58ba67282c505f03aa63b2","True"
"docs/plan/image-production/guides/farm-bronze.png","6101","77dd3e26074d8c868597b158e78dfeb9a28f46903319f7b9a5d5646942ada992","True"
"docs/plan/image-production/guides/farm-future.png","6101","77dd3e26074d8c868597b158e78dfeb9a28f46903319f7b9a5d5646942ada992","True"
"docs/plan/image-production/guides/farm-gunpowder.png","6101","77dd3e26074d8c868597b158e78dfeb9a28f46903319f7b9a5d5646942ada992","True"
"docs/plan/image-production/guides/farm-industrial.png","6101","77dd3e26074d8c868597b158e78dfeb9a28f46903319f7b9a5d5646942ada992","True"
"docs/plan/image-production/guides/farm-iron.png","6101","77dd3e26074d8c868597b158e78dfeb9a28f46903319f7b9a5d5646942ada992","True"
"docs/plan/image-production/guides/farm-medieval.png","6101","77dd3e26074d8c868597b158e78dfeb9a28f46903319f7b9a5d5646942ada992","True"
"docs/plan/image-production/guides/farm-modern.png","6101","77dd3e26074d8c868597b158e78dfeb9a28f46903319f7b9a5d5646942ada992","True"
"docs/plan/image-production/guides/farm-stone.png","6101","77dd3e26074d8c868597b158e78dfeb9a28f46903319f7b9a5d5646942ada992","True"
"docs/plan/image-production/guides/gear-stone-weapon.png","7213","2cd8c8991f45f62b867a2e50f93ac133cb19d26e50d2f3f31a53a7ba78fde90a","True"
"docs/plan/image-production/guides/hall-bronze.png","6101","77dd3e26074d8c868597b158e78dfeb9a28f46903319f7b9a5d5646942ada992","True"
"docs/plan/image-production/guides/hall-future.png","6101","77dd3e26074d8c868597b158e78dfeb9a28f46903319f7b9a5d5646942ada992","True"
"docs/plan/image-production/guides/hall-gunpowder.png","6101","77dd3e26074d8c868597b158e78dfeb9a28f46903319f7b9a5d5646942ada992","True"
"docs/plan/image-production/guides/hall-industrial.png","6101","77dd3e26074d8c868597b158e78dfeb9a28f46903319f7b9a5d5646942ada992","True"
"docs/plan/image-production/guides/hall-iron.png","6101","77dd3e26074d8c868597b158e78dfeb9a28f46903319f7b9a5d5646942ada992","True"
"docs/plan/image-production/guides/hall-medieval.png","6101","77dd3e26074d8c868597b158e78dfeb9a28f46903319f7b9a5d5646942ada992","True"
"docs/plan/image-production/guides/hall-modern.png","6101","77dd3e26074d8c868597b158e78dfeb9a28f46903319f7b9a5d5646942ada992","True"
"docs/plan/image-production/guides/hall-stone.png","6101","77dd3e26074d8c868597b158e78dfeb9a28f46903319f7b9a5d5646942ada992","True"
"docs/plan/image-production/guides/kingdom-stone-day1-composition-v4.png","43874","468ee7a897eb934d965a26a44c8644bce1c1524468802d7531c354720cd0f014","True"
"docs/plan/image-production/guides/kingdom.png","20985","a29195ac287fe6c612d0f424c20d1de2b93bbdc730265004bd0f2761bc10a3a9","True"
"docs/plan/image-production/guides/knight-mounted-master.png","6407","079b8af9ea45c9fe6a7edd27b4839a796da45cd5674e73bf29b8618e53aa8ac3","True"
"docs/plan/image-production/guides/lumber-bronze.png","6101","77dd3e26074d8c868597b158e78dfeb9a28f46903319f7b9a5d5646942ada992","True"
"docs/plan/image-production/guides/lumber-future.png","6101","77dd3e26074d8c868597b158e78dfeb9a28f46903319f7b9a5d5646942ada992","True"
"docs/plan/image-production/guides/lumber-gunpowder.png","6101","77dd3e26074d8c868597b158e78dfeb9a28f46903319f7b9a5d5646942ada992","True"
"docs/plan/image-production/guides/lumber-industrial.png","6101","77dd3e26074d8c868597b158e78dfeb9a28f46903319f7b9a5d5646942ada992","True"
"docs/plan/image-production/guides/lumber-iron.png","6101","77dd3e26074d8c868597b158e78dfeb9a28f46903319f7b9a5d5646942ada992","True"
"docs/plan/image-production/guides/lumber-medieval.png","6101","77dd3e26074d8c868597b158e78dfeb9a28f46903319f7b9a5d5646942ada992","True"
"docs/plan/image-production/guides/lumber-modern.png","6101","77dd3e26074d8c868597b158e78dfeb9a28f46903319f7b9a5d5646942ada992","True"
"docs/plan/image-production/guides/lumber-stone.png","6101","77dd3e26074d8c868597b158e78dfeb9a28f46903319f7b9a5d5646942ada992","True"
"docs/plan/image-production/guides/mine-bronze.png","6101","77dd3e26074d8c868597b158e78dfeb9a28f46903319f7b9a5d5646942ada992","True"
"docs/plan/image-production/guides/mine-future.png","6101","77dd3e26074d8c868597b158e78dfeb9a28f46903319f7b9a5d5646942ada992","True"
"docs/plan/image-production/guides/mine-gunpowder.png","6101","77dd3e26074d8c868597b158e78dfeb9a28f46903319f7b9a5d5646942ada992","True"
"docs/plan/image-production/guides/mine-industrial.png","6101","77dd3e26074d8c868597b158e78dfeb9a28f46903319f7b9a5d5646942ada992","True"
"docs/plan/image-production/guides/mine-iron.png","6101","77dd3e26074d8c868597b158e78dfeb9a28f46903319f7b9a5d5646942ada992","True"
"docs/plan/image-production/guides/mine-medieval.png","6101","77dd3e26074d8c868597b158e78dfeb9a28f46903319f7b9a5d5646942ada992","True"
"docs/plan/image-production/guides/mine-modern.png","6101","77dd3e26074d8c868597b158e78dfeb9a28f46903319f7b9a5d5646942ada992","True"
"docs/plan/image-production/guides/mine-stone.png","6101","77dd3e26074d8c868597b158e78dfeb9a28f46903319f7b9a5d5646942ada992","True"
"docs/plan/image-production/guides/mount-future.png","6018","3aa6215fadd3b7ea56d8a4b4322eecd4c9a0cf9e534ad6bb0682ec1db7b75577","True"
"docs/plan/image-production/guides/mount-horse.png","6000","0e2116841cdca512fd8a45226132aa14da8d268c379934c358ac2e28b67a7d2d","True"
"docs/plan/image-production/guides/mount-motor.png","6018","3aa6215fadd3b7ea56d8a4b4322eecd4c9a0cf9e534ad6bb0682ec1db7b75577","True"
"docs/plan/image-production/guides/quarry-bronze.png","6101","77dd3e26074d8c868597b158e78dfeb9a28f46903319f7b9a5d5646942ada992","True"
"docs/plan/image-production/guides/quarry-future.png","6101","77dd3e26074d8c868597b158e78dfeb9a28f46903319f7b9a5d5646942ada992","True"
"docs/plan/image-production/guides/quarry-gunpowder.png","6101","77dd3e26074d8c868597b158e78dfeb9a28f46903319f7b9a5d5646942ada992","True"
"docs/plan/image-production/guides/quarry-industrial.png","6101","77dd3e26074d8c868597b158e78dfeb9a28f46903319f7b9a5d5646942ada992","True"
"docs/plan/image-production/guides/quarry-iron.png","6101","77dd3e26074d8c868597b158e78dfeb9a28f46903319f7b9a5d5646942ada992","True"
"docs/plan/image-production/guides/quarry-medieval.png","6101","77dd3e26074d8c868597b158e78dfeb9a28f46903319f7b9a5d5646942ada992","True"
"docs/plan/image-production/guides/quarry-modern.png","6101","77dd3e26074d8c868597b158e78dfeb9a28f46903319f7b9a5d5646942ada992","True"
"docs/plan/image-production/guides/quarry-stone.png","6101","77dd3e26074d8c868597b158e78dfeb9a28f46903319f7b9a5d5646942ada992","True"
"docs/plan/image-production/guides/rig-barbarian.png","5480","0e963150077ac2d024631daf0df30d8b0c7efca20e58ba67282c505f03aa63b2","True"
"docs/plan/image-production/guides/rig-healer.png","5480","0e963150077ac2d024631daf0df30d8b0c7efca20e58ba67282c505f03aa63b2","True"
"docs/plan/image-production/guides/rig-knight.png","5480","0e963150077ac2d024631daf0df30d8b0c7efca20e58ba67282c505f03aa63b2","True"
"docs/plan/image-production/guides/rig-mage.png","5480","0e963150077ac2d024631daf0df30d8b0c7efca20e58ba67282c505f03aa63b2","True"
"docs/plan/image-production/guides/rig-necromancer.png","5480","0e963150077ac2d024631daf0df30d8b0c7efca20e58ba67282c505f03aa63b2","True"
"docs/plan/image-production/guides/rig-paladin.png","5480","0e963150077ac2d024631daf0df30d8b0c7efca20e58ba67282c505f03aa63b2","True"
"docs/plan/image-production/guides/rig-ranger.png","5480","0e963150077ac2d024631daf0df30d8b0c7efca20e58ba67282c505f03aa63b2","True"
"docs/plan/image-production/guides/rig-warlock.png","5480","0e963150077ac2d024631daf0df30d8b0c7efca20e58ba67282c505f03aa63b2","True"
"docs/plan/image-production/guides/site-exit.png","6101","6fdd6bd707b0280cde678e7fe2ce71d737082d1ac428b4a2c8d621f0cb3d3edb","True"
"docs/plan/image-production/guides/site-guard.png","6182","0fd6198875d0908a3822a9d7c40e09772702c63f17ee2fb29fd9eaf7356726c1","True"
"docs/plan/image-production/guides/site-human.png","6101","6fdd6bd707b0280cde678e7fe2ce71d737082d1ac428b4a2c8d621f0cb3d3edb","True"
"docs/plan/image-production/guides/site-rest.png","6119","72b5e1a428e640ee89d7399a203e94ccd1d196be0e38dc0c887a97b7d922e687","True"
"docs/plan/image-production/guides/site-rival.png","6101","6fdd6bd707b0280cde678e7fe2ce71d737082d1ac428b4a2c8d621f0cb3d3edb","True"
"docs/plan/image-production/guides/site-treasure.png","6119","72b5e1a428e640ee89d7399a203e94ccd1d196be0e38dc0c887a97b7d922e687","True"
"docs/plan/image-production/guides/skill-offense.png","5377","fb8f13c638dd42d93327caf9a39f8f25af74c212e430689f20362902514d0a24","True"
"docs/plan/image-production/guides/supporting-ui-materials.png","5480","0e963150077ac2d024631daf0df30d8b0c7efca20e58ba67282c505f03aa63b2","True"
"docs/plan/image-production/guides/tactical.png","10328","481951b447a8a5b79596703873e35ab5e2425f17807e6d6f2d06e46c9aee0210","True"
"docs/plan/image-production/guides/tower-bronze-arrow.png","6053","fe3ef8b70ee86c88cc326777625dee1147b273ff450e7911dbee122c41431770","True"
"docs/plan/image-production/guides/tower-bronze-slow.png","6053","fe3ef8b70ee86c88cc326777625dee1147b273ff450e7911dbee122c41431770","True"
"docs/plan/image-production/guides/tower-bronze-splash.png","6053","fe3ef8b70ee86c88cc326777625dee1147b273ff450e7911dbee122c41431770","True"
"docs/plan/image-production/guides/tower-bronze-support.png","6053","fe3ef8b70ee86c88cc326777625dee1147b273ff450e7911dbee122c41431770","True"
"docs/plan/image-production/guides/tower-future-arrow.png","6053","fe3ef8b70ee86c88cc326777625dee1147b273ff450e7911dbee122c41431770","True"
"docs/plan/image-production/guides/tower-future-slow.png","6053","fe3ef8b70ee86c88cc326777625dee1147b273ff450e7911dbee122c41431770","True"
"docs/plan/image-production/guides/tower-future-splash.png","6053","fe3ef8b70ee86c88cc326777625dee1147b273ff450e7911dbee122c41431770","True"
"docs/plan/image-production/guides/tower-future-support.png","6053","fe3ef8b70ee86c88cc326777625dee1147b273ff450e7911dbee122c41431770","True"
"docs/plan/image-production/guides/tower-gunpowder-arrow.png","6053","fe3ef8b70ee86c88cc326777625dee1147b273ff450e7911dbee122c41431770","True"
"docs/plan/image-production/guides/tower-gunpowder-slow.png","6053","fe3ef8b70ee86c88cc326777625dee1147b273ff450e7911dbee122c41431770","True"
"docs/plan/image-production/guides/tower-gunpowder-splash.png","6053","fe3ef8b70ee86c88cc326777625dee1147b273ff450e7911dbee122c41431770","True"
"docs/plan/image-production/guides/tower-gunpowder-support.png","6053","fe3ef8b70ee86c88cc326777625dee1147b273ff450e7911dbee122c41431770","True"
"docs/plan/image-production/guides/tower-industrial-arrow.png","6053","fe3ef8b70ee86c88cc326777625dee1147b273ff450e7911dbee122c41431770","True"
"docs/plan/image-production/guides/tower-industrial-slow.png","6053","fe3ef8b70ee86c88cc326777625dee1147b273ff450e7911dbee122c41431770","True"
"docs/plan/image-production/guides/tower-industrial-splash.png","6053","fe3ef8b70ee86c88cc326777625dee1147b273ff450e7911dbee122c41431770","True"
"docs/plan/image-production/guides/tower-industrial-support.png","6053","fe3ef8b70ee86c88cc326777625dee1147b273ff450e7911dbee122c41431770","True"
"docs/plan/image-production/guides/tower-iron-arrow.png","6053","fe3ef8b70ee86c88cc326777625dee1147b273ff450e7911dbee122c41431770","True"
"docs/plan/image-production/guides/tower-iron-slow.png","6053","fe3ef8b70ee86c88cc326777625dee1147b273ff450e7911dbee122c41431770","True"
"docs/plan/image-production/guides/tower-iron-splash.png","6053","fe3ef8b70ee86c88cc326777625dee1147b273ff450e7911dbee122c41431770","True"
"docs/plan/image-production/guides/tower-iron-support.png","6053","fe3ef8b70ee86c88cc326777625dee1147b273ff450e7911dbee122c41431770","True"
"docs/plan/image-production/guides/tower-medieval-arrow.png","6053","fe3ef8b70ee86c88cc326777625dee1147b273ff450e7911dbee122c41431770","True"
"docs/plan/image-production/guides/tower-medieval-slow.png","6053","fe3ef8b70ee86c88cc326777625dee1147b273ff450e7911dbee122c41431770","True"
"docs/plan/image-production/guides/tower-medieval-splash.png","6053","fe3ef8b70ee86c88cc326777625dee1147b273ff450e7911dbee122c41431770","True"
"docs/plan/image-production/guides/tower-medieval-support.png","6053","fe3ef8b70ee86c88cc326777625dee1147b273ff450e7911dbee122c41431770","True"
"docs/plan/image-production/guides/tower-modern-arrow.png","6053","fe3ef8b70ee86c88cc326777625dee1147b273ff450e7911dbee122c41431770","True"
"docs/plan/image-production/guides/tower-modern-slow.png","6053","fe3ef8b70ee86c88cc326777625dee1147b273ff450e7911dbee122c41431770","True"
"docs/plan/image-production/guides/tower-modern-splash.png","6053","fe3ef8b70ee86c88cc326777625dee1147b273ff450e7911dbee122c41431770","True"
"docs/plan/image-production/guides/tower-modern-support.png","6053","fe3ef8b70ee86c88cc326777625dee1147b273ff450e7911dbee122c41431770","True"
"docs/plan/image-production/guides/tower-stone-arrow.png","6053","fe3ef8b70ee86c88cc326777625dee1147b273ff450e7911dbee122c41431770","True"
"docs/plan/image-production/guides/tower-stone-slow.png","6053","fe3ef8b70ee86c88cc326777625dee1147b273ff450e7911dbee122c41431770","True"
"docs/plan/image-production/guides/tower-stone-splash.png","6053","fe3ef8b70ee86c88cc326777625dee1147b273ff450e7911dbee122c41431770","True"
"docs/plan/image-production/guides/tower-stone-support.png","6053","fe3ef8b70ee86c88cc326777625dee1147b273ff450e7911dbee122c41431770","True"
"docs/plan/image-production/guides/townhall-bronze.png","6013","805f8f633ee3ad7b5d321b6fc9f97f2582116a3d0d4bb367e413d28cb93825fa","True"
"docs/plan/image-production/guides/townhall-future.png","6013","805f8f633ee3ad7b5d321b6fc9f97f2582116a3d0d4bb367e413d28cb93825fa","True"
"docs/plan/image-production/guides/townhall-gunpowder.png","6013","805f8f633ee3ad7b5d321b6fc9f97f2582116a3d0d4bb367e413d28cb93825fa","True"
"docs/plan/image-production/guides/townhall-industrial.png","6013","805f8f633ee3ad7b5d321b6fc9f97f2582116a3d0d4bb367e413d28cb93825fa","True"
"docs/plan/image-production/guides/townhall-iron.png","6013","805f8f633ee3ad7b5d321b6fc9f97f2582116a3d0d4bb367e413d28cb93825fa","True"
"docs/plan/image-production/guides/townhall-medieval.png","6013","805f8f633ee3ad7b5d321b6fc9f97f2582116a3d0d4bb367e413d28cb93825fa","True"
"docs/plan/image-production/guides/townhall-modern.png","6013","805f8f633ee3ad7b5d321b6fc9f97f2582116a3d0d4bb367e413d28cb93825fa","True"
"docs/plan/image-production/guides/townhall-stone.png","5908","4efcbc5afe1d092318aa7e71e08457ed3577fc5dab177f61399a31f412da72c3","True"
"docs/plan/image-production/guides/troop-bronze-heavy.png","6108","d63789ca8a488e3d49fab2b63d5e96f1780a431c11b73b8dd50783f9d7442848","True"
"docs/plan/image-production/guides/troop-bronze-melee.png","6108","d63789ca8a488e3d49fab2b63d5e96f1780a431c11b73b8dd50783f9d7442848","True"
"docs/plan/image-production/guides/troop-bronze-ranged.png","6108","d63789ca8a488e3d49fab2b63d5e96f1780a431c11b73b8dd50783f9d7442848","True"
"docs/plan/image-production/guides/troop-future-heavy.png","6108","d63789ca8a488e3d49fab2b63d5e96f1780a431c11b73b8dd50783f9d7442848","True"
"docs/plan/image-production/guides/troop-future-melee.png","6108","d63789ca8a488e3d49fab2b63d5e96f1780a431c11b73b8dd50783f9d7442848","True"
"docs/plan/image-production/guides/troop-future-ranged.png","6108","d63789ca8a488e3d49fab2b63d5e96f1780a431c11b73b8dd50783f9d7442848","True"
"docs/plan/image-production/guides/troop-gunpowder-heavy.png","6108","d63789ca8a488e3d49fab2b63d5e96f1780a431c11b73b8dd50783f9d7442848","True"
"docs/plan/image-production/guides/troop-gunpowder-melee.png","6108","d63789ca8a488e3d49fab2b63d5e96f1780a431c11b73b8dd50783f9d7442848","True"
"docs/plan/image-production/guides/troop-gunpowder-ranged.png","6108","d63789ca8a488e3d49fab2b63d5e96f1780a431c11b73b8dd50783f9d7442848","True"
"docs/plan/image-production/guides/troop-industrial-heavy.png","6108","d63789ca8a488e3d49fab2b63d5e96f1780a431c11b73b8dd50783f9d7442848","True"
"docs/plan/image-production/guides/troop-industrial-melee.png","6108","d63789ca8a488e3d49fab2b63d5e96f1780a431c11b73b8dd50783f9d7442848","True"
"docs/plan/image-production/guides/troop-industrial-ranged.png","6108","d63789ca8a488e3d49fab2b63d5e96f1780a431c11b73b8dd50783f9d7442848","True"
"docs/plan/image-production/guides/troop-iron-heavy.png","6108","d63789ca8a488e3d49fab2b63d5e96f1780a431c11b73b8dd50783f9d7442848","True"
"docs/plan/image-production/guides/troop-iron-melee.png","6108","d63789ca8a488e3d49fab2b63d5e96f1780a431c11b73b8dd50783f9d7442848","True"
"docs/plan/image-production/guides/troop-iron-ranged.png","6108","d63789ca8a488e3d49fab2b63d5e96f1780a431c11b73b8dd50783f9d7442848","True"
"docs/plan/image-production/guides/troop-medieval-heavy.png","6108","d63789ca8a488e3d49fab2b63d5e96f1780a431c11b73b8dd50783f9d7442848","True"
"docs/plan/image-production/guides/troop-medieval-melee.png","6108","d63789ca8a488e3d49fab2b63d5e96f1780a431c11b73b8dd50783f9d7442848","True"
"docs/plan/image-production/guides/troop-medieval-ranged.png","6108","d63789ca8a488e3d49fab2b63d5e96f1780a431c11b73b8dd50783f9d7442848","True"
"docs/plan/image-production/guides/troop-modern-heavy.png","6108","d63789ca8a488e3d49fab2b63d5e96f1780a431c11b73b8dd50783f9d7442848","True"
"docs/plan/image-production/guides/troop-modern-melee.png","6108","d63789ca8a488e3d49fab2b63d5e96f1780a431c11b73b8dd50783f9d7442848","True"
"docs/plan/image-production/guides/troop-modern-ranged.png","6108","d63789ca8a488e3d49fab2b63d5e96f1780a431c11b73b8dd50783f9d7442848","True"
"docs/plan/image-production/guides/troop-stone-heavy.png","6108","d63789ca8a488e3d49fab2b63d5e96f1780a431c11b73b8dd50783f9d7442848","True"
"docs/plan/image-production/guides/troop-stone-melee.png","6108","d63789ca8a488e3d49fab2b63d5e96f1780a431c11b73b8dd50783f9d7442848","True"
"docs/plan/image-production/guides/troop-stone-ranged.png","6108","d63789ca8a488e3d49fab2b63d5e96f1780a431c11b73b8dd50783f9d7442848","True"
"docs/plan/image-production/guides/walls-bronze.png","5785","ec8329e320f800df351dada6d4f0cce4f0fceb0a10ae1ce80043df0f3abc6126","True"
"docs/plan/image-production/guides/walls-future.png","5785","ec8329e320f800df351dada6d4f0cce4f0fceb0a10ae1ce80043df0f3abc6126","True"
"docs/plan/image-production/guides/walls-gunpowder.png","5785","ec8329e320f800df351dada6d4f0cce4f0fceb0a10ae1ce80043df0f3abc6126","True"
"docs/plan/image-production/guides/walls-industrial.png","5785","ec8329e320f800df351dada6d4f0cce4f0fceb0a10ae1ce80043df0f3abc6126","True"
"docs/plan/image-production/guides/walls-iron.png","5785","ec8329e320f800df351dada6d4f0cce4f0fceb0a10ae1ce80043df0f3abc6126","True"
"docs/plan/image-production/guides/walls-medieval.png","5785","ec8329e320f800df351dada6d4f0cce4f0fceb0a10ae1ce80043df0f3abc6126","True"
"docs/plan/image-production/guides/walls-modern.png","5785","ec8329e320f800df351dada6d4f0cce4f0fceb0a10ae1ce80043df0f3abc6126","True"
"docs/plan/image-production/guides/walls-stone.png","5785","ec8329e320f800df351dada6d4f0cce4f0fceb0a10ae1ce80043df0f3abc6126","True"
"docs/plan/image-production/guides/workshop-bronze.png","6101","77dd3e26074d8c868597b158e78dfeb9a28f46903319f7b9a5d5646942ada992","True"
"docs/plan/image-production/guides/workshop-future.png","6101","77dd3e26074d8c868597b158e78dfeb9a28f46903319f7b9a5d5646942ada992","True"
"docs/plan/image-production/guides/workshop-gunpowder.png","6101","77dd3e26074d8c868597b158e78dfeb9a28f46903319f7b9a5d5646942ada992","True"
"docs/plan/image-production/guides/workshop-industrial.png","6101","77dd3e26074d8c868597b158e78dfeb9a28f46903319f7b9a5d5646942ada992","True"
"docs/plan/image-production/guides/workshop-iron.png","6101","77dd3e26074d8c868597b158e78dfeb9a28f46903319f7b9a5d5646942ada992","True"
"docs/plan/image-production/guides/workshop-medieval.png","6101","77dd3e26074d8c868597b158e78dfeb9a28f46903319f7b9a5d5646942ada992","True"
"docs/plan/image-production/guides/workshop-modern.png","6101","77dd3e26074d8c868597b158e78dfeb9a28f46903319f7b9a5d5646942ada992","True"
"docs/plan/image-production/guides/workshop-stone.png","6101","77dd3e26074d8c868597b158e78dfeb9a28f46903319f7b9a5d5646942ada992","True"
"docs/plan/image-production/guides/world-props-bronze.png","5480","0e963150077ac2d024631daf0df30d8b0c7efca20e58ba67282c505f03aa63b2","True"
"docs/plan/image-production/guides/world-props-future.png","5480","0e963150077ac2d024631daf0df30d8b0c7efca20e58ba67282c505f03aa63b2","True"
"docs/plan/image-production/guides/world-props-gunpowder.png","5480","0e963150077ac2d024631daf0df30d8b0c7efca20e58ba67282c505f03aa63b2","True"
"docs/plan/image-production/guides/world-props-industrial.png","5480","0e963150077ac2d024631daf0df30d8b0c7efca20e58ba67282c505f03aa63b2","True"
"docs/plan/image-production/guides/world-props-iron.png","5480","0e963150077ac2d024631daf0df30d8b0c7efca20e58ba67282c505f03aa63b2","True"
"docs/plan/image-production/guides/world-props-medieval.png","5480","0e963150077ac2d024631daf0df30d8b0c7efca20e58ba67282c505f03aa63b2","True"
"docs/plan/image-production/guides/world-props-modern.png","5480","0e963150077ac2d024631daf0df30d8b0c7efca20e58ba67282c505f03aa63b2","True"
"docs/plan/image-production/guides/world-props-stone.png","5480","0e963150077ac2d024631daf0df30d8b0c7efca20e58ba67282c505f03aa63b2","True"
"docs/plan/image-production/historical-snapshots/805f8f633ee3ad7b5d321b6fc9f97f2582116a3d0d4bb367e413d28cb93825fa.png","6013","805f8f633ee3ad7b5d321b6fc9f97f2582116a3d0d4bb367e413d28cb93825fa","True"
"docs/plan/image-production/historical-snapshots/resolver.json","928","40e784c9d61fac5a33fd2d7d72d955cc99df28a99fce2c41124ba1cb3dc2ffb4","True"
"docs/plan/image-production/IDENTITY-GAP-LEDGER-20261003.json","3606","313578c6d527a92b08a436a8cf9926041221fedf924008a4f50348ef0bb918bb","True"
"docs/plan/image-production/IDENTITY-GAP-LEDGER-20261003.md","1918","f328dc249e23d846cca50e5deac4cf64116f798f122951f5b258b3c9268c82c7","True"
"docs/plan/image-production/interactive-2k-later73-journal.json","85253","01c21654ed7c4fb3c5ec8ffc690d15c8cbeff868824d3bb2d64d60bcc96f54f1","False"
"docs/plan/image-production/later73-code-ai-handoff.json","62120","d90b2d8a285d315ba6ac6a683e029bfbf9940a99bb422de4d8b0452c25c53d70","False"
"docs/plan/image-production/native4k-first32-delivery-manifest.json","187520","37fe3d6dc6667b4507a42c804802dc4cc8483afbcf85739c9e0079f8a236d0a2","False"
"docs/plan/image-production/next-batch-deferred.json","1530","5cc293f2b31c320743c8427be4921970c6b85aac715297a90e9b0cbec2a958bc","True"
"docs/plan/image-production/pacing_state.json","429","03830e0a31ba4f21aa54857c177b9850806d05587547984e676119fb44f8278f","False"
"docs/plan/image-production/promotion-and-cleanup-journal.json","15366","68d0445abff3d798abf54cae9832b55e666407d1006e5866d62f24d9809aa5dd","False"
"docs/plan/image-production/reconciled-accounting-ledger.json","1678","f893d035a4a2a488f0c90b1c0859ef219afebcd0096c14d3f6ea545e4994ccd7","False"
"docs/plan/image-production/RECOVERY-SOURCE-REGISTRY-20261003.json","73718","e86a7fe88b3db4f1945a72a740dc0b26be44a5c075c5408387d6d8f549725c36","True"
"docs/plan/image-production/submission.mutex.json","237","16f18be54ee3be74596e195646de4346514a61ff1f46eea8b2ad846187b9ed04","False"
"docs/plan/image-production/UNIFIED-ACCOUNTING-RECONCILIATION-2026-10-04.json","4419","e41c2dc29836af12e2837cfc9e2c6e9513c88fa890af4e561e7ab4bd45531765","False"
"docs/plan/image-production/VERIFIER-REVIEW-20261003.json","163220","7c23d97fab546e2c2ccc1a8ace9b65d0a6b70cce04eae29c51de556c5d765638","True"
"docs/plan/IMAGE-ROLE-DISPOSITIONS-V3-2026-10-04.json","107965","e0bdb1c0c352e6a26d6f6dbb97a3c6b81ad4c7b433318cdae5bdb7d235b1d87a","False"
"docs/plan/IMAGE-V2-INDEPENDENT-REVERIFICATION-2026-10-04.md","13072","515329e3c3a0547c0f163ba07ec47a1e7652fe5aabe16408b60c990307ed78d9","False"
"docs/plan/IMAGE-V4-LOCAL-REPAIR-HANDOFF-2026-10-04.md","6562","3967ee1a20dc383dc0f910fb874906c01be6f8b44e69f9b640b11edd3215039b","False"
"docs/plan/IMPLEMENTATION-CONTRACT.json","23160","43553411b583a6df5fdcf620d2b3efecd82a0cd6f783895165a5910e577b0fcd","True"
"docs/plan/INSTALLATION-TRANSFER.md","12260","183c4dbc9afe52f46219141d14541170d7f6188544434590ec30af1394231371","True"
"docs/plan/INSTALLED-ENVIRONMENT.md","10344","1d2dd34ec33a7aeb0707255e0858677c32093d3c510290f2e67460802a22bc03","True"
"docs/plan/INTERACTIVE-HIGH-RES-QUEUE-2026-10-03.json","86679","1cb9faf5306736122eefb34cbe049cfca048d690b112502f5e2a5b7d77636087","True"
"docs/plan/INTERACTIVE-IMAGE-AI-PROMPT-2026-10-03.txt","13916","4391625859ccc6f6893a93b021fb2c50ed14f9068851382c43977a6b73702e05","True"
"docs/plan/INTERACTIVE-IMAGE-AI-START-GENERATION-PROMPT-2026-10-03.txt","21737","a417c5c99a4992b29fd12c62ea3df9ac7a0f54e8230f7883f74a5789bc9a7346","True"
"docs/plan/KINGDOM-8-LOCAL-PREP-GENERATION-PROMPT-2026-10-04.txt","17639","e62b554530edb3846a0a899705331c469f275da90b288fb7bdc449b9c1295740","False"
"docs/plan/KINGDOM-CANDIDATE-PLANNER-AUDIT-2026-10-03.md","13298","a3f539c765e3a1159964eaae62d08afa6f508a3b55e287b8a16d64dce3bc278f","True"
"docs/plan/KINGDOM-IMAGE-PROGRESS-VERIFICATION-2026-10-04.md","12216","b8a90b5c5b64edf2d291ae4db44345333d78ea4a4002d7c5cb68c11e244b1ab3","False"
"docs/plan/KINGDOM-REPAIR-CONSTRAINTS-2026-10-04.json","12372","d276af52d06c2253a45399eedd0ee099e078dc906c698911d10cf1afb94c31ed","False"
"docs/plan/KINGDOM-REPAIR-CONSTRAINTS-2026-10-04.md","5600","81fcbc6db81fdf03b7ed383b6cd43890d5406d8e339b35177f897363b475f533","False"
"docs/plan/KINGDOM-SCENE-CORRECTION-STATUS-2026-10-03.md","12602","c4e351b8c0f66fedeebb4649b44d7cdf4909684ba13bff2e1459bc5f46edff29","True"
"docs/plan/KINGDOM-SCENE-NEXT-BATCH-HANDOFF-2026-10-03.md","8709","716a1c893d39299feefd3345bc008c12923966d26d6d3233b2b054c610675f1c","True"
"docs/plan/KINGDOM-SCENE-PROPOSAL-V1-2026-10-04.json","11788","e340879153f496ac201a4aca51406aa965ac4b0788bd9cb53cae11824f6e5966","False"
"docs/plan/KINGDOM-TERRAIN-SURVEY-V3-2026-10-04.json","357011","8f4a0733107495e5b4110c17598278c28298ce9c008d9fea91f74ccd76af61f5","False"
"docs/plan/LANDSCAPE-MOCK-BATCH-30.json","84199","66aedeb1d05e0c965e1a8fd4359ed17b0585b6873e15e13851dddd8a7461b9d9","True"
"docs/plan/LANDSCAPE-ORIGINAL-MOCK-PLAN-2026-10-03.md","17074","16dff552cb0bbeffa3e33fb2507fd275b3ee5f98b1e3755167ae5131deaedd18","True"
"docs/plan/MAP-SPACE-BLUEPRINT-2026-10-03.md","18550","e24c0adc0d17e6a25c860a59adf50b6ec17fba374aecd30c81d4ce28f5c452d7","True"
"docs/plan/MASTER-PLAN.md","69699","f18980880212c8061179cbe2b1fc893a24d6592e9f1958c3db5df4f90ecbe6c8","True"
"docs/plan/MOCK-FIDELITY-AUDIT.md","18604","4de64f5a8f40e0a8549dfee8654194a42f30469f9264e0b806daec83fc96bc0c","True"
"docs/plan/NEXT-AI-PROMPT.md","10514","36d229180f6a2e40c6e07835b824e222285cdc36bbe53bb704924da60c711852","True"
"docs/plan/NPM-COMMAND-DIAGNOSIS-2026-10-04.md","5548","9a853b12cfa9762c3114c604ef4c0ccd2eea6bdcc1b538640c9f76822972d0d4","False"
"docs/plan/PLAYABLE-GAME-READINESS-OWNER-REJECTION-2026-10-04.md","9744","b0da2cf8fe399a2cafb61e74769ca5c125d3cfe35e67f79f863c8189d993b0b7","False"
"docs/plan/public-art-inventory.json","411346","90e22cc8e7232e0a9da64437619615c1b5175b49ba14e813fead1ef9a956aa7e","True"
"docs/plan/raw-inventory.json","158261","8e358d067faeb42253b458ae41e2791355f1ad1b1ed8bd6a0c68047b0fd1bd43","True"
"docs/plan/README.md","33958","752b1a0ce0a14eb35daa280b2d002349b9bd999f2e88e14b38d8d1fec30aea9c","True"
"docs/plan/RECOVERY-AI-NEXT-PROMPT-2026-10-03.txt","7782","078e132be98ccc56c6f16469b2774c5c6e84744905e48c57f8c5531276e62392","True"
"docs/plan/RECOVERY-DELIVERY-INDEPENDENT-AUDIT-2026-10-03.md","17402","69858ddad3a857e225158cbe3f923d34101773c9dedb6a62a5ec3f070c0b4bf3","True"
"docs/plan/RECOVERY-V3-PLANNER-AUDIT-2026-10-03.md","21667","a7d6420e3fbfdaac7e2cc08330f0f305fa70d53855896a2e13b7b182a8df41ab","True"
"docs/plan/REFERENCE-DIRECTION-2026-10-03.md","8092","b7e3b94142972a696bdd80ec2c5f0820615078465366321f400f1cdb40623b1a","True"
"docs/plan/references/owner-additions-2026-10-02/56c4947b88a7e300458b45f8-1.webp","118344","f168b2e785781322a95258447c7405591dc29a1e5059f46d117c564579ca33d2","True"
"docs/plan/references/owner-additions-2026-10-02/5e83227346177c16c343c9b5.avif","45619","d2579b6a2c03075266fe9dc86a9d0886458e74b62c802f0bef98843a0dabdca3","True"
"docs/plan/references/owner-additions-2026-10-02/image_27abdc40 (1).jpg","903606","206d0423238fbab1048f10ecfcd7fc7b08476e136ae48e57cf45900254fbb75f","True"
"docs/plan/references/owner-additions-2026-10-02/image_27abdc40.jpg","903606","206d0423238fbab1048f10ecfcd7fc7b08476e136ae48e57cf45900254fbb75f","True"
"docs/plan/references/owner-additions-2026-10-02/image_3a075f90.jpg","1052513","55ec26c047fe9ce7810496b470eccf359d87a0b4376ca0b9b64ff9b581ad0aac","True"
"docs/plan/references/owner-additions-2026-10-02/image_4eb3e86f.jpg","979847","e87a012b183a99c38380f19d6b4ffb34e2edb7cded0cad507adce10c4ba7c4b0","True"
"docs/plan/references/owner-additions-2026-10-02/image_4f5e15d7.jpg","993318","56db5c1042525e37148353c3ad95578455fcb976692e2b108f027060f205bfa9","True"
"docs/plan/references/owner-additions-2026-10-02/index.json","2777","8f96c89ad318e86c2e31e09868e52bd9c685de660eda4f2788f8ef2107b3235e","True"
"docs/plan/references/owner-additions-2026-10-02/REVIEW-NOTES.md","5519","2053c7755c2c98dfc4eb6344daf005a6aa066acb8214bf5d2f99b4e00ef5ec21","True"
"docs/plan/references/visual-targets/00_title_splash_screen.jpg","768875","11e81af16d9eadbd388065ebe269942e60379d59adf66e2bf09bce4e60dbd030","True"
"docs/plan/references/visual-targets/01_stone_age_kingdom.jpg","1026879","60544cc8ca7da3626190d198f6172f6528856f65e0bfbf461e8ac7a9849c00b6","True"
"docs/plan/references/visual-targets/02_bronze_age_kingdom.jpg","1055611","2771552c85531171aff76a4c7b461015522cf618fb97bca7c9ef6b7026c8324e","True"
"docs/plan/references/visual-targets/03_medieval_age_kingdom_reference.jpg","297641","3ec610d7734ea509a606a02884189365bb5409bfe39e297f4d1c99136bcb4090","True"
"docs/plan/references/visual-targets/04_gunpowder_age_kingdom.jpg","1046901","8df60fc41e6d63e2161ffb7f77babd935bcf39c6d20646e6c77c394092b14cb3","True"
"docs/plan/references/visual-targets/05_industrial_age_kingdom.jpg","1004704","22171eb4be3bfb63c63953535a0a6c4730c17c6480c6d8910c79bb8b68083a28","True"
"docs/plan/references/visual-targets/06_modern_age_kingdom.jpg","1030978","36c83d076e0ee421d53bfb46d72518223dc3a0b664b92c59798d2ff0ffb53106","True"
"docs/plan/references/visual-targets/07_hero_character_screen.jpg","770862","d829ad45e8204f3ab94ad3a5aee2b0d5737f120452181f1fd5ec59b167753b61","True"
"docs/plan/references/visual-targets/08_equipment_forge_screen.jpg","872261","20762b0ab9e7a9d324895c2bd8caa4872ba79a75a1d9fa2812062b857b887266","True"
"docs/plan/references/visual-targets/11_tower_defense_screen.jpg","947003","4849259a3d13e35f1d8a15be4177969279bbd6c1912d9a71794d6b7d365a84ae","True"
"docs/plan/references/visual-targets/13_army_roster_screen.jpg","334782","3b941e0e94b456c024bc37d3a528025735885e3f14dde392c49c0699f451d093","True"
"docs/plan/references/visual-targets/14_settings_more_screen.jpg","305979","c15b7441948eab8147ee35b5c463fc48b41bdb2ae859ad9163b20bc38947b2cc","True"
"docs/plan/references/visual-targets/15_starter_kingdom_day1.jpg","480790","c0febf5d62a36ac630956787a7eead05ad49e030029430bc2091ea3c3de27de7","True"
"docs/plan/references/visual-targets/image_1a731519.jpg","1150674","ae93eae8b294b734fb6d3a29aea1a63d45498b5781dbcd9ef7533e64a67ea08a","True"
"docs/plan/references/visual-targets/image_447bd8ac.jpg","1104855","9c5383719ec8311bebaba70294f9f697aa4e303d7d59c9e8ef6ce9da5a396d70","True"
"docs/plan/references/visual-targets/image_49c5727f.jpg","995897","27a91c9c6d4a120f5272857c8dd7aa34655f4f3ea85694a3664037a37dfc08d5","True"
"docs/plan/references/visual-targets/image_d2571c4b.jpg","1086290","b75ed3e3bf7b2d85f3c5074df5fd1ad908084536b55d36d4c214fa0a8adbd00f","True"
"docs/plan/references/visual-targets/image_d33c02c.jpg","1076660","e358838d52ee7e88723afb54aba37ae1094a4a5434b0d81f6220a86f9ef692a5","True"
"docs/plan/references/visual-targets/image_f1fc2a4d.jpg","1088805","7ffb4bb3810a4850540bb1b27af4fd792e91cdbfcc2ff34f84ac24d57409fed3","True"
"docs/plan/references/visual-targets/index.json","5310","17ad77e31fd65d78096afbc2e5afa0f43dcf6cb6816b8b3d36efcc9e1b2ea058","True"
"docs/plan/references/visual-targets/README.md","982","c9a4c29e0f157bd4d52a498d86f0bf54d6d6416fcf4c2892797fc067cbe5fda3","True"
"docs/plan/REPLACEMENT-CODE-AI-PROMPT-2026-10-03.txt","16479","f49d436936840d3868620c2fb166dd0d63de133283a80281f77ba29642d5fdd1","True"
"docs/plan/REPLACEMENT-DRAFT-THREE-ROLES-2026-10-04.json","7139","aada5eb8a207d461223a97a4e35fac4642c19e7cd8bbe18d6948c67b44afd1cc","False"
"docs/plan/REPLACEMENT-DRAFT-THREE-ROLES-V6-CLARIFICATION-2026-10-04.json","3535","d9564c16c84cb68e230ddbe39d919a1036fa498377643b19085ecac4371864e0","False"
"docs/plan/REQUIREMENTS-MATRIX-2026-10-04.md","6906","ff5781d8765da279a4ab3ae1da92e2e19a6cb602382e2f2c383159a736aa37d1","False"
"docs/plan/REQUIREMENTS-MATRIX-CANONICAL-2026-10-04.md","6737","1b08bd450f52f10299755d3111650b876bcd1984805ef6792ca7431bfa43e231","False"
"docs/plan/REQUIREMENTS-TRACEABILITY.md","14259","8fbd30496966b4d20cdcb1668f712b3095fcf9899bd9b73dfb600684a75a409d","True"
"docs/plan/REVIEW-AND-STATUS.md","18080","db04f765de9d523c74bda5feb0fc7b18cdaa624faee23697478e7811636025fd","True"
"docs/plan/review/all-19-user-references.jpg","847780","88b2cb7c8a5add704f293ca6f8b7ad2d4241fd782b486859a4b379bb19cbef74","True"
"docs/plan/review/candidate-1.jpg","157413","a31c6f66bce203936d5dcd08adba1ffebce1e94ec10dae63267042ec106c9626","True"
"docs/plan/review/candidate-2.jpg","114745","2da5538d838ab6a68faa3af4cf00d87032d82d6ec7223c73669a2ae23d63a3c0","True"
"docs/plan/review/candidate-3.jpg","158388","ee34d8923b82d9e7d1f788f27c824bb7d4962c78fc6ef3e1fe8d0eb5dba22a5e","True"
"docs/plan/review/cross-age-and-raw-categories.jpg","245679","8def4d6d419e4d896b3706cc4cbef7a493e842767076cdce33c5fce11e48fb8b","True"
"docs/plan/review/raw-other-ages-1.jpg","449129","5aea85102143b98c32eab8dd6400af4f078dafa9503740ccb7dc82c1cf8a9830","True"
"docs/plan/review/raw-other-ages-2.jpg","378332","5957420ec68b088cf95340f476e84e259ba21e1ba5bb61ab4626e3f78654c242","True"
"docs/plan/review/raw-pano-1.jpg","421233","cc8a738c809393c00dac23de31ad746ccd9c50492287f469eeb33e0d9ca4dc5d","True"
"docs/plan/review/raw-pano-2.jpg","223075","6652ba45364e24f8204cbbbbbe959afa05d00c8e38aff5b960573cfbaca419e3","True"
"docs/plan/review/raw-terrain-1.jpg","327523","b9a5dfa12a740f0908249f54b0c393207e83d96a84963df8d78b6ef828f8e27a","True"
"docs/plan/review/raw-terrain-2.jpg","181176","b9561895dd2aa9f9812027dc49e94d292da78fe5192eba8a6026a86c1c2ab660","True"
"docs/plan/reviewed-art-ledger.json","49883","b0af35e7e48d8178f320ecbbe0aad2508c428d7b55d72dd26d0c5273cf3c34be","True"
"docs/plan/ROTATION-AND-MOCK-COMPARISON-2026-10-03.md","9030","daf10653dbea79096d90f67ea823605536e945fbd3597178944c64d5fca85488","True"
"docs/plan/SOURCE-EQUATIONS-ADDENDUM-2026-10-03.md","18208","8e2806545d48b5d8887929902afbb4cc87f2a2dffd70dc78434511bb7526b711","True"
"docs/plan/STORAGE-CLEANUP-REPORT-2026-10-03.json","52027","e6c312b41be0b8555f1e3053290c864026f9f4a69e59b6e465ff0102c94f9f0e","True"
"docs/plan/VERTEX-MOCK-READINESS-2026-10-03.json","2173","7279c2a8e39f39014fb594e5a0cacb70f069a5fbc78099f4e550a91a180b8a42","True"
"docs/plan/VISUAL-DESIGN.md","49247","d34b77ff65c0cf1a25fb2ec35fc602183be492a39fcf0528bf3e9bd13081d172","True"
"docs/plan/VISUAL-REPAIR-NEXT-PHASE-2026-10-04.md","7692","8d6e32f9a4e20df9746e864bb273e0c863fa6d7c397171c9128ae07dff06873b","False"
"docs/plan/WHOLE-IMPLEMENTATION-PLANNER-AUDIT-2026-10-03.md","17505","cfaae723a66fa755129bd3ea3a581c266a71bb5e519e77b2ff77d2249b7c3e72","True"
"docs/plan/WHOLE-PLAN-INDEPENDENT-AUDIT-2026-10-04.md","21607","d362d2d813be4e5e8741733db9461f2724a3fb99c554f5657afcc34e97d16fcd","False"
"docs/PLANNER-VERIFIER-HANDOFF.md","42386","03c180e13c746a0ccb233b219882a9182d20e605220ea1bba3fedcac8742f9c7","True"
"docs/SESSION-HANDOFF.md","107516","a995585ee042a9f301773d7fcc26ee031d459f646b931b7e837268caec7ba2cf","True"
"docs/storage-cleanup/after-2026-10-04.json","1480","0e3520b3842910da633460f01b452a5ab9b965d8463ff22f1c7d8081f1ef9953","True"
"docs/storage-cleanup/android-intermediate-removal-2026-10-04.csv","229461","1bdfdc1b9997b8c298c8d304869dea30b7ec6f4193e97cce228fb844bc5605ff","True"
"docs/storage-cleanup/archive-raw-responses.py","16150","f53fc933078f4c415a7a885887a7a0c6742c93a11e9ab76a3573879409cd2805","True"
"docs/storage-cleanup/before-2026-10-04.json","72331","a8008f48714001aa950a9d0c6e80dc4d05e4afa821da01b204a368b2626609bc","True"
"docs/storage-cleanup/cache-removal-plan-2026-10-04.csv","1485","085c11a24537a158ad5bf4bb561cbe7e60a979544be638ddf1de70d0f671e6d2","True"
"docs/storage-cleanup/deduplicate-2k.ps1","2259","794a6914f2ba5930d3546f9e5e533a09f057608b4d8aa36b9acfce1e53b8d5a8","True"
"docs/storage-cleanup/deduplication-journal-2026-10-04.jsonl","30416","fc9ce3001644383e3bd34de86743a27a28b168cc1b1bb2eebfa38345331a5392","True"
"docs/storage-cleanup/git-integrity-after-2026-10-04.txt","0","e3b0c44298fc1c149afbf4c8996fb92427ae41e4649b934ca495991b7852b855","True"
"docs/storage-cleanup/git-object-retirement-plan-2026-10-04.csv","290803","542e74ca082a255b2a57b237bea7db0493c7f35f114848fc0b90fa1a94edd273","True"
"docs/storage-cleanup/git-prune-cutoff-2026-10-04.txt","12","fa5cbada35fb2cee4bdc98956c8110d68cba903959aa3f0ceef4edd41057fd3c","True"
"docs/storage-cleanup/git-prune-dry-run-2026-10-04.txt","76292","666d5d6f61baca2fc633546037149fea252f497a108361de0a27d93128cba40b","True"
"docs/storage-cleanup/git-unreachable-2026-10-04.txt","94656","d2f551aef44ee6d40d3296f9c68f01237f98e15e54468b287ca0f20b88727f06","True"
"docs/storage-cleanup/ntfs-compression-2026-10-04.csv","43727","0d6c2129b7d9b0f38e47c41fba99037e402946419257dbd022acb25fdfc5d91c","True"
"docs/storage-cleanup/qa-before-2026-10-04.json","72","c4b0b8fc0c9ddf90edd3843334397cce77f75614b40d171f4fbb1f156b25a1a9","False"
"docs/storage-cleanup/QA-CLEANUP-2026-10-04.md","3852","3fee5b561a67057348057fe94ae92217cd485e350a53f5ff4ae57438fd8c111c","False"
"docs/storage-cleanup/qa-helpers-before-2026-10-04.csv","17071","edb379fda64954cf778f51030eb169191418d847777d49f5fb665e22f2f85b18","False"
"docs/storage-cleanup/qa-preservation-check-2026-10-04.json","4614","7de2b9fb3423de3b8dd8c9b547e6539a55fa7e4f8e7bc79a77969f56644f5bd0","False"
"docs/storage-cleanup/qa-retirement-journal-2026-10-04.jsonl","2283","d6a7db6681c83bc08bc5a0d497770c2540ccaa70edd7e22320514a4abaf71f6c","False"
"docs/storage-cleanup/qa-retirement-plan-2026-10-04.json","497114","955cf9562492dfd28934ab17c5ae0c28d54f8fc664adc519fa1de65a44a9bdc9","False"
"docs/storage-cleanup/qa-retirement-result-2026-10-04.json","360","86cc0a96561becfc3c6627f56c054b767c79971c1d93ead79c5c166ecc23f881","False"
"docs/storage-cleanup/README.md","6295","973cb37ec0567fa515441c5d6e75fb9b1ab6ef3d3806086621e2a5889c193506","True"
"docs/storage-cleanup/restore-qa.ps1","1712","4c5c0cba84e7c052340d87796a750ef585b460509186a31e8615bb0f92c670bf","False"
"docs/storage-cleanup/retire-qa.ps1","7923","08762f6ca695946402d57898343275fef4c3b242e0d6098ffd7180b4aff8bbc9","False"
"docs/storage-cleanup/retired-object-archive-sha256.json","197","64958c11558e7ae9a21d6299f77e22acd0f5c54f5937de8fcdfe29f2df1b1b11","True"
"docs/storage-cleanup/untracking-preservation-2026-10-04.csv","22032","8b5bfbc23a7fe91998004a7c62914a15bf0aa9a8fb4b8d837aeae93c6a0a98e6","True"
"docs/storage-cleanup/verified-duplicates-2026-10-04.csv","20242","a2394e3ca5cc1480ba33110dfb053631bf30d045f84711ccc50f74e8f107c884","True"
"index.html","1502","945fd6293434cddee16686c56e48af5f51e0366346a57b76534dfb0885cbd806","True"
"NEXT-CHAT-MAP-PLACEMENT.md","3706","d750c8523cf46629ddc0d4fcd0b4a8580acd1968c7463cd9217d9d809216d601","True"
"package-lock.json","25449","8b11856bae4e11f04c3df6399e70ebfd579f35fe59015c923f48036014d66e10","False"
"package.json","484","6027d74afa8a33f46c297ae9f6dc2ae3275832102958b521f3471ba3e9e5b909","True"
"qa/all-32-native4k-completion-report.json","19048","2e46bffd10db5968d1423bdb522ab54515513e75fbfcfc4ce685ddefe4384fc0","False"
"qa/asset-audit-20261003/01-actor.jpg","42276","2a45346e908aa8c9430dc0c9aa5cea080f85507929ceb01ca791a44fb8a3f369","False"
"qa/asset-audit-20261003/01-adventure-terrain.jpg","65710","4c5028f6e8c1f490f541d1a7b03ff61da21d4ed3a92030b2428e168cab284429","False"
"qa/asset-audit-20261003/01-building.jpg","333156","550a98e74f379edd167ebacf02e15106fe8c943b41d660c9bfec7b60fd141ebb","False"
"qa/asset-audit-20261003/01-defense-terrain.jpg","63184","ea5f6961800b9e56ff8cd685275ee356fed2cc35d29713bf0ce9c3afc0c775f1","False"
"qa/asset-audit-20261003/01-kingdom-terrain-iron-registration.png","2282962","6cae2055992af9105a0b4f3362d466a3626f795f00da9bca8261a528787b57fe","False"
"qa/asset-audit-20261003/01-kingdom-terrain.jpg","501397","1f6ca88f2a966330edca6cd5e8d12bc0d923836571439d5f1f4de6eb97939095","False"
"qa/asset-audit-20261003/01-resource.jpg","146171","cbbb9ab66d2d0255f25f301f9dd8d0d55cf379d5de2867f932e98990a1b2dfce","False"
"qa/asset-audit-20261003/01-site.jpg","261518","911f9e60b6228959ff532e0d3c801e7fd617a947c8e59c786a48b666039a3ec9","False"
"qa/asset-audit-20261003/01-tactical-terrain-registration.png","2228528","f308772bd17e9eb26f769e42945323ee44db506d2d67bd30781c212e6533f1f2","False"
"qa/asset-audit-20261003/01-tactical-terrain.jpg","69434","6b093f04792267ced96b2ebd5bdfde59d5ae7113b893bd1a532ada27d8887b0d","False"
"qa/asset-audit-20261003/02-gear.jpg","209429","f3c30b57e02ca56ee7ef5ba53ffb4797e2ab3b143a2df56394cc07f5052f4152","False"
"qa/asset-audit-20261003/02-portrait.jpg","278023","3bb4fc62acc31fadb600d1f7fc15b79c2bc9f1face37232821f204a7dcc5e9e2","False"
"qa/asset-audit-20261003/02-skill.jpg","248293","93949b0d4956ece75f474b72b45941dcc516e272abd6d8f7822f5521ad21a9e7","False"
"qa/asset-audit-20261003/02-spell.jpg","248232","bdb12604ac9118c8c047e2d7b37aa0cbc2a3603460ca80bf453666fcbdc1c9b8","False"
"qa/asset-audit-20261003/03-adventure-terrain-plains-registration.png","2098059","dba395259530ed235c0e99fec74185482813757aeb34f3e5ac32526fce08a100","False"
"qa/asset-audit-20261003/03-adventure-terrain.jpg","419485","775b1ac692c78d2c97f3473effaed1424bc5e5084ac2c803a248d266778cee0f","False"
"qa/asset-audit-20261003/03-defense-terrain-plains-registration.png","2005767","20897f295cd4c73e056a08b6d84c607ceacdd1451d22c23a534e0d579935a077","False"
"qa/asset-audit-20261003/03-defense-terrain.jpg","422512","6c2c458fd4f8ad2d971fe60b60837b2637368425c99b46329c0de07324a2f39e","False"
"qa/asset-audit-20261003/03-kingdom-terrain-stone-registration.png","2047610","7b1918fa0a28bfba2090442626e8cf304d110c335811e2c92809a38424fad19b","False"
"qa/asset-audit-20261003/03-kingdom-terrain.jpg","117308","1264fea7b48d396da8bac8ed4ffd4d3962ea88ff8026b00c9e3577c3b7636d93","False"
"qa/asset-audit-20261003/03-objects.jpg","337571","8c6fbc826e86d7b4ae1f85c7c6a8b2bc6aa71276f3be4a7e25ee370f9bfe33b0","False"
"qa/asset-audit-20261003/03-tactical-terrain.jpg","421146","023f411cc94044563554a3c0dff0ce77885126dd4c95b3d6a0d36a559623bccc","False"
"qa/asset-audit-20261003/approved-direction.jpg","540173","600635d89ee5b2cadd9e31a73b4977ba839caa35d5aec922b440cc0e6bd7d61e","False"
"qa/asset-audit-20261003/association-check.json","17506","b240bdbea29426b36bd01945fb8bd0e3ba996ac26a6fbfa3dd7f0ec07515f689","True"
"qa/asset-audit-20261003/diagnostics.py","3601","dfb935ebc3f59cfcc721632edeba5e942476df1ab736226f754a811481892e0b","True"
"qa/asset-audit-20261003/handoff-update.json","942","35d05da44c979b9d7feda0d49b01de079c917ba17cf43ad4f05622b3b04482de","True"
"qa/asset-audit-20261003/inspect.py","4340","94b16c45e8cb8b161b69dc46d69771e063b37db7b94d1509032f100b1f8e6c89","True"
"qa/asset-audit-20261003/local-snapshot.json","97682","b80d108fb4c3147c61b3a4c889835b350707418c955edf457bf8415f2d12d2b1","True"
"qa/asset-audit-20261003/record_review.py","26842","6ab5fe1fe01adec4b4d6756ae6f094aad3162c9754c1e942d7c5cd2015e37198","True"
"qa/asset-audit-20261003/recovery-examples.jpg","128426","5b3e860f3c266cc6929cb06d6ed297433859c0561aa97c125e040118cd2e73bf","False"
"qa/asset-audit-20261003/registration-pairs.jpg","803544","0893662d2bf852db0226d888033564344e848e444f3ea650bc2a4bd6d0202eb6","False"
"qa/asset-audit-20261003/validate.py","4348","6ba2f5602848668fcadc9bbe00e97ad0b0068979487582226daed4ad3d8417b8","True"
"qa/asset-audit-20261003/validation.json","2795","781732fbbfe8b6edbfecef3e1085475e81ee81268265b4b733f61872baf9507b","True"
"qa/benchmark/kingdom-registration.svg","2294","025feb6a08baf0b9fc3c63241b1e09e607c28d740bdedc17203af6c1ee41cbb6","True"
"qa/benchmark/render-check.json","176","d905f68a426002ccd47471c6d16fc83aa99d7292a7fe436ba7f2b373f11483b9","True"
"qa/benchmark/report-before-dynamic-discovery-20261003.json","276750","5e503c39c1527efa40992cc33a58933fb5c0f14372e1a0e85b7bbadd6ab15612","True"
"qa/benchmark/report-before-post-candidate-20261003.json","431746","2dd2807c20bdbbf74afc9ab57282dbc9f2ccaf306cfd8823eaf7829c45978f95","True"
"qa/benchmark/report-before-recovery-correction-20261003.json","103200","97a94b7f8b214fab6a52b3254a8d79c9291ca8bb2f39e932b61ca06d19edf944","True"
"qa/benchmark/REPORT-before-recovery-correction-20261003.md","23316","f9998d4e53b9643dbd9def1edd8289cf705a4b88626007e3db2cc995aef3a1df","True"
"qa/benchmark/report.json","554937","77d4e6596de24e2df2e6c1d6dec2b501e4a3edc7bcdb76e8068e3983e23fff9a","True"
"qa/benchmark/REPORT.md","93959","4f6cb7dcc08ae78311074812efdce4632ff06bc7a8df66627b94b3586321e2cc","True"
"qa/both-ai-plan-audit-20261004/accounting.json","2881","804e50ef3cc0678d03c3bd928a6d8d2c5f98ba1ff6bb9641f49af8f16048c568","False"
"qa/both-ai-plan-audit-20261004/actors-1.jpg","272971","3801dba47bdce314e416a1be3860098018466194da8653c5e10f14c7b3a58432","False"
"qa/both-ai-plan-audit-20261004/actors-2.jpg","131652","f3d033ed6a4f832d74270341a843ab6d88cca97484a84494f576b08e21e3f145","False"
"qa/both-ai-plan-audit-20261004/adventure.jpg","49320","6ce39ba93944a7c267726a4bc60694a4348cd0ec627159e6828432f6430d2233","False"
"qa/both-ai-plan-audit-20261004/apk-static.json","50751","136848683a1ff94c663d4da64d23903666e830ca72df2d802a6b7ee8982a61f8","False"
"qa/both-ai-plan-audit-20261004/barracks-phone-dom.txt","2001","6d1b97a2fbe566427b27e21161549b09d5a9a220191fd2396fe4710b566ede59","False"
"qa/both-ai-plan-audit-20261004/barracks-phone-result.jpg","54824","0053bde2f51b1c78c29155540d4e5cedb41b8705e46aa81952a906aef8a80899","False"
"qa/both-ai-plan-audit-20261004/challenge-active.jpg","50156","4e2a730a4d05f622f72bba192feab1151e0fd0a8db3eab133ab229157c80bae1","False"
"qa/both-ai-plan-audit-20261004/challenge-outcome.jpg","43824","05837c7d82eea08c4cc68363bc8719250d371f044d3f413f93ee39bc283ff809","False"
"qa/both-ai-plan-audit-20261004/challenge-setup.jpg","38204","d5490a708b88918977bd5cf3d406dea2643454f97f5ddd5e786d609ff07c58a7","False"
"qa/both-ai-plan-audit-20261004/changed-since-code-audit.json","97478","9b95236915b7864aa52479d8fd929a649f80f778fea861a19fba0922a4ee7c21","False"
"qa/both-ai-plan-audit-20261004/control-probes.json","1237","d5abb40f9bc2ed8ebdd3c1c4eec893aca76fa89e585245a8a55bdedac4ef677c","False"
"qa/both-ai-plan-audit-20261004/control-probes.py","3517","cf3a5b98b2aee105fdb1f56458c96b57a010fff10a995f821073b6e3f419e532","True"
"qa/both-ai-plan-audit-20261004/dead-unknown-mutex.json","76","f4c0e599d72a7c2a77f1913f28ece5a991b73a3f32199a601ea7a7efc240972c","False"
"qa/both-ai-plan-audit-20261004/deep-checks-output.txt","3218","d40c2957e2141ddcad155ee6d1b2e034e1721bbebf20839d9b09c7bd9baae64c","False"
"qa/both-ai-plan-audit-20261004/deep-checks.py","4512","0225b358cc18eaf53148be6e5b1d6690ccaf7bf54bd3d40693e24396fcf60036","True"
"qa/both-ai-plan-audit-20261004/defense-phone-dom.txt","898","4a0011b844aadaf6032e21912409f2aa94e5193ffd28fc7bd97b79f5ccdd9328","False"
"qa/both-ai-plan-audit-20261004/defense-phone.jpg","25336","7cb239f44a1e8d54d0d8c48fc66dacc6f28b8b28eabfedd81a595955640d0277","False"
"qa/both-ai-plan-audit-20261004/delayed-race-mutex.json","178","de4aa462482f3258eb6982304f5cec242abf48c122a89299b3e954b22150afe0","False"
"qa/both-ai-plan-audit-20261004/delivery-bindings.json","22975","873a343320648c1f087a64242c9a9f76d357743cfb7fe374876e0dbf1f5da419","False"
"qa/both-ai-plan-audit-20261004/delivery-details.json","40640","56d2474a1322bee2942db2d19deb2357f8201f7004e0bfa8d577b329a213142b","False"
"qa/both-ai-plan-audit-20261004/derivatives.json","69594","d13d0a78d8e583896d8dfa520feb59bdd4f9baf95f7aafdfb3feb412ecefe0d1","False"
"qa/both-ai-plan-audit-20261004/documents-read-complete.json","40429","96e1157e66c700c321c1fe3acb1809122b5eedfa2a55b54815320356ce5709bf","False"
"qa/both-ai-plan-audit-20261004/documents-read.json","30579","2e0c96371ddf5bca79a5dde68af9e0f041ca512d4862619610c0817dd7af503c","False"
"qa/both-ai-plan-audit-20261004/git-storage.json","242","5c5f497e05b79ac9690cab9260a93f229b6299fe95f7cfca227530e75647e5fd","False"
"qa/both-ai-plan-audit-20261004/hero-knight.jpg","27315","0aea98123eeca4f293c902c5e87163a41c706b8a390d14ef032bbb3776a870d7","False"
"qa/both-ai-plan-audit-20261004/hero-mage.jpg","41982","e819482c9b535ce4fd4b33b1234ea08b034a7b0cec0379ac59e44928c222c8ab","False"
"qa/both-ai-plan-audit-20261004/hero-phone.jpg","23418","bd2c5d893e5768a8e91abc12e4bc0d45ab3547aff6e8e10f34c9d478ed14551a","False"
"qa/both-ai-plan-audit-20261004/hero-walk-after.json","1458","06f6bd9d0561a2e56d198d519b23d9bb0f031cdc23dbcffa2eecec19c0fe8f7e","False"
"qa/both-ai-plan-audit-20261004/hero-walk-before.json","713","f2963baef110f012d85e5c9d5c452690f5e90543aa598ee99813be59d515f041","False"
"qa/both-ai-plan-audit-20261004/history-pack/request_body.json","12","ccf50d673254cd845431efc8a04821578425f1109a3ca25231b4c1091f63e383","False"
"qa/both-ai-plan-audit-20261004/history-pack/write_ahead_request.json","592","af285e64a48c2c30f4d2a10f9b09921d4c06d98a52fb94d657ffce3ed060aa23","False"
"qa/both-ai-plan-audit-20261004/history-pack/write_ahead_subattempt_1.json","592","af285e64a48c2c30f4d2a10f9b09921d4c06d98a52fb94d657ffce3ed060aa23","False"
"qa/both-ai-plan-audit-20261004/inspect.py","8211","4c0ecced4bdcf662a7b50acefba4d503b8fac404438319741ea609366a3f3848","True"
"qa/both-ai-plan-audit-20261004/kingdom-method.json","704","4446a8207d50790cdeaa756806cde1bbb148f76147850a8a6369bb1bdc54ec43","False"
"qa/both-ai-plan-audit-20261004/kingdom-phone-dom.txt","2348","d9864d0027f6b0ae80df21dcf943d4fb24511ba772db39316a6ba7ace2f3a6c9","False"
"qa/both-ai-plan-audit-20261004/kingdom-phone.jpg","54146","b0a11921a2473293b15b457ede41c81c9382467214ac3e0441df9cfca3ee98d9","False"
"qa/both-ai-plan-audit-20261004/mounts-1.jpg","89769","0305ec08ad0f224153c27c54d3fa6e3ed8e4ad4c895b3e9e870b41068d4c7061","False"
"qa/both-ai-plan-audit-20261004/native73-preservation.json","17206","30f9e9a93050dec5b15388cf1f28281a19fddf3cf20a830fe8c8ce60b3496cd1","False"
"qa/both-ai-plan-audit-20261004/natural-journey-output.txt","5453","dbf9aabc305ca113b250eb90b5c0e640213f48adc4762cd832dc260a4c2b36f7","False"
"qa/both-ai-plan-audit-20261004/natural-journey.json","5452","48558e9169549a818a8d835d7a913e0644fc0a03f024d4f765db2941ed0d1445","False"
"qa/both-ai-plan-audit-20261004/natural-journey.mjs","4252","831b782337565e6dcc2c393337df638f028f8f28af6d05d5011d9e3cfa63fa23","True"
"qa/both-ai-plan-audit-20261004/original-manifest-bindings.json","2","4f53cda18c2baa0c0354bb5f9a3ecbe5ed12ab4d8e11ba873c2f11161202b945","False"
"qa/both-ai-plan-audit-20261004/originals.json","81335","896218b31a6595611a3493958f713e3fc6416965ea8963158b90ffd68d347383","False"
"qa/both-ai-plan-audit-20261004/phone-control-bounds.json","4513","863970ae22964db3261175e48cfea30556e8511afa8170658f90e54a6980e691","False"
"qa/both-ai-plan-audit-20261004/plan-extracts.txt","27736","023ebb5bba8289e8c8ad05dc27377e53a21d3dff9453c9cfa9878492bfa63845","False"
"qa/both-ai-plan-audit-20261004/portraits-1.jpg","552397","4dc2163e3d9326168cfd2f39b07876e75d4f590d6f9080d512767358c7313568","False"
"qa/both-ai-plan-audit-20261004/portraits-2.jpg","484916","00a0dd95067befba3633954334299eed90cbeac1c8c49141c6129f157f8e3b58","False"
"qa/both-ai-plan-audit-20261004/portraits-3.jpg","410978","70a6cc69dba1152c25ae3d26a7f4d48bacaada6d4757270767dbc88be6a355ed","False"
"qa/both-ai-plan-audit-20261004/protected-closing.json","430221","03ce1b4eb180902a067af1d356d02f8eea8dc9396f96684ec6c1935197e94972","False"
"qa/both-ai-plan-audit-20261004/protected-start.json","296790","084a243aace0804fac993addaafcf1bcfb5e4c6a6ae6f884b284ecefd1a60478","False"
"qa/both-ai-plan-audit-20261004/publication.json","9055","acf84260daa898d782c6d72cf0b95f99925117abdc11e7d00ad85dedd37631aa","False"
"qa/both-ai-plan-audit-20261004/publish.py","6200","b996bd454a50b26b32f49c8374041447bbadb01342932ba0443c1b5b83375c9c","True"
"qa/both-ai-plan-audit-20261004/reuse-pack/output.png","16913","56891a2aac3412918891d0e9067cfc7cc39e9ead6cf5f5619d2e25a52063052b","False"
"qa/both-ai-plan-audit-20261004/reuse-pack/response.json","2","44136fa355b3678a1146ad16f7e8649e94fb4fc21fe77e8310c060f61caaff8a","False"
"qa/both-ai-plan-audit-20261004/reuse-pack/write_ahead_request.json","65","807e102ed275b16799907b394998384d0129effc839e3329a453f8876ae9bea9","False"
"qa/both-ai-plan-audit-20261004/rigs-1.jpg","253888","8e2d8efca098e41e70b2a4aa88c9cebd1fd7d0d86508f9fcfd39bdf9c11b6d9c","False"
"qa/both-ai-plan-audit-20261004/rigs-10.jpg","175690","de435cd17f7731f9fec1ec591c7e5371e3e6040eff49ae7ee26b27a06344c964","False"
"qa/both-ai-plan-audit-20261004/rigs-11.jpg","15058","961580457f22fb904210bf4e82cdc33639f8ccd0e11e1143934d2bed2a2df299","False"
"qa/both-ai-plan-audit-20261004/rigs-2.jpg","171655","a0e75b353cf9f6a7bec2dcb69b6c29d257a75fb19e788f9efe8aea256346775c","False"
"qa/both-ai-plan-audit-20261004/rigs-3.jpg","260002","8eb5b70f20683531d4e41c98b732a2d51f82ca4772e082fbbc93cd79494479ee","False"
"qa/both-ai-plan-audit-20261004/rigs-4.jpg","281692","7e1d85700106dafd1e14e45bbbc4ff8fe6fa6978d5d39f2530f23d8cb5bcbe84","False"
"qa/both-ai-plan-audit-20261004/rigs-5.jpg","221766","481733231061dc6ff20dc30feecf44c4a22db3c759e187e64508bbab573159de","False"
"qa/both-ai-plan-audit-20261004/rigs-6.jpg","198828","09a2bd8f150da8325ac578945bcef6d7c6538ebf322d548233b8b39fa827fe0c","False"
"qa/both-ai-plan-audit-20261004/rigs-7.jpg","228132","845b9b98e3a56b4b165ed534077a8ceb1f681ef5d7e357c0f86a609bc42f8851","False"
"qa/both-ai-plan-audit-20261004/rigs-8.jpg","173441","97221641159e81c93963cd5b64e208682ba1c481c377001d9fa7ac5aefda6746","False"
"qa/both-ai-plan-audit-20261004/rigs-9.jpg","137808","428659343d6759f1ab915565cbb2e81c73c22a6d7ccbdec45bd2ae6b9407c6b8","False"
"qa/both-ai-plan-audit-20261004/substitutions-1.jpg","35136","954dbd9738d5560fc2f177a24ef6d404faa31decc7323eaa07ae3c63dd87384e","False"
"qa/both-ai-plan-audit-20261004/tests-summary.json","237","863c8de1d54dd5c764a57b6236f4e4b5d5ede24de0a68d3a19bb96f0d540dd58","False"
"qa/both-ai-plan-audit-20261004/unknown-release-mutex.json","282","56f5ab7ec12b49a4bed6bf4bacab39467d96a3e195cd9f26b64ae517befd34ae","False"
"qa/both-ai-plan-audit-20261004/unknown-release-pack/write_ahead_request.json","63","b0540f6cfd3184e6fbf3069ea64c90515befac7e27f291bd835b7276337b1307","False"
"qa/both-ai-v3-independent-20261004/accounting-checks.json","183","ec53660f37c6fd2e447b5396cb3d7e01ae98b856751b993ed33f72e7277aac79","False"
"qa/both-ai-v3-independent-20261004/actors-v3-overview.png","1703375","6a13ed6e198185f62bbd61e43d91d930ee1696fe4af9f86b859f0536d979d9d2","False"
"qa/both-ai-v3-independent-20261004/audit.py","10613","1c379e7dc14ca6f0bfc50e73cba5553ef40afe3418b28ff736777123e280f9a0","True"
"qa/both-ai-v3-independent-20261004/binding-checks.json","109605","edd05a6710d475a7bff11b83b63073b544322243af791f749cf8155b2872d550","False"
"qa/both-ai-v3-independent-20261004/browser-extra-1180x820-hero-panel.png","298673","93a3a98ae97389050ddc6d4b1d5cc18b9f8e37efdbd0d499dfb1e9d5928706a9","False"
"qa/both-ai-v3-independent-20261004/browser-extra-1180x820-kingdom-panel.png","1272643","66c48d784602aafa1c2739055ecb0613e25dc56b07ebcaa44fb1f701d54e00aa","False"
"qa/both-ai-v3-independent-20261004/browser-extra-1280x720-hero-panel.png","304562","3c76b87557a621079323617054de8cc5e9f092fbebbca8600ce43ebf0fc0e99b","False"
"qa/both-ai-v3-independent-20261004/browser-extra-1280x720-kingdom-panel.png","1251201","356eb2bb39b0342decb89104877775034755256ec56a0535967405c2fd6a1dcc","False"
"qa/both-ai-v3-independent-20261004/browser-extra-825x375-hero-panel.png","97884","89736246a3ecf167b24deed13440795ae1b25797abd13d17eff30ac01360e386","False"
"qa/both-ai-v3-independent-20261004/browser-extra-825x375-kingdom-panel.png","285657","c7c2609a1c6f73e0ca403a6d6b66ea6b7002cf7e08698e594d6c73ef105eb503","False"
"qa/both-ai-v3-independent-20261004/browser-extra-933x424-hero-panel.png","132364","7576ce71162732f12b28c6ae8af2c90ccfbb44d27d6bfc162f23201ade0389db","False"
"qa/both-ai-v3-independent-20261004/browser-extra-933x424-kingdom-panel.png","379640","5289a8eda7f0238b8bed2642913211294ede25fce0d1809393aeb2c47c90fbd8","False"
"qa/both-ai-v3-independent-20261004/browser-extra-results.json","22033","f3d29f4d3144045bce3b1f98ad1dc571eef23e9456c4d88958b03e73e71b0c70","False"
"qa/both-ai-v3-independent-20261004/browser-extra.log","2070","4ed77ab8880a872dff91b8d38b7e437dd33f91a071785d2dd31f3520ac4e8486","False"
"qa/both-ai-v3-independent-20261004/browser-extra.mjs","3125","114c81f1e0c23da553425e1283c397dc68e5253b61da7a984543a9228c89f825","True"
"qa/both-ai-v3-independent-20261004/browser-reproduction.log","121","8762c129423e3520eb0095f2cca8a0f55d61f4a7a74512a94e4176db9e987c6e","False"
"qa/both-ai-v3-independent-20261004/browser/1180x820-adventure-travel.png","89337","c39afed456f15592d7902dda7cbdb2172b9a9ab068ef5660ddeb070b782337c8","False"
"qa/both-ai-v3-independent-20261004/browser/1180x820-hero-mage-walk.png","381400","b0e5ff404044df8bec2cb950460ace1ac10009890fa408e91f7efd89b5fb9d5e","False"
"qa/both-ai-v3-independent-20261004/browser/1180x820-home.png","381625","6a92f54a0e7982f174485c5d05dff9f4a651d657a1a6988d6cfca0ffbed5c030","False"
"qa/both-ai-v3-independent-20261004/browser/1180x820-kingdom-day1.png","1592901","a87fc1b39d5b937e1ed617828dc0b0597806ac4429453932c3887cd8f4caf74a","False"
"qa/both-ai-v3-independent-20261004/browser/1280x720-adventure-travel.png","84137","d9cabce898632f004a5884a32e135f17b05239f2514328c6c3a1bc8b3a433f61","False"
"qa/both-ai-v3-independent-20261004/browser/1280x720-army.png","18749","4353d8a37e6581a3d6beaa7961a608ed98d48b0ab7db459efeffe6fa949f1175","False"
"qa/both-ai-v3-independent-20261004/browser/1280x720-defense-siege.png","37984","7be87917f301fd22aa1267fc46dad06385bbcb10077975590c407125792ff94e","False"
"qa/both-ai-v3-independent-20261004/browser/1280x720-defense.png","29382","2ff73a8a072cf598565c2204fdac8dfe1ca1c1d2428dd58c3abdd2aa25dbd7c2","False"
"qa/both-ai-v3-independent-20261004/browser/1280x720-forge.png","11287","9ab93865edb525e7d20cfc55ef11df01bea8243fd80a176ad4a86889e569127f","False"
"qa/both-ai-v3-independent-20261004/browser/1280x720-help.png","8817","66627e90e2c88ba175fc2ec9384e3175d50ef14a00cdfd999c530a145027b2fe","False"
"qa/both-ai-v3-independent-20261004/browser/1280x720-hero-mage-walk.png","387241","43bbd15a48301f1f5a5a0017221a68b3c93ce0d5692bd5fda7564b2fbdf1d07b","False"
"qa/both-ai-v3-independent-20261004/browser/1280x720-hero-walk-frame-0.png","387360","85403497dc75451e7cc15bccbbdb584b668650f4c47261b2be8a1308f5e7a1cc","False"
"qa/both-ai-v3-independent-20261004/browser/1280x720-hero-walk-frame-1.png","387706","92abff21b4d82108e77d3d50ae90ac2c2a38b50cd599fa803288331150267502","False"
"qa/both-ai-v3-independent-20261004/browser/1280x720-hero-walk-frame-2.png","387492","40b92fbc9f8692a57a80979f951e1d54d1898ba4d42ea70ca810f9aa341f1ae5","False"
"qa/both-ai-v3-independent-20261004/browser/1280x720-hero-walk-frame-3.png","387323","0741c61b7d5b2c543744d6581d42f2354741537d5d0948003fc98f6ece97417c","False"
"qa/both-ai-v3-independent-20261004/browser/1280x720-home.png","387492","14e69072e30201f26118873f7dc92892eb63360b6690ba62ce107939828c4f0b","False"
"qa/both-ai-v3-independent-20261004/browser/1280x720-kingdom-day1.png","1233400","d27d3552776a32565a89c3c55a7563d0eb8536edbca6dfa5e7fa4723d4d5855b","False"
"qa/both-ai-v3-independent-20261004/browser/1280x720-market.png","8898","fa2b5fe2c41b6a1a1fd788050eed5a1192710b002e86439cce037ccbe2b39574","False"
"qa/both-ai-v3-independent-20261004/browser/1280x720-settings.png","8919","ef14eb3961374c3a32c7b33393078ad0b9a464dcebf69a881ac553286c3736c2","False"
"qa/both-ai-v3-independent-20261004/browser/1280x720-story.png","8905","0b4a1476643329fb751f63c20db301fe5828fa394d137acc42223dda33f45be6","False"
"qa/both-ai-v3-independent-20261004/browser/1280x720-tactical.png","78872","c3be7752a238f8ed3ceb05790cd6c0254c24737817d6693d97052cbf9629ed46","False"
"qa/both-ai-v3-independent-20261004/browser/1280x720-travel-frame-0.png","84057","d8521414dff429922d30611d04578ac381b2a13c5b552a32d7b26c778901143f","False"
"qa/both-ai-v3-independent-20261004/browser/1280x720-travel-frame-1.png","84651","21dfa2e030e4002157405a04218760cb44f6758b8766869c4a5e1a2187414b2a","False"
"qa/both-ai-v3-independent-20261004/browser/1280x720-travel-frame-2.png","83657","2022ab292a743f131bcc2d6073c828f046bc41fe9255c6f3a1c8ac84c27e8bdd","False"
"qa/both-ai-v3-independent-20261004/browser/1280x720-travel-frame-3.png","83657","2022ab292a743f131bcc2d6073c828f046bc41fe9255c6f3a1c8ac84c27e8bdd","False"
"qa/both-ai-v3-independent-20261004/browser/1280x720-war.png","16442","fde932e3ba3541ccecdeddb605373635f6571aa155b0defea5302b973e8f5fad","False"
"qa/both-ai-v3-independent-20261004/browser/825x375-adventure-travel.png","52360","d61f3a6a02910384a5abc0c0a1280296fe5e97230c0cbabbbbbc1b28b97ab4df","False"
"qa/both-ai-v3-independent-20261004/browser/825x375-hero-mage-walk.png","102617","a536f743236c301f83d122f0738b7e67e2facbe194c383dfc015564947d88bba","False"
"qa/both-ai-v3-independent-20261004/browser/825x375-home.png","102666","fca29a8095c5bb78d77df6ca7a0c427aeae0d25f5bc2889103189c74d229be5e","False"
"qa/both-ai-v3-independent-20261004/browser/825x375-kingdom-day1.png","331349","ff644b46ae61f7738a7d41866c0f0433b91873d8a61fefc8cb54726a2925617a","False"
"qa/both-ai-v3-independent-20261004/browser/933x424-adventure-travel.png","60730","9f31d9fbccb38bf43d036cee920063daf43434d7bd54a1b5782319948527402a","False"
"qa/both-ai-v3-independent-20261004/browser/933x424-hero-mage-walk.png","144904","bc783ca64b2a316114bc96fabdf1adb81e4895cf76895f9e34fd540a0d2f5596","False"
"qa/both-ai-v3-independent-20261004/browser/933x424-home.png","145223","5f996f33a5543bbad212a9ab059385cb6d1e5a224714e5445fd24179d2f5a81c","False"
"qa/both-ai-v3-independent-20261004/browser/933x424-kingdom-day1.png","498798","482d9e411cc88030bfee0b2a04fd350cd70e708edc93dec1ade9fa5551efb53d","False"
"qa/both-ai-v3-independent-20261004/browser/evidence.json","32249","ffe6e0c8a0c01cfcac87145ef25bde483effe755b95fa40a6ec1037276897ed3","False"
"qa/both-ai-v3-independent-20261004/capture-reproduction.mjs","10230","a28b1bb54b5a8962e09d0b4c628395dee0e983b2965266cd21bd0e38179f5c68","True"
"qa/both-ai-v3-independent-20261004/controls-extra.py","3821","078fd2eb022080abb800f5c5562a22cb077cca6d52cc2932e91346cb2ccbfaa7","True"
"qa/both-ai-v3-independent-20261004/controls-sandbox/interactive_runner_continuity.py","59038","8bcfab7a53879460ca6400fbcd4a3bff21fda09b5324f6424e1cb3ed436cb2ba","True"
"qa/both-ai-v3-independent-20261004/controls-sandbox/qa/image-v3-isolated-controls-20261004/dead-unknown-mutex.json","76","f4c0e599d72a7c2a77f1913f28ece5a991b73a3f32199a601ea7a7efc240972c","False"
"qa/both-ai-v3-independent-20261004/controls-sandbox/qa/image-v3-isolated-controls-20261004/delayed-race-mutex.json","197","9b5ee9ea1890c2a5a66fc90e35b0cf4cd7d8341ff7da2fe721a86bfb830bf60e","False"
"qa/both-ai-v3-independent-20261004/controls-sandbox/qa/image-v3-isolated-controls-20261004/delayed-race-mutex.json.excl","50","2cc22c41a34e755bfc4199e3e0f47baab4f28c0c1536449dc89480354ca63fd0","False"
"qa/both-ai-v3-independent-20261004/controls-sandbox/qa/image-v3-isolated-controls-20261004/history-pack/request_body.json","12","ccf50d673254cd845431efc8a04821578425f1109a3ca25231b4c1091f63e383","False"
"qa/both-ai-v3-independent-20261004/controls-sandbox/qa/image-v3-isolated-controls-20261004/history-pack/write_ahead_request.json","579","5c748c1c3f8d3b4d29affc615c2dfdb883a298fa91e08f645bbc68a8b9bbdbab","False"
"qa/both-ai-v3-independent-20261004/controls-sandbox/qa/image-v3-isolated-controls-20261004/history-pack/write_ahead_subattempt_1_collision_062c5202_1571a5.json","579","5c748c1c3f8d3b4d29affc615c2dfdb883a298fa91e08f645bbc68a8b9bbdbab","False"
"qa/both-ai-v3-independent-20261004/controls-sandbox/qa/image-v3-isolated-controls-20261004/history-pack/write_ahead_subattempt_1.json","579","8c2c5fa8c162145f7e97414450962ef102379f55234baba9d7392034ac007a85","False"
"qa/both-ai-v3-independent-20261004/controls-sandbox/qa/image-v3-isolated-controls-20261004/isolated-changed-prompt/output.png","16917","ea5e901a8b0685dc490583a7fc2fe57a168e7ef2f40ba72f117484ebbd5ce526","False"
"qa/both-ai-v3-independent-20261004/controls-sandbox/qa/image-v3-isolated-controls-20261004/isolated-changed-prompt/request_body.json","349","12529868e77980acfffd99da976444d79cc74043f8abf4d44b73c1e20127f414","False"
"qa/both-ai-v3-independent-20261004/controls-sandbox/qa/image-v3-isolated-controls-20261004/isolated-changed-prompt/response.json","22653","98b2cf842d61179ba85018e71b7d9e3515fdd02d46d10adddb8b276f823458b7","False"
"qa/both-ai-v3-independent-20261004/controls-sandbox/qa/image-v3-isolated-controls-20261004/isolated-changed-prompt/write_ahead_request.json","290","d51f3fb1b1010049a083c91b463c4548332dfdac65a8ad4cfa8abc4190b4cec4","False"
"qa/both-ai-v3-independent-20261004/controls-sandbox/qa/image-v3-isolated-controls-20261004/isolated-invented-body-hash/output.png","16917","ea5e901a8b0685dc490583a7fc2fe57a168e7ef2f40ba72f117484ebbd5ce526","False"
"qa/both-ai-v3-independent-20261004/controls-sandbox/qa/image-v3-isolated-controls-20261004/isolated-invented-body-hash/request_body.json","349","12529868e77980acfffd99da976444d79cc74043f8abf4d44b73c1e20127f414","False"
"qa/both-ai-v3-independent-20261004/controls-sandbox/qa/image-v3-isolated-controls-20261004/isolated-invented-body-hash/response.json","22653","98b2cf842d61179ba85018e71b7d9e3515fdd02d46d10adddb8b276f823458b7","False"
"qa/both-ai-v3-independent-20261004/controls-sandbox/qa/image-v3-isolated-controls-20261004/isolated-invented-body-hash/write_ahead_request.json","290","6250073868998e1229c0ae6fd8de0d924dc754816affa55ab8aaad3640b37a73","False"
"qa/both-ai-v3-independent-20261004/controls-sandbox/qa/image-v3-isolated-controls-20261004/isolated-missing-body-hash/output.png","16917","ea5e901a8b0685dc490583a7fc2fe57a168e7ef2f40ba72f117484ebbd5ce526","False"
"qa/both-ai-v3-independent-20261004/controls-sandbox/qa/image-v3-isolated-controls-20261004/isolated-missing-body-hash/request_body.json","349","12529868e77980acfffd99da976444d79cc74043f8abf4d44b73c1e20127f414","False"
"qa/both-ai-v3-independent-20261004/controls-sandbox/qa/image-v3-isolated-controls-20261004/isolated-missing-body-hash/response.json","22653","98b2cf842d61179ba85018e71b7d9e3515fdd02d46d10adddb8b276f823458b7","False"
"qa/both-ai-v3-independent-20261004/controls-sandbox/qa/image-v3-isolated-controls-20261004/isolated-missing-body-hash/write_ahead_request.json","208","6f60fc80d2cb99cc1b0c3bc8e866cec48cb26395b5cf6e9f26182b22b7e191de","False"
"qa/both-ai-v3-independent-20261004/controls-sandbox/qa/image-v3-isolated-controls-20261004/isolated-reuse-binding-results.json","1486","615d5e10b4ebf0c110d318ae23c20a03dd51ea2028b5f0962c7660062cb73436","False"
"qa/both-ai-v3-independent-20261004/controls-sandbox/qa/image-v3-isolated-controls-20261004/isolated-valid-baseline/output.png","16917","ea5e901a8b0685dc490583a7fc2fe57a168e7ef2f40ba72f117484ebbd5ce526","False"
"qa/both-ai-v3-independent-20261004/controls-sandbox/qa/image-v3-isolated-controls-20261004/isolated-valid-baseline/request_body.json","349","12529868e77980acfffd99da976444d79cc74043f8abf4d44b73c1e20127f414","False"
"qa/both-ai-v3-independent-20261004/controls-sandbox/qa/image-v3-isolated-controls-20261004/isolated-valid-baseline/response.json","22653","98b2cf842d61179ba85018e71b7d9e3515fdd02d46d10adddb8b276f823458b7","False"
"qa/both-ai-v3-independent-20261004/controls-sandbox/qa/image-v3-isolated-controls-20261004/isolated-valid-baseline/write_ahead_request.json","290","d51f3fb1b1010049a083c91b463c4548332dfdac65a8ad4cfa8abc4190b4cec4","False"
"qa/both-ai-v3-independent-20261004/controls-sandbox/qa/image-v3-isolated-controls-20261004/isolated-wrong-mime/output.png","16917","ea5e901a8b0685dc490583a7fc2fe57a168e7ef2f40ba72f117484ebbd5ce526","False"
"qa/both-ai-v3-independent-20261004/controls-sandbox/qa/image-v3-isolated-controls-20261004/isolated-wrong-mime/request_body.json","349","12529868e77980acfffd99da976444d79cc74043f8abf4d44b73c1e20127f414","False"
"qa/both-ai-v3-independent-20261004/controls-sandbox/qa/image-v3-isolated-controls-20261004/isolated-wrong-mime/response.json","22654","7553077fc05b40b5a4391368bcffc9b2a18472a4dc6ee024d21d2800b08bd4de","False"
"qa/both-ai-v3-independent-20261004/controls-sandbox/qa/image-v3-isolated-controls-20261004/isolated-wrong-mime/write_ahead_request.json","290","d5256abab620d0279961390666687702c7e76628b0e1f56440230733fe67aae8","False"
"qa/both-ai-v3-independent-20261004/controls-sandbox/qa/image-v3-isolated-controls-20261004/malformed-pacing-pacing.json","17","eacde94b0bfd50c774c4db61cf0240e2a567e8057640317cd5d4b5ef56579917","False"
"qa/both-ai-v3-independent-20261004/controls-sandbox/qa/image-v3-isolated-controls-20261004/malformed-wa-pack/write_ahead_request.json","0","e3b0c44298fc1c149afbf4c8996fb92427ae41e4649b934ca495991b7852b855","False"
"qa/both-ai-v3-independent-20261004/controls-sandbox/qa/image-v3-isolated-controls-20261004/normal-release-mutex.json","253","d0b7b907024cf8a656f63a60fed6c7fbb1dc1405275b65d9a6c09f89739c28fa","False"
"qa/both-ai-v3-independent-20261004/controls-sandbox/qa/image-v3-isolated-controls-20261004/preflight-bad-pack/write_ahead_request.json","65","552aa5f7822d4455bba8c9518c0e8b66827ccf4233fe66d0a40c59b27f3ee45b","False"
"qa/both-ai-v3-independent-20261004/controls-sandbox/qa/image-v3-isolated-controls-20261004/preflight-good-pack/write_ahead_request.json","63","529b6a8a08b2d7a5ecd4c1af5104872739767cb0bb6d3e1fe1b5425291ba2488","False"
"qa/both-ai-v3-independent-20261004/controls-sandbox/qa/image-v3-isolated-controls-20261004/repaired-controls-report-v3.json","2005","4b185bdd308bc79b61da9a5a101aaa1181cfd6c6d6c21e4aa6ddecf2861c9a0f","False"
"qa/both-ai-v3-independent-20261004/controls-sandbox/qa/image-v3-isolated-controls-20261004/unknown-release-mutex.json","311","923b668b7a08973fb49a72c374209a661e035a69b578b0d80866f1ed9603ce70","False"
"qa/both-ai-v3-independent-20261004/controls-sandbox/qa/image-v3-isolated-controls-20261004/unknown-release-mutex.json.excl","53","2c8461f8cd1a9bbac7fe76f011ba30e2b3d494f9c729e1129c2d71167ca23dd7","False"
"qa/both-ai-v3-independent-20261004/controls-sandbox/rerun_producer.py","8058","85bff822c952ed43ba54e6776432c6dffdc4126c8a65d66670bd4709c4318798","True"
"qa/both-ai-v3-independent-20261004/controls-sandbox/strong-changed-source-image/output.png","16917","ea5e901a8b0685dc490583a7fc2fe57a168e7ef2f40ba72f117484ebbd5ce526","False"
"qa/both-ai-v3-independent-20261004/controls-sandbox/strong-changed-source-image/request_body.json","314","5247069723d1e267dabda83d2f243230110eb7787c62aa92f83122f299758177","False"
"qa/both-ai-v3-independent-20261004/controls-sandbox/strong-changed-source-image/response.json","22653","98b2cf842d61179ba85018e71b7d9e3515fdd02d46d10adddb8b276f823458b7","False"
"qa/both-ai-v3-independent-20261004/controls-sandbox/strong-changed-source-image/write_ahead_request.json","498","c55fe997264e736e9e3d13da76248d0faab009ae565da6a4acf4fad77095391e","False"
"qa/both-ai-v3-independent-20261004/controls-sandbox/strong-malformed-body-valid-hash/output.png","16917","ea5e901a8b0685dc490583a7fc2fe57a168e7ef2f40ba72f117484ebbd5ce526","False"
"qa/both-ai-v3-independent-20261004/controls-sandbox/strong-malformed-body-valid-hash/request_body.json","8","62b8125a6f6d924ec53345b5fcd58ca3ed3f5e7d51e2e146e5f1346508acce69","False"
"qa/both-ai-v3-independent-20261004/controls-sandbox/strong-malformed-body-valid-hash/response.json","22653","98b2cf842d61179ba85018e71b7d9e3515fdd02d46d10adddb8b276f823458b7","False"
"qa/both-ai-v3-independent-20261004/controls-sandbox/strong-malformed-body-valid-hash/write_ahead_request.json","498","d7395d559d8375edffe2c729ef117ac9c29189a2d9605e05ac530d74c264e836","False"
"qa/both-ai-v3-independent-20261004/controls-sandbox/strong-missing-output-hash/output.png","16917","ea5e901a8b0685dc490583a7fc2fe57a168e7ef2f40ba72f117484ebbd5ce526","False"
"qa/both-ai-v3-independent-20261004/controls-sandbox/strong-missing-output-hash/request_body.json","22842","622992b949fd13623d36a880fc3a4b513871183355bc204a04ed4df37ceaa790","False"
"qa/both-ai-v3-independent-20261004/controls-sandbox/strong-missing-output-hash/response.json","22653","98b2cf842d61179ba85018e71b7d9e3515fdd02d46d10adddb8b276f823458b7","False"
"qa/both-ai-v3-independent-20261004/controls-sandbox/strong-missing-output-hash/write_ahead_request.json","420","06520576936bc1a8109a68d8183647191ba1bca1686602b3184812263058ad32","False"
"qa/both-ai-v3-independent-20261004/controls-sandbox/strong-missing-prompt-in-body/output.png","16917","ea5e901a8b0685dc490583a7fc2fe57a168e7ef2f40ba72f117484ebbd5ce526","False"
"qa/both-ai-v3-independent-20261004/controls-sandbox/strong-missing-prompt-in-body/request_body.json","22813","07c35c23bbcad94c4afd9ba0b416e25a2733817e2d1fcc8cf942ef0688206c0c","False"
"qa/both-ai-v3-independent-20261004/controls-sandbox/strong-missing-prompt-in-body/response.json","22653","98b2cf842d61179ba85018e71b7d9e3515fdd02d46d10adddb8b276f823458b7","False"
"qa/both-ai-v3-independent-20261004/controls-sandbox/strong-missing-prompt-in-body/write_ahead_request.json","498","f8e70c077f92e76efd49f3c1cf3806e52e301ae0ce399a903da5b8d3b59fc01a","False"
"qa/both-ai-v3-independent-20261004/controls-sandbox/strong-missing-request-file/output.png","16917","ea5e901a8b0685dc490583a7fc2fe57a168e7ef2f40ba72f117484ebbd5ce526","False"
"qa/both-ai-v3-independent-20261004/controls-sandbox/strong-missing-request-file/response.json","22653","98b2cf842d61179ba85018e71b7d9e3515fdd02d46d10adddb8b276f823458b7","False"
"qa/both-ai-v3-independent-20261004/controls-sandbox/strong-missing-request-file/write_ahead_request.json","498","b3f5aa35cc6c0b88f5a7055ef4ced1c473ed172cb7bd957708e8140ae66de52d","False"
"qa/both-ai-v3-independent-20261004/controls-sandbox/strong-missing-response-hash/output.png","16917","ea5e901a8b0685dc490583a7fc2fe57a168e7ef2f40ba72f117484ebbd5ce526","False"
"qa/both-ai-v3-independent-20261004/controls-sandbox/strong-missing-response-hash/request_body.json","22842","622992b949fd13623d36a880fc3a4b513871183355bc204a04ed4df37ceaa790","False"
"qa/both-ai-v3-independent-20261004/controls-sandbox/strong-missing-response-hash/response.json","22653","98b2cf842d61179ba85018e71b7d9e3515fdd02d46d10adddb8b276f823458b7","False"
"qa/both-ai-v3-independent-20261004/controls-sandbox/strong-missing-response-hash/write_ahead_request.json","412","86777ec4fc714e864e079ffc42a3784d34e8af10354c4d2a633cf51bbde57a91","False"
"qa/both-ai-v3-independent-20261004/controls-sandbox/strong-valid/output.png","16917","ea5e901a8b0685dc490583a7fc2fe57a168e7ef2f40ba72f117484ebbd5ce526","False"
"qa/both-ai-v3-independent-20261004/controls-sandbox/strong-valid/request_body.json","22842","622992b949fd13623d36a880fc3a4b513871183355bc204a04ed4df37ceaa790","False"
"qa/both-ai-v3-independent-20261004/controls-sandbox/strong-valid/response.json","22653","98b2cf842d61179ba85018e71b7d9e3515fdd02d46d10adddb8b276f823458b7","False"
"qa/both-ai-v3-independent-20261004/controls-sandbox/strong-valid/write_ahead_request.json","498","b3f5aa35cc6c0b88f5a7055ef4ced1c473ed172cb7bd957708e8140ae66de52d","False"
"qa/both-ai-v3-independent-20261004/controls-sandbox/strong-wrong-config-image-size/output.png","16917","ea5e901a8b0685dc490583a7fc2fe57a168e7ef2f40ba72f117484ebbd5ce526","False"
"qa/both-ai-v3-independent-20261004/controls-sandbox/strong-wrong-config-image-size/request_body.json","22842","8daca24b484c24d89253313302187da8feccbc24dc44e2fcdd1b5ada7255a83c","False"
"qa/both-ai-v3-independent-20261004/controls-sandbox/strong-wrong-config-image-size/response.json","22653","98b2cf842d61179ba85018e71b7d9e3515fdd02d46d10adddb8b276f823458b7","False"
"qa/both-ai-v3-independent-20261004/controls-sandbox/strong-wrong-config-image-size/write_ahead_request.json","498","b75d311df105b2a20c22f9d89c02565f0145942756936b38674aca31c9ad9e5b","False"
"qa/both-ai-v3-independent-20261004/controls-sandbox/strong-wrong-endpoint/output.png","16917","ea5e901a8b0685dc490583a7fc2fe57a168e7ef2f40ba72f117484ebbd5ce526","False"
"qa/both-ai-v3-independent-20261004/controls-sandbox/strong-wrong-endpoint/request_body.json","22842","622992b949fd13623d36a880fc3a4b513871183355bc204a04ed4df37ceaa790","False"
"qa/both-ai-v3-independent-20261004/controls-sandbox/strong-wrong-endpoint/response.json","22653","98b2cf842d61179ba85018e71b7d9e3515fdd02d46d10adddb8b276f823458b7","False"
"qa/both-ai-v3-independent-20261004/controls-sandbox/strong-wrong-endpoint/write_ahead_request.json","375","da67f2f0f5128eef41b3cdf1221cf4fa5db9c9eee09a312bb7f549d47b071881","False"
"qa/both-ai-v3-independent-20261004/controls-sandbox/strong-wrong-model/output.png","16917","ea5e901a8b0685dc490583a7fc2fe57a168e7ef2f40ba72f117484ebbd5ce526","False"
"qa/both-ai-v3-independent-20261004/controls-sandbox/strong-wrong-model/request_body.json","22842","622992b949fd13623d36a880fc3a4b513871183355bc204a04ed4df37ceaa790","False"
"qa/both-ai-v3-independent-20261004/controls-sandbox/strong-wrong-model/response.json","22653","98b2cf842d61179ba85018e71b7d9e3515fdd02d46d10adddb8b276f823458b7","False"
"qa/both-ai-v3-independent-20261004/controls-sandbox/strong-wrong-model/write_ahead_request.json","487","8f4756f1ef59ac9f9e3955eb8d43e9c3cff1117e851d930f7c5cb89b755b37b6","False"
"qa/both-ai-v3-independent-20261004/controls-sandbox/strong-wrong-output-dimensions/output.png","16917","ea5e901a8b0685dc490583a7fc2fe57a168e7ef2f40ba72f117484ebbd5ce526","False"
"qa/both-ai-v3-independent-20261004/controls-sandbox/strong-wrong-output-dimensions/request_body.json","22842","622992b949fd13623d36a880fc3a4b513871183355bc204a04ed4df37ceaa790","False"
"qa/both-ai-v3-independent-20261004/controls-sandbox/strong-wrong-output-dimensions/response.json","22653","98b2cf842d61179ba85018e71b7d9e3515fdd02d46d10adddb8b276f823458b7","False"
"qa/both-ai-v3-independent-20261004/controls-sandbox/strong-wrong-output-dimensions/write_ahead_request.json","498","b3f5aa35cc6c0b88f5a7055ef4ced1c473ed172cb7bd957708e8140ae66de52d","False"
"qa/both-ai-v3-independent-20261004/manifest-paths.json","1831","9ee2d3c6f2c2fa00a9d08991766808150dd75100e3fe9ea2603e258477ca793d","False"
"qa/both-ai-v3-independent-20261004/native2k-73-response-checks.json","20907","d6a35dd6f6efc76dd9027f9c0969de3630ee8ab745e74d661b104f0ab736aaa6","False"
"qa/both-ai-v3-independent-20261004/native4k-32-checks.json","9169","76883c20a772c4f3db3a8e2e908ed971d5265e4de43a9b63a375ee2ce938e209","False"
"qa/both-ai-v3-independent-20261004/nine-terrain-surveys-overview.png","2542118","3188e5d40c1b1e3d8d82b53524ec2bffa5f5aab32f2f7af03a7b85533af5aa58","False"
"qa/both-ai-v3-independent-20261004/package-closure.json","195","f1f6601c93c3756ae5c19a0a3ef6f94524d23bd681576dfaaa6bd55ac147c6f1","False"
"qa/both-ai-v3-independent-20261004/preservation-result.json","104","ab6b0295e858a06017090826931038946760fa851970e580eb62d84e2e068c68","False"
"qa/both-ai-v3-independent-20261004/prior-native-original-portrait-preservation.json","75814","e5f3c5a977f1df8aceadd6f3186a7a0c4afd7b20ce4d492e40b2a6d363da52e8","False"
"qa/both-ai-v3-independent-20261004/prioritized-mattes-v3.png","487923","bf1c2bb34aa9d617488f705f60fad02c7ea418d3a1bc153bd1b38b5c522509e9","False"
"qa/both-ai-v3-independent-20261004/producer-controls-reproduction.log","646","ab42516bd20b872349d6a41fa14d5f1b0d19ad0d1b42dee994b8de3fac44042a","False"
"qa/both-ai-v3-independent-20261004/protected-start.json","523394","ce0dae894c085d32a96124a485be3765fad9d4435aa005e235793e53e056d241","False"
"qa/both-ai-v3-independent-20261004/rig-barbarian-v3-overview.png","406763","98bea749209664eddecefbbf8878818de468c782bb2fe32ac0583c3b1a642c40","False"
"qa/both-ai-v3-independent-20261004/rig-healer-v3-overview.png","443845","49214d0a88e5464e8cdaa95eaddc2e2ff47ab93802225258f122631f7d062515","False"
"qa/both-ai-v3-independent-20261004/rig-joint-checks.json","21075","49444aa48097f1ea645bf9f43bab2970bbd8ca4bdb2cedb92b1ffb257304aec9","False"
"qa/both-ai-v3-independent-20261004/rig-knight-v3-overview.png","441769","d84c2e4967a80d28144e53bcd342e1249793e43742412d2cd5717508b4eada1e","False"
"qa/both-ai-v3-independent-20261004/rig-mage-v3-overview.png","463963","5050d6719d14c5474b9dd6d9b02e44d45f9188bc2ac4046e21b830d7e8184688","False"
"qa/both-ai-v3-independent-20261004/rig-necromancer-v3-overview.png","311068","c8979f0793a85b6dd54217d06435109063b69b784521b5a4d813398036e85f6d","False"
"qa/both-ai-v3-independent-20261004/rig-paladin-v3-overview.png","487767","7bca57909641be533deb01ec8ac48fed91942fa0979a10cbaf8edb8814d07eea","False"
"qa/both-ai-v3-independent-20261004/rig-ranger-v3-overview.png","411210","d34cd6c1ac9ce37b06b4752920550eb24c0e4c0b647877ba98cfbc4f3e294a8b","False"
"qa/both-ai-v3-independent-20261004/rig-warlock-v3-overview.png","350324","101b6a030264e268dc3eca831354abca6009b2705090b0449e3708d3ce7a4f10","False"
"qa/both-ai-v3-independent-20261004/saved-capture-bindings.json","15184","bd7b1d6842eb2dd7dbd19beeff072637b39524145f9772bda075ebd367265762","False"
"qa/both-ai-v3-independent-20261004/source-checks.log","360","088595fabfa80a3935bfef948a1c1e49df472a69d959e2117dc5166a8459d746","False"
"qa/both-ai-v3-independent-20261004/source-checks.py","3711","80824c02ce889b5f539ddce7437ac97065b74f21cfdee1ab2962c16c80636a76","True"
"qa/both-ai-v3-independent-20261004/stronger-reuse-results.json","5077","a1e0b8a342a30e54de3ff1bd22698183b5ad7f406df8fd968895271c113e21bc","False"
"qa/both-ai-v3-independent-20261004/stronger-reuse.log","1812","ccc61923809ff87a3fce07e3a280fa6f6faf0d796b3b629511845546904c89b9","False"
"qa/both-ai-v3-independent-20261004/summary.json","10294","f0fef3ba5a98bf04ea916d8ea00396be26b1f1a1d65e72810ce96c1b9cb7a6ae","False"
"qa/both-ai-v3-independent-20261004/tests.tap","7109","1792b130f5314c3ec99defd234d9983c4fb98c6caca596d02d680384bf55fdb2","False"
"qa/both-ai-v3-independent-20261004/v3-role-bindings.json","34770","f787fb2ff00cdfb0224eee139ad65ca8e6201ed7adde5cdad75fe32f0e5fbfc6","False"
"qa/candidate-inspection-20261004/candidate_inspection_73.json","169182","964f08b6327c313d5cb8e4b0b6eda3e0eb13b189bd819295698066b66784c028","False"
"qa/code-art-assembly-20261004/horse_rows.py","818","d5e0a560f096de0604fbd66020406fb10be61f1a9cfc7bf7f2cfef1edb7413dd","True"
"qa/code-art-assembly-20261004/patch_horse.py","1607","c2743ca8b233585a89f691b34c9190a66298463fcc7088fedb4aab87d156e4e9","True"
"qa/code-art-assembly-20261004/preview-horse.png","148312","80a0689de91624be98a6a96af505f9cfa1e1a440609c16ff4c0fb92c915c5b42","False"
"qa/code-art-assembly-20261004/preview-knight.png","101888","72180cb66466588b87b371f9f6e04a030eb913e7f0ab049fc4ff6831541d19fb","False"
"qa/code-art-assembly-20261004/preview-mage.png","109769","c1ceab9ad25bfdce6f9e2eb8660f5d0c14d2ee862fa08432a96e325c921c08c7","False"
"qa/code-art-assembly-20261004/processing.json","48169","c2eae1599b63bf30960aa915d206392bd3407b26443ba49ef9812a3ebd83b2ac","False"
"qa/code-art-assembly-20261004/solidity.py","447","3e524dc739159b8ac721353e06fdb3556766d85d6ddb0aad5f88ff57dc40b207","True"
"qa/code-art-consumers-20261004/processing.json","3915","d9692b586e03df542d4e8b177914159c114e148b35a21b013c28c5127d0bab20","False"
"qa/code-art-finish-audit-20261004/apk-badging.txt","1726","b25afbb00b01c849e131239407dfcc7972f4814b7e3e82fe3289d05510397524","False"
"qa/code-art-finish-audit-20261004/apk-permissions.txt","100","b54ddf7195f488844915594ca9e4bfcb6ac06d2b2cc3484d2212748ebed9bea7","False"
"qa/code-art-finish-audit-20261004/apk-static.json","9691","8d5c4fe54f883f0792be499663c69dc1e8b2873e263bfb2328b5fa2d93d237d7","False"
"qa/code-art-finish-audit-20261004/art-bindings.json","14457","dc55b5c34ef4884e0a1b0c1cdfa55e73dc0e67698ca8224ae437c1e1baed787d","False"
"qa/code-art-finish-audit-20261004/browser.mjs","9663","ceba076b72aa288bb07a7e9d2470a0c950ebf184a843abd80b0ed930c4609599","True"
"qa/code-art-finish-audit-20261004/close.py","1390","7a12e8b4346f305a58b92eaa3dbe856140a7cadace605e75e87544ce025c994b","True"
"qa/code-art-finish-audit-20261004/defense-current.png","45180","714ece3eab283e05b0858861ee7cfc230422799247beff64d33c96c005ec61e8","False"
"qa/code-art-finish-audit-20261004/documents-read.json","19181","1fe6a5b112ac9dffa8592d7e9ef0a833f7203c62eeef986af648122d69b6d8d6","False"
"qa/code-art-finish-audit-20261004/git-storage.json","362","dae167181f9cf7ebf84da4a2c3d7996247868a8768176894947c59a7fb4656ef","False"
"qa/code-art-finish-audit-20261004/hero-mage.dom.txt","1150","9dca05e9e4bc474d4c72b221b8e29ebb41a58b9105acc486f40b118257eddfc1","False"
"qa/code-art-finish-audit-20261004/hero-parts-sheet.png","44599","5e181e5e4934ca1e752fe7a76b7c772f8b451f63c3fa91bf40c58fb5a30d90d2","False"
"qa/code-art-finish-audit-20261004/journeys.mjs","4831","3b05ee5347bc6965ed8657a26534df2f12625db73d0b12b8e57fe22fec52c1a5","True"
"qa/code-art-finish-audit-20261004/kingdom-builds.dom.txt","2242","7a00c6dcadb3f21f54a58a0080ff0d72dcf779ef7c670667b3846b7d99bfedd9","False"
"qa/code-art-finish-audit-20261004/kingdom-builds.png","141154","39f3230e5faae51637fdf99a97e79b2b5c21e359ae8433e734421eb0ac9ffcfe","False"
"qa/code-art-finish-audit-20261004/kingdom-current.png","145581","5bbb478869a9a6ed528692b3cad54d4cbd02c1ed25245a167fb7eef91bfbc1f1","False"
"qa/code-art-finish-audit-20261004/natural-journey-output.txt","11524","647d4fdce0486d520df3f1430cc01f4069c4a208d5e419d66150a63b5419dbaa","False"
"qa/code-art-finish-audit-20261004/natural-journey.json","5452","394ebf322fc7ddc58a2b8a6fadc3dd49b94646597936c139a4bbdc5b667602ac","False"
"qa/code-art-finish-audit-20261004/natural-journey.mjs","4252","831b782337565e6dcc2c393337df638f028f8f28af6d05d5011d9e3cfa63fa23","True"
"qa/code-art-finish-audit-20261004/originals.json","81335","896218b31a6595611a3493958f713e3fc6416965ea8963158b90ffd68d347383","False"
"qa/code-art-finish-audit-20261004/prepare.py","5639","9ca36493d3e3dd3c4aa597483118bd105272b4aa59c324bd6df38a6303361d45","True"
"qa/code-art-finish-audit-20261004/probes.json","2724","f9588704084815d90ddfce45f9984982077211f161a6aed98a128a083e4828e5","False"
"qa/code-art-finish-audit-20261004/probes.mjs","4139","f85e77ab222ffe3f773d9eb6cd79fb936a52c2cca4d75ba12507f4d5cfa489f1","True"
"qa/code-art-finish-audit-20261004/protected-closing.json","85667","e00ce386749daab8bbb087afe88f29e01e31345b918e972b001e82da054a1db9","False"
"qa/code-art-finish-audit-20261004/protected-start.json","57401","ec2e688dca6921bc8055c8080f2f4bd49459fd21e97c10ea2493f504d04d8753","False"
"qa/code-art-finish-audit-20261004/publication.json","2319","ad3737888099c3664c826da4d7fc7156f761cd847ae3599482fe60ebd5b46c24","False"
"qa/code-art-finish-audit-20261004/publish.py","3851","f1f9628b4bae6fa16cdb2bbfd0e04ca8d24fac5e712652cf303bb94a20b50dbd","True"
"qa/code-art-finish-audit-20261004/published-link-check.json","2925","6cb3234df549b454e504168bc32e68fe4e6bd1c8d0c639c4a10daf5c2937696d","False"
"qa/code-art-finish-audit-20261004/tests.txt","12096","64f63893e642ad602dc534e3421eeb780c8c00bdc9b13638d2d91f3039c71182","False"
"qa/code-art-finish-audit-20261004/war.dom.txt","943","0ca855ab92af21f9f8a1b403af4fa98da64b0ab9cac57318cda8aa824abc695f","False"
"qa/code-art-followup-20261004/adventure.png","55730","48a5592c0db1e9761539edc0cb7e41981063932756b9706e6b9271c3614c0f5b","False"
"qa/code-art-followup-20261004/apk-manifest.txt","1720","595eb2c3e2ac7d8425892f6e19f861b2dbceebef411bcea8692f3358443cb4eb","False"
"qa/code-art-followup-20261004/apk-native-strings.json","141","524368987447a8c9f94702077812602f61c70e4c1ac61d002ad2f8cbd32c85c7","False"
"qa/code-art-followup-20261004/army-creature-fixture.png","11295","f2dcfaeed43f3118a8005f0080cff216ef56424e888430010a43544ac8f9f498","False"
"qa/code-art-followup-20261004/art-bindings.json","2266","89d6e21696de4cdd1c6df055ddd7b7967de55a22623fb6856ba5f15cf93c7446","False"
"qa/code-art-followup-20261004/browser.json","118613","832055edacc204b7f056422ac559825f979f3f5acc3662f8e2c421d424b30deb","False"
"qa/code-art-followup-20261004/browser.mjs","9758","895920f2b9531b2cc1bb7454023e9bcb4187b99a85b02493d0d56f912b72316a","True"
"qa/code-art-followup-20261004/checks.json","604","659a10be030d62b362e0ca80b1e0cf6491e57a9de716fc1b16a4ca9c388dae48","False"
"qa/code-art-followup-20261004/creature.json","4216","db5d222a044aae6255768c59edddb6930264ba800c05e3a9a7d9f1c7ee2e55bb","False"
"qa/code-art-followup-20261004/creature.mjs","4037","f570ed68b4a3716757e41d9567432dc0a9529681130aad22c8db0d557e6bd6f7","True"
"qa/code-art-followup-20261004/damaged-home.png","13690","e1fa06853865cfde943de9f8706cfd5f41f6f3409ad2ad8c79960c720eca4e4a","False"
"qa/code-art-followup-20261004/defense.png","32804","9f08ae7f52f31faf6fab2d29aaf229fa51e232ef1af406e56a307f4a71859b36","False"
"qa/code-art-followup-20261004/hall-alpha-plate.png","1106911","58592c8bbee4c050c29ccf2cebe22aeaedfa3d5a3a025942b1983bde839cbfb4","False"
"qa/code-art-followup-20261004/handoff-checks.json","2660","20ae99382e481d95cee65cea21ef85f5c59b8ba57f2c1be2341a7e8612e851b1","False"
"qa/code-art-followup-20261004/hero.png","9350","b06106723868c72feeaf1565c0c92a4f8caf1a376f00b628c9fbc136097981c0","False"
"qa/code-art-followup-20261004/journeys.json","27363","ed8126fff283c8812a588028306a6769f605e4516dfddd0d7f4e38805b578851","False"
"qa/code-art-followup-20261004/journeys.mjs","4831","3b05ee5347bc6965ed8657a26534df2f12625db73d0b12b8e57fe22fec52c1a5","True"
"qa/code-art-followup-20261004/kingdom-1180x820.png","1599500","9980c04c2ceaff900994370f1f961d91d66fd10c776d8c3dc973271d09777d45","False"
"qa/code-art-followup-20261004/kingdom-1280x720.png","1244545","5649b659acc6fa377be4ea9fe746f582c89dfbfb23fb875fc8f5a9867114df3c","False"
"qa/code-art-followup-20261004/kingdom-825x375.png","329263","ddf2bb372def876e60a9df7035ae8b74aa25989853f02bcec948530d9507c88c","False"
"qa/code-art-followup-20261004/kingdom-933x424.png","495833","a1b9a51efeceb9cabcd58e485f346eefdf38ca8a3daed5a52c541b4c2a1afeb0","False"
"qa/code-art-followup-20261004/kingdom-panel-1180x820.png","1306023","7cabb6f2e7263f83cc6811a48ab42d8e3555ecefb8079718c6402c11165b0595","False"
"qa/code-art-followup-20261004/kingdom-panel-1280x720.png","1262668","bfa1c4b3e47baad518d27e441eced364bcd8da6acf0daa891bcd829e640c2079","False"
"qa/code-art-followup-20261004/kingdom-panel-825x375.png","285382","b1652f8a24fa0cffb7c7a585c75eba7b13a9ac55caecaa882c549bb7e4b40798","False"
"qa/code-art-followup-20261004/kingdom-panel-933x424.png","400228","1cbfbe7732c84c0fe4866ff0c46464a1a106708aa291225b279c10031f958dea","False"
"qa/code-art-followup-20261004/natural-four-buildings.png","1261922","6ccd9655fdd55b7781b04aa4fb36101dfe0a8640c6564cbeb6247d37f1dd1b26","False"
"qa/code-art-followup-20261004/new-save-failed.png","18305","a3bbd6bed1389e20c38308f13690748f2e51e03fe85e4055595523fd7338f39f","False"
"qa/code-art-followup-20261004/probes.json","1576","e7f448bd563ee4ce005233947e5ab45c6dcd043b4c057e36286d1914f872643d","False"
"qa/code-art-followup-20261004/probes.mjs","3608","1765affca55aa1c6ece28dbfb0832b721d80967363a83c2a39c807880b8bce63","True"
"qa/code-art-followup-20261004/protected-closing.json","44838","c4fe437fe030815ab1e7f767b1805ead567df334ee3b3b23728f081339ab484b","False"
"qa/code-art-followup-20261004/requirement-coverage.json","17870","d7bd44a6dab1de816d5936f305953e708f973b03cb3e816a3e9e53055ce60096","False"
"qa/code-art-followup-20261004/snapshot-start.json","55140","cf6f34f95d13263267910daee95d6d68fa0bca534893c4617c408566a40630f3","False"
"qa/code-art-followup-20261004/snapshot.py","4215","c21eda127a0be3187dcb1811303a6d881cad43d91100de140d6bf0b1b5588aec","True"
"qa/code-art-followup-20261004/story.png","17019","e2248eda6da3c3621aed58ba4bd16007d188b24134bba1ea638f379bb8432ba1","False"
"qa/code-art-followup-20261004/tactical.png","73463","c9a37252037127073fd427f5ef762e26bcc933259a391465c248ebc078e81628","False"
"qa/code-art-followup-20261004/tests.txt","5123","5d9de032997d0f2294ddbb63ff41e88a8a6d1fe203deb3dae4f910a45ab50400","False"
"qa/code-art-followup-20261004/valid-earlier-save.json","2456","3252177969d66ba86f06e4622c04cbefc1bcf332ab8382e614584bdfd8324d0a","False"
"qa/code-art-next-verification-20261004/adventure.png","55730","48a5592c0db1e9761539edc0cb7e41981063932756b9706e6b9271c3614c0f5b","False"
"qa/code-art-next-verification-20261004/apk-static.json","9649","8a2c488c11c32c1f1433b72b5cc945467df7450482d12cd5cd54dfd09de7b4b8","False"
"qa/code-art-next-verification-20261004/army-creature-fixture.png","16074","e04be7ea121e2b8bffbc3cdaf5b714ab17d359dbb378ac465e3506410dd55297","False"
"qa/code-art-next-verification-20261004/art-bindings.json","25591","e133f1382a4eaff436670399b755f754746c35013efccd2968ef65464426ba09","False"
"qa/code-art-next-verification-20261004/browser.json","118613","cb409fcc2e249c8b3da2c532187fc731239353f91ce5de537e417cae0a21b195","False"
"qa/code-art-next-verification-20261004/browser.mjs","9663","ceba076b72aa288bb07a7e9d2470a0c950ebf184a843abd80b0ed930c4609599","True"
"qa/code-art-next-verification-20261004/changed-since-previous.json","2567","736307d42d7b7de0c3b4693721c6f9289816305b9b00775018cfec92d83dcdcd","False"
"qa/code-art-next-verification-20261004/close.py","2830","3a8691bb0ac1b18a5554afeb459c01d5f4e9be7544881c1cf6eb707c7b1d3ef1","True"
"qa/code-art-next-verification-20261004/creature.json","4319","ea6f73763adef963c711752363480aeb7a361722918dae07390db889860874dd","False"
"qa/code-art-next-verification-20261004/creature.mjs","4037","f570ed68b4a3716757e41d9567432dc0a9529681130aad22c8db0d557e6bd6f7","True"
"qa/code-art-next-verification-20261004/damaged-home.png","13690","e1fa06853865cfde943de9f8706cfd5f41f6f3409ad2ad8c79960c720eca4e4a","False"
"qa/code-art-next-verification-20261004/defense.png","32804","9f08ae7f52f31faf6fab2d29aaf229fa51e232ef1af406e56a307f4a71859b36","False"
"qa/code-art-next-verification-20261004/documentation-publication.json","1336","0032feeecb267d5846aa218d0acf6a55c11d262c50fc0450344a7e1f2fe778ce","False"
"qa/code-art-next-verification-20261004/documents-read.json","10242","e04e1832c37b7af3cb843efc3be170bf2f80e6e72b56048ba21b965a4ac6f0a2","False"
"qa/code-art-next-verification-20261004/hero.png","9350","b06106723868c72feeaf1565c0c92a4f8caf1a376f00b628c9fbc136097981c0","False"
"qa/code-art-next-verification-20261004/journeys.json","25965","1e564ee67f5e0ff12866f860fe78e0592a8a15883f2ae5a75780839b218a565e","False"
"qa/code-art-next-verification-20261004/journeys.mjs","4831","3b05ee5347bc6965ed8657a26534df2f12625db73d0b12b8e57fe22fec52c1a5","True"
"qa/code-art-next-verification-20261004/kingdom-panel-825x375.png","285382","b1652f8a24fa0cffb7c7a585c75eba7b13a9ac55caecaa882c549bb7e4b40798","False"
"qa/code-art-next-verification-20261004/local-git-storage.json","213","e8a2676ae003068ef2ccb23c088f91d29f904958fe0ed35e7e363721c144de4f","False"
"qa/code-art-next-verification-20261004/natural-four-buildings.png","1263564","03afe76ea61b7c99dc2efc8b0de67465c70e88424e54fcaff1d0028ed36837af","False"
"qa/code-art-next-verification-20261004/prepare.py","4892","4d53d28d4c773c72a599f2620b8012368ea0d7039200b0fc89fccc8619477720","True"
"qa/code-art-next-verification-20261004/probes.json","2724","4171099fa62f459b50b3f075076e34c229ede2187203e19be2e4c22b9a2706bd","False"
"qa/code-art-next-verification-20261004/probes.mjs","4139","f85e77ab222ffe3f773d9eb6cd79fb936a52c2cca4d75ba12507f4d5cfa489f1","True"
"qa/code-art-next-verification-20261004/protected-closing.json","81030","1b8a558765703603a94bc6bc23d1d250b920c80545eb4a3041fb73f62bfa74aa","False"
"qa/code-art-next-verification-20261004/protected-start.json","54860","9fee53668c676fe4c20fb8495d2802d454fb8fe56166dc46ae33e834065d4d06","False"
"qa/code-art-next-verification-20261004/publish.py","1944","c1d5de9354685c9bd8b0834f33c812fc3a043cb4a5ef638b153a17ac4f543caf","True"
"qa/code-art-next-verification-20261004/story.png","17019","e2248eda6da3c3621aed58ba4bd16007d188b24134bba1ea638f379bb8432ba1","False"
"qa/code-art-next-verification-20261004/tactical.png","73463","c9a37252037127073fd427f5ef762e26bcc933259a391465c248ebc078e81628","False"
"qa/code-art-next-verification-20261004/tests.txt","5379","b6908f974cc02264b90f6c2cb96f0992ba39c0bd4be84591ae89f42a497fe58a","False"
"qa/code-art-next-verification-20261004/valid-earlier-save.json","2456","bc00522c77615dda71a9429762d690270310d07dee70bdcc081814fb2c25c71c","False"
"qa/code-art-verification-20261004/adventure.png","57901","4d33adf9fc50825776e73354df36a2aca3676173915122caa8fdb7494108a439","False"
"qa/code-art-verification-20261004/asset-preservation-catalog.json","271779","27047dc113282eba113d7d13f7b38a24d7a752b12ac592cd1694570cfeb23090","False"
"qa/code-art-verification-20261004/audio.json","242","b54fc7f14eec59bd14dff0656cc5a4ec5ec1d5150e036852f3081e76dc1fea45","False"
"qa/code-art-verification-20261004/audio.mjs","1664","0e2989c6e19ebfb5cfdbfaa9ca92be357d12269fa5cec3fc8f2e1f7fbeaab9fb","True"
"qa/code-art-verification-20261004/audit.py","3988","e863252b8187ff7982c11e7ed7ed640565c35be6e66c4e2443b989591d03d75d","True"
"qa/code-art-verification-20261004/browser.json","50869","7a225d061854049aaf25a296e90ec3b2052dc4b227ace3618b4340f84f3ffc3f","False"
"qa/code-art-verification-20261004/browser.mjs","5430","35e576da5deb724d38e3e6e49aaa21d787e9ec1490986794887893d4e86129a7","True"
"qa/code-art-verification-20261004/checks.json","971","fbc1465d6f032bb7695f37b447745fd72098d144224a6957f521f72f94105cef","False"
"qa/code-art-verification-20261004/defense-active.png","33866","fa488eca7ef8090574e7c725c6ea64cfc88cd4e98c06cee9f26262f81e001ffb","False"
"qa/code-art-verification-20261004/defense-terrain-guide-output.png","2014830","afe5daa3d02ad0f79a9c1a1dadd778efe354800c1a4c1801adda3f3bfbd325c4","False"
"qa/code-art-verification-20261004/defense-terrain-hills-guide-output.png","2039176","5be31c7091cb9b48e1a00ca94c2781bfee59a05a979ea1892a886c2dabc8b59d","False"
"qa/code-art-verification-20261004/finalize.py","3908","61b28edb010f38a44eb9be9ca914f4bfd43f9110c8985d518c5268e487202565","True"
"qa/code-art-verification-20261004/geometry-claims.json","1298","32a02327fbfcc88e05de9ba209ca0828fd64ed68e0fc8beb80c8d6dac04154ec","False"
"qa/code-art-verification-20261004/geometry.py","1913","648f2aa8d7096333cf9b50554d753789bd1cd2c30f0c172a35cc27bb0d519ebe","True"
"qa/code-art-verification-20261004/hero.png","15476","b1b683d49509036539cbd341ec5f6c615c3b970d0990e8b0d064b0fb5e9dba0f","False"
"qa/code-art-verification-20261004/highres-overview.jpg","965202","9ce89cb445ad4d452bd86efb8135f248cab6abdd78cb4199bdb8105b6bc1bed1","False"
"qa/code-art-verification-20261004/kingdom-1180x820.png","1518482","c5bd132f52a827e9fb4221fd8d9435e2e6d29904fefb4771d53b4f3a8e3ca40a","False"
"qa/code-art-verification-20261004/kingdom-1280x720.png","1343981","87e2ccd864898e5998f40179be8c1f9e31b9391acd1a736358159d047ea27111","False"
"qa/code-art-verification-20261004/kingdom-825x375.png","440404","4c9fc1f3c2ccd3c69c90c86dc782f0816e86b2fca4f670df5fac0212a011099b","False"
"qa/code-art-verification-20261004/kingdom-933x424.png","587921","10e1806b4464c79fd80d11fce58119441818e762c4e0053606fa5fdb4422848b","False"
"qa/code-art-verification-20261004/kingdom-panel-1180x820.png","1278126","1816f07098a407663d815bd0ecfca8efd446f6b59a61d60807bc2d816511a3da","False"
"qa/code-art-verification-20261004/kingdom-panel-1280x720.png","1201142","bc8f47547cd3c0546b5e3911a00e0eb5a0239e16c81a6bb3de94bb009c4d71aa","False"
"qa/code-art-verification-20261004/kingdom-panel-825x375.png","371539","fd97c95fcf7d57c2da6460cafcdb9de835d599f3e6b81db37982d4f00102197e","False"
"qa/code-art-verification-20261004/kingdom-panel-933x424.png","504001","d3d9d9f2e2b0466a728bc34f0b60add5ffd1d9620651e7f8a7b97177e0c1556e","False"
"qa/code-art-verification-20261004/plates.py","1071","03f1cd575f572e6f499b61d0ba7fbd0d3d713e8aa2e1209b78a1a5b1e75f544f","True"
"qa/code-art-verification-20261004/probes.json","1615","bc64225909fb2c449e7199f94b7df73eefb192dcd558f6311009632446bf0140","False"
"qa/code-art-verification-20261004/probes.mjs","2804","cd85c1d47b5b32c8fb5e0c89bd17b40e669d3673ad8d161ce56312ecbca6f14a","True"
"qa/code-art-verification-20261004/snapshot-start.json","30972","490378c43dbb2cf17c8aa1a6dc0e67e192eff5f35a44a6f5843f60d19ebbc952","False"
"qa/code-art-verification-20261004/snapshot.json","34539","061199d889b6f4285a806ec08ada470983a20c08e8b7006dfb46842ef90026b8","False"
"qa/code-art-verification-20261004/story.png","16078","61610f913863d2bd8c2e323c39a6b7dd6ad394cb297d06abdbc1450ac1621970","False"
"qa/code-art-verification-20261004/tactical-terrain-ruins-guide-output.png","2068367","d8688730d5d483d94287ec8aaf31a18e23c8f26dbafc83fd40406b0a3c499779","False"
"qa/code-art-verification-20261004/tactical.png","81242","16be7999add4ec319d421b2742adc1a416614adbbe8418c5b1218eda65c42f9c","False"
"qa/code-executor-live-20261004/evidence.json","1854","aef0c48c9bfba90ed6689761afbb31862e70c291ba1771e647bda167573d0058","False"
"qa/code-executor-live-20261004/preservation-proposal.json","794","9200293074228990e96193aec46e5fb7dd11e8be64f8c8fc451d28d2592ac316","False"
"qa/code-matte-consumers-20261004/future-heavy-live-h130.png","37684","81d88829bdcd44e60864322fd9f13c8df9c823d51b708482d7f39c72499ec02d","False"
"qa/code-matte-consumers-20261004/future-heavy-live-h64.png","13718","cdb46b9d197944a9c3c06d9d45ddf2ecc1e342439dfc183201c5797cedb52794","False"
"qa/code-matte-consumers-20261004/future-heavy-live-h96.png","24220","f69c2e0de669871948956e122bd98b55b51c1098f0cb6bebf4b4f1a6e7637b86","False"
"qa/code-matte-consumers-20261004/future-heavy-v4-h130.png","108940","e1af4a914b31479e5dd3134b4be2850ee0724b122398fa53fc55ee31b7b12341","False"
"qa/code-matte-consumers-20261004/future-heavy-v4-h64.png","32864","c9068a867843fe38302fc67a324ae5af0a0e90dba859287f5605ab337fb13d71","False"
"qa/code-matte-consumers-20261004/future-heavy-v4-h96.png","65588","f13522f48a660ade132378e45551b7e15c7fb7bac38468eb64c0e4db0a5df3d4","False"
"qa/code-matte-consumers-20261004/future-ranged-live-h130.png","33044","e8c4fecccf297ed371d574c77dcb343486791aeb2abc6917dbf8fb8bd03c05b8","False"
"qa/code-matte-consumers-20261004/future-ranged-live-h64.png","12476","fa189efdf3a211a2325a3fc11e92c5f3c0c776bc2a50ae2a3c2aeef9e3c348f7","False"
"qa/code-matte-consumers-20261004/future-ranged-live-h96.png","22038","89ec68da4131540e8aa0ba039b7b6d76f9d36605a856ddf746b05c75e3f7e937","False"
"qa/code-matte-consumers-20261004/future-ranged-v4-h130.png","35650","5a80b353382814e1858568cdb2010f672546f95b6ef49967196d312c4d5d9cd1","False"
"qa/code-matte-consumers-20261004/future-ranged-v4-h64.png","11634","4efc2dc97f936e51d549d5e05c0e400d904c378ac46c0232837726e088b064f8","False"
"qa/code-matte-consumers-20261004/future-ranged-v4-h96.png","22518","9b83502e485ee69592808556b9b476d9a9c62b57ec9e610c5aece9072ae35910","False"
"qa/code-matte-consumers-20261004/future-transport-v4-h130.png","109979","f307362ba5c7531c83c156154fcf44250ac39414998b271323e900796c76e836","False"
"qa/code-matte-consumers-20261004/future-transport-v4-h64.png","33222","cf3eab032d0433e72b0f96704b0f020c07483fdceb13d98f62e069dc0ed0088f","False"
"qa/code-matte-consumers-20261004/future-transport-v4-h96.png","66351","5d78f8bd11e4f47e225e246975b12015404838b67bf06f7ad99c9c1c40a6297a","False"
"qa/code-matte-consumers-20261004/gunpowder-heavy-live-h130.png","40015","6f66e06654a7e4f00f9b67440d7a3bc2d4b8b8e01d60f329d1c0bfb9fb6357fb","False"
"qa/code-matte-consumers-20261004/gunpowder-heavy-live-h64.png","13821","d52a2ecd4420ce61af3e353fef01817ab144fd5bd2b5b57118a1bf58b7ab0863","False"
"qa/code-matte-consumers-20261004/gunpowder-heavy-live-h96.png","25147","e4e05ef2d075331c7f01d717a27cbf4d61448b0d1af295c8fa2d132b3328d9b9","False"
"qa/code-matte-consumers-20261004/gunpowder-heavy-v4-h130.png","89037","91016c77089a61a14542dd62f617b1f64dbf1c75095d6f9ca2026b58caff3263","False"
"qa/code-matte-consumers-20261004/gunpowder-heavy-v4-h64.png","29574","d5a86632a19e78d57ec2aff42e56b1887b522a9ed1c2df3864755e948efff70d","False"
"qa/code-matte-consumers-20261004/gunpowder-heavy-v4-h96.png","56251","84380bed3b306fcf2937339ecd5e6ea36052255fc3158f3f279eb9a93fdb72af","False"
"qa/code-matte-consumers-20261004/horse-v4-h130.png","68905","2f3c998829a93a9328e631484c9f6968b8a8db168e2ed4cd687d36e49c9bdcb4","False"
"qa/code-matte-consumers-20261004/horse-v4-h64.png","22877","cacc7ba3fa5668f613771a06b47047e426d9555986ec55a4c320905b717b3af2","False"
"qa/code-matte-consumers-20261004/horse-v4-h96.png","42976","05914eef3135a5d2ecdb814db44f06ca1be22253b324089e0d4c9ffda274934f","False"
"qa/code-matte-consumers-20261004/industrial-ranged-v4-h130.png","72360","266afc03628d8e826289ed847ec2e021661cb71619d7dc13235e764182279b3e","False"
"qa/code-matte-consumers-20261004/industrial-ranged-v4-h64.png","24200","a16768abce2c52c238513f68691d7f03a0682f23219f293e90930f0ab6cd0777","False"
"qa/code-matte-consumers-20261004/industrial-ranged-v4-h96.png","45265","331674a46ed8fdcb7a140522bbada68743630737d94cd9a15f8b42394d032134","False"
"qa/code-matte-consumers-20261004/iron-heavy-live-h130.png","42850","81d00adfacdb6a09fedec349f8bcfa25a1a15c06fd6640e61dea0e19dca2fcdd","False"
"qa/code-matte-consumers-20261004/iron-heavy-live-h64.png","15620","2cd9ee349f508c535397fe69d5c984ba932b30fd606b0297d02cb1f33dcb2b4b","False"
"qa/code-matte-consumers-20261004/iron-heavy-live-h96.png","27610","46674471f2a4fddd0db38d5e610aa6ffcdfe64dd6e59238aa260dc284458ee5d","False"
"qa/code-matte-consumers-20261004/iron-heavy-v3-h130.png","65444","c0635d3e7bb36f8207b33287c47dfadda5090f9e8d8822ee3a5f081401f3741a","False"
"qa/code-matte-consumers-20261004/iron-heavy-v3-h64.png","21251","6cf018a98c5209c719db723b844b48f2e39deeb1bba0ea5dbe5ea43e108733c1","False"
"qa/code-matte-consumers-20261004/iron-heavy-v3-h96.png","40438","d2c9ae8b513d6bf06d3fa892d3d550175f4cc4e80e75067d07576d1b2d0e080c","False"
"qa/code-matte-consumers-20261004/iron-heavy-v4-h130.png","77746","1e31f6d3cbf5e3f6b070deef5890de73bb449487b58db7de91feb4c2e24e0729","False"
"qa/code-matte-consumers-20261004/iron-heavy-v4-h64.png","22154","e86b87b7f0b657b1039bdc506d0cf19cd9d8b47c485cb4c62f48f8515b148d0f","False"
"qa/code-matte-consumers-20261004/iron-heavy-v4-h96.png","45537","aede9a02cd976b3a860ba4d340c104c2ae214db8dc50a7a8bf137f5f538772f4","False"
"qa/code-matte-consumers-20261004/metrics.json","6599","dbfc30c1207c34faf0e2cd9b662b07629b20f322bbb23150e69cfe927fbd14e3","False"
"qa/code-matte-consumers-20261004/motor-v4-h130.png","86124","7429e81d62f95eadc8302f7680b830041cc8bef7037611dccded43b3ff2ef9be","False"
"qa/code-matte-consumers-20261004/motor-v4-h64.png","26452","5b8508c0b3ac1bcdfd91549fe42411447b0e89106f545955f08dfab9a8a5fc71","False"
"qa/code-matte-consumers-20261004/motor-v4-h96.png","51994","16992559dcd179be3413d5ff6f3712887da65354d3cc6218c30fd540dbddb5ec","False"
"qa/code-matte-consumers-20261004/stone-melee-v4-h130.png","37094","1b216e39d7234d4bb7516aed32270e8e1f92a06fcbf0d67012ae2f509f0f058f","False"
"qa/code-matte-consumers-20261004/stone-melee-v4-h64.png","12760","77aa50bfa01f55c0d8aa44b1df825086adc41aabb233df99007a28c1980e613a","False"
"qa/code-matte-consumers-20261004/stone-melee-v4-h96.png","23272","b3baa5f47173419b1273f41744e57b7ccd4d760e01697be15a882c6c16a032dd","False"
"qa/code-matte-consumers-20261004/stone-ranged-v4-h130.png","42163","ef5d9699863ae189cf3e697379517289085194ddd4c9e0fef0cc2168a9a931c9","False"
"qa/code-matte-consumers-20261004/stone-ranged-v4-h64.png","14066","a6eed9a9dabc9816febb7d4429e7320b3bf084d32138e0f6fc36ba5e33063e1c","False"
"qa/code-matte-consumers-20261004/stone-ranged-v4-h96.png","26490","182e15959a548d94d8582ea8da331ce113e5fd97c23b90e9b028b73a20825dcb","False"
"qa/code-matte-journey-20261004/01-knight-pending.png","258482","86e5f65e8d79bb953e3528424e3935191b7ec02189166c95cab042c6099b559c","False"
"qa/code-matte-journey-20261004/02-ranger-walk.png","411927","44cf5617265fe7b592bff516f334c854830c2666a520ca3101856d5f64faf4fb","False"
"qa/code-matte-journey-20261004/03-kingdom-day1.png","1233347","6c5bf802f3bcbed3d626805bfb4650554cc70d194275d7bddd04cfa4cbc6b7ec","False"
"qa/code-matte-journey-20261004/04-recruited.png","97997","2568d9a925654f17096a2cf6e5813ff1f77696d0cda03e91b91525bb5f840c80","False"
"qa/code-matte-journey-20261004/05-iron-plate-review.png","94016","17f2d945ebf79af1bcfef5a17398b51324ba8969ae6ff9be9658619f64879163","False"
"qa/code-matte-journey-20261004/06-gunpowder-plate-review.png","92975","802b6967755f0eaea46ae984c28bd300625fe275713df1f61d970811a182fa34","False"
"qa/code-matte-journey-20261004/07-future-plate-review.png","105306","64a8c9d7ce5f4243bb84ec0e02f53da692661684ebb1fd28c2c3f2a68c8829b1","False"
"qa/code-matte-journey-20261004/08-mounted-travel.png","96192","5de8b69212ade6d685c052fa24b95ec66c818e198cc355364a5484eda06d9140","False"
"qa/code-matte-journey-20261004/09-after-tactical.png","65689","d355a1599319a24c6eb32d5d91d546a497e2663ead87495caabfbdfeadfdbada","False"
"qa/code-matte-journey-20261004/1180x820-future-panel-open.png","77982","0c946a572526b79df8518e729acf40996fd3fd884db1c1e6b208c70631d82e2d","False"
"qa/code-matte-journey-20261004/1180x820-hero-panel-closed.png","332255","11eaf9674addc898f961e19f06f0813e1783534432f7a9561f81b942aabc22fc","False"
"qa/code-matte-journey-20261004/1180x820-hero-panel-open.png","251012","4c43d91d708a8b3a415c9a6e38af7f6347b24d56396ef5a3777e75e61aeed456","False"
"qa/code-matte-journey-20261004/1280x720-future-panel-open.png","83118","22dd92d0ed064b3e3a362e432e908b76a6843000eae1535d93cdd4f46960f9a2","False"
"qa/code-matte-journey-20261004/1280x720-hero-panel-closed.png","337390","27c355794f77e4031f12d41957efb400c47266982d1bdd965fa16e67cc2303db","False"
"qa/code-matte-journey-20261004/1280x720-hero-panel-open.png","259005","436389b42f381f9a097156052145f0d5a12ebfc6ea7e745b3c5a1e43ccdfb41d","False"
"qa/code-matte-journey-20261004/13-siege-paused.png","37591","a33a9ce9c420ae4104e288016a6223db58d0dbc896012dc78c326e3a4552568b","False"
"qa/code-matte-journey-20261004/14-siege-resumed.png","37575","f0b1a5b070d9b32642f361f9e53a1908266b923850c824020a2848a10f1c232d","False"
"qa/code-matte-journey-20261004/15-siege-settled.png","31621","edeb471ac60490d2d5034e0748f6e64c76e76f505fc45f12c402a3aeb00b6c5c","False"
"qa/code-matte-journey-20261004/16-siege-reload.png","55085","9af9842ad01a24dcf9276fd83c66deed4838c19db435ac11f6493706d164a864","False"
"qa/code-matte-journey-20261004/17-endless-running.png","39704","ebcda1a6d5f097f6350f11ae6f58183ac7016553d5ae5aec7985bf5daf39fbd0","False"
"qa/code-matte-journey-20261004/18-endless-paused.png","39669","775fef2284c94c483ada55d5fe8322b59494bc8025006b62c9e3297aa47128ba","False"
"qa/code-matte-journey-20261004/19-endless-settled.png","33529","92807938786cb9fc1689c41d57578965b1b34ff20709d4f90b1217a983a8ea88","False"
"qa/code-matte-journey-20261004/20-forge-fixture-imported.png","1255142","b37400e694a166c812c9b996d42304893cf44823b6ce8bf5a220682ca9402361","False"
"qa/code-matte-journey-20261004/21-six-slots-worn.png","259967","24a4593e7ed2bfe21f98f09896e6a88e3b71089b4efeb81a4a3453fc4191124c","False"
"qa/code-matte-journey-20261004/22-forge-reload.png","1255125","27acc69ff7faf99f789e1711bdec72b1f267d7ef7c7822c8677dd57c848e521c","False"
"qa/code-matte-journey-20261004/23-future-army.png","105209","8fe37838420d7e32ceb7a82098ca6fdc6e9c8952c2dae29ff522bcd6778fbe4f","False"
"qa/code-matte-journey-20261004/24-future-mount.png","82938","01d87ad78591b55ce3482f7c11662404af704932553b3e2c1387faecd3dbdf43","False"
"qa/code-matte-journey-20261004/825x375-future-panel-open.png","39794","ad351697ed66200fb7a977dae60d42d1beb5841d6d8b00084663f01165cfa01f","False"
"qa/code-matte-journey-20261004/825x375-hero-panel-closed.png","89596","1bc539a2e9129d89b36e428d3b99ec128efa1e64f1345649c72fde47a32a95de","False"
"qa/code-matte-journey-20261004/825x375-hero-panel-open.png","84387","034b50a6ea3eb8844bf3bfa5ff9969ff723521b01d9ef8f23be5625f36d37636","False"
"qa/code-matte-journey-20261004/933x424-future-panel-open.png","46305","035da5ab43508b4a9313465cf2cd28272226adeaa909807d7f4e566a91964bce","False"
"qa/code-matte-journey-20261004/933x424-hero-panel-closed.png","123699","6bc0bb5be766a3f702950ec22c70b0056129e91e5c7413e6ea38d95ee8949db6","False"
"qa/code-matte-journey-20261004/933x424-hero-panel-open.png","114493","39b4b6b4d28f2b84138e3198de0706580f09b3523097db84e510661f1d468a28","False"
"qa/code-matte-journey-20261004/build-barracks.png","1258697","bc9cb7bbc40ea00fd5d44f1d22b44c9cb8a4166a3fc42ea5ec6b9a1eeb9a66fc","False"
"qa/code-matte-journey-20261004/build-farm.png","1253034","ce90b4b9818f8c85d820115ca6a6f8e6edc76d0fb584191d95d1abb45421faa2","False"
"qa/code-matte-journey-20261004/build-lumber.png","1250984","24c4b23c29dc6df406e38987e841b72f66434e5bbcb214ebc01766ae27889f75","False"
"qa/code-matte-journey-20261004/build-quarry.png","1256969","b0fb8f053ba379a21e9e3510601ad2cc155a9be9604024bb05bf6aa899eb7576","False"
"qa/code-matte-journey-20261004/checkpoints/age-1.json","96","868d4d2de8024e454d32f30ee8f68c7556d7ff071fb6e6ecff5faf70028dd212","False"
"qa/code-matte-journey-20261004/checkpoints/age-1.png","1221379","bbf52d1b87b9d90a360f6d0af0a38ad31aa0013dd91ed207c594fd56aefce807","False"
"qa/code-matte-journey-20261004/checkpoints/age-2.json","96","4c525bfddae1475d27d9f294b617f0a46e3bf03a4b21039019375a2ffaf88038","False"
"qa/code-matte-journey-20261004/checkpoints/age-2.png","1293269","8a5287e17832587696b1cd2ff3870b82c045691588ba9fdfac18a2d91f1eee4f","False"
"qa/code-matte-journey-20261004/checkpoints/age-3.json","96","eefa0fc45cff9cf2620f0554f7191db75695b6bf3e1cb8d609866b5f87f7c661","False"
"qa/code-matte-journey-20261004/checkpoints/age-3.png","1247085","c7095890e8361188b43eeaa71746d17758e9b7e6db03d6a9a8da58f37368404c","False"
"qa/code-matte-journey-20261004/checkpoints/age-4.json","96","214c25c84ca6e37a4ea071a4a3cd34f13e0a8cf534d37509a1d1b55041f406fe","False"
"qa/code-matte-journey-20261004/checkpoints/age-4.png","1251438","bc2887ca7bf83a993e8fc02b12b4dee3f971e12600d3da8a811703fba130882e","False"
"qa/code-matte-journey-20261004/checkpoints/age-5.json","96","f7ffc65222acccddcec90d862111f63eb268143a608040db1a5bbf75a8f5705b","False"
"qa/code-matte-journey-20261004/checkpoints/age-5.png","1270448","bf9073e802c51ee863827043d65df4016a465795519e17963b1537ccfea01a1a","False"
"qa/code-matte-journey-20261004/checkpoints/age-6.json","96","71ab0c031c8d8dfa54ec710b81d87f72a66287e0f642ecb8b55e958a61764647","False"
"qa/code-matte-journey-20261004/checkpoints/age-6.png","1305084","62862c967a3489224ab3782cf5f29599cfd61c997ba4ba463104cad3dc37ee7a","False"
"qa/code-matte-journey-20261004/checkpoints/age-7.json","96","8fb77e38c4c5359b2cdcd50129e9996d5186c0d20d4dda10a137c4eb1d921cb0","False"
"qa/code-matte-journey-20261004/checkpoints/age-7.png","1195890","54eb82a67f7afbe7ddec6512809380b855f36b248ec906a1ecc60b8720b8f8ed","False"
"qa/code-matte-journey-20261004/checkpoints/age-fixture-stone.json","2465","483eb977d081853aa97279f5686bd51a29134436d4b4ebe1fe32eba254a677c3","False"
"qa/code-matte-journey-20261004/checkpoints/forge-fixture.json","2586","1581f06ba24b88aa5d2a4920d5a9da468d1d5e04354c59bd88a024a1d08b388a","False"
"qa/code-matte-journey-20261004/crops/future-heavy.png","13752","de46129a5d3d287d6306bee3db6c45062ad2ad4bcd3bee03a2b1fc76b5acb271","False"
"qa/code-matte-journey-20261004/crops/future-ranged.png","5058","76d0854f5b37624f2b53d8d9760cb6bbd9f932006e54caa65d6cacbbd99aacc1","False"
"qa/code-matte-journey-20261004/crops/future-transport.png","5766","946950141863ad824c4018ed9d9c374d5f3cf1c7a6e384c3648f82aacbae9945","False"
"qa/code-matte-journey-20261004/crops/future-travel-transport.png","7342","50f553791a8ae5aaa0007b8d7c5ca90f417090b6e7a5fa5214eb80c23890ed61","False"
"qa/code-matte-journey-20261004/crops/gunpowder-heavy.png","6748","c48d9197356fc40e15ceb99a8add2af7bc632ae9e8e71ae1c544591f6be7b10a","False"
"qa/code-matte-journey-20261004/crops/iron-heavy.png","9055","6c50217d28ea56999d7df6e594d0869a9de3a716a45b167d871bba093a6eb745","False"
"qa/code-matte-journey-20261004/crops/knight-pending-card.png","216470","26eb65c786cd9bf2a4745dc5e2519bac81790a0daf7e94f7171fb82612f564b3","False"
"qa/code-matte-journey-20261004/crops/mounted-horse.png","21140","cb088f2cee963992ce0ac006b398010411b4fa621c34c3f6e9170e0ea5d38a6c","False"
"qa/code-matte-journey-20261004/crops/mounted-rider.png","7740","755540881a177f8a7298c373f4066586d8819b320debeedc3aca1ff678815dcc","False"
"qa/code-matte-journey-20261004/frames/mount-0.png","96739","f650fee90b5fc1240c95606cdbbf145f0b9b5d5a14db0b554324fad01906791b","False"
"qa/code-matte-journey-20261004/frames/mount-1.png","95901","289a3653265a92c75b04e730bedb0fe0d6848759094392b863357e2053db5b3e","False"
"qa/code-matte-journey-20261004/frames/mount-2.png","95553","ca80c98da2afd529d4bd879b1b437c25aca11ecbe1e87953d5717d4274de7544","False"
"qa/code-matte-journey-20261004/frames/mount-3.png","96501","6491ca121f42d26137ecd1b09db841b0054f7264ed62fb8040f5b6850dc6b52b","False"
"qa/code-matte-journey-20261004/frames/ranger-walk-0.png","412333","a4b4de5fe24f6faa47414443b25bba692199643d65ee3866ca0ec598c7b868c1","False"
"qa/code-matte-journey-20261004/frames/ranger-walk-1.png","412469","669c50788f3e1152bbe650dc9f4b13f07b85cc911377c9de567d6ec9b705d593","False"
"qa/code-matte-journey-20261004/frames/ranger-walk-2.png","412502","1587243b0071b47b21a5224f176d71f259df7a70c26181ee9a0a536e6e2e6701","False"
"qa/code-matte-journey-20261004/frames/ranger-walk-3.png","412404","126a07499d2d3e7cf5e5f14a2ecba5454adcc43a4915afd05d961dbe5c5260d6","False"
"qa/code-matte-journey-20261004/report.json","22075","106451efbd2667799bab802ed15aee267108165e61d08afbcc99a9e0af6d6adb","False"
"qa/code-persistence-audit-20261003/adventure-1280x720.png","41927","3058e47cd12a9b146eb9421e4cf7f0b839c167167e9eb63c14dba82838abcefe","False"
"qa/code-persistence-audit-20261003/apk-manifest-scoped.txt","293","0a079c603b73c1ae4b36c8aeb8e9bae6c3489039115a091ff195b20626d6e9d2","False"
"qa/code-persistence-audit-20261003/apk-permissions.txt","49","91f9ef02e67ff659d145a566ea94a470aad8ce492593ac4c374931a20ad85f6e","False"
"qa/code-persistence-audit-20261003/browser-logs.json","2","4f53cda18c2baa0c0354bb5f9a3ecbe5ed12ab4d8e11ba873c2f11161202b945","False"
"qa/code-persistence-audit-20261003/defense-1280x720.png","54459","9b59863989c5222f1e0974b251f3b66ffbc9f8fd874d9929a00d6247a667ae03","False"
"qa/code-persistence-audit-20261003/final-checks.json","862","69a2f927f9ff3ba31a7fddf6009d9c468e6015b376cdff5b7cc430004f5c5b79","False"
"qa/code-persistence-audit-20261003/finalize.py","4240","1a7a315535222c1f70fe531157c3459ae24ba2bbc76ba22bfb09b45d0a7371f0","True"
"qa/code-persistence-audit-20261003/hero-1280x720.png","38864","a57f10261de91ce1d65f7f13d692e735b3d86fbb24ecf57e9e16cde7e3a94fd9","False"
"qa/code-persistence-audit-20261003/highres-local-refresh.json","6102","460c11805381351e0813c92d384219b606183d7e7ea57c090ee8497240c58eff","False"
"qa/code-persistence-audit-20261003/highres-refresh.py","1347","9e7392370a7a81dfd8fd7d84b86c97eaf01259538915dbf90d3d6f18106f364f","True"
"qa/code-persistence-audit-20261003/kingdom-1280x720.png","180791","96b90dd7d3c7d2ae22d203dbd4cbc62f9b5def552602953e71e8d42d3eacf356","False"
"qa/code-persistence-audit-20261003/kingdom-825x375.png","75467","29cdbd832794c502d1586d56b2d116688728aa7573dfd8fb4c751dec17edcff7","False"
"qa/code-persistence-audit-20261003/kingdom-933x424.png","92415","18c2a829fa5ef7a315cbb31c32b969a53ea13271b3de76ea7c5325d195a09869","False"
"qa/code-persistence-audit-20261003/owner-supplied-stop-message.txt","1009","b8d2501a89cdbe418a0d37143fab2d412176570da3f846cdaf48cf9847f75aa8","False"
"qa/code-persistence-audit-20261003/phone-sites-933.json","3763","bb34c711f6ac8ed06bc23008869b544fe1254e48ea31177989e2e2f396ce1d22","False"
"qa/code-persistence-audit-20261003/phone-sites.json","3643","00c0464e95445391cc7341dc8afb87aed86c52b26dd6c6595fd035bd6cb9e2a2","False"
"qa/code-persistence-audit-20261003/probes.json","1029","5376b5c6259ab8e7727e93c7074b74d2bef3832fb2450da021647ed747335926","False"
"qa/code-persistence-audit-20261003/probes.mjs","2355","3a937861fa49a80d5b177b891c14d0ec025097579966eb8d2d2c192b89ae06bb","True"
"qa/code-persistence-audit-20261003/snapshot.json","11486","e70415b70d9ce7f5bad94d8acba5f6334325f51819873e44e0377449f6a4cb6b","False"
"qa/code-persistence-audit-20261003/snapshot.py","3576","8e9d9f0c8383192a721fad77ae49b7213f4c1b9b30097cc1f9e5b4d0af3146c0","True"
"qa/code-playable-20261004/01-kingdom-day1.png","1216607","879f62bf2e682bcd08b8fb2a7aa1e7f479111fcbd33428e8a3466a8078aeabfa","False"
"qa/code-playable-20261004/02-recruited.png","101835","1ba62571cd1927768524e790bd065029900c2b42f2b6dec63d8866d4c1fdabf2","False"
"qa/code-playable-20261004/03-adventure-town.png","75745","05b959d45d7168a6c6f3484af9cb481b0f775a3b03dea6eb5cb842967cc33623","False"
"qa/code-playable-20261004/04-travel.png","113988","26c940c795bca9f85ca6cc2b6b4bfee7c4ac53ec15c6a0877109c5603171b490","False"
"qa/code-playable-20261004/05-tactical.png","92026","412836cee4b9676de2a427ddbc46f0f0ba008ee9de53d88463af627a612ba166","False"
"qa/code-playable-20261004/06-battle-result.png","67292","98dfd179e88d8e5d233d57e9d786abaf2d6ef62a1e68edcf10b5fb708e9f8777","False"
"qa/code-playable-20261004/07-no-loot.png","67292","98dfd179e88d8e5d233d57e9d786abaf2d6ef62a1e68edcf10b5fb708e9f8777","False"
"qa/code-playable-20261004/08-returned.png","1244676","ca31f7f7f855d068bf23c5503659bda825e76e9de9383a3709f5c8f45275e1c6","False"
"qa/code-playable-20261004/09-workshop.png","1246882","51347cf4b5b80d6191a9e79ce82ac1529f86df6df3adecfe89609757091bed76","False"
"qa/code-playable-20261004/10-splash.png","67119","85380c17d995a0b3c144869fd72eae9dd17a8ca50b7864e51c6365b5395f5517","False"
"qa/code-playable-20261004/11-defense-running.png","80815","6e22a6c36c74b8c8bb7519114e23394e7d9afb010ff0d3d1377f41349024693b","False"
"qa/code-playable-20261004/12-defense-result.png","66839","86e18db9e4c516f0c4eab2b7f7c9c2aca242458d35d928409ff5f966259d6bb3","False"
"qa/code-playable-20261004/13-reloaded.png","67741","763fc4f7e590712602ba1402542ed9e8a3629a61039f4329dc611b09d0f449ec","False"
"qa/code-playable-20261004/build-barracks.png","1244682","1295e1a179e7cc2bceb1b594c5cc99ad79f113973a282b39f15b50a417fdbc17","False"
"qa/code-playable-20261004/build-farm.png","1239691","a76fa31c5464bfa94c1f651a19250038ef0a79a1b6440278c76ca2865ebf8864","False"
"qa/code-playable-20261004/build-lumber.png","1236718","d76cf1d8393ced4530516a87fb513d348ac92ad47b9f996aa66e67223a171efb","False"
"qa/code-playable-20261004/build-quarry.png","1244131","c901a00cf51bd7040e5d28cfb8ada558f5497c4c00c22462321c141dd13f6a3c","False"
"qa/code-playable-20261004/kingdom-1180x820.png","1575807","aeed08fd04b767fca091c220fa994f7e1b29be05ac5bae7b87c3c8263ac8586e","False"
"qa/code-playable-20261004/kingdom-1280x720.png","1216590","66fba553da9c5fe9419d9ec2027f8bc85fe09998bba0f747a660b723504e906b","False"
"qa/code-playable-20261004/kingdom-825x375.png","331992","67c98ad46da0533ce1f06ecdfe8bf66a5e389078a75772fcb4b130e7c90ed860","False"
"qa/code-playable-20261004/kingdom-933x424.png","483715","8ada2da24524a35df505c6a3e8307970519e3851efd626e9ccda495272bc6867","False"
"qa/code-playable-20261004/report.json","10140","ef348bffa3fbe45228254e64506bd5a200833f88a5f1f4c73cbd3e280b3a060b","False"
"qa/code-ready-20261004/ancient-knight-card.json","458","bc383b99e210955c139cd93e2b380e164df103bc207f77270e1ba3ed3fa3f11c","False"
"qa/code-ready-20261004/followup/01-iron-captions.png","94545","3c754c18930bb9c43b9b9632ab5248808e3612b687517ef14c542428c2d4456d","False"
"qa/code-ready-20261004/followup/02-mounted-review.png","95591","79b0fbf952e0048968f45dbc137af78a2a81936c4b55b42087416fe4558e6ba7","False"
"qa/code-ready-20261004/followup/report.json","691","5cd59da6ca805573ac32f12d6239088e5091629dc39d62baa9b78fa37daccda3","False"
"qa/code-ready-20261004/kingdom-proposal-after.png","15404","c74a91129840c7f80a890ca25ad67361583bd7ab2d2c19901cb39193f3c44d10","False"
"qa/code-ready-20261004/kingdom-proposal-before.png","2162819","3ab0b39c9c975f8e33c095c48eacaeef644dc638ba8334dca65ee51efd9e9cf3","False"
"qa/code-ready-20261004/manual/01-knight-pending.png","257746","69bf1e5f8ccbf3a70ae69d9a70bdd6cc3aa490f275c5f25bed7b87685551a9d7","False"
"qa/code-ready-20261004/manual/02-ranger-walk.png","412203","7cdae87e83b677eb32ea859087c34eee49ab9eea2f8efc70a3a577ad1cc66c99","False"
"qa/code-ready-20261004/manual/03-kingdom-day1.png","1233347","6c5bf802f3bcbed3d626805bfb4650554cc70d194275d7bddd04cfa4cbc6b7ec","False"
"qa/code-ready-20261004/manual/04-recruited.png","104720","d716bd1034f66e99d4b1c5539e2b7421d91dccb91dc9a9875a8f09f9826cbff2","False"
"qa/code-ready-20261004/manual/05-iron-plate-review.png","102158","8db88d612f347b10976cee9ea8b726efbda7a067805f6d68b8d9aa8724d0e416","False"
"qa/code-ready-20261004/manual/06-industrial-walker-review.png","108666","126f3197f72374074da4f8fe947f28dce6e201c625275f9d571c0f36628d45b3","False"
"qa/code-ready-20261004/manual/07-travel-double-confirm.png","91390","b0bcaeef82e68a98c6c8db1dd035e0ffb145cce107bae86ccd030a17f4f5332b","False"
"qa/code-ready-20261004/manual/08-after-manual-tactical.png","65339","9b4d89f7beedc0895a2dddbb529cbee93ec5b91aeb9afc7c88b6e1de00eda52b","False"
"qa/code-ready-20261004/manual/10-after-end-day.png","90636","5c718ac87ea15ea7dac38d23eb4b14ad9a5fec1ccfa2d996ba21c14bb1b728b9","False"
"qa/code-ready-20261004/manual/11-forge-without-armory.png","17103","a8d5d6d06e59a4ce9fb326265e043533c0b0f52eb8d4fffe968d4a47b4880c14","False"
"qa/code-ready-20261004/manual/1180x820-panel-closed.png","381989","7df9ef5bfe93daa2bf2fc545c0d777a3c6cb22f449ef799c811a32499629553d","False"
"qa/code-ready-20261004/manual/1180x820-panel-open.png","295930","477808ad304fca4a46e95c9182c6df8e72561531f23c40f05c9cbb4adebb7272","False"
"qa/code-ready-20261004/manual/12-market-stone.png","15333","d5fcc0b4e4d35bb94036f1cfdb78abc4b80e2bcbaad244dc397c731e2a6057c5","False"
"qa/code-ready-20261004/manual/1280x720-panel-closed.png","387866","34160e2f7d8a30cffc9b266b4df29ceed9cd07c098f2d8c91631847139cec2b9","False"
"qa/code-ready-20261004/manual/1280x720-panel-open.png","302799","2cafcd0d8a3a149dc5fdbd02d55330481c0879f15509bb44169cbef79889038d","False"
"qa/code-ready-20261004/manual/13-story.png","16714","d8a6bd718ced333040ce076cef064b9646dcae82fd7a65b0c87eb2b3f35ac77d","False"
"qa/code-ready-20261004/manual/14-settings.png","15675","eeb0da8857eab9f2a9d9094c5b9a29c43a94c12a36bde07cbcc2aba2a65faff2","False"
"qa/code-ready-20261004/manual/15-help.png","14223","72426ab399ca0fe859c9a1a68b9310fc3dd211b85cfbae5e20e7c17e19446b05","False"
"qa/code-ready-20261004/manual/16-reloaded-slot.png","54705","e5b7bcdac496e8fbec1e90aa408071e0949e349b040eed5658567bacdb647ea1","False"
"qa/code-ready-20261004/manual/17-war-challenge.png","78683","aa0a59c5de907ff8a00e602a33ffb9e2b6af1722765615b8d362ab4e49163fb8","False"
"qa/code-ready-20261004/manual/17-war-duel.png","79258","fc775195594caf2ccf9704ce6fce338e23880ff8700932d8fda8e64a9a470ba2","False"
"qa/code-ready-20261004/manual/17-war-endless.png","37851","d71fcca5249cb20d5f92e930ac5396c527e84faf53a0c1b4b05c108c9e7eee52","False"
"qa/code-ready-20261004/manual/17-war-siege.png","38366","94b53a95dcd54c074f621b2b4c277abe5f5be081db55bfd3dd57e07412d5eee3","False"
"qa/code-ready-20261004/manual/17-war-skirmish.png","78931","53aa33d80839db7d0bc3eb567a4e3c99ae1f8aebf3d57b9b73da888916ebc3df","False"
"qa/code-ready-20261004/manual/825x375-panel-closed.png","103078","47cac1197fbb8cc7680ee3cf042f8007460a88c90298b1960b55707ff37d6f0b","False"
"qa/code-ready-20261004/manual/825x375-panel-open.png","99152","9f239fa0d925786793fb1d2d3ea7eec47abd015b7d0cfe0ec2b8b6e2bc20729f","False"
"qa/code-ready-20261004/manual/933x424-panel-closed.png","145565","5e2f2abb036e2f319b1c8eb83f715b0b984f2217c10f35b17352a5b19f853e51","False"
"qa/code-ready-20261004/manual/933x424-panel-open.png","132736","203da4099434c84b564bbb0744daf46b2f0e103f0e65c5a9a3f695d3fc24f0e5","False"
"qa/code-ready-20261004/manual/build-barracks.png","1258697","bc9cb7bbc40ea00fd5d44f1d22b44c9cb8a4166a3fc42ea5ec6b9a1eeb9a66fc","False"
"qa/code-ready-20261004/manual/build-farm.png","1253135","dac8728332f94a0530c2bb171d10c57ed0f8d3f60c4fc0c395b3008e60bc73bf","False"
"qa/code-ready-20261004/manual/build-lumber.png","1250984","24c4b23c29dc6df406e38987e841b72f66434e5bbcb214ebc01766ae27889f75","False"
"qa/code-ready-20261004/manual/build-quarry.png","1256969","b0fb8f053ba379a21e9e3510601ad2cc155a9be9604024bb05bf6aa899eb7576","False"
"qa/code-ready-20261004/manual/report.json","13449","7e5d428b5b6bfcbb451ebf3b747a4e194007fb9257dc2a848b42b63ec8204d0a","False"
"qa/code-ready-20261004/plate-hashes.json","169","00bc02ef197b07d9786f66d3a3f6a85c982ef0c57516aa23cee087820394f58a","False"
"qa/code-ready-20261004/ranger-extreme.png","222589","3ef82ce83a48ad75f92147429a4d1566eb1a50f584a672f0d7cf433f96578253","False"
"qa/code-ready-20261004/ranger-idle.png","247290","73b29e5065fe591c7654d320ce977b985f47f74ac9d3213ff29620ed0ff2fa1d","False"
"qa/current-game-image-refresh-20261004/apk-current.json","75972","7f9389b4b0c235885e635fec6e9ce988c6d716fc409327350cb9d79a286c78b2","False"
"qa/current-game-image-refresh-20261004/audit.py","5816","02081eb0bee52ee353bb314f60fa164ce7b65feb69dc99511409108578032431","False"
"qa/current-game-image-refresh-20261004/code-screenshot-bindings.json","11310","503fe8ec00df98c05d0242c0e07bc4b32ee4e55afb33882f95f6861fed105c2c","False"
"qa/current-game-image-refresh-20261004/defense-geometric-coverage.json","2522","7502073d165198f3de8ce6a0f60e711c243ba67f53579451b4c4eea814713ef2","False"
"qa/current-game-image-refresh-20261004/deliverables.json","655","03788221a3076cbcf213ba7984766107ad7f921cd70e8de775ecd0f817e48bc0","False"
"qa/current-game-image-refresh-20261004/diagnose_geometry.py","1255","cd277c69d10c756f524a77ba92e5e87ad6aab8ac36b5f623dac81fdc13589370","False"
"qa/current-game-image-refresh-20261004/executor-local-narratives.json","3724","d20951f997607918e0ff89cd2ee3b65946a5d256f553747252159201bf19c277","False"
"qa/current-game-image-refresh-20261004/finish.py","1751","919e055aa14b804acf15a1b198cc30aaa784e0e1c9f4d360bc6deef53e772346","False"
"qa/current-game-image-refresh-20261004/handoff-preservation.json","1587","9cdd0c664646bf207e7130cf47917b31e2a6bc38894c6e9015b8f41ab6ce4d58","False"
"qa/current-game-image-refresh-20261004/image-decisions-current.json","14027","f882903ca9fd1f52f186a32e805df9f17f573d0cba35f309bec01081de83e92f","False"
"qa/current-game-image-refresh-20261004/image-explanation-reconciliation.json","2471","4baff54dc29b1e413a7a40f3d8cef008000d349060d4687bcf141c7a25350b6d","False"
"qa/current-game-image-refresh-20261004/image-v5-bindings.json","14772","9942769ab8f7cd0352ce97ecc5cfa0e77c4cef8f4ed415d4610ef69f5a64455b","False"
"qa/current-game-image-refresh-20261004/preservation-result.json","234","18f166bea2e401dd36a9aec7d06f3c0d8e8941ab722fe2c34129e3516f121e6e","False"
"qa/current-game-image-refresh-20261004/protected-before.json","725161","7d1c5abd94aa22d840eb9d150a34dc1972c91131cd9fb7a1fccdd02973c9f7d4","False"
"qa/current-game-image-refresh-20261004/publish_handoff.py","2645","11d71bf82c1b3501f2bbeebd5e8ca3191830b8f4f3195cab8bca65b6bf9717aa","False"
"qa/current-game-image-refresh-20261004/reconcile_image_explanation.py","3170","bce16a8c3778939d604d44b145b81472876c61385cdb5a3c8cff1f4f20e6b1ba","False"
"qa/current-game-image-refresh-20261004/required-reading-inventory.json","5744","be1ddf7de3216a7b95d4d1ca7f8c46222137cdb9615f998a6bf6dca3f0dcb374","False"
"qa/current-game-image-refresh-20261004/rig-native-sources.json","1252","856fc2651fb0705b2d3fc5fdf01c4606ec234d76dfacaf6e5db4f311a2712ffe","False"
"qa/current-game-image-refresh-20261004/summary.json","324","fda43fd414d9c373a4f2b02054a8f4c49c784dc5bbba7e40f1c9dc9302f5a859","False"
"qa/delivery-20261003/visual-gates-current.json","971","01f86ecb1427cd6a90b74a693c20a4137936d239d888f21140afb41c13d693e7","True"
"qa/delivery-20261003/visual-gates.json","5688","34ad9f6956846e9de3534e656cc1d87142d0b2d387adefb0608cf9b1ea70f8f3","True"
"qa/foundation-start.json","326","01881feaa1d10054a541460b62e95b143ee03992826f4a050c1929447f9c71a5","True"
"qa/full-asset-verifier-20261003/all-source-review.json","375539","c19f7e0f45add202ea1ed8cdfd8d3490b8255541435230bd8c8d7dbc8b31de9b","True"
"qa/full-asset-verifier-20261003/alpha-comparison.json","1127","6856e35b08c4767180b89c06f118f9aeb7a86ce2200a2d9cbe0b61549f2ae1a8","True"
"qa/full-asset-verifier-20261003/associations.json","88961","208ec07431804eec5ed451c1456698ac92a1b8f86442abd786629b22823d4659","True"
"qa/full-asset-verifier-20261003/associations.py","1880","4a97763795ca04dfdcbebc3e9e48b4a4d9a449acc406323dfd2a6dfc1de00ac3","True"
"qa/full-asset-verifier-20261003/attacker-stone-brute-native-crop.png","211385","2fb3d52c0aa2e817820d194934a55c63d50707b2e56f489561db701152c17a0f","False"
"qa/full-asset-verifier-20261003/civilian-transport-modern-native-crop.png","1062952","d10bc8a53a10ad47ea759b17650a0c8ef2e63c373290ca18ab1e8fd4628e4ebc","False"
"qa/full-asset-verifier-20261003/current-delivery-review.json","16984","72123d47acce20f0880e08fdf243fb5aa6c38e25ffd22afbab51597e2751bb47","True"
"qa/full-asset-verifier-20261003/current-gate-checks.json","3182","4c1ea50210565385ed5d573e813c839b9de784698045463a158aa36c9a04b53f","True"
"qa/full-asset-verifier-20261003/delivery-1.jpg","575655","b087562f2338d5a1dde947834d578867adf5037709d8987218f4ce304a8360f3","False"
"qa/full-asset-verifier-20261003/delivery-2.jpg","450653","a9f44397377a2ffed3047ed434352ec7c8c4ff087f2751769fbfdb3e15e0f201","False"
"qa/full-asset-verifier-20261003/delivery-3.jpg","408269","55060816aebf723fd31f71e709161c72f2c64b2f566183e6b8e9b990c2c5cda9","False"
"qa/full-asset-verifier-20261003/delivery-4.jpg","611184","389ba8ecf3310c2372f67328149cf89dd633e9d05b14c6e7b546ed2de3b4d4b4","False"
"qa/full-asset-verifier-20261003/delivery-5.jpg","127581","8b28508e36e44ee45b4b8fb143283a91275a6d71d55b7ee32a3d295c2f150ca8","False"
"qa/full-asset-verifier-20261003/diagnostics.py","2826","af6782ab07125d84be12d57a2a7c40c88030aaaeff2ceabb5dbc1af252ae8f94","True"
"qa/full-asset-verifier-20261003/farm-bronze-native-crop.png","358925","485b2491cd8609c54b01c7a97dea88b8e6630728a152033c21fbad66c0710622","False"
"qa/full-asset-verifier-20261003/farm-future-native-crop.png","1442470","3ed81f2189f3ab7dab68f397633133f5edd86951a93680a32050acaaaa90638c","False"
"qa/full-asset-verifier-20261003/farm-stone-v2-full.png","946481","dd586786e21102ed86c7bc893f470b181baaa3c8b58ea5c4dab4031bb2e7aeb5","False"
"qa/full-asset-verifier-20261003/final-report-checks.json","1871","2d82558f1f83230ebc085f87519cc6b0d3361bc60a5a73a8fe509189d09aa90f","True"
"qa/full-asset-verifier-20261003/five-batch-authorization-checks.json","5498","7df0e6b3ba02afa0bf72230e5832f4bb69c00cee55af829b3b9814430061947c","True"
"qa/full-asset-verifier-20261003/inspect.py","4141","4991b0e3faa9c36ac702196514d2566122008692c1b6e3b53c820f54912e79ba","True"
"qa/full-asset-verifier-20261003/inventory.json","266934","fcbcc8f87c01a9b10ca48dbc0b250b2f922092f56b739917bd63a5352aca2623","True"
"qa/full-asset-verifier-20261003/lumber-industrial-native-crop.png","643841","f211c613e4697f91b4e2b8f15016ceab85bccc107f9a46c308e6948caffe27be","False"
"qa/full-asset-verifier-20261003/lumber-stone-v2-full.png","1111563","bd35c2e59c32047ab6afc9a9099fcc799c97da1c61eca54db2fc517db52010af","False"
"qa/full-asset-verifier-20261003/mask-distance-diagnosis.json","333","6f9231880589d5d782f173b48f57412ee3892c159feab063373e6765a109e9d1","True"
"qa/full-asset-verifier-20261003/mine-stone-v2-full.png","1018982","d46d8ad3aa96d0ca8d0c286ced34e6c60aeb875499df2fe8dcd626a9a202f378","False"
"qa/full-asset-verifier-20261003/planning-history-preservation.json","4168","ac7a77484a76c1ec97bd5b3952d34d814a650ebc258496ebd79fc5e1816f867c","True"
"qa/full-asset-verifier-20261003/production-01-20261003-page1.jpg","890853","ec8f131a42cf243405f2c997ae4e4e1e0c55583b09434ad04cd06227d5d53ceb","False"
"qa/full-asset-verifier-20261003/production-01-20261003-page2.jpg","679278","2a8d5fee2b7eb2924f5a47d85cb5764e427b6e103f9afe3f02343f45c8955f72","False"
"qa/full-asset-verifier-20261003/production-02-20261003-page1.jpg","402370","5d04ac413d3356225d35d1b06bdc9b68a753b51ee3dab99328866e2122400f6b","False"
"qa/full-asset-verifier-20261003/production-02-20261003-page2.jpg","500686","ef225c4d089be2f556b1657e32d9ae99c4110935640fdf899638a9c3041f4c51","False"
"qa/full-asset-verifier-20261003/production-03-20261003-page1.jpg","1044547","beba7bda384e839d7b1b2f4596c9f41f1242f4d1dca7c7fa02b274db1e29c33a","False"
"qa/full-asset-verifier-20261003/production-03-20261003-page2.jpg","978281","8f283d6bf7a53610ee456fd968a91af0665c464ed5f13c49ec71e194c506e77a","False"
"qa/full-asset-verifier-20261003/production-04-20261003-page1.jpg","648052","b2e381015802e39c0363c1248ff20fa09570fe5255e2976bcd78406ac2271708","False"
"qa/full-asset-verifier-20261003/production-04-20261003-page2.jpg","635208","1c4a24905c579a0ea08ecbe7e786bcde183f71fe5fbed4473fe640365ba20ff5","False"
"qa/full-asset-verifier-20261003/production-05-20261003-page1.jpg","620466","d7f3bb43378f593702ecc6de551b45e2420132a832c7db8b0e0eb14141e1536e","False"
"qa/full-asset-verifier-20261003/production-05-20261003-page2.jpg","566332","1421c9336acc8067b06afa822d9181e201ee99570954d11682c6c7893cf2165d","False"
"qa/full-asset-verifier-20261003/production-06-20261003-page1.jpg","570867","099a21ab656cb44508f72b94820638918a9d49696188593a14e544167da736be","False"
"qa/full-asset-verifier-20261003/production-06-20261003-page2.jpg","604492","3ee60d74bd3bad24efb6fe47ea4216f9db966d7bf45c10be325deaeb2a5b15b6","False"
"qa/full-asset-verifier-20261003/production-07-20261003-page1.jpg","418337","2ded2d16ce68c8518af8d2876d68e08ae51ef7806dc0f8bfa6711e2074242e57","False"
"qa/full-asset-verifier-20261003/production-07-20261003-page2.jpg","433673","4e463e9e370199f39f1aaced774c1d2147627db727f56b5c9b79efa63be54bd8","False"
"qa/full-asset-verifier-20261003/production-08-20261003-page1.jpg","553457","b3eb988dc9c469162aaadf9c1dcf3f77d38b7f108d14753f5e95174361ac90e9","False"
"qa/full-asset-verifier-20261003/production-08-20261003-page2.jpg","485195","ac0bcb3f3debca8596434c647dada9f95f99f0bf8308c244e94db11902bdbdef","False"
"qa/full-asset-verifier-20261003/protected-input-snapshot.json","152094","abb77fbe7de151ee8f2d7dcaeea7f704a5f350a140a08aaaea64617dd807128c","True"
"qa/full-asset-verifier-20261003/quarry-gunpowder-native-crop.png","1524584","5d719930689f0ab479c5aaf5fbe1e2f07ce8e0e3be198ef71968ab3f2715857b","False"
"qa/full-asset-verifier-20261003/quarry-stone-v2-full.png","1147672","cdb332ba33992595391680917467424fc2586adfdb88139999b1ee8fab37b591","False"
"qa/full-asset-verifier-20261003/record_five_batch_authorization.py","4469","dc6128d1908b75a4a37c5f2ad4383e6e262c2f7ad85696388d924adb139234ee","True"
"qa/full-asset-verifier-20261003/report_snapshot.py","15050","3c91f0e7a8b05a9ae3e9f7c72ffaffac7a705d05729bce7be65e81079126e95a","True"
"qa/full-asset-verifier-20261003/resource-food-v2-full.png","981262","8372eec4738c9ebad6a409fc740c863aa8099baceb3d00df07a5f8230314d13b","False"
"qa/full-asset-verifier-20261003/resource-gold-v2-full.png","849806","c235a5c0323f134b7d3c36341323acb922e0baa2411405af9ead4210c4fdd346","False"
"qa/full-asset-verifier-20261003/resource-stone-v2-full.png","834605","af8a657fcac0e8aa066363f0dc2871ac705361773c8cfa8cae6fb2faeb906ebd","False"
"qa/full-asset-verifier-20261003/resource-wood-v2-full.png","859740","5bd7e88d7a90dcc33cf5f343d7f6c164c32866c4718dda734e9a32867bf9a643","False"
"qa/full-asset-verifier-20261003/restore-manifest-draft.json","289824","2f081eb24985aee8b79b4f4e136f0d5ff64ea40bfba93163984431bfa136ce0c","True"
"qa/full-asset-verifier-20261003/skill-offense-v2-full.png","956310","a1a7712fa74a4120e38995889b3e38d1f63556e7b9e24c7081e83d46cd32184d","False"
"qa/full-asset-verifier-20261003/summary.json","439","c7f095de6c13c255197833a52826ff1864af7ce957d4b761a99d289e5c8f4946","True"
"qa/full-asset-verifier-20261003/tower-modern-splash-native-crop.png","715715","07ed143f475668a7722fc9d0d41ed7e2aaf8a74f41a64260e32b2f955f86e7ba","False"
"qa/full-asset-verifier-20261003/townhall-stone-v2-full.png","1280377","0a056b1a655c38b0c9e40f7b9799d5ea76e6adc3e7e2bd46f5cecaef8d64d5e8","False"
"qa/full-asset-verifier-20261003/troop-stone-ranged-native-crop.png","618842","3b8994494b90644a4f4fd83740c945d58ef5e931b4c6c10c419ea98f271a2979","False"
"qa/full-asset-verifier-20261003/update_planning_pointers.py","5331","62b502878241d4c711bf3584e2c839366d010bc8d05e926534b78947acf72be1","True"
"qa/full-asset-verifier-20261003/v2-icons-intended-pixels.png","93812","a62628f30e313aaaae70af2134e7b4dd2dabd874692cacb5b0b292f7b3d78956","False"
"qa/full-asset-verifier-20261003/verify_report.py","3431","d7b3662ac024964a297408aef63613a604ae7439221a71c6f36bb3559cdf570c","True"
"qa/full-asset-verifier-20261003/workshop-stone-native-crop.png","610533","0982b56ea02735b66a653b6121d57a8e687bd8aa28199cc0965e8dee4ea06cc6","False"
"qa/image-executor-prompt-correction-20261003/final-checks.json","3112","eaa54394d9e7a126f6ea373883d25cbe425371281bd0adb65354cac2e67b525d","True"
"qa/image-executor-prompt-correction-20261003/local-evidence.json","76473","e0a7915bc9aa668c744848460e6a03627d556b29c1375e38a319ceefc5802cf9","True"
"qa/image-generation-start-audit-20261004/accounting-check.json","390","ecb9b86c209cbe1ce3fb403258ad8769ee9f3fdbbd8c9138e821ba24a7c62371","False"
"qa/image-generation-start-audit-20261004/audit.py","7091","85c998e2339cdaeefed8daa6dc87f8653d7aee1a37a3d922f4976c553ea02105","True"
"qa/image-generation-start-audit-20261004/candidate-bindings.json","1553","5d3443c855d2af4b34c9784e46f9d5609dee2722a5b1fa3c7bfc86da16aa2a3e","False"
"qa/image-generation-start-audit-20261004/cleanup-check.json","265","dadaecc512ac825e3aef1016229c0452b595fc9e7f4169762c9d114d1ed3eafa","False"
"qa/image-generation-start-audit-20261004/documentation-update.json","715","1362a09bd66def54a78fc251d58ee288c2271e4a917fff77b51a331d4d6a154b","False"
"qa/image-generation-start-audit-20261004/later73-verification.json","66406","71c74d37aa2e09d9204f5eb79f9acf41989b2141b5d3979383b701e64a7e5288","False"
"qa/image-generation-start-audit-20261004/native32-contact.jpg","560166","f645ac1fa794a3e919c805b80f81041d30b947051a22dd9ec42b7bb8bdf4cbfc","False"
"qa/image-generation-start-audit-20261004/native32-verification.json","11663","e3697c16bef8f044aa186900199c09a4895ebdd3f0db5ce8941fb7ab6b3ecb3f","False"
"qa/image-generation-start-audit-20261004/protected-file-preservation.json","2517","b6b502be7279372ed34588119aa4d34dfad3194bbcc567c80edc5f954343086e","False"
"qa/image-generation-start-audit-20261004/response-compact-verification.json","30614","62a4b03ef38bcbc84af1cf9772599949e4b32f3efc6431b5706a2267e4dfe4f9","False"
"qa/image-generation-start-audit-20261004/runner-probes.json","1403","d73efb68c0837480fb1b089e3c98c35bc97b9a2e7493772a12e240197749e504","False"
"qa/image-generation-start-audit-20261004/runner-sandbox/geometry.json","130","8d43acc3900ff5cf81c70800a6e690ea35c1a6e503cc4062c5278fe361c5dda2","False"
"qa/image-generation-start-audit-20261004/runner-sandbox/request_body.json","174","ecef495083451359bfef0a800cb9852a5fac4dc5840449a08a5319987f9284ba","False"
"qa/image-generation-start-audit-20261004/runner-sandbox/submission.mutex.json","200","f913878c6c8c972a76ac44e2be5c86c5b08220ce2f6605399ff29e2c9e64073c","False"
"qa/image-generation-start-audit-20261004/runner-sandbox/write_ahead_request.json","255","a10fd62c2e92796574843fbb2b57f9384b9f085ca024f1c6c775cbd864896875","False"
"qa/image-local-solution-20261004/actors/troop-industrial-melee-candidate-b-64.png","7831","5e796278b484f1fa76b769924878ef303c8225c06990117ed551aa65b64e0e80","False"
"qa/image-local-solution-20261004/actors/troop-industrial-melee-candidate-b.png","4912191","3a17f25a9df60d18b24df30afa1911ecaa4eb5ce51e146986b0878e1f5717579","False"
"qa/image-local-solution-20261004/actors/troop-medieval-melee-130.png","38568","1a9b2b6c9a6210a3abd7dc6d181a5c9314a99890868a39c23aedbaf0f569b3de","False"
"qa/image-local-solution-20261004/actors/troop-medieval-melee-64.png","11593","0c21efa2f4c530cbc1c233754ad2f6c512b51f58511dde67eeedbe0e3ea4d5ea","False"
"qa/image-local-solution-20261004/actors/troop-medieval-melee-candidate-b-64.png","11612","b6c6721a1df3bef4f04e5dc5aabcd80d00b88b3d532c4d996555d5b2274f155e","False"
"qa/image-local-solution-20261004/actors/troop-medieval-melee-candidate-b.png","6480358","f4bbdd5a521b0c27bd4377ce4384d889bef729b495a8f7ab1dd6a085a295f369","False"
"qa/image-local-solution-20261004/actors/troop-modern-heavy-130.png","78319","dc9461c37f22d06fc87fbb4e6a7c8b582189f9fec7150912786bd65c39a8ac43","False"
"qa/image-local-solution-20261004/actors/troop-modern-heavy-64.png","23527","d4017c46c114964500cec51d9540e4ba8d560de950a425350cdc95896bf433fc","False"
"qa/image-local-solution-20261004/actors/troop-modern-heavy-b-64.png","24045","5aaa5ae0086bf486ab732b3e9c353c846ca70668ce0ca33d00355ddf8d8bf40a","False"
"qa/image-local-solution-20261004/actors/troop-modern-heavy-candidate-b.png","6086175","a18fb4c77449dc0a82e617c4400e120060e767df8426e15ea19374d8b94e0241","False"
"qa/image-local-solution-20261004/actors/troop-modern-heavy-helmet-b.png","838939","7df4772d031beb3470659c6c760388979d58df7356e8a3035c47833f85d8506d","False"
"qa/image-local-solution-20261004/actors/troop-modern-heavy-helmet.png","839969","9411308bbcb03bdef1a54f927632231cc885aa2ad2c10056cc3f5bceff98b476","False"
"qa/image-local-solution-20261004/actors/troop-modern-ranged-mound-64.png","19062","91d576fc2d9c4d04abdb4de3a44baee3c27433bbcc6ea4b8a002a41fef441c83","False"
"qa/image-local-solution-20261004/actors/troop-modern-ranged-mound-detail.png","802251","b8bed530099c13ab446c1a0ee46b0a49c67960299c523dbe89de7432d08b4649","False"
"qa/image-local-solution-20261004/checkpoint.json","4054","e04e40e8e5dcc14a23e87a31bf415df39073a190f672175a9030731edaf136f1","False"
"qa/image-local-solution-20261004/components/barbarian-boxes.json","4494","b4fc432dd3f6007dbb9e7237d89f3e134ec07f3e429dae6e2de5b00e11a0c7e7","False"
"qa/image-local-solution-20261004/components/barbarian/01_1110_80.png","726969","3473f418ea71d85d427087b4981e862cd28f1c917007f377e6428181df72842c","False"
"qa/image-local-solution-20261004/components/barbarian/02_1502_0.png","447504","57620727d20e16081380623fae61f826fba02e9af0f56b4b3a1f2a5a8b22282d","False"
"qa/image-local-solution-20261004/components/barbarian/03_1086_1492.png","735066","28155d8632d76edd80591e8f4f405bae20d48e68dc4e59bd2e2bdf411a46597e","False"
"qa/image-local-solution-20261004/components/barbarian/04_1583_501.png","359818","4df27dfeed4d5a69ce52e927983794a2dd49f94a20476b77d3a94ee7453927eb","False"
"qa/image-local-solution-20261004/components/barbarian/05_57_51.png","239676","c789eadc6f4a2c7cf9b2967595de918ff740aa517cf247ac09be354c8582ad1d","False"
"qa/image-local-solution-20261004/components/barbarian/06_69_546.png","137204","17cef52db4bde2ea5e66a315a9fcb3e55fdefb3165fcad3fc24586fe394dd9b9","False"
"qa/image-local-solution-20261004/components/barbarian/07_1788_1092.png","118204","01ec4819b3a3e7b668a1a9749e8052785adc327fa7c55bfcdd408aeb464947a0","False"
"qa/image-local-solution-20261004/components/barbarian/08_1112_1092.png","115539","d79c12358946e674b06b088f65e2fe315f654709f2de79855c3582e9735aa951","False"
"qa/image-local-solution-20261004/components/barbarian/09_400_1723.png","204499","c052330248270d80340500c0a16e9a2007efdc10bb9bdebbde77b112354ddcfc","False"
"qa/image-local-solution-20261004/components/barbarian/10_1595_1135.png","86146","4eb81c11e0654a3d37daf7fffabb885355e1e8924f342177d191f770803ddbb1","False"
"qa/image-local-solution-20261004/components/barbarian/11_1315_1132.png","87072","cc05bbdbc05b8b6a06bcb57a99780b93ef0bfb60001a9f2e35167501f7a62d83","False"
"qa/image-local-solution-20261004/components/barbarian/12_311_546.png","95978","781910f1b376f74879638603e49f5e2432f550533e5596348585c5254444b647","False"
"qa/image-local-solution-20261004/components/barbarian/13_1744_1853.png","77785","162318d512d2d01005f5266dc4596d94b6bf2405b047d4acebc48e8a359f7979","False"
"qa/image-local-solution-20261004/components/barbarian/14_613_1066.png","55005","5b34176e6e950e5a074c78f71e4051790ff421ba2e0624336c909441bd63b45e","False"
"qa/image-local-solution-20261004/components/barbarian/15_83_1071.png","57121","05e942e68ebd8a171b20103eac51c6d119864265d33ee78b5f10d43e36dcdae3","False"
"qa/image-local-solution-20261004/components/barbarian/16_616_1307.png","56231","1a2dc8d34af2d186d9fd6311c1d81f6a8115e02fb6135cec818762adab3a5417","False"
"qa/image-local-solution-20261004/components/barbarian/17_279_1292.png","55452","d55450bce0d536bd584f19e832e65936788f7bb3ac2eccdc96df8c7a992c18a0","False"
"qa/image-local-solution-20261004/components/barbarian/18_54_1335.png","54051","131b62e6375b19ef901d3979f1c483ba2368d2c76481ec0634d1ba23f53531f7","False"
"qa/image-local-solution-20261004/components/barbarian/19_838_1279.png","52133","bfe87a597b7a1072691d2096fef0f647767c4c5c44283ec17b64a1adf3b6864f","False"
"qa/image-local-solution-20261004/components/barbarian/20_218_1743.png","50083","c26e7514662ba20abc006acc0380bdf441f174f3622b8ba73686370516339e16","False"
"qa/image-local-solution-20261004/components/barbarian/21_61_1742.png","49238","0fc2ef9fb269a17c20736cfac102fcd87fd419fc5c785da5ae310515d176bfcb","False"
"qa/image-local-solution-20261004/components/barbarian/22_290_1076.png","32655","50aff194271c26526d2d30cef01764b184a3bc5c3bc9a3ceef9620c23299f8d3","False"
"qa/image-local-solution-20261004/components/barbarian/23_826_1067.png","33556","9114bf38823022defff8fbadcae9ecf338d17dfc7ff3aac1e83478e10c9d372d","False"
"qa/image-local-solution-20261004/components/barbarian/24_367_1531.png","39860","809cc50a2448e446433d1231f00eb22a60c4eb2f3ab248f089687e53204c6413","False"
"qa/image-local-solution-20261004/components/barbarian/25_519_1531.png","39719","701c16707ffbefc582127bde68e059976a5bb5c21f29a67deb941695cc0b9343","False"
"qa/image-local-solution-20261004/components/barbarian/26_671_1906.png","37109","d763654e6b208f2d4c69713479f2d2bee6ca43a26bffe381e9e399eeac09bf6a","False"
"qa/image-local-solution-20261004/components/barbarian/27_730_1557.png","21015","f1f6bfe83b17b869675f148af21426204a3dd52a290f11c48ea1f6dbb32771b7","False"
"qa/image-local-solution-20261004/components/barbarian/28_856_1558.png","22828","5c4ae3c84f45f645cec4266d33e0b20de964aa1d386d0b47d9c13387624c12da","False"
"qa/image-local-solution-20261004/components/barbarian/29_81_1586.png","19859","8eb900819567abddabb450b9689b17c0cd7093182d59a7d6029259dfdf01b39b","False"
"qa/image-local-solution-20261004/components/barbarian/30_215_1590.png","19345","956b779af8426a8904146387ba0d1d63b861e3324302841d1e2a3e991b7e43db","False"
"qa/image-local-solution-20261004/components/mage-boxes.json","3162","241e5c06e39d9311c16d6038e86ed9e9f2e60ce881e9cf51be0a1ef564321079","False"
"qa/image-local-solution-20261004/components/mage/01_1221_92.png","849155","5797fffd705fdec8092d5bdc7e9f6e81717cb0a90d5378b0f50336ea6d665637","False"
"qa/image-local-solution-20261004/components/mage/02_119_545.png","259423","6f12099ec0f4ac2f7af240e9af76cad997b19a52e2bb72b81085e47f1e9bc7ca","False"
"qa/image-local-solution-20261004/components/mage/03_595_548.png","257405","afd5feb8378d3eccb4f3e28c6da40991f6cb0c01d37fc3f391cc7cc72d8c92e1","False"
"qa/image-local-solution-20261004/components/mage/04_585_86.png","256536","c1bc494b2124801c5d0fc38c6520a0424c0ae3ced93cb5a16764be24537bfeaa","False"
"qa/image-local-solution-20261004/components/mage/05_116_83.png","243838","7235d4a02babf5cdcab5253a6d1f6d2c26ed8b1d37305c57645431110bfbfe84","False"
"qa/image-local-solution-20261004/components/mage/06_977_1402.png","171234","b1a0551bf7920989adf44ac0807f48cfe5de07f8684b3d8bb4d46cc0e4639ecd","False"
"qa/image-local-solution-20261004/components/mage/07_162_1799.png","253012","84883add845b54a0e21927145bd43cdaedf5ca018dae0d1741eda8307ad6c091","False"
"qa/image-local-solution-20261004/components/mage/08_1549_1076.png","115617","2c940b3572d1a41fbdfaca728591f1ea22150c202c705855004dfcecdf30bb36","False"
"qa/image-local-solution-20261004/components/mage/09_1329_1089.png","117995","beaa50840fbba5143a08a2c81a8207fb7242511e3113a65d5c087007845f8eac","False"
"qa/image-local-solution-20261004/components/mage/10_130_1114.png","116194","3896ec69285969dd335c53aa2472b87088a50ec456d9ff1cf6419c1e4e80e627","False"
"qa/image-local-solution-20261004/components/mage/11_358_1115.png","91542","40c18f5959eb6270233e51f600bb859e039329a12b962f4dbe6c9b3f77980200","False"
"qa/image-local-solution-20261004/components/mage/12_1312_1456.png","84629","b162871805df8a25d9ab481d1e7bd82872d8b0c2285042ba4d0af6483537f8aa","False"
"qa/image-local-solution-20261004/components/mage/13_1590_1433.png","85420","43d96766165446b9852f336fc8228337b5961a02809ab2efb5b447ff5d7bf2f2","False"
"qa/image-local-solution-20261004/components/mage/14_155_1483.png","108005","0519e1ff8fef0844c12308e826515f56e419dd1ed815ce83928cd23674cd088c","False"
"qa/image-local-solution-20261004/components/mage/15_395_1420.png","89423","50a10a979907f2b2ee253295c138f5b8d1209e56ab805fe473d7dbaefc16f6a1","False"
"qa/image-local-solution-20261004/components/mage/16_1619_1753.png","57988","300948f48a4d10d688585149fa06454c6b6e2c83bcf45c360704ebc1a6f18b4e","False"
"qa/image-local-solution-20261004/components/mage/17_591_1124.png","58959","efe1d5db077dbe513f39aa807c69eb1d10e798fe74c8eaff0b210516a2ce125c","False"
"qa/image-local-solution-20261004/components/mage/18_430_1654.png","70906","e06ddf98796b4bebee7082090e46e15c647ec70a7954f49d77db97805db55739","False"
"qa/image-local-solution-20261004/components/mage/19_1319_1789.png","36169","0de5cb90b357bfe06bb7a3722e3ffa366f286d3e6d1237b8f1a9b5d07a4f0f17","False"
"qa/image-local-solution-20261004/components/mage/20_708_1499.png","38977","50867cbd5998cc04e894f55f8f4fd62b8090ce53485fe016a179164bc303e24d","False"
"qa/image-local-solution-20261004/components/mage/21_792_1136.png","56973","c14164230a6c75e89096331dda69265eb091ee185fe72c91de40aa54e9ab39f3","False"
"qa/image-local-solution-20261004/components/necromancer-boxes.json","2407","b82125cf684c6e364231ef3261518cbd0d39d6fee0b473a0b40c2ea4f563fd4d","False"
"qa/image-local-solution-20261004/components/necromancer/01_1082_92.png","845632","0cc0b2aedb050cbed9be7d79cc9add8622e02bf78494dac1573af8ba0e8b81c1","False"
"qa/image-local-solution-20261004/components/necromancer/02_527_1082.png","561175","ac096cdba25516d04ee385b310e941639c5d3f865a52f0fb06b777e64bfd32ef","False"
"qa/image-local-solution-20261004/components/necromancer/03_549_62.png","634845","d8f1812fda4e5abe6ef948ebf739785cda3589ec1c526437594954ec9927ac27","False"
"qa/image-local-solution-20261004/components/necromancer/04_1710_87.png","360074","3ab60a9939bb799fb8a58d99e7a7725c8c4e6821dc6198d825cc0ba3cfbfe7a9","False"
"qa/image-local-solution-20261004/components/necromancer/05_60_1569.png","345346","2323962495ce5b088662a52778aa4a7f4fc2de5dd4dfa4ed733c2464b45c5bea","False"
"qa/image-local-solution-20261004/components/necromancer/06_1755_1098.png","291950","08ceb0912f7c72c995d82a838287719d932bde5f20460f2009e8147f6dc7570c","False"
"qa/image-local-solution-20261004/components/necromancer/07_1091_1095.png","262515","364dc110d7c9bac0d6bb2de5c0b3562cb7ab6d00afac33bb60f1ee69dda2c318","False"
"qa/image-local-solution-20261004/components/necromancer/08_1303_1096.png","267865","ac6103bbb81c7e48b5970d76207edf10f3ebc8ba83c9132bc23a9b7718b17d46","False"
"qa/image-local-solution-20261004/components/necromancer/09_1556_1098.png","258051","6a3eab3d381f65f5eafa069d0f96f68734709ed13a5e5a15129cea9c6a725af1","False"
"qa/image-local-solution-20261004/components/necromancer/10_391_51.png","289263","34e40694cb3fb02d4f3adcce6fff3478a15f514cda146a7368d3bfbf3d967ecd","False"
"qa/image-local-solution-20261004/components/necromancer/11_57_371.png","379185","b50af8a239f73da025795a0d6542e565c07156a1e9876e5fce973a5602a63670","False"
"qa/image-local-solution-20261004/components/necromancer/12_56_1101.png","179300","f1933311251203b5bad6e67639605496894f0a61f0970009fcdc5eca3645d4d6","False"
"qa/image-local-solution-20261004/components/necromancer/13_56_47.png","119049","a083ed5745e1a49a79c363468f4c934397962d4507629d28640e9850d40fc2b8","False"
"qa/image-local-solution-20261004/components/necromancer/14_276_1104.png","171345","fc2b2b68b25ec29bbf36513bf8680afcb161b281eaa2753da65aa15035adb907","False"
"qa/image-local-solution-20261004/components/necromancer/15_1655_1898.png","49386","f040dc3f80184fd3ffdbc19f8f98165281c6392a0ca5c8390ef255ba146aab12","False"
"qa/image-local-solution-20261004/components/necromancer/16_1190_1901.png","48182","fe01b07507da8f84c6224e7c9360777af2a94715d1dfe161f8a6a2931f763bf2","False"
"qa/image-local-solution-20261004/components/warlock-boxes.json","1649","eda8ea504450d4bb48c7747dc1b85aaba29e3e3070f1c434b11184b03a1b0b9e","False"
"qa/image-local-solution-20261004/components/warlock/01_1042_107.png","1258322","6022fb3539654974ecf2200e0087b183acaff4b046d4257914f88678c422c0ce","False"
"qa/image-local-solution-20261004/components/warlock/02_80_86.png","1275356","af7271adaecb1c4d5548bf2eb41317827a68dfae5044723b5138d71ecf0751a2","False"
"qa/image-local-solution-20261004/components/warlock/03_1087_1087.png","896192","416ab3d223025e721d2fd4551f7a12305a9a3f6a7a163bad40248db804cdcce3","False"
"qa/image-local-solution-20261004/components/warlock/04_48_824.png","1692737","6da7683bfc970a675e6c2a973f521e5083e8588183711213b3f761b27f82046e","False"
"qa/image-local-solution-20261004/components/warlock/05_483_1629.png","329249","0922587ceed834a002554efd1bfb673941a380731458a7ffd29963419c45443e","False"
"qa/image-local-solution-20261004/components/warlock/06_579_1985.png","23538","f2172e52c49d52e5bbfd24c5992f3c7436b2d36922671f17b4a29ba3a44b5255","False"
"qa/image-local-solution-20261004/components/warlock/07_1618_1902.png","16973","28684ea766841ce1ef7173137e74a2bcec12ae2ca47b09c9d8aed5acb0979cc7","False"
"qa/image-local-solution-20261004/components/warlock/08_192_1985.png","12883","afedcaed7cd64059581a05b4efc312f319ae3ceba674e7370e802c1973a97d46","False"
"qa/image-local-solution-20261004/components/warlock/09_1432_973.png","12326","46ecb7aa7b0478cb3903cb4888a73f84fbca2ea0bb25c73874d9e7d721b81ed0","False"
"qa/image-local-solution-20261004/components/warlock/10_264_973.png","11998","daa2ec39b4633d553a883586dca552d7e6fa21ad3f1cf1485086e64e824ef07e","False"
"qa/image-local-solution-20261004/components/warlock/11_1266_1902.png","10737","ce7e8c8ba8f4816f6f06b4784fb9006095b260c4ef3420cbbed1c3edd59e278a","False"
"qa/image-local-solution-20261004/corrections.json","1762","d1aedefe65c1c032545e8dea3b3e68cc9a561145c46b24493e0563234828998a","False"
"qa/image-local-solution-20261004/healer-semantic-mappings-v6.json","2371","c8b2c842a9166209e16d94f8b34ea0cc1595a80a4e4ef12359ddf5738b335051","False"
"qa/image-local-solution-20261004/joints/knight_thigh_greave_-25_130.png","13651","49899e398c6520ab4b10f1edf14129a3417713d271ef5c333b0524be608f4a32","False"
"qa/image-local-solution-20261004/joints/knight_thigh_greave_-25.png","132634","fc0ab194194262bc9acade8c98070fe4f9ab9800e00c16d099217ba5cb976e50","False"
"qa/image-local-solution-20261004/joints/knight_thigh_greave_0_130.png","12449","fbb7bdc8eac0c265f70fb38d4305a5f7c26fd6a5c70ceeaa888da46c3b279acf","False"
"qa/image-local-solution-20261004/joints/knight_thigh_greave_0.png","121707","b670370819a65ec9eacf9cb24f3ae915bdcd169ba78e874811fb5d33447a6aa4","False"
"qa/image-local-solution-20261004/joints/knight_thigh_greave_25_130.png","13707","293cac397446ecc97ce1c5395486fdc37c3e32f6bf51cb02ee382cc1d264d61d","False"
"qa/image-local-solution-20261004/joints/knight_thigh_greave_25.png","131501","7eb452a32e4a28f8ce13937027dc8ac07740f1c8dcba0b21b5121391760bc020","False"
"qa/image-local-solution-20261004/joints/knight_thigh_greave_correction_0.png","145684","95d854c735408bcf8e2d6ae2868a8ea3a03983ceb197aa686923ebdd485fd466","False"
"qa/image-local-solution-20261004/joints/ranger_sleeve_vambrace_-25_130.png","15341","1855522463b8be9825d477c064d4ce1414b3b0c70a5a20a40b7883fb53c97df3","False"
"qa/image-local-solution-20261004/joints/ranger_sleeve_vambrace_-25.png","148335","46ba54e58bd378ac37180e4bcd27674b94acca456b338d8ebf1b692c090f4502","False"
"qa/image-local-solution-20261004/joints/ranger_sleeve_vambrace_0_130.png","12396","6bcdc43492927e10903563bf716bd34b24e0697364ac6b5408fd97a869e8230e","False"
"qa/image-local-solution-20261004/joints/ranger_sleeve_vambrace_0.png","129376","af434e5bb5385c8801a0f75c3577706db858eeed492ae1eebe7a26249a81275f","False"
"qa/image-local-solution-20261004/joints/ranger_sleeve_vambrace_25_130.png","12999","84188ecffefa87663b65aa4c3ba17e19e9523bad0e2172a301d8baeb963d95ee","False"
"qa/image-local-solution-20261004/joints/ranger_sleeve_vambrace_25.png","143753","8be75c2569795cd84897c6f3436eba47d05b80f95fd4aa7a95109f861ea63348","False"
"qa/image-local-solution-20261004/masks/healer/arm_long_straight_a.png","3863","af2bbf56343755aa75ba190507a362306284f30c0bf3500eb9f1326d5929569e","False"
"qa/image-local-solution-20261004/masks/healer/arm_long_straight_b.png","3905","b106f620a8f1cec329aa2ecf8fb0bbb5a63c27bcdc12e01b79fe17e532921935","False"
"qa/image-local-solution-20261004/masks/healer/arm_sleeve_forearm_hand.png","5412","97c6e54c81be055a28aaf80ac2418867ac6d13a165c8cc1ab81627831a7302b4","False"
"qa/image-local-solution-20261004/masks/healer/boot.png","1245","0268e214975b4206557da27b28034bfd0e0cf9b23896108d28cf8edc0a4d50bb","False"
"qa/image-local-solution-20261004/masks/healer/greave.png","1825","34d9ed05085da0527839a6a02a74e489bbf94811ff11f081ce6db3d5e0f3a31f","False"
"qa/image-local-solution-20261004/masks/healer/leg_upper.png","2568","9c74b5e2f14e0b2abd84e57235bfefe228939f6df210c1a767ebd4c1ff9cd819","False"
"qa/image-local-solution-20261004/masks/healer/skirt.png","4588","3cc252d4781a5b5638acae5c367ec38f2fc7b72543a8bb657105edcdaf822887","False"
"qa/image-local-solution-20261004/masks/healer/staff_arms_group.png","9401","09809e786340e6111b28255b1c5e4a82a8c9ad08acdb81b9b0e111b8b905bb1d","False"
"qa/image-local-solution-20261004/masks/healer/torso.png","3676","e4461eed1389d969392297202b103d5db73b557a41a3e150084d97f997dd954c","False"
"qa/image-local-solution-20261004/preview/barbarian-700.png","630531","989fe3c82d166937e48ecf1fbe21ff9198e3da3cd9088e0f6fb5ef2c297e56ab","False"
"qa/image-local-solution-20261004/preview/bronze-heavy-700.png","476016","0bc4a96b5e6b6d53c05f7d243cb465b44aa8f07e8965830613cf2e96147855e8","False"
"qa/image-local-solution-20261004/preview/healer-v6.png","257731","ad0b84dea2b9d1dc6bb2b30124819c410aa04532c0b3f0d189fad7c5fc601240","False"
"qa/image-local-solution-20261004/preview/heavy-helmet-b-grey.png","539202","2dd3aee7a1f004277d59b8387ab8824c2c5980f7c2243e8220c7e1d6089fc2b8","False"
"qa/image-local-solution-20261004/preview/heavy-helmet-v4-grey.png","611160","c074020e0b69a3b01c72a1a7336796cd9a60f7c7e385e0f7eccaa550c3c5e2ea","False"
"qa/image-local-solution-20261004/preview/ind-melee-700.png","267057","84979c914c27003e80f7ad08d709458267b45f44af9c48fec4c9b8a17b1697df","False"
"qa/image-local-solution-20261004/preview/knight-700.png","688907","652cfdb5591abaea08f8514412d5f135110c10a36cf01624861e4e3672976c23","False"
"qa/image-local-solution-20261004/preview/mage-700.png","489341","293426600ae0e5d50f91bbd64f1f82df33ab88aa4aae8249755855a9f60d61c8","False"
"qa/image-local-solution-20261004/preview/med-melee-700.png","293429","ec0c970370697b8b33770757b5eae077003cf563e6fa9bea43ddee3f3cb7255d","False"
"qa/image-local-solution-20261004/preview/mod-heavy-700.png","427664","ede7cfc08abe0734be2a271ae9df9b55d456609faacf78860de7bbd249160db0","False"
"qa/image-local-solution-20261004/preview/mod-ranged-700.png","178705","37f2b9fbba41e3a04ec14d81e93ae2bc72b0cb3966c61a365099dd5a57a0a207","False"
"qa/image-local-solution-20261004/preview/mod-ranged-feet.png","311006","e92ca82faaea4a8b40e9478eedbd591e8eea526092d03c40fe2e61cc26019d08","False"
"qa/image-local-solution-20261004/preview/paladin-700.png","568013","2546e106e7fbecc654a7b0394df8a3084721efa0f6908e0ff633d58d39ca2404","False"
"qa/image-local-solution-20261004/preview/paladin-parts.png","628459","c55c4a03cc4c560fc2980a7ed910e258c6523bcf2854e70da5262d9375bd3b71","False"
"qa/image-local-solution-20261004/preview/paladin-v6.png","246998","2179cf3c2580070d1b43ac5ddf553fca07f354dd2a21a311e02e8af612928769","False"
"qa/image-local-solution-20261004/preview/ranger-700.png","527899","35bcb7b5e9804caf0de3f52eed57f5e46ac68475b272753864bf8d0ed2a5f16c","False"
"qa/image-local-solution-20261004/preview/ranger-joint-zoom.png","99160","350f1b954f60756486f66ae14eb88117284ea50acbe7c06c732eeb2e627434f8","False"
"qa/image-local-solution-20261004/preview/torso-right.png","29144","5a01e6616d7c6442c9b27389cb594b851d1c42dca1b0294a4f8e9563a8e27975","False"
"qa/image-local-solution-20261004/recipes/healer-arm_long_straight_a.json","984","4db75bd517f7b4920dd6ad7bd9f3527d9914ee06681ee6fdb159b8fe5d771abe","False"
"qa/image-local-solution-20261004/recipes/healer-arm_long_straight_b.json","986","0f5aeb30602df6379f1c6d64f090d827d257bbaa318288f2c89afc325b417caa","False"
"qa/image-local-solution-20261004/recipes/healer-arm_sleeve_forearm_hand.json","998","5927d3279d14c25ac9b7f2394143d3d3dc337b038b89924de5765c7aec173044","False"
"qa/image-local-solution-20261004/recipes/healer-boot.json","945","214a73db38eff236524b152703391f462b17e7075badbef52efd8e47152ddc8d","False"
"qa/image-local-solution-20261004/recipes/healer-greave.json","951","1cf4d9613f088f4ae31f0f08b460f71ea52d9f0c25478c574d001370b291a1a5","False"
"qa/image-local-solution-20261004/recipes/healer-leg_upper.json","960","3e9a715af0fb2b14be87a22d92f13fc1dd0639132bd52ae9725832c6000a703b","False"
"qa/image-local-solution-20261004/recipes/healer-skirt.json","947","e40a61dde075986d56bdc68618dfe05db16614ae8004488fa5f44e0c157f670d","False"
"qa/image-local-solution-20261004/recipes/healer-staff_arms_group.json","979","c351f6c5b4ebff52dc5468adac1ec33e67d2bf381318efdb3f37efac28f1ca25","False"
"qa/image-local-solution-20261004/recipes/healer-torso.json","944","b875ff26f23344f02aa69d35129f44d7f8a7cd4ea88de0c0b27f0a4c701236f5","False"
"qa/image-local-solution-20261004/recipes/paladin-boot.json","665","c0f6a685ab147ed240e58a2ecb0cffda224cca834a911b66912e3329d8a3f7ad","False"
"qa/image-local-solution-20261004/recipes/paladin-cuirass_fauld_combined.json","719","f27e7f5036a60e8881f69ed83a11d25dcdcc5ed0ff5105da2125c669dbec6a1f","False"
"qa/image-local-solution-20261004/recipes/paladin-forearm_gauntlet.json","702","a47f72f1e0ac805209ec6440b9d2012e3058286dd2938fe46fadef4bb21ae429","False"
"qa/image-local-solution-20261004/recipes/paladin-greave.json","671","103bd708550da767df2a0b2129d4f136d825a1b55f94fd8714d6a72da1c6751b","False"
"qa/image-local-solution-20261004/recipes/paladin-head_three_quarter.json","703","cc0279519a066bf328987f5236a4ae25701f6860fe36af6460b5c007f9c1c4d1","False"
"qa/image-local-solution-20261004/recipes/paladin-helmet.json","667","801df3f8663ad1f121fe98606090d77999584fce59b2c55bc1972882043bf8dc","False"
"qa/image-local-solution-20261004/recipes/paladin-knee_cop.json","677","5eba4ade8d2f2fba29e5a14df53487bc4ed994fdba65b63a08c7583f29991cb8","False"
"qa/image-local-solution-20261004/recipes/paladin-shield.json","670","77cfecfbf5a1d827bd2ca7ec8b8007e181ece332e1a6211753c8e51501c757e0","False"
"qa/image-local-solution-20261004/recipes/paladin-sword_hand_assembly.json","710","36e3fa0a3b6e4219de028f37479031545797f9eb25e993b2948fb8000e1bd2ca","False"
"qa/image-local-solution-20261004/recipes/paladin-thigh.json","668","10b3e38256ca3183fbfb93e52071c55aa2fe6bea1cc742cf4d996c1263b0c4d2","False"
"qa/image-local-solution-20261004/run-report.json","42862","a69f875f96ca210b6eb57d0a10d9fee7f087a145a57dff18fa0dccf13ab7ebca","False"
"qa/image-local-solution-20261004/v6-hashes.json","4190","0c2095eaf74b81cce490f602de91fb1ec30e442fbebfb0ba75267ecda9320058","False"
"qa/image-matte-decision-20261004/actors/modern-heavy-v5-64.png","17085","98bd0f2a1d8c2d106affe04aa3305db35ad3cec821ffee375aaf4eea1aa20eea","False"
"qa/image-matte-decision-20261004/actors/modern-heavy-v5-head.png","240038","7bdef91e9f404fac6f90f8b75dbd237da87466648445ce3c1336c1551a4ba8a9","False"
"qa/image-matte-decision-20261004/actors/troop-industrial-melee-v5-50.png","5703","7f2ddbf4a428e0fadcd08aa74958ad1baaa1167058dc2a45debb9d64303e51eb","False"
"qa/image-matte-decision-20261004/actors/troop-industrial-melee-v5-64.png","8036","2545c73c0a7c2360c732b8489bdccf0ddaebe3b36e3f00119cfa52ae9bb72592","False"
"qa/image-matte-decision-20261004/actors/troop-medieval-melee-v5-50.png","7913","3bb199486ced63379079596e29942228837c7baec2a6bcabcf65795271d2662e","False"
"qa/image-matte-decision-20261004/actors/troop-medieval-melee-v5-64.png","12013","345bbd443cd46f4a3a637c02ecf496f3fd92351809efce5d14ab192bf7652d92","False"
"qa/image-matte-decision-20261004/actors/troop-stone-heavy-v5-50.png","8555","a227b8708f228e350cf719cd6df2a0f68a749e51abb261e8d8f5e2ac2607a092","False"
"qa/image-matte-decision-20261004/actors/troop-stone-heavy-v5-64.png","12499","ad8c762e600c768818c609d5ea9c2f58640edd440d189824a48cce2c062653b6","False"
"qa/image-matte-decision-20261004/assembly-knight.json","6370","e810194d2b0b358829b79707f7347e9804bd67fb29a0c7a0d403a6a4e2a7cff6","False"
"qa/image-matte-decision-20261004/hashes.json","7647","87493cb44d4336b8cb8fb845bbd2132424d728bb3b83f0d035839712cfe1c9af","False"
"qa/image-matte-decision-20261004/inspect/healer-source-900.png","1125786","077483c85f026799924bc71be1afb764496f19a84f733f5b9800ae35b96cdea0","False"
"qa/image-matte-decision-20261004/inspect/knight-source-1024.png","1494403","a78ae29ae1de64214e8baa8762c4559dcb15d246732220d28efae0641ff1ca0c","False"
"qa/image-matte-decision-20261004/inspect/modern-attempt-crop.png","295014","c6d43a490ea1a52311adcf46035fe579377e59468ae3f2c4b51901637a709ef4","False"
"qa/image-matte-decision-20261004/inspect/modern-before-crop.png","347262","62f9d8ce9209db7334031c8294337296767ce6d4ac10e7f41a963bcea7cd2291","False"
"qa/image-matte-decision-20261004/inspect/modern-grey-1647.png","129017","123b7ee2ee83686f583b88f8b2a1742525a0a6f42d8ffd50e487a562875efa29","False"
"qa/image-matte-decision-20261004/inspect/modern-grey-2.png","129026","3edf39385d63a0a5227882c4e1c81f01fab7d743ec34f21957d4b6e0d5a4acae","False"
"qa/image-matte-decision-20261004/inspect/modern-grey-2053.png","129121","896f9e5540f6b0673ef8cf67efa8d64cc943c4631dc27e972882e88c493ad072","False"
"qa/image-matte-decision-20261004/inspect/modern-grey-480.png","128700","39c7fb02cfb16016d4e3eca8107daab863666c72355b9e4b9226646fb755fa13","False"
"qa/image-matte-decision-20261004/inspect/modern-grey-largest.png","194511","bc1307b0887275439f4fbe797de7ef6ab97b6b18baa88e7afc2f730482f4fd8e","False"
"qa/image-matte-decision-20261004/inspect/modern-heavy-before-crop.png","721434","cbcb5154b8e39db38a956f63e69867e1c5cad9c91747dd7068a621b941c357f1","False"
"qa/image-matte-decision-20261004/inspect/modern-heavy-magenta-crop.png","896391","8b9de991cdb42093caaa3a64e51ed27393348c89a8849c0292ee98b2e2cbd6c1","False"
"qa/image-matte-decision-20261004/inspect/modern-heavy-nomag-crop.png","653423","b183870197777c30bd37c55fd08013f47e91551e001b0d58ab18d8aedeeb7f75","False"
"qa/image-matte-decision-20261004/inspect/modern-L140C22.png","147266","827f447d1c2409e9aee89bdfaca39b3ce6843d2f7dc8e769e3c486400e6ad1ca","False"
"qa/image-matte-decision-20261004/inspect/modern-L150C35.png","144989","7d2b7ea07c4be34b644b2e1b097903ad42e7d2adf5c80abb1b61d61dad973c77","False"
"qa/image-matte-decision-20261004/inspect/modern-L160C28.png","147183","2000f7ec61185f4c6dc8e4363fb4a0f48328984edae6ec72bbf9b909a0cb92d4","False"
"qa/image-matte-decision-20261004/inspect/modern-paleBlue.png","151428","740690285c7c07862e7d03a28ee9823246d7a3507a10c3faa66323545b50f143","False"
"qa/image-matte-decision-20261004/inspect/modern-ranged-snowmask-768.png","177226","ea96c918d6938bf044e85afbeac338e35dcbd8a6b3d19391b35f6bddea3e7521","False"
"qa/image-matte-decision-20261004/inspect/modern-ranged-subject-crop.png","613689","bfa00c6af07911890c71ab4877f58a2eb43b27fdf7597db8572729d48cbc8da0","False"
"qa/image-matte-decision-20261004/inspect/modern-ranged-v4-green-768.png","177226","d5307b2d2fc5b66304388bc44d930c25145f25d746c86fef96cead99eed31245","False"
"qa/image-matte-decision-20261004/inspect/paladin-source-900.png","959289","de681e3f656545dc91499388bc27a3504e99a18c954b966f5e234e83a639449d","False"
"qa/image-matte-decision-20261004/inspect/ranger-source-1024.png","1238996","a17defe6413acb02d5fa419b490ce6a5036b21cbcf629c04b0870989d4c9ddf4","False"
"qa/image-matte-decision-20261004/inspect/stone-boot-before-black.png","233326","ee5ea8e3b191409fa121d3d08f4c0132910fbbf7c10386b05cec0042b4c520d3","False"
"qa/image-matte-decision-20261004/inspect/stone-boot-restore-black.png","233249","6ea47d2eecde12b93760c5c0174ad9fe696d9ba1bfcdbe4c007a58a5a1945d58","False"
"qa/image-matte-decision-20261004/inspect/stone-boot-source.png","711756","0fb2200ff17f2bc42535e81dcd9b5666c6daede36d49512b38839467258d4ac5","False"
"qa/image-matte-decision-20261004/inspect/troop-bronze-heavy-64.png","16548","87b8a38436381ce0b2c28e7e7f78d01c114e6852699f4d515736ebbd6720adce","False"
"qa/image-matte-decision-20261004/inspect/troop-bronze-heavy-feet.png","711736","e79681677b689e5818d4e4be7b1974c9bb59c423664d1e8741b727759d561a5c","False"
"qa/image-matte-decision-20261004/inspect/troop-bronze-heavy-green420.png","153843","edf54ad6e4cc7d1923056e994f5341d41766ce4817901148787a3880626b0cc9","False"
"qa/image-matte-decision-20261004/inspect/troop-industrial-melee-64.png","8282","93a3f130b54379cb9b6913fdcc8eeb343b6ff83ddc480006467e2289ee4308e0","False"
"qa/image-matte-decision-20261004/inspect/troop-industrial-melee-feet.png","395040","768a3e6db68ed2afb10a0c0ea6ebbeb92653cd838a6c71d9cf2ea900402b4dfd","False"
"qa/image-matte-decision-20261004/inspect/troop-industrial-melee-green420.png","84609","c60dbead4a8289042c444a35ce7d71bd5898968515336b01f5575e36feaf1d66","False"
"qa/image-matte-decision-20261004/inspect/troop-industrial-melee-v5feet.png","235444","cd29106ab19bb174e2076207f892ad47e9a9525db8c46affab99e1ddaa8d7172","False"
"qa/image-matte-decision-20261004/inspect/troop-industrial-ranged-64.png","9552","ca766c2f24f65fac73186de6d4b907cf80f092f890d140a22e2602eae28a2b1b","False"
"qa/image-matte-decision-20261004/inspect/troop-industrial-ranged-feet.png","306268","d4523df83687809712b7b0e53951850e4ee1c043b195ab3a7ddca3c5aa7797b4","False"
"qa/image-matte-decision-20261004/inspect/troop-industrial-ranged-green420.png","63355","bad801f2f6bf047d6b071f5be6968e940439debacd59aba3358fc13de90ad989","False"
"qa/image-matte-decision-20261004/inspect/troop-medieval-heavy-64.png","15034","3f6e0e2db888df6aa2903cae6abd7e88ebc9b19305bd0a3b3a50db8deb3cbc97","False"
"qa/image-matte-decision-20261004/inspect/troop-medieval-heavy-feet.png","433637","9721897700975add74818281b518003a4d7b549b1ebe55ae2a7034a89c470254","False"
"qa/image-matte-decision-20261004/inspect/troop-medieval-heavy-green420.png","114667","3b68a68c7c3cb1becfb302a4a802a9b39737a510e618c2eb079b43e09af0de95","False"
"qa/image-matte-decision-20261004/inspect/troop-medieval-melee-64.png","12138","e52232014725cc280477f635885ab570311fd67f4588520111ac94c0bd487c27","False"
"qa/image-matte-decision-20261004/inspect/troop-medieval-melee-feet.png","614835","98d9eb1a7c39a77d665e9a96fe9d34f8562401187724255606db265c8278f975","False"
"qa/image-matte-decision-20261004/inspect/troop-medieval-melee-green420.png","86457","4091f291e3aa451a416de81b8d3510d4178dfb5d3a53c775be3e1238f8620a7f","False"
"qa/image-matte-decision-20261004/inspect/troop-medieval-melee-v5feet.png","497419","9b613eb0e73af64ca377f34d5fe5a5d8bd018167fe4ad583cc284b6ed0a463f1","False"
"qa/image-matte-decision-20261004/inspect/troop-medieval-ranged-64.png","11593","7fb3f62b71de3766f5a7e8ea6e9ea4c24d6fa74909fd19049b8f7824ad4c56c8","False"
"qa/image-matte-decision-20261004/inspect/troop-medieval-ranged-feet.png","248692","ca2764bdf89088a5306746dfca9931b8cbbc889745f687d05473e3c29746909b","False"
"qa/image-matte-decision-20261004/inspect/troop-medieval-ranged-green420.png","17354","22bc35855c838c5c15388a133028e8900285177a2794a8b46532b5d18638d548","False"
"qa/image-matte-decision-20261004/inspect/troop-modern-heavy-64.png","17239","d0d89c07da4478f1e9b51c1a9f3dc9a2b98306c531b6c8fd548eda86c07b9071","False"
"qa/image-matte-decision-20261004/inspect/troop-modern-heavy-feet.png","991234","1603ca358cda39bd78717a0c07f585794e84c9776dc902e75bcc8e3f26696702","False"
"qa/image-matte-decision-20261004/inspect/troop-modern-heavy-green420.png","135108","4f8cccb42116be1051a68f0cf0385edc67c6af83b56efbee79c599268abeb517","False"
"qa/image-matte-decision-20261004/inspect/troop-stone-heavy-64.png","12880","b9201fe46e143c3b74b837acaa497d94e25467134863227f3f7136fdfb93b63c","False"
"qa/image-matte-decision-20261004/inspect/troop-stone-heavy-feet.png","712443","4d112d44da859ba5d789e754a0c5dacce184da45565e7a34beaebe930fea3eca","False"
"qa/image-matte-decision-20261004/inspect/troop-stone-heavy-green420.png","119642","490ae79b14fdd3bcf4ed893ec802525eaae15da012fc656cde35f995128ed062","False"
"qa/image-matte-decision-20261004/inspect/troop-stone-heavy-v5feet.png","277439","9a240df1c0b5fde77ab052c0d4f7ba8fb9f9aebf40f57ac43036bd05ad11a852","False"
"qa/image-matte-decision-20261004/rigs/healer-uncovered.png","84469","27b9fb13d1ce16bad1d355730d737d23c04c88d1ec99933ccf544bdc7628b295","False"
"qa/image-matte-decision-20261004/rigs/knight-grid-a.png","379065","7f2fe6797a94a7e49aa19a83ec69b7357d8a3f6753312cfb45a7706042a00642","False"
"qa/image-matte-decision-20261004/rigs/knight-grid-b.png","413384","09e691b67b62cb9d00fa9283a9772459336e43f63b43eb946d2f6ce010eb9f7d","False"
"qa/image-matte-decision-20261004/rigs/knight-v4-grid.png","792784","8b4b5c44c344eaeb48470e2eaa9df73a8e3b63a42452ceff0dfc17465869c288","False"
"qa/image-matte-decision-20261004/rigs/paladin-gauntlet.png","39273","bc15d16ffe5e5cafb72b707050028113551f36d9a9260a30778c69e1eaf6b868","False"
"qa/image-matte-decision-20261004/rigs/paladin-pauldron_lower_left.png","32876","0965b4e4ca25e74ab4882c48ff9ac7c8043c8b1b286d4043e45ad5965090ee48","False"
"qa/image-matte-decision-20261004/rigs/paladin-pauldron_right.png","31807","aef7de69fee4e478463c4fe40739840fa8e53b73b74ddeddd9430571c6de6d28","False"
"qa/image-matte-decision-20261004/rigs/paladin-sword_gauntlet_assembly.png","45988","50b3fce51dfb248d8bc220e3eb86b3085fbce87addfeeec8d2f7ee209f1086bf","False"
"qa/image-matte-decision-20261004/rigs/paladin-uncovered.png","149898","55420a7a4501f2a53ba0e8470f0f1be1930011eeaabc6cc1b6eafc147a9956f9","False"
"qa/image-matte-decision-20261004/rigs/ranger_pauldron_upper_arm_vambrace_hand_gauntlet_-25_green.png","103747","f4a030e97808b2cf62ebe2beef563398a50a07fccfb082974cbe2a3c3aee30aa","False"
"qa/image-matte-decision-20261004/rigs/ranger_pauldron_upper_arm_vambrace_hand_gauntlet_-25.png","158980","43f6f12fb8d308d0db99c4cf40d01f5df3b559e0d79730d6e92da4754bc7a29c","False"
"qa/image-matte-decision-20261004/rigs/ranger_pauldron_upper_arm_vambrace_hand_gauntlet_0_green.png","103205","3c5dc2e8b86bc928027a5abb0dbe77bd9e5ac77907478d5df44e6c1f1a729a59","False"
"qa/image-matte-decision-20261004/rigs/ranger_pauldron_upper_arm_vambrace_hand_gauntlet_0.png","158488","09427e57e65523f14c600822d800bfe7f4601cd372764bbff70e608214abcc17","False"
"qa/image-matte-decision-20261004/rigs/ranger_pauldron_upper_arm_vambrace_hand_gauntlet_25_green.png","94793","5f98fbf3e5cbd72ea00d7868a3580a157219c6cda8973e7c3ae3c65e52acaac3","False"
"qa/image-matte-decision-20261004/rigs/ranger_pauldron_upper_arm_vambrace_hand_gauntlet_25.png","145580","a3270d740cde4d7fa4d934b55ed49a86c3693ee1b03b9525e2a87d87c0b9aec1","False"
"qa/image-matte-decision-20261004/rigs/ranger_sleeve_upper_arm_vambrace_hand_open_-25_green.png","75864","e0a023fb4f520a4ed45dc714af8ee08aea39b4f0c78a294653fffb87e4763656","False"
"qa/image-matte-decision-20261004/rigs/ranger_sleeve_upper_arm_vambrace_hand_open_-25.png","110833","b9ddaa7a23d9bc3ca3069be165a5b62932c8a1ad4252ca8e5ffd3f5a618d21b1","False"
"qa/image-matte-decision-20261004/rigs/ranger_sleeve_upper_arm_vambrace_hand_open_0_green.png","84704","98252a6db0d37929c00e3cce2c7c557b16f4cc66911e456e11c6bd4aa52f21e7","False"
"qa/image-matte-decision-20261004/rigs/ranger_sleeve_upper_arm_vambrace_hand_open_0.png","123248","b1dcaac981654a50281d6020421075aeb5fcda220e218329535668044e08a12c","False"
"qa/image-matte-decision-20261004/rigs/ranger_sleeve_upper_arm_vambrace_hand_open_25_green.png","85091","03ffa8e6c1c091cc68bd89433572758f87a6e59c9f056ac1b42154b1039e7807","False"
"qa/image-matte-decision-20261004/rigs/ranger_sleeve_upper_arm_vambrace_hand_open_25.png","123353","0dda9c3f74467f5031534690cb4e3289b74c8446a25ae8a787e495371f9d38d3","False"
"qa/image-matte-decision-20261004/rigs/ranger-uncovered.png","244662","da3c6372c45d918ca1da9d2dc7991abfcbde5319cb2701e07cd6428051b19238","False"
"qa/image-next-task-20261004/accounting-and-pacing.json","4770","3a5a1ecadae003db9488f0ba1d257151ff5f4c94b6f95aaac522594f79f3f6ae","False"
"qa/image-next-task-20261004/audit.py","12075","d331c707a8f251e2d0c25b11877f198d5153d54a9c7a34dd802972bf30092b6b","True"
"qa/image-next-task-20261004/bindings.json","56954","73813d4c262d579d46bfedb7f31dab1b6a8a65065b2675651204fdd884008113","False"
"qa/image-next-task-20261004/cleanup-verification-report.json","70808","462a520577d767c27648d115c469376cf3a6b522e250dc125911e11f3e8b5bde","False"
"qa/image-next-task-20261004/disk-usage.json","16255","58f7d3dfe2cf48fdf969f987943a97d4a25432a44c9777b0f60de4ef2ef49459","False"
"qa/image-next-task-20261004/documents-read.json","83303","08cef5b0d59be48054e82eead6548f111430d87cb726658da8a534921b7518b4","False"
"qa/image-next-task-20261004/extend-audit.py","4272","76e52a45d680458bc7570e1f0abc9d92ba6ab855d938364c31a984be9026224f","True"
"qa/image-next-task-20261004/geometry-checks.json","11960","fd1a86f824d344116876dba01f509e239742c629625fee50efa64bd88e320512","False"
"qa/image-next-task-20261004/geometry-measurements-all32.json","32393","c56e8f14bb4081a7fc1639b3d565513af7ea6d2b19ed25326c821de2f0915d8f","False"
"qa/image-next-task-20261004/hall-sources-survey.json","5641","87bc6fd3ce614ce012d4a948a13ce64b5496dbf942ba60cc955b5c0bd77fec05","False"
"qa/image-next-task-20261004/handoff-checks.json","1723","683b893d1c4282a9fe88e850e132942da593f85d9e8f8875d7ffbd8d3483db7c","False"
"qa/image-next-task-20261004/handoff.py","5722","6e98ac0fe219de8c8e97417487afb890df6c293104995515e5f86eca9d7f4f9f","True"
"qa/image-next-task-20261004/history.json","65499","1979700d3e00ee68d47e713b488a5583978376e89fe085d7e12670d5ce4004d7","False"
"qa/image-next-task-20261004/kingdom-eight-native-overview.jpg","1032523","0d6eada3134ccdd8053e169e709d23bd57f9f926c424b7bfb1eb7799e2191ada","False"
"qa/image-next-task-20261004/kingdom-recovery-candidates-manifest.json","13775","774a3674fb26a58accce16603671762ce932540304cf06d16a41968e56269470","False"
"qa/image-next-task-20261004/kingdom-terrain-bronze-guide-base-output.jpg","341765","ac18d88deb6aa29e582463a1e5952bb564a6235173035a1d8eebb21db01ebd0e","False"
"qa/image-next-task-20261004/kingdom-terrain-bronze-native-civic-upper.jpg","580654","05ac9dd4ac3fd63c598c4ad7de9529e3b1948d716bb14e79f3930a4feb4dd34d","False"
"qa/image-next-task-20261004/kingdom-terrain-bronze-native-crossing.jpg","179080","0afd64b524a1fb98c1b360e767869e4857983d580ccdced2de6cca1ddf7a8397","False"
"qa/image-next-task-20261004/kingdom-terrain-bronze-native-lower-pads.jpg","392461","6aa654a2693a346fa994192ae21ba999e7666918f1fb746462969e91810aa226","False"
"qa/image-next-task-20261004/kingdom-terrain-bronze-native-right-pads.jpg","450331","f2ec458b36d43d47cc13defc568d1c7680e6410eaa73a439d0f439e4b0c1a534","False"
"qa/image-next-task-20261004/kingdom-terrain-bronze-overlay.jpg","541345","12231b3f8a2f205646e17f50c93626f4fa4558b28c25de167ca365441441a836","False"
"qa/image-next-task-20261004/kingdom-terrain-future-guide-base-output.jpg","321075","98b4b8e9d1707df399ceb8cfe5191dda18aecad2e090ae29410366802185c619","False"
"qa/image-next-task-20261004/kingdom-terrain-future-native-civic-upper.jpg","487932","2fdab6d4dddc2827985946dfb30d8fd84ee83863d102f6af5f4216cd9a401e6e","False"
"qa/image-next-task-20261004/kingdom-terrain-future-native-crossing.jpg","201955","b66e81dee4b1a88056caa56cc71cfdf8a3325047af0bd9a927a2c4edc0fb8c23","False"
"qa/image-next-task-20261004/kingdom-terrain-future-native-lower-pads.jpg","300393","f38c46f313551f1086caa144d1d5990a3f94f3aec862ff8fbf6e2bb7be84bb72","False"
"qa/image-next-task-20261004/kingdom-terrain-future-native-right-pads.jpg","400125","ad0fc6fc01b58aa09988eb047d8e9d14bb1595700933b8c5dd1e76f7d0e0b9ac","False"
"qa/image-next-task-20261004/kingdom-terrain-future-overlay.jpg","503251","1352eca1aa8c7d46cf6817c85889193737ac3dda544457675655d69ee5598a76","False"
"qa/image-next-task-20261004/kingdom-terrain-gunpowder-guide-base-output.jpg","350502","3b99ce5c4bd2310e90350a4efb1cf1c1004d105623367bea005aa9f468b97a83","False"
"qa/image-next-task-20261004/kingdom-terrain-gunpowder-native-civic-upper.jpg","559375","64b2654d649a5e5a2e0b4538faef849efba8f136b5ad51acfc861a6e7b515e66","False"
"qa/image-next-task-20261004/kingdom-terrain-gunpowder-native-crossing.jpg","195950","df126d7f77393a755fe377c06b9b67be103da8faf9e886babd4ef8d3d0482e60","False"
"qa/image-next-task-20261004/kingdom-terrain-gunpowder-native-lower-pads.jpg","373521","32b520f5172699abeaaa2c915a373c42591d8d824a3bb1de2dd0463f5e1ca9b6","False"
"qa/image-next-task-20261004/kingdom-terrain-gunpowder-native-right-pads.jpg","458269","f02de6ccdd75d45c4588ac6a8d1c908a0f6264529ba9a56d171d95d197de280e","False"
"qa/image-next-task-20261004/kingdom-terrain-gunpowder-overlay.jpg","553200","28ed6c5753557d2a31ab6e13a3cb09b79d349a67e882a3e156d746e11e0ef3b8","False"
"qa/image-next-task-20261004/kingdom-terrain-industrial-guide-base-output.jpg","347387","9718c11d9a596fda12b45f924809560995fc6bebe6b90782f3279c30abf6464d","False"
"qa/image-next-task-20261004/kingdom-terrain-industrial-native-civic-upper.jpg","542437","e292e09aafb16b7e2992d23385d4bf02918a0c9561f7f9a7b24a724d0b0947b3","False"
"qa/image-next-task-20261004/kingdom-terrain-industrial-native-crossing.jpg","214013","9304496e8745c5a0e6270559af25539447e5b98ade0056927f7d525090eadcbf","False"
"qa/image-next-task-20261004/kingdom-terrain-industrial-native-lower-pads.jpg","431877","874ea55c2595ad43a8ff24448efcca679f1b97c3f86f3b886934989983259d78","False"
"qa/image-next-task-20261004/kingdom-terrain-industrial-native-right-pads.jpg","528926","0982cdd97c24930e5f81d569d520d1bd3d86e1489b6771d20b8c4349e07dcf4b","False"
"qa/image-next-task-20261004/kingdom-terrain-industrial-overlay.jpg","540371","43fca16966b9b5de6d8ffbd72f0d53d8f96b65a06a1ad505ec53f1df218c8dd8","False"
"qa/image-next-task-20261004/kingdom-terrain-iron-guide-base-output.jpg","382975","fa7ffa5b3f9b0baf6c121647d0a62a6ea12311bfcc4a33c46c4fa94ebf54c147","False"
"qa/image-next-task-20261004/kingdom-terrain-iron-native-civic-upper.jpg","634464","39a6173ce11c48254f0cc5923a2e6d398faac3644e4e294baca08c2f9c47b9b5","False"
"qa/image-next-task-20261004/kingdom-terrain-iron-native-crossing.jpg","196791","aa55c66fafa8c2c01a34fdd07e2d2670a2e6898aefbb6a775d1fa270e0b56cb0","False"
"qa/image-next-task-20261004/kingdom-terrain-iron-native-lower-pads.jpg","464542","e54f55dbc421f3046aba5bf9b367e88993a19eed90328d8aec5f325b3f918d47","False"
"qa/image-next-task-20261004/kingdom-terrain-iron-native-right-pads.jpg","527740","22d0b85776ef345e0957928d0fda11d336485cdb55d76a48d936299093aa9007","False"
"qa/image-next-task-20261004/kingdom-terrain-iron-overlay.jpg","614813","0e67139402f0aadec538de99907c9fe9391ee3b3e0697ee135064337b99e99e1","False"
"qa/image-next-task-20261004/kingdom-terrain-medieval-guide-base-output.jpg","358388","23b29fd1a6171c0eafa0fa08349288c8baa35c50e39b98d453e33b18252e014a","False"
"qa/image-next-task-20261004/kingdom-terrain-medieval-native-civic-upper.jpg","573708","12418fe30d1bdbd725493275deee364847537c26a8414f5c40789fde4844f7a0","False"
"qa/image-next-task-20261004/kingdom-terrain-medieval-native-crossing.jpg","187795","9e3b2aa9b9f67fecfe969bac696f9ab80536319e1827385a2148c3a2fe7c47a0","False"
"qa/image-next-task-20261004/kingdom-terrain-medieval-native-lower-pads.jpg","393411","02e2ea4d16c0ae1cb55695057c342793c1af8156cd2c02d7c6a7af6fe84222fa","False"
"qa/image-next-task-20261004/kingdom-terrain-medieval-native-right-pads.jpg","459746","b021f5d200e922119faf9c72cf66ce97a3fbf493767fd12d2ab6962782f794eb","False"
"qa/image-next-task-20261004/kingdom-terrain-medieval-overlay.jpg","591864","6af5eb74b58656e659345f8cb05d9f58696ce1a75b88640d1a8618a3b2562211","False"
"qa/image-next-task-20261004/kingdom-terrain-modern-guide-base-output.jpg","386007","16799de32d651d6481d78e53df70d0ecb5a42722823e4f8b0c5e9f64d3f3b324","False"
"qa/image-next-task-20261004/kingdom-terrain-modern-native-civic-upper.jpg","610208","a91c06c14534ed3650cf3ab8dbe5739769a448c90c982a708950f430b279120f","False"
"qa/image-next-task-20261004/kingdom-terrain-modern-native-crossing.jpg","176504","6be2ee0c04e39a084bd7e49664f34f252c4f729256bd8799e13064ec2926a399","False"
"qa/image-next-task-20261004/kingdom-terrain-modern-native-lower-pads.jpg","333751","b8f6e4b5e251ba2e4fda23a487eb82651850f43b6122b7d9a4e2b18cf00c2a7d","False"
"qa/image-next-task-20261004/kingdom-terrain-modern-native-right-pads.jpg","430065","ee453012cf27468ec4f037dcdc62e7746832ce40d0090d8b780cfd2f14b9058a","False"
"qa/image-next-task-20261004/kingdom-terrain-modern-overlay.jpg","615764","3121427d9c3e7eb5d01e95cd8e6f6beae64c735ab911f56f236ce7a44e6e0a78","False"
"qa/image-next-task-20261004/kingdom-terrain-stone-guide-base-output.jpg","317600","82810e760ed05e1c2a8e033164ac56b7aa61db91732f4f220f7d2eb329dad1ee","False"
"qa/image-next-task-20261004/kingdom-terrain-stone-native-civic-upper.jpg","547470","c488b28351d1ffb456a67828290cf01a8df082fd9a19c70705b9c9076303b539","False"
"qa/image-next-task-20261004/kingdom-terrain-stone-native-crossing.jpg","175097","9cbf96fdc3ca2b305c77dd006aad65081f133479583f1e82379838591fe2e582","False"
"qa/image-next-task-20261004/kingdom-terrain-stone-native-lower-pads.jpg","383427","c8751f2c3578b4ac42b9d2aaaeb6cfe7a91ab5dba5865787931ab6f78883b2fe","False"
"qa/image-next-task-20261004/kingdom-terrain-stone-native-right-pads.jpg","459485","4925c89393845011fd003f54dca6495b6ac34b73cdc60edecdcba32bdc37569f","False"
"qa/image-next-task-20261004/kingdom-terrain-stone-overlay.jpg","527754","2eb4ba85a73ee5ca3eeeb48e543c28889d72871ddfbebf0f3370024bb16433b9","False"
"qa/image-next-task-20261004/later73-preparation-manifest.json","99756","16405a69520cfbb1d4522655cb90ce9f6825e2cc79613e62113f4a4ac907a308","False"
"qa/image-next-task-20261004/no-image-usage.json","767","3f2b65d0c4cdae5590e289c3e56c690a13157d9d4479606a00bd96ef036112d5","False"
"qa/image-next-task-20261004/offline-runner-test-report.json","671","7cdc1049bea29f93d85a809916f737e1380fc991611c111de1e09df03a2b99c0","False"
"qa/image-next-task-20261004/outputs.json","33170","c720188e1fe029e5da31c24fbce2216fbbc8ec5640b20e15f0449b28ca33eefc","False"
"qa/image-next-task-20261004/prior24-preservation.json","8106","6d8eac63a8144fcc1d6deb7f306a99fab9df6717a89883107414c4754015fc0c","False"
"qa/image-next-task-20261004/promotion-and-cleanup-candidates.json","118744","cfd1c8e07a31bc32687353c9b6a71865f12ae36720c65e31a6410ba0cdde05d8","False"
"qa/image-next-task-20261004/protected-closing.json","313818","719696b3b849e6706747fe718074b43290c89db17376309fb406c1cc83e9b597","False"
"qa/image-next-task-20261004/protected-start.json","194543","23af40409dbdae64a5f11e14cf43aa52749f2e3edc7aa6161b60d688b6d3bf29","False"
"qa/image-next-task-20261004/recovery-candidates/kingdom-terrain-bronze/base_candidate_v4.png","1889201","256888f8a117d36d16fe3547ba0751885613a4dbf063bd72ef7ff2f0604032ca","False"
"qa/image-next-task-20261004/recovery-candidates/kingdom-terrain-bronze/candidate_meta.json","1656","b76394ab2e8ecaeee4bc8ed92b74484d6b30af20f14b95879f5b90de8d07cd95","False"
"qa/image-next-task-20261004/recovery-candidates/kingdom-terrain-bronze/guide_v4.png","25379","2b5977ff08b26586d983524ae874f6107ea857848b36216109503fa986a43369","False"
"qa/image-next-task-20261004/recovery-candidates/kingdom-terrain-bronze/mask_removal_v4.png","4335","17dd9a7c052fbc1b384da75b926e7fb2d0a0b90658f5ade8e5e47122a9572f29","False"
"qa/image-next-task-20261004/recovery-candidates/kingdom-terrain-future/base_candidate_v4.png","1801795","07c95205d27b2f252ec1bcdf99c11af19edb5b7db740dbb72b116681b2593b49","False"
"qa/image-next-task-20261004/recovery-candidates/kingdom-terrain-future/candidate_meta.json","1656","6d42e09e37416352ce723f075eb01dccd15e05275bee2a68efb62ec52631faef","False"
"qa/image-next-task-20261004/recovery-candidates/kingdom-terrain-future/guide_v4.png","25379","2b5977ff08b26586d983524ae874f6107ea857848b36216109503fa986a43369","False"
"qa/image-next-task-20261004/recovery-candidates/kingdom-terrain-future/mask_removal_v4.png","6491","ed7631e6e62559f320ebc349b701d221e56cd0645360513e912561416d83ad11","False"
"qa/image-next-task-20261004/recovery-candidates/kingdom-terrain-gunpowder/base_candidate_v4.png","1883606","b4daa64e435948c2ec01bab4016f004c99370080a4b3341e2c468991f0f644c4","False"
"qa/image-next-task-20261004/recovery-candidates/kingdom-terrain-gunpowder/candidate_meta.json","1674","6bca73b62e4f99aa31fad9b5ad3c6e7494d2d724e631273dabaa51bfcbf0d4d0","False"
"qa/image-next-task-20261004/recovery-candidates/kingdom-terrain-gunpowder/guide_v4.png","25379","2b5977ff08b26586d983524ae874f6107ea857848b36216109503fa986a43369","False"
"qa/image-next-task-20261004/recovery-candidates/kingdom-terrain-gunpowder/mask_removal_v4.png","6431","358ed4b40ae57125e5f27d44233e6a5bb4436a63157bb9eb9c3b98febade1edd","False"
"qa/image-next-task-20261004/recovery-candidates/kingdom-terrain-industrial/base_candidate_v4.png","1895615","202555b17d3b182b35a52d31826674ac68897f6b9be92ef087358121693045a1","False"
"qa/image-next-task-20261004/recovery-candidates/kingdom-terrain-industrial/candidate_meta.json","1680","73c5f03ba6d892d9d3921be8c994953581ed4d3a955c6e1540ebf288a2eac232","False"
"qa/image-next-task-20261004/recovery-candidates/kingdom-terrain-industrial/guide_v4.png","25379","2b5977ff08b26586d983524ae874f6107ea857848b36216109503fa986a43369","False"
"qa/image-next-task-20261004/recovery-candidates/kingdom-terrain-industrial/mask_removal_v4.png","5573","e1fcb84f9865c1c60c1ed5aa7f3c54d26f933c318891aafe8ce95f8b73410ba2","False"
"qa/image-next-task-20261004/recovery-candidates/kingdom-terrain-iron/base_candidate_v4.png","2024983","4c5d992ed1ce2b99ad068ee6b5719de38108a308b8ec5089a6d88a23f5499cee","False"
"qa/image-next-task-20261004/recovery-candidates/kingdom-terrain-iron/candidate_meta.json","1644","c305437b8fe944e754bbca8660db692318c13e66aa508dc4842ad242d64cf498","False"
"qa/image-next-task-20261004/recovery-candidates/kingdom-terrain-iron/guide_v4.png","25379","2b5977ff08b26586d983524ae874f6107ea857848b36216109503fa986a43369","False"
"qa/image-next-task-20261004/recovery-candidates/kingdom-terrain-iron/mask_removal_v4.png","5697","2b68ad484eb5e927073eea67b1cb4d4fa895c43adc28fc2f32f7081054aa85c3","False"
"qa/image-next-task-20261004/recovery-candidates/kingdom-terrain-medieval/base_candidate_v4.png","2012053","2091a6cf4958de1c48ec1b2d58fceba5e8072f24f9c5fd0231767a5c2502758f","False"
"qa/image-next-task-20261004/recovery-candidates/kingdom-terrain-medieval/candidate_meta.json","1668","81aa0e25a1e64b37ffd116750e2fc55fc060f4a610ca3ec8165bce6d37bd9671","False"
"qa/image-next-task-20261004/recovery-candidates/kingdom-terrain-medieval/guide_v4.png","25379","2b5977ff08b26586d983524ae874f6107ea857848b36216109503fa986a43369","False"
"qa/image-next-task-20261004/recovery-candidates/kingdom-terrain-medieval/mask_removal_v4.png","5559","4e4e31b19a699edc8b0da3efeb36840a6e8695b187c2ef08877ce8caf1b0e858","False"
"qa/image-next-task-20261004/recovery-candidates/kingdom-terrain-modern/base_candidate_v4.png","1983963","d230ee3dc6f299aaa71aba267db3e8b890ac605148ba2cb9712171f9008d478b","False"
"qa/image-next-task-20261004/recovery-candidates/kingdom-terrain-modern/candidate_meta.json","1656","7c2ef740ec95982891cd40ab17317fa89aebc3f3cdd66fac4d2a8a96ccdbdc84","False"
"qa/image-next-task-20261004/recovery-candidates/kingdom-terrain-modern/guide_v4.png","25379","2b5977ff08b26586d983524ae874f6107ea857848b36216109503fa986a43369","False"
"qa/image-next-task-20261004/recovery-candidates/kingdom-terrain-modern/mask_removal_v4.png","6448","104e13c4109bdec80acaa2f6f882e3deaff74cf1c73394849aa821a3c3e9a3c6","False"
"qa/image-next-task-20261004/recovery-candidates/kingdom-terrain-stone/base_candidate_v4.png","1900649","ae7ec0f8528ab932c4180f15563bfa322e03eb6625de724c2fcf5b5858839dbb","False"
"qa/image-next-task-20261004/recovery-candidates/kingdom-terrain-stone/candidate_meta.json","1650","20ed9813616b639b1224cd453b476a2021ae041294bff6de73e63641ac2a568f","False"
"qa/image-next-task-20261004/recovery-candidates/kingdom-terrain-stone/guide_v4.png","25379","2b5977ff08b26586d983524ae874f6107ea857848b36216109503fa986a43369","False"
"qa/image-next-task-20261004/recovery-candidates/kingdom-terrain-stone/mask_removal_v4.png","3151","5d258413f21090aba2900914ff9a0be4bd04cf3ef0cebd47bec38bfeb532f851","False"
"qa/image-next-task-20261004/stone-hall-proposal-composite.jpg","571725","3f814238b9f0e0d995e9770dfcdac446cd422c468ff91f7ab8396e9063a620d2","False"
"qa/image-next-task-20261004/summary.json","750","ab27fa03a385b46016a6522786d23d6a02436e7df8fdaf93260d3377e64d7dbb","False"
"qa/image-next-task-20261004/test-mock-pack/request_body.json","235","1092e2cc9c8a24fc00623df47f8e9362999a3903b7e5bc9829a1beb800bec592","False"
"qa/image-next-task-20261004/test-mock-pack/write_ahead_request.json","272","542e2e6a3ff36e8da248836973fc53ba7719f33bbe4cb57969e72f5cfccd73a1","False"
"qa/image-next-task-20261004/viewport-diagnostics-summary.json","2849","ca539ddc953fc7d119009f333de0f77b75b6816a02d10b1aefc2d7c1b7b53bab","False"
"qa/image-next-task-20261004/viewport-diagnostics/diagnostic_1180x820_panel_closed.png","1581779","bfc091781285f405d41a26ae263b45596b3d84be11f6396a81453ea3d64c3453","False"
"qa/image-next-task-20261004/viewport-diagnostics/diagnostic_1180x820_panel_open.png","952930","2c6c5239af8f1b516d55446d3589a2728e37e371c13cc69773ac18b2ab783573","False"
"qa/image-next-task-20261004/viewport-diagnostics/diagnostic_1280x720_panel_closed.png","1842575","755dca4407b9fa5d6b535d58305c2847091c486e52174896dbac9446dda0a8a9","False"
"qa/image-next-task-20261004/viewport-diagnostics/diagnostic_1280x720_panel_open.png","1162955","6a725bbd41c175c3697d51ddbeec6fee279c71d9e5326c93aa28268ff0b2529e","False"
"qa/image-next-task-20261004/viewport-diagnostics/diagnostic_825x375_panel_closed.png","544343","0510057bd2f394b72e3982f49100b22795d6880ca337780d0c9e41dd20d8ac3e","False"
"qa/image-next-task-20261004/viewport-diagnostics/diagnostic_825x375_panel_open.png","414632","8c114b87650ff6192a69fe9b7785ff776762aa1083dcc5c218e65eb246d0a0b8","False"
"qa/image-next-task-20261004/viewport-diagnostics/diagnostic_933x424_panel_closed.png","689025","cf26c540df0eda31f3a0a2e6fcaef8a10a1d98ee7660c9dcd068b4ba90747145","False"
"qa/image-next-task-20261004/viewport-diagnostics/diagnostic_933x424_panel_open.png","572462","d5a4197834b1c98dbcc5aa59cb66884618d4fef7fac6826ddb5d3c3948a00101","False"
"qa/image-v2-independent-20261004/all-listed-plan-reading.json","30119","0b98c03f0ca093785f7172bddfb940ce26010bddbf68b71323c52692c67a7e21","False"
"qa/image-v2-independent-20261004/apk-closure.json","39082","0b9e1d17734c93ef4175b5fa37c6e257d9e32c7954ee9db78b9421111b20755a","False"
"qa/image-v2-independent-20261004/army_actor-1.png","422953","4bffdaac59cd05b32da082ef7e6fe973fa3d1a43e64ee1edc66011dc8585b557","False"
"qa/image-v2-independent-20261004/army_actor-2.png","479284","8cb50d64852007fd46baf30da4ed2764fa8415a4dcc8ef40e35b2ef09619766a","False"
"qa/image-v2-independent-20261004/audit.py","4163","fafc1b9a333b19de4fc2628cd5e4cc39227906019e391e5e414e2253aeb0bd92","True"
"qa/image-v2-independent-20261004/authentic_substitution-1.png","78795","e0407f306f51c3a3ae63701ee6cc6ea2bc446b3b6f46ad66cce73d4d2bf7b627","False"
"qa/image-v2-independent-20261004/barbarian-residue-detail.png","401804","52cb45d723dfa03cd5e420a4f5bde10c053316291bb3542d0214f29f916692b9","False"
"qa/image-v2-independent-20261004/binding-checks.json","245232","66daa732aed87b05718a15d6c45866f4a8a0ff9902ae1fe02e61aa5cca5e6c88","False"
"qa/image-v2-independent-20261004/bronze-labels-detail.png","378369","0662474292c4597a8fb7c77f1f9bda8fff0f164cbe230ebfabcaf87613113ede","False"
"qa/image-v2-independent-20261004/controls-sandbox/changed-prompt/output.png","16917","ea5e901a8b0685dc490583a7fc2fe57a168e7ef2f40ba72f117484ebbd5ce526","False"
"qa/image-v2-independent-20261004/controls-sandbox/changed-prompt/request_body.json","48","1a899da3576db0bc485b01086824adfabadfd8b31263dbe1d059b160100e4974","False"
"qa/image-v2-independent-20261004/controls-sandbox/changed-prompt/response.json","22653","98b2cf842d61179ba85018e71b7d9e3515fdd02d46d10adddb8b276f823458b7","False"
"qa/image-v2-independent-20261004/controls-sandbox/changed-prompt/write_ahead_request.json","204","699248b025ecee2bade180989e4bb4a0434cc109da2e4db26dfa08f639c1f4e6","False"
"qa/image-v2-independent-20261004/controls-sandbox/cloud-ACTIVE_INDIVIDUAL_GENERATION-mutex.json","204","78ccf43cbc0d25de59448227e83f89e514245d61d6ac334ef09bd21bfccb0ded","False"
"qa/image-v2-independent-20261004/controls-sandbox/cloud-JOB_STATE_PENDING-mutex.json","204","79872660a6786a858812a4db2a3b94b12b067c3bed8395a5fcac4d852db5d7af","False"
"qa/image-v2-independent-20261004/controls-sandbox/cloud-JOB_STATE_QUEUED-mutex.json","204","73cd2b3031b90fe385d100f06a54a5d7d51d047eb1dae1e1ab63522ab75a752a","False"
"qa/image-v2-independent-20261004/controls-sandbox/cloud-JOB_STATE_RUNNING-mutex.json","204","277343a89738dfef43b147eab28295bb09c03cdad149e58e69ad85fafb389978","False"
"qa/image-v2-independent-20261004/controls-sandbox/cloud-JOB_STATE_UNKNOWN-mutex.json","204","7bf46e1dec96f4ddb7b1512df68ea7c42332a31bc24cfce426358eb6673bb954","False"
"qa/image-v2-independent-20261004/controls-sandbox/cloud-UNKNOWN-mutex.json","204","1bb09966505d71545dd365ef535ea9b51a38b7840f6f647054feffff5f073e5b","False"
"qa/image-v2-independent-20261004/controls-sandbox/dead-unknown-mutex.json","76","f4c0e599d72a7c2a77f1913f28ece5a991b73a3f32199a601ea7a7efc240972c","False"
"qa/image-v2-independent-20261004/controls-sandbox/delayed-race-mutex.json","195","50cf45df9f7db6655445dda2ebc889891a64f6f051c38432b54ae5ae0ef7801e","False"
"qa/image-v2-independent-20261004/controls-sandbox/delayed-race-mutex.json.excl","48","11d68927b9bb70fd675336f52b48cffebe18c4256dc6bdfe9cd89ea355488e06","False"
"qa/image-v2-independent-20261004/controls-sandbox/history-pack/request_body.json","12","ccf50d673254cd845431efc8a04821578425f1109a3ca25231b4c1091f63e383","False"
"qa/image-v2-independent-20261004/controls-sandbox/history-pack/write_ahead_request.json","578","6105c2bef7ec344838c8d5bbb0c649773dd9147cf8ade558a52d61f954237883","False"
"qa/image-v2-independent-20261004/controls-sandbox/history-pack/write_ahead_subattempt_1_collision_c246a0e4_f022ba.json","578","6105c2bef7ec344838c8d5bbb0c649773dd9147cf8ade558a52d61f954237883","False"
"qa/image-v2-independent-20261004/controls-sandbox/history-pack/write_ahead_subattempt_1.json","578","3efffff376ddeab8ebf27b1f049ffb681f8f8c1c925f6cff6f99056b40227989","False"
"qa/image-v2-independent-20261004/controls-sandbox/independent-additional-probes.json","1318","645c63776042f0e5fa05babd32e821557bb91716c34fe62da389287840da8c87","False"
"qa/image-v2-independent-20261004/controls-sandbox/interactive_runner_continuity.py","57805","f3d645b29d152fbcebd3d1a0f6f2eb171a27dc96a4210a39d5df07a99446bfaf","True"
"qa/image-v2-independent-20261004/controls-sandbox/invented-body-hash/output.png","16917","ea5e901a8b0685dc490583a7fc2fe57a168e7ef2f40ba72f117484ebbd5ce526","False"
"qa/image-v2-independent-20261004/controls-sandbox/invented-body-hash/request_body.json","48","1a899da3576db0bc485b01086824adfabadfd8b31263dbe1d059b160100e4974","False"
"qa/image-v2-independent-20261004/controls-sandbox/invented-body-hash/response.json","22653","98b2cf842d61179ba85018e71b7d9e3515fdd02d46d10adddb8b276f823458b7","False"
"qa/image-v2-independent-20261004/controls-sandbox/invented-body-hash/write_ahead_request.json","204","699248b025ecee2bade180989e4bb4a0434cc109da2e4db26dfa08f639c1f4e6","False"
"qa/image-v2-independent-20261004/controls-sandbox/isolated-changed-prompt/output.png","16917","ea5e901a8b0685dc490583a7fc2fe57a168e7ef2f40ba72f117484ebbd5ce526","False"
"qa/image-v2-independent-20261004/controls-sandbox/isolated-changed-prompt/request_body.json","349","12529868e77980acfffd99da976444d79cc74043f8abf4d44b73c1e20127f414","False"
"qa/image-v2-independent-20261004/controls-sandbox/isolated-changed-prompt/response.json","22653","98b2cf842d61179ba85018e71b7d9e3515fdd02d46d10adddb8b276f823458b7","False"
"qa/image-v2-independent-20261004/controls-sandbox/isolated-changed-prompt/write_ahead_request.json","290","d51f3fb1b1010049a083c91b463c4548332dfdac65a8ad4cfa8abc4190b4cec4","False"
"qa/image-v2-independent-20261004/controls-sandbox/isolated-invented-body-hash/output.png","16917","ea5e901a8b0685dc490583a7fc2fe57a168e7ef2f40ba72f117484ebbd5ce526","False"
"qa/image-v2-independent-20261004/controls-sandbox/isolated-invented-body-hash/request_body.json","349","12529868e77980acfffd99da976444d79cc74043f8abf4d44b73c1e20127f414","False"
"qa/image-v2-independent-20261004/controls-sandbox/isolated-invented-body-hash/response.json","22653","98b2cf842d61179ba85018e71b7d9e3515fdd02d46d10adddb8b276f823458b7","False"
"qa/image-v2-independent-20261004/controls-sandbox/isolated-invented-body-hash/write_ahead_request.json","290","6250073868998e1229c0ae6fd8de0d924dc754816affa55ab8aaad3640b37a73","False"
"qa/image-v2-independent-20261004/controls-sandbox/isolated-missing-body-hash/output.png","16917","ea5e901a8b0685dc490583a7fc2fe57a168e7ef2f40ba72f117484ebbd5ce526","False"
"qa/image-v2-independent-20261004/controls-sandbox/isolated-missing-body-hash/request_body.json","349","12529868e77980acfffd99da976444d79cc74043f8abf4d44b73c1e20127f414","False"
"qa/image-v2-independent-20261004/controls-sandbox/isolated-missing-body-hash/response.json","22653","98b2cf842d61179ba85018e71b7d9e3515fdd02d46d10adddb8b276f823458b7","False"
"qa/image-v2-independent-20261004/controls-sandbox/isolated-missing-body-hash/write_ahead_request.json","208","6f60fc80d2cb99cc1b0c3bc8e866cec48cb26395b5cf6e9f26182b22b7e191de","False"
"qa/image-v2-independent-20261004/controls-sandbox/isolated-reuse-binding-results.json","1645","4b3b7b0ec69e5438f8eb31d0f48a3fdbf06b3f02663dde6e4cab8018430ebfb9","False"
"qa/image-v2-independent-20261004/controls-sandbox/isolated-valid-baseline/output.png","16917","ea5e901a8b0685dc490583a7fc2fe57a168e7ef2f40ba72f117484ebbd5ce526","False"
"qa/image-v2-independent-20261004/controls-sandbox/isolated-valid-baseline/request_body.json","349","12529868e77980acfffd99da976444d79cc74043f8abf4d44b73c1e20127f414","False"
"qa/image-v2-independent-20261004/controls-sandbox/isolated-valid-baseline/response.json","22653","98b2cf842d61179ba85018e71b7d9e3515fdd02d46d10adddb8b276f823458b7","False"
"qa/image-v2-independent-20261004/controls-sandbox/isolated-valid-baseline/write_ahead_request.json","290","d51f3fb1b1010049a083c91b463c4548332dfdac65a8ad4cfa8abc4190b4cec4","False"
"qa/image-v2-independent-20261004/controls-sandbox/isolated-wrong-mime/output.png","16917","ea5e901a8b0685dc490583a7fc2fe57a168e7ef2f40ba72f117484ebbd5ce526","False"
"qa/image-v2-independent-20261004/controls-sandbox/isolated-wrong-mime/request_body.json","349","12529868e77980acfffd99da976444d79cc74043f8abf4d44b73c1e20127f414","False"
"qa/image-v2-independent-20261004/controls-sandbox/isolated-wrong-mime/response.json","22654","7553077fc05b40b5a4391368bcffc9b2a18472a4dc6ee024d21d2800b08bd4de","False"
"qa/image-v2-independent-20261004/controls-sandbox/isolated-wrong-mime/write_ahead_request.json","290","d5256abab620d0279961390666687702c7e76628b0e1f56440230733fe67aae8","False"
"qa/image-v2-independent-20261004/controls-sandbox/malformed-pacing.json","14","a47affe283711c1ee97972b1844b8a6c732a529ffb635faae7881b24e52c0b13","False"
"qa/image-v2-independent-20261004/controls-sandbox/malformed-wa-pack/write_ahead_request.json","14","62eb7d4ff39a69b09cf8fdaa37579468bf970290cb3ff1fe87554cba9d06cc50","False"
"qa/image-v2-independent-20261004/controls-sandbox/missing-body-hash/output.png","16917","ea5e901a8b0685dc490583a7fc2fe57a168e7ef2f40ba72f117484ebbd5ce526","False"
"qa/image-v2-independent-20261004/controls-sandbox/missing-body-hash/request_body.json","48","1a899da3576db0bc485b01086824adfabadfd8b31263dbe1d059b160100e4974","False"
"qa/image-v2-independent-20261004/controls-sandbox/missing-body-hash/response.json","22653","98b2cf842d61179ba85018e71b7d9e3515fdd02d46d10adddb8b276f823458b7","False"
"qa/image-v2-independent-20261004/controls-sandbox/missing-body-hash/write_ahead_request.json","122","f20b83786a44cb57b8b606de77c92ef107dc1a9e07c413073f6a6cdaa368ceeb","False"
"qa/image-v2-independent-20261004/controls-sandbox/preflight-bad-pack/write_ahead_request.json","65","552aa5f7822d4455bba8c9518c0e8b66827ccf4233fe66d0a40c59b27f3ee45b","False"
"qa/image-v2-independent-20261004/controls-sandbox/preflight-good-pack/write_ahead_request.json","63","529b6a8a08b2d7a5ecd4c1af5104872739767cb0bb6d3e1fe1b5425291ba2488","False"
"qa/image-v2-independent-20261004/controls-sandbox/repaired-controls-report.json","1881","391fae012e29247dd259ac988eee2766ff880816d3a461227b0cab608838c984","False"
"qa/image-v2-independent-20261004/controls-sandbox/rerun-producer.py","9270","1125773c2df6fa80cb81940bce340dfca4d3a26655fd4f97eda916f84766b294","True"
"qa/image-v2-independent-20261004/controls-sandbox/reuse-pack/output.png","16913","56891a2aac3412918891d0e9067cfc7cc39e9ead6cf5f5619d2e25a52063052b","False"
"qa/image-v2-independent-20261004/controls-sandbox/reuse-pack/response.json","2","44136fa355b3678a1146ad16f7e8649e94fb4fc21fe77e8310c060f61caaff8a","False"
"qa/image-v2-independent-20261004/controls-sandbox/reuse-pack/write_ahead_request.json","65","807e102ed275b16799907b394998384d0129effc839e3329a453f8876ae9bea9","False"
"qa/image-v2-independent-20261004/controls-sandbox/unknown-release-mutex.json","302","b9e6370d0544c7559a6412bac946108bccefc5ee8544231ee0201bc2aaa72c65","False"
"qa/image-v2-independent-20261004/controls-sandbox/unknown-release-mutex.json.excl","51","d0c5ad18dfd733e556b3abacd9294078b93263c8b9f1ed03799769d3ecdd5db2","False"
"qa/image-v2-independent-20261004/controls-sandbox/unknown-release-pack/write_ahead_request.json","63","b0540f6cfd3184e6fbf3069ea64c90515befac7e27f291bd835b7276337b1307","False"
"qa/image-v2-independent-20261004/controls-sandbox/wrong-mime/output.png","16917","ea5e901a8b0685dc490583a7fc2fe57a168e7ef2f40ba72f117484ebbd5ce526","False"
"qa/image-v2-independent-20261004/controls-sandbox/wrong-mime/request_body.json","48","1a899da3576db0bc485b01086824adfabadfd8b31263dbe1d059b160100e4974","False"
"qa/image-v2-independent-20261004/controls-sandbox/wrong-mime/response.json","22654","7553077fc05b40b5a4391368bcffc9b2a18472a4dc6ee024d21d2800b08bd4de","False"
"qa/image-v2-independent-20261004/controls-sandbox/wrong-mime/write_ahead_request.json","204","699248b025ecee2bade180989e4bb4a0434cc109da2e4db26dfa08f639c1f4e6","False"
"qa/image-v2-independent-20261004/controls.py","2238","c6490819272276197ddde1883c20be300e48da4552fce3647ae44009ee30da2d","True"
"qa/image-v2-independent-20261004/final_checks.py","3397","41a0419e6e267ff7fb3f5ba12b6a168a0befbad76f87f2a27cf7848c79697407","True"
"qa/image-v2-independent-20261004/final-checks.json","438","03e56fe11198e8d0de1d11c1cd2c2b3405c0cae9e7a7e8875c51358ef184725d","False"
"qa/image-v2-independent-20261004/healer-source-detail.png","1448807","f8670bdd035903693d0c2090a73b2d7576f06e6930c8f72e1b62a19f76551cdd","False"
"qa/image-v2-independent-20261004/hero_mount-1.png","257986","3dd63e2473eb57eb9a53ae3583a22f6c01f62690505f491bd5e366a09a7e255d","False"
"qa/image-v2-independent-20261004/horse-floor-detail.png","1167087","d13af0a19c130133443eff9859cd65a77fe8220575b205849fff7ee5605f3388","False"
"qa/image-v2-independent-20261004/independent-role-dispositions.json","103659","0b0a3834c3086e67127aed1cc6ce06d52d2d1b086e5f2bc0297926f4d1709740","False"
"qa/image-v2-independent-20261004/kingdom-terrain-bronze-active-overlay.png","1878943","4bc5c8f10a8d1ffafadffe257b368a06641994fb59b6ca6654334c6d0888448b","False"
"qa/image-v2-independent-20261004/kingdom-terrain-future-active-overlay.png","1819682","f4149d76a45fa6d7c62ecbae122810b31a77c0b2c7f1a52b0d7cc1ddf25642c3","False"
"qa/image-v2-independent-20261004/kingdom-terrain-gunpowder-active-overlay.png","1906545","d28f631e4d5d28ad0bd97cc7c12ca5f9a4ee26609af12d47d1cfbb082c70597e","False"
"qa/image-v2-independent-20261004/kingdom-terrain-industrial-active-overlay.png","1913459","5b96a538a5b7535dac8f49f7042bd62e946bf345620dd7748ce1b68a05052232","False"
"qa/image-v2-independent-20261004/kingdom-terrain-iron-active-overlay.png","2054656","c0bed03b861fc3680d852d7cfc8b77803654dfe6d36d6c260b2116e5fb21793d","False"
"qa/image-v2-independent-20261004/kingdom-terrain-medieval-active-overlay.png","2007386","b8d60a14f1c5c60c9865fe79830c4c51c2177fa2dc54004aa02026d7e13c1213","False"
"qa/image-v2-independent-20261004/kingdom-terrain-modern-active-overlay.png","2013761","120fc1b2aecdcef299082d99848aeb02e5ce8a1f7560f384f2de723562b95997","False"
"qa/image-v2-independent-20261004/kingdom-terrain-stone-active-overlay.png","1896536","fa503f9265445c5e3561c6af8812d5b55001f7f5d913e966eed88cab597d358c","False"
"qa/image-v2-independent-20261004/paladin-source-detail.png","1210019","d0986c06387ccda90155ebd2e8d458eaaab4d2fcb4b7adacf75c6e45cd3e4ec3","False"
"qa/image-v2-independent-20261004/portrait_card-1.png","1061286","6891f892673c885605823407bc8a8c40be110a87b1cfc5d4f206cb0470850b50","False"
"qa/image-v2-independent-20261004/portrait_card-2.png","1025974","c0d6d9db954fe17e441f0edee6dca641c3c007929b9fc91542beda004660b0cf","False"
"qa/image-v2-independent-20261004/portrait_card-3.png","1102066","73307cf9ec78ac1d5ba73cd114a7acc50a8a3871cac24538f7abfaf3b712378e","False"
"qa/image-v2-independent-20261004/portrait_card-4.png","187367","90fdd7efa573161ec2ec4064bbeefcac4edc52ed7f801ff1a75f0853384b935f","False"
"qa/image-v2-independent-20261004/preservation-result.json","98","d2205bcd871638a3dd2faae4010afcff627daffe50faa8f9204e86c5e4cec36c","False"
"qa/image-v2-independent-20261004/preservation.py","1257","e74d4b1df064ea007d51aac3cb42bfe7bfae693619a12729506b6e244eecd9ca","True"
"qa/image-v2-independent-20261004/protected-before.json","463152","380433f0c7cb0ffd03909ff43a5e47586fdb515a4a67f797d1aab1f9929c8b0d","False"
"qa/image-v2-independent-20261004/publish_dispositions.py","2294","2ea4ca043a40adc786a6c71c1e54686f4a4338184c666faa55834c20e533440b","True"
"qa/image-v2-independent-20261004/publish_handoff.py","2880","c72c6271db28f04577c7209720be6eeca2a6e68cb8c4f74cb94c23a67ae64f0c","True"
"qa/image-v2-independent-20261004/required-index-reading.json","23782","323a85a1e765abbda50ae2a18933f1399337f7b9f54a70be68a1841e67f31bc7","False"
"qa/image-v2-independent-20261004/reuse_binding_isolated.py","2128","8a8938f44eb027276a0feda68416bf7519b5308f2dca95df181abf0ad66251d2","True"
"qa/image-v2-independent-20261004/rig-parts-1.png","543313","df64d32267d7324aabe5cbec7bc31fe3fcdef6b24325b51bdd22a64c8e30302d","False"
"qa/image-v2-independent-20261004/rig-parts-2.png","465268","6fd1ef32549e8eeca59209a5b8570c4bf680ecdfa28d12c3df10271e4bc245b5","False"
"qa/image-v2-independent-20261004/rig-parts-3.png","513648","f14fee996376a7e9b8dc56b4516643ed1e82a9c483c4bed1ce4f97d9a1bf3e0e","False"
"qa/image-v2-independent-20261004/rig-parts-4.png","435703","71d10422e9dd5fb5df1e37dc2703c1d63e5ff14a383d76cd3c03cd669775276d","False"
"qa/image-v2-independent-20261004/rig-parts-5.png","538858","a29db02bb2b83d16535575b6a21388d0c434c23b4be59212012f5b08c19858ba","False"
"qa/image-v2-independent-20261004/rig-parts-6.png","402380","ac4e8db198b6f1bce605b12e0cb6b1c58d3c1e0f15d8e66b588350cd795e683c","False"
"qa/image-v2-independent-20261004/rig-parts-7.png","583651","8939641550024992369d058d56fbd3d9127c5686776b35bf2b3d90e248d9df3e","False"
"qa/image-v2-independent-20261004/rig-parts-8.png","644737","322e8c29260248e81bfafcb13d1070bfb9883e2999d5f609187f7ff6a00dcd57","False"
"qa/image-v2-independent-20261004/rig-parts-9.png","61785","c127e787515cff868beac648c3928bffddcdc8d6dd158767c3267d41b85f8124","False"
"qa/image-v2-independent-20261004/rival-baseline-comparison.png","629150","7b92fdb7fb101287bc5a23e7b7d5e6d845fdb0819a77a57b4b3775b084ee1e86","False"
"qa/image-v2-independent-20261004/row-dispositions.json","49147","2d0851d5411009fb5d0a92e041cd2ec6abb5cf3f5f0cd796ea76df119f03e760","False"
"qa/image-v2-independent-20261004/stone_v4-active-overlay.png","2110180","52d15a6b64b8ed1cb74293b71d7a5a1feefdacdaf9e9b1ae9beb06b8428a84cf","False"
"qa/image-v2-independent-20261004/stone-floor-detail.png","1038494","2a2499c09260e8ccd5df9ea07b5979a435a04a90b1329e73f7e3aa6d93780740","False"
"qa/image-v2-independent-20261004/supplement-evidence.json","24148","d7db0e1dd1beef77f0c46ce947e2a020a490877a68f44ecb0db6094bc0b8ec59","False"
"qa/image-v2-independent-20261004/supplement.py","5851","2a1bcf0b44059a1516884bf2430575cb8a2ee5b2b876cce1903dc6fda9c857c4","True"
"qa/image-v3-isolated-controls-20261004/dead-unknown-mutex.json","76","f4c0e599d72a7c2a77f1913f28ece5a991b73a3f32199a601ea7a7efc240972c","False"
"qa/image-v3-isolated-controls-20261004/delayed-race-mutex.json","197","f686f6d2b3fe41ddd6d527c78e6e73042697ac50fd567d6bd8010cc093bdb3cb","False"
"qa/image-v3-isolated-controls-20261004/delayed-race-mutex.json.excl","50","1d2ce8b286635ea8286b7ba20aecb7cd194f06a3efcdb3da4908952babf33483","False"
"qa/image-v3-isolated-controls-20261004/history-pack/request_body.json","12","ccf50d673254cd845431efc8a04821578425f1109a3ca25231b4c1091f63e383","False"
"qa/image-v3-isolated-controls-20261004/history-pack/write_ahead_request.json","579","cc97f7a62743609661182a1316e03b7589ae9fb2c6e47dd0db6aa37ec8ab18a9","False"
"qa/image-v3-isolated-controls-20261004/history-pack/write_ahead_subattempt_1_collision_f2e53e7d_985d99.json","579","cc97f7a62743609661182a1316e03b7589ae9fb2c6e47dd0db6aa37ec8ab18a9","False"
"qa/image-v3-isolated-controls-20261004/history-pack/write_ahead_subattempt_1.json","579","980b1bc385fcfc5f1751af8b7fe3e4b4a05b88d67633401c534b55830ea2bcd3","False"
"qa/image-v3-isolated-controls-20261004/isolated-changed-prompt/output.png","16917","ea5e901a8b0685dc490583a7fc2fe57a168e7ef2f40ba72f117484ebbd5ce526","False"
"qa/image-v3-isolated-controls-20261004/isolated-changed-prompt/request_body.json","349","12529868e77980acfffd99da976444d79cc74043f8abf4d44b73c1e20127f414","False"
"qa/image-v3-isolated-controls-20261004/isolated-changed-prompt/response.json","22653","98b2cf842d61179ba85018e71b7d9e3515fdd02d46d10adddb8b276f823458b7","False"
"qa/image-v3-isolated-controls-20261004/isolated-changed-prompt/write_ahead_request.json","290","d51f3fb1b1010049a083c91b463c4548332dfdac65a8ad4cfa8abc4190b4cec4","False"
"qa/image-v3-isolated-controls-20261004/isolated-invented-body-hash/output.png","16917","ea5e901a8b0685dc490583a7fc2fe57a168e7ef2f40ba72f117484ebbd5ce526","False"
"qa/image-v3-isolated-controls-20261004/isolated-invented-body-hash/request_body.json","349","12529868e77980acfffd99da976444d79cc74043f8abf4d44b73c1e20127f414","False"
"qa/image-v3-isolated-controls-20261004/isolated-invented-body-hash/response.json","22653","98b2cf842d61179ba85018e71b7d9e3515fdd02d46d10adddb8b276f823458b7","False"
"qa/image-v3-isolated-controls-20261004/isolated-invented-body-hash/write_ahead_request.json","290","6250073868998e1229c0ae6fd8de0d924dc754816affa55ab8aaad3640b37a73","False"
"qa/image-v3-isolated-controls-20261004/isolated-missing-body-hash/output.png","16917","ea5e901a8b0685dc490583a7fc2fe57a168e7ef2f40ba72f117484ebbd5ce526","False"
"qa/image-v3-isolated-controls-20261004/isolated-missing-body-hash/request_body.json","349","12529868e77980acfffd99da976444d79cc74043f8abf4d44b73c1e20127f414","False"
"qa/image-v3-isolated-controls-20261004/isolated-missing-body-hash/response.json","22653","98b2cf842d61179ba85018e71b7d9e3515fdd02d46d10adddb8b276f823458b7","False"
"qa/image-v3-isolated-controls-20261004/isolated-missing-body-hash/write_ahead_request.json","208","6f60fc80d2cb99cc1b0c3bc8e866cec48cb26395b5cf6e9f26182b22b7e191de","False"
"qa/image-v3-isolated-controls-20261004/isolated-reuse-binding-results.json","1486","615d5e10b4ebf0c110d318ae23c20a03dd51ea2028b5f0962c7660062cb73436","False"
"qa/image-v3-isolated-controls-20261004/isolated-valid-baseline/output.png","16917","ea5e901a8b0685dc490583a7fc2fe57a168e7ef2f40ba72f117484ebbd5ce526","False"
"qa/image-v3-isolated-controls-20261004/isolated-valid-baseline/request_body.json","349","12529868e77980acfffd99da976444d79cc74043f8abf4d44b73c1e20127f414","False"
"qa/image-v3-isolated-controls-20261004/isolated-valid-baseline/response.json","22653","98b2cf842d61179ba85018e71b7d9e3515fdd02d46d10adddb8b276f823458b7","False"
"qa/image-v3-isolated-controls-20261004/isolated-valid-baseline/write_ahead_request.json","290","d51f3fb1b1010049a083c91b463c4548332dfdac65a8ad4cfa8abc4190b4cec4","False"
"qa/image-v3-isolated-controls-20261004/isolated-wrong-mime/output.png","16917","ea5e901a8b0685dc490583a7fc2fe57a168e7ef2f40ba72f117484ebbd5ce526","False"
"qa/image-v3-isolated-controls-20261004/isolated-wrong-mime/request_body.json","349","12529868e77980acfffd99da976444d79cc74043f8abf4d44b73c1e20127f414","False"
"qa/image-v3-isolated-controls-20261004/isolated-wrong-mime/response.json","22654","7553077fc05b40b5a4391368bcffc9b2a18472a4dc6ee024d21d2800b08bd4de","False"
"qa/image-v3-isolated-controls-20261004/isolated-wrong-mime/write_ahead_request.json","290","d5256abab620d0279961390666687702c7e76628b0e1f56440230733fe67aae8","False"
"qa/image-v3-isolated-controls-20261004/malformed-pacing-pacing.json","17","eacde94b0bfd50c774c4db61cf0240e2a567e8057640317cd5d4b5ef56579917","False"
"qa/image-v3-isolated-controls-20261004/malformed-wa-pack/write_ahead_request.json","0","e3b0c44298fc1c149afbf4c8996fb92427ae41e4649b934ca495991b7852b855","False"
"qa/image-v3-isolated-controls-20261004/normal-release-mutex.json","253","4d9f3d9357a8dd14f9377972d587d93f51a42eefd392d2d47bd259498884265d","False"
"qa/image-v3-isolated-controls-20261004/preflight-bad-pack/write_ahead_request.json","65","552aa5f7822d4455bba8c9518c0e8b66827ccf4233fe66d0a40c59b27f3ee45b","False"
"qa/image-v3-isolated-controls-20261004/preflight-good-pack/write_ahead_request.json","63","529b6a8a08b2d7a5ecd4c1af5104872739767cb0bb6d3e1fe1b5425291ba2488","False"
"qa/image-v3-isolated-controls-20261004/repaired-controls-report-v3.json","2005","4b185bdd308bc79b61da9a5a101aaa1181cfd6c6d6c21e4aa6ddecf2861c9a0f","False"
"qa/image-v3-isolated-controls-20261004/test_repaired_controls_v3.py","8013","e59d13884ee5884ba63a69030042fc5a3b3218b463f6621d2a895316775231a5","True"
"qa/image-v3-isolated-controls-20261004/unknown-release-mutex.json","311","2ea57dc47373292359bb951e645741ce3cfdde055928dfc13cad33517efb1bab","False"
"qa/image-v3-isolated-controls-20261004/unknown-release-mutex.json.excl","53","6428b5e1297f89093ff7f802e97bb4256e1868d22f42977e8338b97db72b4e6d","False"
"qa/image-v3-repair-20261004/actors_mounts/hero-mount-future-transport_consumer_qa.png","9913","68af0e318b036bf3f3ed61f8ff9df5b1ff73f3223f95fb8a348fe629bca45bb9","False"
"qa/image-v3-repair-20261004/actors_mounts/hero-mount-future-transport_detail_qa.png","778106","1e71e431a313dc86a4a6624b4e8e3240246a7ffe6266759d33a55380286afbb2","False"
"qa/image-v3-repair-20261004/actors_mounts/hero-mount-horse_consumer_qa.png","11841","3d61391cd48490d5a5501ea8f647960f15bc39e32912560fc0e1a4e926049191","False"
"qa/image-v3-repair-20261004/actors_mounts/hero-mount-horse_detail_qa.png","355708","4c2759a616047936c3067e3b4abdf5cababa774778112fc8ddced8cd91f49b1f","False"
"qa/image-v3-repair-20261004/actors_mounts/hero-mount-motor-transport_consumer_qa.png","12611","6c25019ca6a054cbf368486192cef3d7c5c2c26bfa5a642fe0bb2d9a51584321","False"
"qa/image-v3-repair-20261004/actors_mounts/hero-mount-motor-transport_detail_qa.png","934421","b4a8788e86d76f91514e6e3a184e2dce9e4bec03c34625e9688951bb1bc518c1","False"
"qa/image-v3-repair-20261004/actors_mounts/sub_troop-industrial-heavy_consumer_qa.png","8633","9eab5caae0b0f9988bd45afc3ea86a11583dbf7045e6950816c956c780496611","False"
"qa/image-v3-repair-20261004/actors_mounts/sub_troop-industrial-heavy_detail_qa.png","214858","9a17904cc8b455af64d68880adb6387d4f034812f349862f8ceae50750a03bf1","False"
"qa/image-v3-repair-20261004/actors_mounts/sub_troop-iron-melee_consumer_qa.png","5663","e80c644b1b9eb90f1a2ef0248a6de774b922ee0e52aaf5b2a99630ba59b33e7a","False"
"qa/image-v3-repair-20261004/actors_mounts/sub_troop-iron-melee_detail_qa.png","87942","0703df58362b68841c6016adfe890673a0dd569fc52c853b166cae0501284349","False"
"qa/image-v3-repair-20261004/actors_mounts/troop-bronze-heavy_consumer_qa.png","14871","3c37eb395a3483b8c547f23465623ef2be83ca519da9e3f5f81facefe31d7e4b","False"
"qa/image-v3-repair-20261004/actors_mounts/troop-bronze-heavy_detail_qa.png","1226023","e33681ba52f68a929025fae4c058226a3df2f6965accdb563fdbdeb73bd98ade","False"
"qa/image-v3-repair-20261004/actors_mounts/troop-bronze-melee_consumer_qa.png","8581","5b56220f592c9c26c14a38dad6629e2d77604bef15f90f4d09c0607a2d706218","False"
"qa/image-v3-repair-20261004/actors_mounts/troop-bronze-melee_detail_qa.png","540826","d0a72a9a88b6b6130f60b06713a4211e5be3d337be3f0723d2e630936da32ec1","False"
"qa/image-v3-repair-20261004/actors_mounts/troop-bronze-ranged_consumer_qa.png","7893","48bcdf503dacfae8ff22fc24ee4663d0bdf7d07511e5de28954e54392b06bc96","False"
"qa/image-v3-repair-20261004/actors_mounts/troop-bronze-ranged_detail_qa.png","280045","616936f1c8030ed4f98b0f890ac9c57ea15ae9b72fb3f112f3b9e8082c1f385f","False"
"qa/image-v3-repair-20261004/actors_mounts/troop-future-heavy_consumer_qa.png","14735","c5788d0e577d573259ff29c83bf546fa7d8054bf756297b123421c36fa6e418d","False"
"qa/image-v3-repair-20261004/actors_mounts/troop-future-heavy_detail_qa.png","1231780","0246b77a715b4959ff46decd96875d448bf5db71e3e76158b881d5a023730ce3","False"
"qa/image-v3-repair-20261004/actors_mounts/troop-future-melee_consumer_qa.png","12002","c8e6033798b9dfd22f428ab322e9efc8150d9b0d6245afd8e917fa9d9d24233a","False"
"qa/image-v3-repair-20261004/actors_mounts/troop-future-melee_detail_qa.png","900584","7f230d403691c8aa84447492323eed6503e9f3f30450ff3d3ed31f1d9b3e98ef","False"
"qa/image-v3-repair-20261004/actors_mounts/troop-future-ranged_consumer_qa.png","9459","6abd9f325c7c72d43e58d8818652f3922b8f1015c782b12af9c4329df1cbc21c","False"
"qa/image-v3-repair-20261004/actors_mounts/troop-future-ranged_detail_qa.png","1026071","173752083e8f4cff450a18f45adcf135fbffc583e1d6442a066f7b472ba97f4a","False"
"qa/image-v3-repair-20261004/actors_mounts/troop-gunpowder-heavy_consumer_qa.png","11408","d6bf0ddde4dbd536cfaab33beb2645c77204cb85a64b1cf6549f21345d201ec3","False"
"qa/image-v3-repair-20261004/actors_mounts/troop-gunpowder-heavy_detail_qa.png","905311","0038a73b34327c7f977b9a774fc670fe08c2f728306c3a90474a622a4256f2d9","False"
"qa/image-v3-repair-20261004/actors_mounts/troop-gunpowder-melee_consumer_qa.png","6487","64c98ef8cdac56c5def95776cac553fa08a6f7776529d37b57a3e47cceb06d35","False"
"qa/image-v3-repair-20261004/actors_mounts/troop-gunpowder-melee_detail_qa.png","518061","50e88bdd4c201f9c05f0925ae84ffe800ce047ec5b93bd51df657b077243dbf5","False"
"qa/image-v3-repair-20261004/actors_mounts/troop-gunpowder-ranged_consumer_qa.png","8114","5146d38c874419d8f02eb5d69ce3e21de95ac155ace92ad7726a0e83b20a0d7b","False"
"qa/image-v3-repair-20261004/actors_mounts/troop-gunpowder-ranged_detail_qa.png","456188","ca72755fb6ce85c85270bd48896d5a829b295a479c9f58db3b4dd323edd39f90","False"
"qa/image-v3-repair-20261004/actors_mounts/troop-industrial-heavy_consumer_qa.png","6570","ec1d4082a0a8ec57bb711b4949412ff7a9dec4cef00eb0e5a0a75aec7e4ea249","False"
"qa/image-v3-repair-20261004/actors_mounts/troop-industrial-heavy_detail_qa.png","364851","c8c17c56b3b0ccb21727110702b64ce820980230978f5cacdfeb002cf23fdd9e","False"
"qa/image-v3-repair-20261004/actors_mounts/troop-industrial-melee_consumer_qa.png","6809","18f616001236f0a14464c9e5b91419f15ee44717e74d3a081c87b731efa9989f","False"
"qa/image-v3-repair-20261004/actors_mounts/troop-industrial-melee_detail_qa.png","411002","9f4d254548514bd0aed859a9021a06a7f387259bab3050ad91f34796bc59b87c","False"
"qa/image-v3-repair-20261004/actors_mounts/troop-industrial-ranged_consumer_qa.png","4627","313f86e717026d0c4f66e2fdb584b8c9e5db18eed69d8bde6140f7d8e676d936","False"
"qa/image-v3-repair-20261004/actors_mounts/troop-industrial-ranged_detail_qa.png","471225","02c7aa2b22ffa2585f21b222f3bb1c376f85faa1d97b0b5abc9a417aa12288d4","False"
"qa/image-v3-repair-20261004/actors_mounts/troop-iron-heavy_consumer_qa.png","10948","895c4d37e92aa2600c64f66c0e40424b795fea0b8e73329a4e0ef3218cc53843","False"
"qa/image-v3-repair-20261004/actors_mounts/troop-iron-heavy_detail_qa.png","1113183","675be67c66d87cfa500a3388745687e75d2e1d420cd86bbaef3f3f4cba734a39","False"
"qa/image-v3-repair-20261004/actors_mounts/troop-iron-melee_consumer_qa.png","6080","cfdfe22ea53553ba6a98a48f3d65ab0064f2b6ac222ed4a9740c1571c3437510","False"
"qa/image-v3-repair-20261004/actors_mounts/troop-iron-melee_detail_qa.png","313660","1a18160219d6d8a4facf268e8deed9726fcd2c1bf639c3e74215ddb4966d6eeb","False"
"qa/image-v3-repair-20261004/actors_mounts/troop-iron-ranged_consumer_qa.png","9343","861d2607cb6084f1ce8ed3db54f88b8fd09d4b3d6ed369721d53e185a2b2d9d1","False"
"qa/image-v3-repair-20261004/actors_mounts/troop-iron-ranged_detail_qa.png","739407","93205cddf028925b71995fc4a2d181e06409b02954019e44b19428b74e84a3dc","False"
"qa/image-v3-repair-20261004/actors_mounts/troop-medieval-heavy_consumer_qa.png","12628","501e23ef93f2625685762fc0f2c99491a682d27821291d98c2d2eecf1343280f","False"
"qa/image-v3-repair-20261004/actors_mounts/troop-medieval-heavy_detail_qa.png","664648","b2d6ea596d307c8a5af58bb28fad8e33990d091dbdd748831a3cfc02d2815fe2","False"
"qa/image-v3-repair-20261004/actors_mounts/troop-medieval-melee_consumer_qa.png","8947","9ea79315293cc4e62c19ba337a0fa683889007927f8c78d22679236e7df16303","False"
"qa/image-v3-repair-20261004/actors_mounts/troop-medieval-melee_detail_qa.png","1010623","17ae9268a67c178716ba848f082e204b41f4f123d28c63c04214a1a160e59d0c","False"
"qa/image-v3-repair-20261004/actors_mounts/troop-medieval-ranged_consumer_qa.png","7117","e326d294f9c330934fa71cf52f7ebefd1ffaad79f1bf215cd72f9f248a0b1b81","False"
"qa/image-v3-repair-20261004/actors_mounts/troop-medieval-ranged_detail_qa.png","70405","1a7a63dc8d8e771be3b84a33d42435349d576c39d0bbfbdec845c885a31e3120","False"
"qa/image-v3-repair-20261004/actors_mounts/troop-modern-heavy_consumer_qa.png","13951","fc3ab9b3d9a1fd775a21bbfdbbebc503a40cf93ace909cc24a2c673a43012e03","False"
"qa/image-v3-repair-20261004/actors_mounts/troop-modern-heavy_detail_qa.png","1651716","084638bdd64594910d14aff1bdcc5713d6dac69cf885100684424004f127bca5","False"
"qa/image-v3-repair-20261004/actors_mounts/troop-modern-melee_consumer_qa.png","7212","78eaaf6b95c611fcb6331fd48d6786c699477355dd1e05f2b49a8c66c8376022","False"
"qa/image-v3-repair-20261004/actors_mounts/troop-modern-melee_detail_qa.png","403013","1760a2e5560a08b5fe1c072c7e396695e0026b80f18322749a21f3b9f55ed06a","False"
"qa/image-v3-repair-20261004/actors_mounts/troop-modern-ranged_consumer_qa.png","7279","7efbfb19d16543080d102a88094bebe77b3c20f4bdf51d3afff18d471678a4f9","False"
"qa/image-v3-repair-20261004/actors_mounts/troop-modern-ranged_detail_qa.png","1080815","79b36640db47f4d9439be2438e611661d9d1b21e7e130ba4a8d91be92078771e","False"
"qa/image-v3-repair-20261004/actors_mounts/troop-stone-heavy_consumer_qa.png","7680","186e11d40d8d189c6d5d22854a415ef984c11961016bdb915f0b366a1e286bd6","False"
"qa/image-v3-repair-20261004/actors_mounts/troop-stone-heavy_detail_qa.png","592742","508dbd3d87d49663165d1cffffadeefd322dec452f50792454b400c6ee5fb036","False"
"qa/image-v3-repair-20261004/actors_mounts/troop-stone-melee_consumer_qa.png","7409","438d7959f9df5eafc7342e2b00bba464117f43081db86587fcd77bc4e1674394","False"
"qa/image-v3-repair-20261004/actors_mounts/troop-stone-melee_detail_qa.png","463060","bed9ed86dd40872abdf1d4adbdafdcefc92bf51d1b0cdb5fc93d5bb615de477d","False"
"qa/image-v3-repair-20261004/actors_mounts/troop-stone-ranged_consumer_qa.png","7322","5d464d875eb6a094bbb6458880aef973b3559ce310ffaf3bb5dd3fa48b944b22","False"
"qa/image-v3-repair-20261004/actors_mounts/troop-stone-ranged_detail_qa.png","542548","824e3bd4bdccfda28ec4c505ea4fa858583f82253ebfc233d2adef676f7b01f5","False"
"qa/image-v3-repair-20261004/rig_inspect/barbarian_b0_0.png","90824","0a766afa45027ceace210a5c205c4e3166700b860a4ebdcb20d917857645aa6e","False"
"qa/image-v3-repair-20261004/rig_inspect/barbarian_b0_1.png","97267","1e2cdcf7afb8f5bcb58dfe571be1c56f8ed27b375477c111d7fb46f7867ee6ef","False"
"qa/image-v3-repair-20261004/rig_inspect/barbarian_b0_2.png","90949","46441d4fc3a96aa11f7dd1e6f9d0d7ee402dc7334471e04bd287759998b1b23c","False"
"qa/image-v3-repair-20261004/rig_inspect/barbarian_b0_3.png","96847","d3dc2e97929a4d51e2d12a47ae49fc4f2f69dd6129e93bb4be8e6aad5ec5419f","False"
"qa/image-v3-repair-20261004/rig_inspect/barbarian_b1_0.png","70085","0303b9328f0af78045e37372872be4915863782357044fdeac420b3ca7bd4cc8","False"
"qa/image-v3-repair-20261004/rig_inspect/barbarian_b1_1.png","82969","8e4c30eabfe0591720964657fbb626435699f3837b67e10955fe3a6ba4eadd7a","False"
"qa/image-v3-repair-20261004/rig_inspect/barbarian_b1_2.png","93513","4b1311d8fed7ef01d7c26b0fe9abdc955f46d3de702fcf44ed119df587d160f8","False"
"qa/image-v3-repair-20261004/rig_inspect/barbarian_b1_3.png","88357","b10e9526a44dd89f7358a04f3a9212f5fd76ac420d617bc2e1bbdf364c830eb1","False"
"qa/image-v3-repair-20261004/rig_inspect/barbarian_b2_0.png","63100","38badfb98e8b4703265e77a01d0a7caf4b54d1b35104d013180016b2183cc8f0","False"
"qa/image-v3-repair-20261004/rig_inspect/barbarian_b2_1.png","65115","1d54deb8765aef13e5de333dfc4c5970b835e2808df774be0fff62db9a6a8189","False"
"qa/image-v3-repair-20261004/rig_inspect/barbarian_b2_2.png","67489","7fdb2d9c82c83f2f414b7f662690820ffd9134224a35d4676cb8716bfab0ae56","False"
"qa/image-v3-repair-20261004/rig_inspect/barbarian_b2_3.png","68095","b23144be0751ef0249c586685015e4832c0fdbb168282b997d9d187274960676","False"
"qa/image-v3-repair-20261004/rig_inspect/barbarian_b3_0.png","72864","ef969eac6c394e98504213c27d7dbb98319544c1a1080a3896330be285609aea","False"
"qa/image-v3-repair-20261004/rig_inspect/barbarian_b3_1.png","67466","9024f80bede5e1058461f3dc177485d3fd3107b4ddbed07e816eff05b6dcfb57","False"
"qa/image-v3-repair-20261004/rig_inspect/barbarian_b3_2.png","80565","41415e0f93cc6d70a12e11801d2ddc5f49668e35d1f3e5f780878835d3ec622b","False"
"qa/image-v3-repair-20261004/rig_inspect/barbarian_b3_3.png","86233","f3fddffc0953626b3f6555f883d9430da2d58c8f9838c07c2347b9b53e7830bc","False"
"qa/image-v3-repair-20261004/rig_inspect/barbarian_full.png","395080","b31e0d6ad761429272a1eb595e4f03180832ce5e87540cbcdb160175702ab8e8","False"
"qa/image-v3-repair-20261004/rig_inspect/healer_b0_0.png","91919","e2d9408e55422896dc14be7310dd9379dbd84e783fb8d1c9f498e9658bf81d7b","False"
"qa/image-v3-repair-20261004/rig_inspect/healer_b0_1.png","94154","38e5a956d4e257fed3868b1e5e764c60e7c56aa0813765b9eebdf9e57febe4d2","False"
"qa/image-v3-repair-20261004/rig_inspect/healer_b0_2.png","96876","72257bf1cecbe019378ac34423eb224ed12021f1217a9189316f5a112984114c","False"
"qa/image-v3-repair-20261004/rig_inspect/healer_b0_3.png","92138","80aceb001a56bd2caac35f9f400e3fe62cfec811a7da86ca8cf765afea3a16e2","False"
"qa/image-v3-repair-20261004/rig_inspect/healer_b1_0.png","92609","5e991f1aa38785bb8ab741f7c8bd3157ad0328f882dbde1de4789f433f740ff6","False"
"qa/image-v3-repair-20261004/rig_inspect/healer_b1_1.png","90894","64b4a30190b825c05498f1d177b734ac238f4f17125af88ff3c9ecd10beb5697","False"
"qa/image-v3-repair-20261004/rig_inspect/healer_b1_2.png","91691","d9e87b36eacd46dd66f6e0914c97cfc2d90b11a459a20d8966e8c62a31d9ecf0","False"
"qa/image-v3-repair-20261004/rig_inspect/healer_b1_3.png","81452","872a7c499b2a9190475912b1d65662f3c224ebc4578315e237b8210735e1a3ad","False"
"qa/image-v3-repair-20261004/rig_inspect/healer_b2_0.png","88937","4f3abb68d091c64190bf48a03a8a2c6440f313bf2b0468453ae4ef1fe8f79b6f","False"
"qa/image-v3-repair-20261004/rig_inspect/healer_b2_1.png","79672","f058bb47287daabf91342407a420117ec44423d408d4e8975f0bd351b2a26761","False"
"qa/image-v3-repair-20261004/rig_inspect/healer_b2_2.png","84183","b779fd9f7163460e20046f530b6bf7dfe7b529643d10610b8c1c1d715d3a4fd1","False"
"qa/image-v3-repair-20261004/rig_inspect/healer_b2_3.png","78347","96165a1ba9064079292961124bbfa5ffbbbbbf65233315958ea48d11872445c4","False"
"qa/image-v3-repair-20261004/rig_inspect/healer_b3_0.png","78514","48491dd081aae986639af2559f880490564eab745d028607b0b64cf70a1bed6a","False"
"qa/image-v3-repair-20261004/rig_inspect/healer_b3_1.png","86587","664c976daf000b89ad80d99b1f399b59c7679b897ede4693418eab8f55cce19b","False"
"qa/image-v3-repair-20261004/rig_inspect/healer_b3_2.png","82930","755b0dffa4efaaa8b3f59a6fe8df4f087571cfa47c360a23a68bfec881256101","False"
"qa/image-v3-repair-20261004/rig_inspect/healer_b3_3.png","82372","696671bbbc3599cc2cdcca8bb361368ce65658e50169aefed5bd69fa030a170a","False"
"qa/image-v3-repair-20261004/rig_inspect/healer_full.png","426677","51205e8e44a90067691984ecf007a9b070799963c51855ef32620d39a3befba7","False"
"qa/image-v3-repair-20261004/rig_inspect/knight_b0_0.png","82826","5c8a6a5527b28ef3c531a84de4881f930a4844f7a7e0c4dd894fb065609683d0","False"
"qa/image-v3-repair-20261004/rig_inspect/knight_b0_1.png","78613","d6809ba1e9323acbda9e4bae833c9b2d3cad40593c57fae663f2ae2158bb7c3d","False"
"qa/image-v3-repair-20261004/rig_inspect/knight_b0_2.png","86256","67739ac80afd5c33b1aca287bbd6abbb5283a5aea55dbd6a125691d68643d8a7","False"
"qa/image-v3-repair-20261004/rig_inspect/knight_b0_3.png","84769","8c2d0be197f8fee6d892db74e9e752d943779807834c684be9077a4a8572856c","False"
"qa/image-v3-repair-20261004/rig_inspect/knight_b1_0.png","86054","3c0292ed4d7909d6d5ba3d8f985bd7288a1d4de30cea177223281761911b5784","False"
"qa/image-v3-repair-20261004/rig_inspect/knight_b1_1.png","75579","9413344e9a292b0fa558129ecf506e40c08224607c354470db3d5f470c439ba1","False"
"qa/image-v3-repair-20261004/rig_inspect/knight_b1_2.png","84207","95dc13f80d7bbaf71651cd99f03d6254b7d77bbd76fbd033b9cf51d9a9e53116","False"
"qa/image-v3-repair-20261004/rig_inspect/knight_b1_3.png","91939","b19c3e41ae4e6daee5f15f7977b5dfa5e41966ff55ff29634e19f1f0c2e8e7f3","False"
"qa/image-v3-repair-20261004/rig_inspect/knight_b2_0.png","92473","4ed4f91013ba0cf30e457bcc26f496d44db7a4aefae4ab716361e281e9d4baa0","False"
"qa/image-v3-repair-20261004/rig_inspect/knight_b2_1.png","89311","9ea09df14bb4de30cb50da50d5503e4ba90dad7b5cfd0c7d3164ff7539cc8366","False"
"qa/image-v3-repair-20261004/rig_inspect/knight_b2_2.png","84173","9ccbd708e36178caba0afba16a4fe8e50f672c445f945d150b2a5dea7f928a22","False"
"qa/image-v3-repair-20261004/rig_inspect/knight_b2_3.png","82544","cabbef411a46a6a4b62149161a7989c34cc10fcb1b6d06ee82f69cfaad3fdf1f","False"
"qa/image-v3-repair-20261004/rig_inspect/knight_b3_0.png","87647","2876b95ca3dd42f9e16e2b941ec57ced5a9413a9b392f978eed1059006907f09","False"
"qa/image-v3-repair-20261004/rig_inspect/knight_b3_1.png","102602","9e2a9b1ebba78ce18f9fb9a4e72925ed7cbcc7a42139b30aea4a58a9563c7a33","False"
"qa/image-v3-repair-20261004/rig_inspect/knight_b3_2.png","84796","1b52ceb67c0debabdac481b86677d5bfb0d8df1fa92d66a13fe844eb9bdb0320","False"
"qa/image-v3-repair-20261004/rig_inspect/knight_b3_3.png","89053","1f6fe1440e24ca9389ea1da83ab8cf746b50c5ea956a7c34c20b87e978a889ff","False"
"qa/image-v3-repair-20261004/rig_inspect/knight_bot_left.png","373231","6f172173d9da52eb4571e89fe3c2232bfb1d719c415bf69737a10a9209a7fa81","False"
"qa/image-v3-repair-20261004/rig_inspect/knight_bot_nonmag.png","152112","31bdba8c6e3c1cb862b37159821e6aa9d8765580755d62ff925da208f213a5af","False"
"qa/image-v3-repair-20261004/rig_inspect/knight_bot_right.png","337531","0dd2bc85a20440f761ca4d36cfd6b310dcb521260fa78fdb56035b91930db3be","False"
"qa/image-v3-repair-20261004/rig_inspect/knight_full.png","440738","3462b974aa722eddd730212c9f21e47ea546a58c3ea5fadac19234cbffce834a","False"
"qa/image-v3-repair-20261004/rig_inspect/knight_old_p01.png","1200181","58d5c512d6d840602dda25a03a0e612ab7e46a585c8da1ff7eee0700e9989782","False"
"qa/image-v3-repair-20261004/rig_inspect/knight_old_p02.png","1347921","1a3d7021aba8b1aaf0944d50e590823610cb52b0afdaca891272baebd22def66","False"
"qa/image-v3-repair-20261004/rig_inspect/knight_top_left.png","323463","932d9ee22be547ccff1dac4ab3a50dfc13ce3adc47121a3e3f866e2affda5720","False"
"qa/image-v3-repair-20261004/rig_inspect/knight_top_right.png","347051","2b948a8b133d6736789e9c6b7fa14fec14b9ed2fce7e11c4a47d16cfe2b61697","False"
"qa/image-v3-repair-20261004/rig_inspect/mage_b0_0.png","64237","6586baff7ae35675a9e2108585b47290ad6399ed9a6e0a0b9833cf9df48afd58","False"
"qa/image-v3-repair-20261004/rig_inspect/mage_b0_1.png","65642","b53b965b31cd5d49a03fe0c089437c9211f8db00fe250dfe712f9cfda5785022","False"
"qa/image-v3-repair-20261004/rig_inspect/mage_b0_2.png","62479","a681b9c7ae38020ae0728522244374fd6c9e9f093904b3d8effe012fcd2820d2","False"
"qa/image-v3-repair-20261004/rig_inspect/mage_b0_3.png","59185","b2ae43159b2abf437ca672182cb659b438a67d18f259589e74fd27c1528fbde2","False"
"qa/image-v3-repair-20261004/rig_inspect/mage_b1_0.png","72547","eb9df14ac6820aab7f027ced63ec4c2d8032190ee174fcb88ea094c156f746b5","False"
"qa/image-v3-repair-20261004/rig_inspect/mage_b1_1.png","73728","04b61d6555b6f0c8b5889a3d3fe0c415a18fef4ecb74db6648e5176d090a6b5b","False"
"qa/image-v3-repair-20261004/rig_inspect/mage_b1_2.png","57827","5c83ec8f17a24dd0d49eeada4faeaa6c740a504c5ea585d3b0dbd62ab3e21872","False"
"qa/image-v3-repair-20261004/rig_inspect/mage_b1_3.png","63493","407c9ea3c814781eea48e8b7dfaee3d0fb3e1f3d7c5f0e5705e060a16fddeb33","False"
"qa/image-v3-repair-20261004/rig_inspect/mage_b2_0.png","69006","b22b60704ee81e536def1f605918f185ac10ff7dc9fd363d02c923891febcf25","False"
"qa/image-v3-repair-20261004/rig_inspect/mage_b2_1.png","61607","b70264041434d717300f25437ce44741f16b73ba3a7d6fcf9d3170d6c4487106","False"
"qa/image-v3-repair-20261004/rig_inspect/mage_b2_2.png","64660","b3b67867a3c50675e91cd4819c4f588ff9ec01a7cb04f1850c41ef59a44f0482","False"
"qa/image-v3-repair-20261004/rig_inspect/mage_b2_3.png","56459","cf9e3b66eff4d4d5a9c54ad3deee87ec1d16669694c2bcf95f6c87a5f3b5d493","False"
"qa/image-v3-repair-20261004/rig_inspect/mage_b3_0.png","60151","581be505dc70e56af626227928ab57663169d0e8f1085461aa28983f591100fb","False"
"qa/image-v3-repair-20261004/rig_inspect/mage_b3_1.png","61789","5ef37ad0ca1a616b5298324af2c23d3d0468cf66244b67ff17318863fac7c983","False"
"qa/image-v3-repair-20261004/rig_inspect/mage_b3_2.png","66063","5a9dc1e1a0ce0392c44c04446215a5e538f0a983f635848fe73ac8e8479d3e86","False"
"qa/image-v3-repair-20261004/rig_inspect/mage_b3_3.png","47609","6b22abb179eee33840b2ed8756093ca0ec0e73b8540fe5d86f2d087795097877","False"
"qa/image-v3-repair-20261004/rig_inspect/mage_full.png","301331","5a9d4c8028610f37c843871bd72835881630ace3e7ca4d991b25bd95212cf485","False"
"qa/image-v3-repair-20261004/rig_inspect/necromancer_b0_0.png","66933","f681bd2b6162ab36faeb77f5f6922b36da162fe456f6b1a4b58bcd64a3740c0a","False"
"qa/image-v3-repair-20261004/rig_inspect/necromancer_b0_1.png","83352","259a94cd5a53c49041a7db16bf77ca106c9ea1c0dc3aa3190e2f173e394c1ff1","False"
"qa/image-v3-repair-20261004/rig_inspect/necromancer_b0_2.png","78692","9ad7cf4d3571f6c8b3161275669b9049124a66cb7302f7778252ee78f3230284","False"
"qa/image-v3-repair-20261004/rig_inspect/necromancer_b0_3.png","91678","5cad8f1d097502d09b2efcb7929b0e1e1470ff7d7d02cce88cbf3a268a15f78c","False"
"qa/image-v3-repair-20261004/rig_inspect/necromancer_b1_0.png","70981","986b81ffad56d0e3fcb8412f1937bc3d5b3b70cd4f206422515bc8d359c74f62","False"
"qa/image-v3-repair-20261004/rig_inspect/necromancer_b1_1.png","85701","d736ff35862d592669a8fec49d9a9ac042097de64ba94258582aa27b12f02266","False"
"qa/image-v3-repair-20261004/rig_inspect/necromancer_b1_2.png","62665","0b15a43610b7ea1388134683f2dcd03f4b6490f37950408f6d5a765ff31f1b91","False"
"qa/image-v3-repair-20261004/rig_inspect/necromancer_b1_3.png","69390","1ecce7a89127cda79c4ac0df7a982cc6c4fca852a7e1e348708f9beb0644f268","False"
"qa/image-v3-repair-20261004/rig_inspect/necromancer_b2_0.png","75122","ca44104827599169b7fb6b2e29d55c8c375436635100d1f9b44b0459d0a4bbb4","False"
"qa/image-v3-repair-20261004/rig_inspect/necromancer_b2_1.png","79845","b37e5303c52d090401eb58788b05aa146a51ca23c64e81bea24a74c2abc16f30","False"
"qa/image-v3-repair-20261004/rig_inspect/necromancer_b2_2.png","74755","f3190028af0e4327eaab0110b0e00d680edaaac3dce210acf6e1e89136d519b4","False"
"qa/image-v3-repair-20261004/rig_inspect/necromancer_b2_3.png","78598","ae38987f95cee7d1c22bc7b59831016d56b62484ccd8ded2936e73b808e284ef","False"
"qa/image-v3-repair-20261004/rig_inspect/necromancer_b3_0.png","88245","a61775a588cd83fae9e141768e70aae9f89b3f50a7ce25a15068a059ea1d41f6","False"
"qa/image-v3-repair-20261004/rig_inspect/necromancer_b3_1.png","60290","38360d404862379a2fb9df26a5e50e653fa1d3790a96fc9ea2246815474327de","False"
"qa/image-v3-repair-20261004/rig_inspect/necromancer_b3_2.png","78333","b78156227241088fc66f9cea108b9981c6e9dd40a946f100be623721edf54a7b","False"
"qa/image-v3-repair-20261004/rig_inspect/necromancer_b3_3.png","77118","fe8706f3098252673849eb340f954b45518dad2aab4d5c7f1ee11941305c56fe","False"
"qa/image-v3-repair-20261004/rig_inspect/necromancer_full.png","361998","3513fa980ac7482bf862ba39683a234311b92b7525cea951837b0780c3f4a1b6","False"
"qa/image-v3-repair-20261004/rig_inspect/paladin_b0_0.png","67714","9530afdabf9e5ea6bd1f9123b3652e2d7f66486e8d746f9b6b11f3deead279e6","False"
"qa/image-v3-repair-20261004/rig_inspect/paladin_b0_1.png","90483","b38d47a69bd063a57718696a7bcd646b32b07a774080da614a97b55cf3bd92fd","False"
"qa/image-v3-repair-20261004/rig_inspect/paladin_b0_2.png","93414","57fddea386344698b4e35c264057e3bc73c2e98db3eb4622f18ff5b89625ed6f","False"
"qa/image-v3-repair-20261004/rig_inspect/paladin_b0_3.png","62617","e588865d442fe9c2113d4fd2925d7d155760b04303900dd30ddda1a4ab91618a","False"
"qa/image-v3-repair-20261004/rig_inspect/paladin_b1_0.png","81485","4e9483071e2d037c7d3af2015c200d43d22e90f6202c9f59da95e91e37e80eed","False"
"qa/image-v3-repair-20261004/rig_inspect/paladin_b1_1.png","66740","bcd88c887c2eeb3c0bd90a328ef5c4777b68d86cd705c8077eea5ee3d0b364aa","False"
"qa/image-v3-repair-20261004/rig_inspect/paladin_b1_2.png","81226","7ff9d9f020e8f642c29cd4ecbbaffc98b5733b2d378b3112bf9fbe809857e6f7","False"
"qa/image-v3-repair-20261004/rig_inspect/paladin_b1_3.png","73807","227516d2346f9d12eec403dda735b984595cb2e31bfbbd75cfbf4e1bf09325ed","False"
"qa/image-v3-repair-20261004/rig_inspect/paladin_b2_0.png","65333","7625aae49b092273212f84ae500632dc6c2a315ffec6d57b7c69f72b28ea8dff","False"
"qa/image-v3-repair-20261004/rig_inspect/paladin_b2_1.png","66541","669b93fb4e65b2b7ead5147331d16a83d2527df311dd7f667659279886994b58","False"
"qa/image-v3-repair-20261004/rig_inspect/paladin_b2_2.png","75297","5bd8725b950ed4fe950d5c4e75f2bcdf3f4916861c7405c157fae8770219ad1c","False"
"qa/image-v3-repair-20261004/rig_inspect/paladin_b2_3.png","65937","323a15d1c9ad30cf9441fe3985ea92c100e5d0f21c8ef29233acca280d120d10","False"
"qa/image-v3-repair-20261004/rig_inspect/paladin_b3_0.png","48389","23d80e3daed95874b3001db253e270aef26863087815c4f53c4e122ca3036199","False"
"qa/image-v3-repair-20261004/rig_inspect/paladin_b3_1.png","80731","1226ac2f2027547babdab0f06a07653b578fd1dc9ce4e3738f0048469ef2d99e","False"
"qa/image-v3-repair-20261004/rig_inspect/paladin_b3_2.png","65487","a62123de573c4d2deeef9864607c21884bbfe2ac1c693354280769ede7bdf5e6","False"
"qa/image-v3-repair-20261004/rig_inspect/paladin_b3_3.png","65756","f15858b5c2d3ea83951c70b941c4da908b4311426caf481d50396faec35c96a1","False"
"qa/image-v3-repair-20261004/rig_inspect/paladin_full.png","358930","96793d7b564f8b95cf7a7fbe1013cf6c9e55c05305ccba7b7c5745d681739a57","False"
"qa/image-v3-repair-20261004/rig_inspect/ranger_b0_0.png","71895","b80af4b9c4dcdf9349c52271fb294f37c771d55e36f926dbf9bb219b331bc50e","False"
"qa/image-v3-repair-20261004/rig_inspect/ranger_b0_1.png","107814","ad5038d79e78ffaf16186c4eccc7b2d9e6c9d9b4d0f2e9661e25802bc6e139f2","False"
"qa/image-v3-repair-20261004/rig_inspect/ranger_b0_2.png","37725","a000b80de44d2fb9f5a1c84c59d95fee18e657e677298a74c75d1e3171e94fa4","False"
"qa/image-v3-repair-20261004/rig_inspect/ranger_b0_3.png","53088","a31c1f42ced3fa504e98b1b26e73d742d46ded5de9b101a06de379a68be5dd8e","False"
"qa/image-v3-repair-20261004/rig_inspect/ranger_b1_0.png","63627","f1c5e2a972b6b048d4f156014329165fb3126d22625adbf7815add3fa5100126","False"
"qa/image-v3-repair-20261004/rig_inspect/ranger_b1_1.png","94635","d00a4736df1ce336e0a7873b834d29206dba9266817a058ec86c88dad88fbc42","False"
"qa/image-v3-repair-20261004/rig_inspect/ranger_b1_2.png","26253","81ac330afdf2c7932c5f832621c55cce22a9ef969da81a32eda31207afd36871","False"
"qa/image-v3-repair-20261004/rig_inspect/ranger_b1_3.png","56836","3a25839ec96077bb0f7b9acbef5f96ae9f30c1206cb5d77193fec6869f4a8082","False"
"qa/image-v3-repair-20261004/rig_inspect/ranger_b2_0.png","78571","42abb986507a78c6c5b486ad21b643e42389f489841f258c4223bbd3120277ce","False"
"qa/image-v3-repair-20261004/rig_inspect/ranger_b2_1.png","68911","40fff888ebad2f5173b672cf1951eff376339ff373a3ebbdbb1ffd747f7ba0bc","False"
"qa/image-v3-repair-20261004/rig_inspect/ranger_b2_2.png","69252","7e792cd1923379167eef74bde28e43b83530be3a98b9cdd55d41b0aba6ebf9d0","False"
"qa/image-v3-repair-20261004/rig_inspect/ranger_b2_3.png","76248","0b04dd701b2ffb396ae2381f691ede69565574f8b7ec4387d9be0ed856f02362","False"
"qa/image-v3-repair-20261004/rig_inspect/ranger_b3_0.png","69242","3008e112e43c09844a0669a936575b0b81cb754dabeb1c7efc7e37bea282ba67","False"
"qa/image-v3-repair-20261004/rig_inspect/ranger_b3_1.png","66223","354291195792ce74ff4e01754cc85806b5ceb3f329559bbc46bce13fb8f6b078","False"
"qa/image-v3-repair-20261004/rig_inspect/ranger_b3_2.png","64805","04de39d681d5fb1734ceb2670afea537af9fcbaf0f207924bb733c0295d1d969","False"
"qa/image-v3-repair-20261004/rig_inspect/ranger_b3_3.png","72182","71d6a2c89c1a3d13af363df40feafc63da55f31226f731cc6dd51c367517c802","False"
"qa/image-v3-repair-20261004/rig_inspect/ranger_full.png","322544","59f2ba31b407a35d46f7c8d1999ee9e8dacd3f3618aef61fa287598c9d055b21","False"
"qa/image-v3-repair-20261004/rig_inspect/warlock_b0_0.png","72646","65a61fe59fbc7486008b8fd302ac25686cd2302c9305c755692893b798c642ae","False"
"qa/image-v3-repair-20261004/rig_inspect/warlock_b0_1.png","78715","4fb07aa6b42d4cd99b0351dd5b1aa27767fc4e55a2dcc9d5a599e28204b0b055","False"
"qa/image-v3-repair-20261004/rig_inspect/warlock_b0_2.png","81782","acb437cb36ec794b2557150b8a757b8ea8b6cf8a7dd2a3e9ed5a7e86ed2842d2","False"
"qa/image-v3-repair-20261004/rig_inspect/warlock_b0_3.png","79878","5d6da8e8d8bc29127bba86d6584262cb85ccf93b0be09ff7ffd963b1529c29ba","False"
"qa/image-v3-repair-20261004/rig_inspect/warlock_b1_0.png","81373","01b594c62b282b08235fea945aeff5fe7faabcc1121948192db22915677a7e16","False"
"qa/image-v3-repair-20261004/rig_inspect/warlock_b1_1.png","79816","1f2e41e4cbae8ab919705b57ba1a737f0f912b928c33fb1995952b860b9d2c46","False"
"qa/image-v3-repair-20261004/rig_inspect/warlock_b1_2.png","77016","783f391f5cf6de96245611b33eadbffe96a404c433ed570f5aa004bb78f0abfb","False"
"qa/image-v3-repair-20261004/rig_inspect/warlock_b1_3.png","71237","5ad97123126519c9ed543f271efd14fbbea0861725afe369be917d158239b878","False"
"qa/image-v3-repair-20261004/rig_inspect/warlock_b2_0.png","71433","f8901479a56d1ecc51053d6a2be580527517ab865b26d44196791f23bbb3ee71","False"
"qa/image-v3-repair-20261004/rig_inspect/warlock_b2_1.png","76324","96786164c441a45a6293e26d49636a0bb687be6e94c4867afac3ed33e0333d6b","False"
"qa/image-v3-repair-20261004/rig_inspect/warlock_b2_2.png","77976","6869c8e6b9c0876fcd3a39cbb61f49e6a6c010a7efc8fb8af3a3363e0d7a5838","False"
"qa/image-v3-repair-20261004/rig_inspect/warlock_b2_3.png","30295","973fcdc822616af89ace3263eb5a74fce82afea97bb1152e202f5342a8854cdf","False"
"qa/image-v3-repair-20261004/rig_inspect/warlock_b3_0.png","93419","f93e0c96863897c9f1ee4fe9226a0ca3e591cbda114c37972762a84b338ae431","False"
"qa/image-v3-repair-20261004/rig_inspect/warlock_b3_1.png","90397","4725ac8f514d276fcb0b95e095eb9a836494899243c8794b35fd7c44393cb64b","False"
"qa/image-v3-repair-20261004/rig_inspect/warlock_b3_2.png","63163","c3dd9a212658cca6377612d95b0b69d9c25a198ee72935f0257027540b6c7bce","False"
"qa/image-v3-repair-20261004/rig_inspect/warlock_b3_3.png","60879","4d6a51d3ec3ea80f88b56af7fe771b64d19a0670cbf163ff30bd83fd04c679f2","False"
"qa/image-v3-repair-20261004/rig_inspect/warlock_c1_thumb.png","277645","c42bede97317f62fc89138cbf3fd0f96f9a1bd8a0c6ef53f154807fb4e77fe0f","False"
"qa/image-v3-repair-20261004/rig_inspect/warlock_c1.png","1115928","3e0d1aafc7c58f054a271f5ee781d230464b16c47bdf869e1d4809d96533e714","False"
"qa/image-v3-repair-20261004/rig_inspect/warlock_c2.png","1130759","8af049d4c7a418d51256515faeacacba69a0fd911a87dcfc079075e04a3392e8","False"
"qa/image-v3-repair-20261004/rig_inspect/warlock_c3_thumb.png","182523","3208ad0a229cb192d57b325957903143caeacc6754084f3fc7cda429a767ca9b","False"
"qa/image-v3-repair-20261004/rig_inspect/warlock_c3.png","797314","9b6065c78494187e38ceeb9ed9d445ddc65afb13848126180cc4564dc5403d23","False"
"qa/image-v3-repair-20261004/rig_inspect/warlock_c4_thumb.png","370664","9e9fbbfd30b79098afe481a133eff0e24670bab0fa4ac856a06d202b4c64cc07","False"
"qa/image-v3-repair-20261004/rig_inspect/warlock_c4.png","1505463","bc8eff9491ec41d05f32fe2c0d2b8cd33c0bfb4150373eb2b637cb32a49aa2e1","False"
"qa/image-v3-repair-20261004/rig_inspect/warlock_face_r0_c0.png","190351","4bee784e57b0fce550925254cd0fd63a190dac550568ce5679de18e5ca89bf8e","False"
"qa/image-v3-repair-20261004/rig_inspect/warlock_face_r0_c1.png","196325","142e0b57f0046e37b34ecf8c3daf2c8542c931726bdcd468a5a051dccd918280","False"
"qa/image-v3-repair-20261004/rig_inspect/warlock_face_r0_c2.png","195425","a7e8675ddccd8f3b3ddce615a1c5462f877b666850edf379f981372030d6e7a0","False"
"qa/image-v3-repair-20261004/rig_inspect/warlock_face_r1_c0.png","198891","96a20b3528796800b6e49b21bde06327a405f9751ce56d559625de5ee83d1dbc","False"
"qa/image-v3-repair-20261004/rig_inspect/warlock_face_r1_c1.png","173398","8264a509f225f4437c0cc3df2ce0e43ffebee421ba8728439406b126a5b1c0ea","False"
"qa/image-v3-repair-20261004/rig_inspect/warlock_face_r1_c2.png","178438","c49cbada38809f5301fb5e1512cc5a9854d39b767df197b521db88bf4aedefdf","False"
"qa/image-v3-repair-20261004/rig_inspect/warlock_full.png","372638","3f97589e38f531031fa6f382ad947500f3533f7fd7dab11eced5bde4ab5316d3","False"
"qa/image-v3-repair-20261004/rigs/rig-v3-slices-composite-black.png","1710313","5e517faa091ff627b7260630d06194d28151c843a50219d292521cfec74f6c4f","False"
"qa/image-v3-repair-20261004/rigs/rig-v3-slices-composite-green.png","1732544","3f6d990e93beeb50af26a4e7082950554612fb1bffcaf59cf09a96141fd08b47","False"
"qa/image-v3-repair-20261004/rigs/rig-v3-slices-composite-white.png","1775303","18188b7bb9b26bd3583653226320f4a83e0ec8d5ec3d7b5bcb01978c586a84d5","False"
"qa/image-v3-repair-20261004/terrain/kingdom-terrain-bronze-active-contract-survey.png","1948211","a555c5887151a6d3417766449876169fbb6834f185d36dcb77451f51e4041333","False"
"qa/image-v3-repair-20261004/terrain/kingdom-terrain-bronze-candidate-v2-survey.png","1949183","6a5c9a51bf5842b59892d14c13e9eed2886ed3ccde337bdd2d88e2a9570f5a32","False"
"qa/image-v3-repair-20261004/terrain/kingdom-terrain-future-active-contract-survey.png","1891389","e8e9b5da520add1645d4b20572ff04c94c4db5ed0447b37e44a811c2ca1973ff","False"
"qa/image-v3-repair-20261004/terrain/kingdom-terrain-future-candidate-v2-survey.png","1889653","afd13a544b80cc89d333cc8b3c19fa847e14b1425eb2c1d7ed2e3f97631bd42d","False"
"qa/image-v3-repair-20261004/terrain/kingdom-terrain-gunpowder-active-contract-survey.png","1975336","7fb22ed0485f6e41892ac643095bb2a3c367d70e89fb0f7a8f576a59aa41a388","False"
"qa/image-v3-repair-20261004/terrain/kingdom-terrain-gunpowder-candidate-v2-survey.png","1975039","15105184d3c8b56008d6aa12236f145bb39e2c61526b0a1c8b27b1e3ca073394","False"
"qa/image-v3-repair-20261004/terrain/kingdom-terrain-industrial-active-contract-survey.png","1985436","6f88bb7f063fcc51e5cc842c2ee0259c8ddbcf6b7c6dfa1ffdc49fde4593e107","False"
"qa/image-v3-repair-20261004/terrain/kingdom-terrain-industrial-candidate-v2-survey.png","1983547","f1aee91002c30ff40fe7f40b225ae14bd584d33833b8024da7dccc4d488de09c","False"
"qa/image-v3-repair-20261004/terrain/kingdom-terrain-iron-active-contract-survey.png","2125460","2f82a50637a0cde32036844c9859e2677ddb42d60932fde23b47acfd491038ea","False"
"qa/image-v3-repair-20261004/terrain/kingdom-terrain-iron-candidate-v2-survey.png","2123122","3d4a945726a9ce2c739b972b0962b9959e0b63bf51e589757b92ce024a4ccc6a","False"
"qa/image-v3-repair-20261004/terrain/kingdom-terrain-medieval-active-contract-survey.png","2077192","b9f05674332adbc7e3d292907eb3ebde6adc4d605468ef0e4972db5ab6b12d62","False"
"qa/image-v3-repair-20261004/terrain/kingdom-terrain-medieval-candidate-v2-survey.png","2075489","7208489d9956eeff63cf1985ae168e8cbf4aee2a8a88ad9d8e5e4b6685c76338","False"
"qa/image-v3-repair-20261004/terrain/kingdom-terrain-modern-active-contract-survey.png","2086949","ec4fbfbb7d2b6ee4cbe86b13cb7ca576d5e2a78c2cd8d6c935aa4a9e3d4b8dd7","False"
"qa/image-v3-repair-20261004/terrain/kingdom-terrain-modern-candidate-v2-survey.png","2085732","cd4c0fd0a35d5d41ade2b6832b92187a186d396126c328b5d1528594f3e2af49","False"
"qa/image-v3-repair-20261004/terrain/kingdom-terrain-stone-active-contract-survey.png","1965114","076b5616c3e873ad71d32853fb6524a4a4f5582329b4e000c30f033328884f0d","False"
"qa/image-v3-repair-20261004/terrain/kingdom-terrain-stone-candidate-v2-survey.png","1963825","2f6d0a5a65a94c302a23bdabcbdb6279504bd61191b52f30c099969aae0e6850","False"
"qa/image-v3-repair-20261004/terrain/stone_v4-active-contract-survey.png","2121355","68b9282ae2573a2065510269476b16d3b7b91f3e1617d1a43efd0c1355d17e74","False"
"qa/image-v3-repair-20261004/terrain/stone_v4-candidate-v2-survey.png","2118713","7b23e90192add5f1babaacae98046119efa3f2e837e94f3fe16a3a260004934d","False"
"qa/image-v3-repair-20261004/test_stone/horse_black.png","2976298","80f280b97d8c908129c4896bbad2a903cee9ad000031bea130efbb70dfacb305","False"
"qa/image-v3-repair-20261004/test_stone/horse_green.png","2966846","d9c066789bde198586636f4cd1e0e5a95dba34b1df3424c080cfc3718ec2ffca","False"
"qa/image-v3-repair-20261004/test_stone/horse_white.png","2969620","ab567c743aee71e63472dba5f545ab9e4c6411e355ce93777380d1af741d327b","False"
"qa/image-v3-repair-20261004/test_stone/stone_melee_black.png","1447268","700a764f597b740d760b93aad6fe4e29d6bf0a6837d2c939b93dfc8198d7105a","False"
"qa/image-v3-repair-20261004/test_stone/stone_melee_green.png","1452089","f35d3362ba1133311d3f7bdea3000123ada508edf1ce57cd2b9c72d822b5a2d8","False"
"qa/image-v3-repair-20261004/test_stone/stone_melee_white.png","1462066","3cdfd17cd418df1734fe273ea587d0747e2c6e1e69eb51ee744d55d1f8245c54","False"
"qa/image-v3-repair-20261004/test_stone/stone_ranged_black.png","1604118","dc653519fd47bfaab47840e91595a5e9dc8499d1c7f19db61459129dac28b146","False"
"qa/image-v3-repair-20261004/test_stone/stone_ranged_green.png","1595978","655411fccdb8a074dddd4c12d563910ec9acb1c84a954a11d4e82926467f896e","False"
"qa/image-v3-repair-20261004/test_stone/stone_ranged_white.png","1609731","46b7a279e9dc4287cd119b8927debb48f0d49ef00b4d3bc0f22bb7a2fc3d3658","False"
"qa/image-v4-isolated-controls-20261004/interactive_runner_continuity.py","63770","aec802fd992ce3f06f854d9bb03fef42bca6321217eeb05e57d24f844ef4b9f1","True"
"qa/image-v4-isolated-controls-20261004/packs/dead-unknown-mutex.json","76","f4c0e599d72a7c2a77f1913f28ece5a991b73a3f32199a601ea7a7efc240972c","False"
"qa/image-v4-isolated-controls-20261004/packs/delayed-race-mutex.json","195","3607ff6a45c7f0b51df7093dd409887ec1146c0050f60e679a6b4ba3c902b313","False"
"qa/image-v4-isolated-controls-20261004/packs/delayed-race-mutex.json.excl","48","e564cefa14144c7812ba7ad8a302039cc5b3f7be0eee60249f0f9f12a05ee199","False"
"qa/image-v4-isolated-controls-20261004/packs/history-pack/request_body.json","12","ccf50d673254cd845431efc8a04821578425f1109a3ca25231b4c1091f63e383","False"
"qa/image-v4-isolated-controls-20261004/packs/history-pack/write_ahead_request.json","577","8f21999e5096c45590752061f5816e003587701ab6439eb7609c5ecc32231fae","False"
"qa/image-v4-isolated-controls-20261004/packs/history-pack/write_ahead_subattempt_1_collision_1c3eb18d_9b541a.json","577","8f21999e5096c45590752061f5816e003587701ab6439eb7609c5ecc32231fae","False"
"qa/image-v4-isolated-controls-20261004/packs/history-pack/write_ahead_subattempt_1.json","577","dc991c8d9faf8a5d66e3738c5f00d14d16e2417e0894d5328fa9249ee10dbce6","False"
"qa/image-v4-isolated-controls-20261004/packs/iso-changed-prompt/output.png","184","7c5dae4c57dea2d6dc2a1800e2ed353063f95ad3b85ea38cf5df025d4baeb2e9","False"
"qa/image-v4-isolated-controls-20261004/packs/iso-changed-prompt/request_body.json","152","e50b4b2e543d817ddb001dbf0290cf08702641b468b3eb7ef6fa7f1ad36b042d","False"
"qa/image-v4-isolated-controls-20261004/packs/iso-changed-prompt/response.json","345","951f51cc8a6ca032a6105f01b08b2358b7d9374ec9ef1b7cab3cc3f76ff343ae","False"
"qa/image-v4-isolated-controls-20261004/packs/iso-changed-prompt/write_ahead_request.json","290","2cc4df45d9e741444debd793118346097141e5f2cd5ec869b783780c50864259","False"
"qa/image-v4-isolated-controls-20261004/packs/iso-invented-body-hash/output.png","184","7c5dae4c57dea2d6dc2a1800e2ed353063f95ad3b85ea38cf5df025d4baeb2e9","False"
"qa/image-v4-isolated-controls-20261004/packs/iso-invented-body-hash/request_body.json","152","e50b4b2e543d817ddb001dbf0290cf08702641b468b3eb7ef6fa7f1ad36b042d","False"
"qa/image-v4-isolated-controls-20261004/packs/iso-invented-body-hash/response.json","345","951f51cc8a6ca032a6105f01b08b2358b7d9374ec9ef1b7cab3cc3f76ff343ae","False"
"qa/image-v4-isolated-controls-20261004/packs/iso-invented-body-hash/write_ahead_request.json","290","7b2ada145be07c73525f7b4853cc33762a7dea566e85697b8f48bff5316e0016","False"
"qa/image-v4-isolated-controls-20261004/packs/iso-missing-body-hash/output.png","184","7c5dae4c57dea2d6dc2a1800e2ed353063f95ad3b85ea38cf5df025d4baeb2e9","False"
"qa/image-v4-isolated-controls-20261004/packs/iso-missing-body-hash/request_body.json","152","e50b4b2e543d817ddb001dbf0290cf08702641b468b3eb7ef6fa7f1ad36b042d","False"
"qa/image-v4-isolated-controls-20261004/packs/iso-missing-body-hash/response.json","345","951f51cc8a6ca032a6105f01b08b2358b7d9374ec9ef1b7cab3cc3f76ff343ae","False"
"qa/image-v4-isolated-controls-20261004/packs/iso-missing-body-hash/write_ahead_request.json","208","7ceea3b0c7ead5004aba6b9cb8f7614354f096f53a87b03f043318c7b6b80ce9","False"
"qa/image-v4-isolated-controls-20261004/packs/iso-valid-baseline/output.png","184","7c5dae4c57dea2d6dc2a1800e2ed353063f95ad3b85ea38cf5df025d4baeb2e9","False"
"qa/image-v4-isolated-controls-20261004/packs/iso-valid-baseline/request_body.json","152","e50b4b2e543d817ddb001dbf0290cf08702641b468b3eb7ef6fa7f1ad36b042d","False"
"qa/image-v4-isolated-controls-20261004/packs/iso-valid-baseline/response.json","345","951f51cc8a6ca032a6105f01b08b2358b7d9374ec9ef1b7cab3cc3f76ff343ae","False"
"qa/image-v4-isolated-controls-20261004/packs/iso-valid-baseline/write_ahead_request.json","290","2cc4df45d9e741444debd793118346097141e5f2cd5ec869b783780c50864259","False"
"qa/image-v4-isolated-controls-20261004/packs/iso-wrong-mime/output.png","184","7c5dae4c57dea2d6dc2a1800e2ed353063f95ad3b85ea38cf5df025d4baeb2e9","False"
"qa/image-v4-isolated-controls-20261004/packs/iso-wrong-mime/request_body.json","152","e50b4b2e543d817ddb001dbf0290cf08702641b468b3eb7ef6fa7f1ad36b042d","False"
"qa/image-v4-isolated-controls-20261004/packs/iso-wrong-mime/response.json","346","ef14c9d1a6060ea268cb0bf17400ce8cbbbb56e65620dc4cb4e4ca96991b8428","False"
"qa/image-v4-isolated-controls-20261004/packs/iso-wrong-mime/write_ahead_request.json","290","4b3fece99e8e07f56f37bfc19a213c0aaf3bf654c94a84e16ab58cf3871f9808","False"
"qa/image-v4-isolated-controls-20261004/packs/malformed-pacing-pacing.json","17","eacde94b0bfd50c774c4db61cf0240e2a567e8057640317cd5d4b5ef56579917","False"
"qa/image-v4-isolated-controls-20261004/packs/malformed-wa/write_ahead_request.json","0","e3b0c44298fc1c149afbf4c8996fb92427ae41e4649b934ca495991b7852b855","False"
"qa/image-v4-isolated-controls-20261004/packs/normal-release-mutex.json","251","8d16eff3ff6cae5d20eef8c0b4e3093c4c305db55876e96f7008ca8f135d57ea","False"
"qa/image-v4-isolated-controls-20261004/packs/preflight-bad/write_ahead_request.json","65","552aa5f7822d4455bba8c9518c0e8b66827ccf4233fe66d0a40c59b27f3ee45b","False"
"qa/image-v4-isolated-controls-20261004/packs/preflight-good/write_ahead_request.json","63","529b6a8a08b2d7a5ecd4c1af5104872739767cb0bb6d3e1fe1b5425291ba2488","False"
"qa/image-v4-isolated-controls-20261004/packs/strong-changed-source-image/output.png","117","a7a1b568d3770d1cf727b761b93c2221fced68525bf3e8d78b4e3a025af1aa7a","False"
"qa/image-v4-isolated-controls-20261004/packs/strong-changed-source-image/request_body.json","235","3f5fb701e1283eaf9c90a27acce30878bef69cb807f24066be2b260591780e43","False"
"qa/image-v4-isolated-controls-20261004/packs/strong-changed-source-image/response.json","253","f0c913e2c30394c90419c317c1edfc05b17d6ffa9c60613c6274b689a616aefe","False"
"qa/image-v4-isolated-controls-20261004/packs/strong-changed-source-image/write_ahead_request.json","498","7be380910d964b7141718390ffc719a0421672a0d2285e1eb7bfdc76bdb4b187","False"
"qa/image-v4-isolated-controls-20261004/packs/strong-malformed-body-valid-hash/output.png","117","a7a1b568d3770d1cf727b761b93c2221fced68525bf3e8d78b4e3a025af1aa7a","False"
"qa/image-v4-isolated-controls-20261004/packs/strong-malformed-body-valid-hash/request_body.json","8","62b8125a6f6d924ec53345b5fcd58ca3ed3f5e7d51e2e146e5f1346508acce69","False"
"qa/image-v4-isolated-controls-20261004/packs/strong-malformed-body-valid-hash/response.json","253","f0c913e2c30394c90419c317c1edfc05b17d6ffa9c60613c6274b689a616aefe","False"
"qa/image-v4-isolated-controls-20261004/packs/strong-malformed-body-valid-hash/write_ahead_request.json","498","9113c622cdd9010863597a42e686df9412da20785eb45400fab1eab0fc33cebd","False"
"qa/image-v4-isolated-controls-20261004/packs/strong-missing-output-hash/output.png","117","a7a1b568d3770d1cf727b761b93c2221fced68525bf3e8d78b4e3a025af1aa7a","False"
"qa/image-v4-isolated-controls-20261004/packs/strong-missing-output-hash/request_body.json","231","463b099ae25194ae0babeebb95b18a7f81d25e47c48ac527ed95c179c4bf1c08","False"
"qa/image-v4-isolated-controls-20261004/packs/strong-missing-output-hash/response.json","253","f0c913e2c30394c90419c317c1edfc05b17d6ffa9c60613c6274b689a616aefe","False"
"qa/image-v4-isolated-controls-20261004/packs/strong-missing-output-hash/write_ahead_request.json","420","216d4edbee04487528b614462d0bae7cc70a2dff0ac22f06106c97951a835f51","False"
"qa/image-v4-isolated-controls-20261004/packs/strong-missing-prompt-in-body/output.png","117","a7a1b568d3770d1cf727b761b93c2221fced68525bf3e8d78b4e3a025af1aa7a","False"
"qa/image-v4-isolated-controls-20261004/packs/strong-missing-prompt-in-body/request_body.json","202","ab67ea4492382c7f03fd4ad7b53c73cc7ade7007a6deade83a0a0f09df30ee72","False"
"qa/image-v4-isolated-controls-20261004/packs/strong-missing-prompt-in-body/response.json","253","f0c913e2c30394c90419c317c1edfc05b17d6ffa9c60613c6274b689a616aefe","False"
"qa/image-v4-isolated-controls-20261004/packs/strong-missing-prompt-in-body/write_ahead_request.json","498","246b50b66fb3edad15d47ec2c1fa644e3e15d7fa146a2e1eb4c8b2e41eebcea3","False"
"qa/image-v4-isolated-controls-20261004/packs/strong-missing-request-file/output.png","117","a7a1b568d3770d1cf727b761b93c2221fced68525bf3e8d78b4e3a025af1aa7a","False"
"qa/image-v4-isolated-controls-20261004/packs/strong-missing-request-file/response.json","253","f0c913e2c30394c90419c317c1edfc05b17d6ffa9c60613c6274b689a616aefe","False"
"qa/image-v4-isolated-controls-20261004/packs/strong-missing-request-file/write_ahead_request.json","498","71a13f20139fb688b3da23a525918f20f347d53599d57f45362ce2553932a942","False"
"qa/image-v4-isolated-controls-20261004/packs/strong-missing-response-hash/output.png","117","a7a1b568d3770d1cf727b761b93c2221fced68525bf3e8d78b4e3a025af1aa7a","False"
"qa/image-v4-isolated-controls-20261004/packs/strong-missing-response-hash/request_body.json","231","463b099ae25194ae0babeebb95b18a7f81d25e47c48ac527ed95c179c4bf1c08","False"
"qa/image-v4-isolated-controls-20261004/packs/strong-missing-response-hash/response.json","253","f0c913e2c30394c90419c317c1edfc05b17d6ffa9c60613c6274b689a616aefe","False"
"qa/image-v4-isolated-controls-20261004/packs/strong-missing-response-hash/write_ahead_request.json","412","bbcf2408264cf6d22e9186aca1954143f0b82f1077068c83a737940041860a7b","False"
"qa/image-v4-isolated-controls-20261004/packs/strong-swapped-source-order/output.png","117","a7a1b568d3770d1cf727b761b93c2221fced68525bf3e8d78b4e3a025af1aa7a","False"
"qa/image-v4-isolated-controls-20261004/packs/strong-swapped-source-order/request_body.json","310","728afb56a6090efab16bdc853c28732755b34154d0383c619c9850cc4065c9bf","False"
"qa/image-v4-isolated-controls-20261004/packs/strong-swapped-source-order/response.json","253","f0c913e2c30394c90419c317c1edfc05b17d6ffa9c60613c6274b689a616aefe","False"
"qa/image-v4-isolated-controls-20261004/packs/strong-swapped-source-order/write_ahead_request.json","498","22f25b1e464bf0a9742d032d1b0033fcb6d2b80f5442668aa9c1da59c511bdd0","False"
"qa/image-v4-isolated-controls-20261004/packs/strong-valid/output.png","117","a7a1b568d3770d1cf727b761b93c2221fced68525bf3e8d78b4e3a025af1aa7a","False"
"qa/image-v4-isolated-controls-20261004/packs/strong-valid/request_body.json","231","463b099ae25194ae0babeebb95b18a7f81d25e47c48ac527ed95c179c4bf1c08","False"
"qa/image-v4-isolated-controls-20261004/packs/strong-valid/response.json","253","f0c913e2c30394c90419c317c1edfc05b17d6ffa9c60613c6274b689a616aefe","False"
"qa/image-v4-isolated-controls-20261004/packs/strong-valid/write_ahead_request.json","498","71a13f20139fb688b3da23a525918f20f347d53599d57f45362ce2553932a942","False"
"qa/image-v4-isolated-controls-20261004/packs/strong-wrong-aspect/output.png","117","a7a1b568d3770d1cf727b761b93c2221fced68525bf3e8d78b4e3a025af1aa7a","False"
"qa/image-v4-isolated-controls-20261004/packs/strong-wrong-aspect/request_body.json","232","36e78226b953d594cb015703533f58993ad2970564b2ac3f6504c395d3a9e734","False"
"qa/image-v4-isolated-controls-20261004/packs/strong-wrong-aspect/response.json","253","f0c913e2c30394c90419c317c1edfc05b17d6ffa9c60613c6274b689a616aefe","False"
"qa/image-v4-isolated-controls-20261004/packs/strong-wrong-aspect/write_ahead_request.json","498","7da6f92b8567b34aaea27a364013dea3c62b620c70b49d41dbcda4d6d03f0f22","False"
"qa/image-v4-isolated-controls-20261004/packs/strong-wrong-config-image-size/output.png","117","a7a1b568d3770d1cf727b761b93c2221fced68525bf3e8d78b4e3a025af1aa7a","False"
"qa/image-v4-isolated-controls-20261004/packs/strong-wrong-config-image-size/request_body.json","231","e6b8c539eb733651e5ada53e4bf534680af710c742cdf7520e77afc393e75cc7","False"
"qa/image-v4-isolated-controls-20261004/packs/strong-wrong-config-image-size/response.json","253","f0c913e2c30394c90419c317c1edfc05b17d6ffa9c60613c6274b689a616aefe","False"
"qa/image-v4-isolated-controls-20261004/packs/strong-wrong-config-image-size/write_ahead_request.json","498","2335e7139ce9ecc6ea0bc834a77364ac9e85d86deeed0877f767ac7f1322872a","False"
"qa/image-v4-isolated-controls-20261004/packs/strong-wrong-endpoint/output.png","117","a7a1b568d3770d1cf727b761b93c2221fced68525bf3e8d78b4e3a025af1aa7a","False"
"qa/image-v4-isolated-controls-20261004/packs/strong-wrong-endpoint/request_body.json","231","463b099ae25194ae0babeebb95b18a7f81d25e47c48ac527ed95c179c4bf1c08","False"
"qa/image-v4-isolated-controls-20261004/packs/strong-wrong-endpoint/response.json","253","f0c913e2c30394c90419c317c1edfc05b17d6ffa9c60613c6274b689a616aefe","False"
"qa/image-v4-isolated-controls-20261004/packs/strong-wrong-endpoint/write_ahead_request.json","375","612cb856c07e2dab2017a1cdc525dd688917a3ea283be35f478f8ebb368f3fac","False"
"qa/image-v4-isolated-controls-20261004/packs/strong-wrong-model/output.png","117","a7a1b568d3770d1cf727b761b93c2221fced68525bf3e8d78b4e3a025af1aa7a","False"
"qa/image-v4-isolated-controls-20261004/packs/strong-wrong-model/request_body.json","231","463b099ae25194ae0babeebb95b18a7f81d25e47c48ac527ed95c179c4bf1c08","False"
"qa/image-v4-isolated-controls-20261004/packs/strong-wrong-model/response.json","253","f0c913e2c30394c90419c317c1edfc05b17d6ffa9c60613c6274b689a616aefe","False"
"qa/image-v4-isolated-controls-20261004/packs/strong-wrong-model/write_ahead_request.json","487","cb2e684270d59644766ea50f1b95f7370e648a859bba71fd531457d63472165e","False"
"qa/image-v4-isolated-controls-20261004/packs/strong-wrong-output-dimensions/output.png","117","a7a1b568d3770d1cf727b761b93c2221fced68525bf3e8d78b4e3a025af1aa7a","False"
"qa/image-v4-isolated-controls-20261004/packs/strong-wrong-output-dimensions/request_body.json","231","463b099ae25194ae0babeebb95b18a7f81d25e47c48ac527ed95c179c4bf1c08","False"
"qa/image-v4-isolated-controls-20261004/packs/strong-wrong-output-dimensions/response.json","253","f0c913e2c30394c90419c317c1edfc05b17d6ffa9c60613c6274b689a616aefe","False"
"qa/image-v4-isolated-controls-20261004/packs/strong-wrong-output-dimensions/write_ahead_request.json","498","71a13f20139fb688b3da23a525918f20f347d53599d57f45362ce2553932a942","False"
"qa/image-v4-isolated-controls-20261004/packs/unknown-release-mutex.json","309","d3224f257eb7d58058c0e7447539c2d36ce5c25c63e293850533d077aa4457cf","False"
"qa/image-v4-isolated-controls-20261004/packs/unknown-release-mutex.json.excl","51","2896cd6da422942aed53cb71553d9efdde6cf874f2a6ce41a30da71d6dbedbc5","False"
"qa/image-v4-isolated-controls-20261004/run_controls.py","11154","e1ceabe9c8cea7c71d691122c196a23995ada5fac04ca5297c577a00b1eb164d","True"
"qa/image-v4-isolated-controls-20261004/v4-controls-report.json","3269","81b56e0d83559ed14cdb13281128303da2b974248bdb47c835a949e334d28109","False"
"qa/image-v4-preview/actors_lower_0.jpg","26022","f3227019d751a462a8eed1b8bf949e286c1789a2b95298561d6f5cf20b500eb7","False"
"qa/image-v4-preview/actors_lower_1.jpg","31268","120a14a997b3c33ef855d19ec2b77dd0515e3bb6b458a8c655f9a117cce6a6ee","False"
"qa/image-v4-preview/actors_lower_2.jpg","33498","6cbf7f5343f3c8a59c80142a6fef461d1bcfe03f63fabd90ba5594ef116c6077","False"
"qa/image-v4-preview/actors_lower_white.jpg","84767","a6b4fe8be04529b384517f43c7be330276fa7537b19b76b18a468aacdb6cb737","False"
"qa/image-v4-preview/ancient_bust.jpg","29878","61385ef233c61369ac7ed8398104219c0f5c5eb947f7e7324f2f88d166cfedcc","False"
"qa/image-v4-preview/ancient_full.jpg","27202","d83efd7f2ad841eb47b256bca8c1641712c7b3cdba9f595b6d4f3d035b8b91d3","False"
"qa/image-v4-preview/flood_boots.jpg","51749","5f6cdd3f87c0b6b4e8879d489ab8bbca5247d76a228dd9450fbc876c60b21b77","False"
"qa/image-v4-preview/hero-mount-future-transport_peel.jpg","6419","8c048e6aba8dc906c84dd31bdef5cf7d2bfd37b156369a803010da91845b12bd","False"
"qa/image-v4-preview/hero-mount-horse_peel.jpg","7940","a2c701210fe3f6c6bf788109fc6327075967aa2b69b113d6232590cde7043807","False"
"qa/image-v4-preview/hero-mount-motor-transport_peel.jpg","8643","081b13fc9d46e0b18471d3d5ff4ba634524978f8665198b2e77755fc9716ecec","False"
"qa/image-v4-preview/poly_feet.jpg","25960","a37cf06a7eb54b0e9f1e46d17140ac6425fa4ba591d6c2fdf16c0725553b9545","False"
"qa/image-v4-preview/poly_feet2.jpg","22967","c2a778f35157b0d04f158043d0d0c0ecab378538d76932e6bc549af988d9407c","False"
"qa/image-v4-preview/poly.png","5608468","ce83c354933f5c08bd7d235972fc6c4725350bff0804a65ae562f1e14cfa7939","False"
"qa/image-v4-preview/rigs/barbarian.jpg","72297","610b049e00c204b9e06897ed0de684a1da572839ccd11f196cd5823b7530ae0c","False"
"qa/image-v4-preview/rigs/healer.jpg","88934","5e9d95c27d1107a5520dea7285c964bbbff0f9301b200a095b188ea335f2e2a1","False"
"qa/image-v4-preview/rigs/knight_bl.jpg","34607","c9785a2654b4d517823786c92a86316e8afe3ca1cb797afafa70309f8052484e","False"
"qa/image-v4-preview/rigs/knight_cc.jpg","135464","38a10c536c4b4a17d437707490599ed21c14ba0ce5be8888eefe07c91818e3aa","False"
"qa/image-v4-preview/rigs/knight_leg_zoom.jpg","27911","d06415865c2d15452a59237423510f91be010d10002867bfc9f03a720b2df981","False"
"qa/image-v4-preview/rigs/knight.jpg","78291","992c0cb0ea4b0152aee2890a87abdd76b746e543ff50c9eea10540a5a12312ff","False"
"qa/image-v4-preview/rigs/mage.jpg","49739","ea7cdc946dab08b3a5438a27385d8a51110dbb1e8bdcb68ef4605d7159ba3607","False"
"qa/image-v4-preview/rigs/necromancer.jpg","70576","2eeef4224bb6ee37e037b12cd1c1e99616f44861ea09bf4f205740ee84bdce0a","False"
"qa/image-v4-preview/rigs/paladin.jpg","69948","155e4f845a8008123f3b7bb3bf83cced7bc6ae20fc331405f20078b945f66192","False"
"qa/image-v4-preview/rigs/ranger.jpg","64254","468e35592cc18ae2a2cdf204ac7b8b74f2ad2c039a637f705456bef6307cc9be","False"
"qa/image-v4-preview/rigs/warlock.jpg","74792","44ed7422024d6f7466d0769868e360aaf3560b8ded33f8c785502676f05d8e0e","False"
"qa/image-v4-preview/stone_grid.jpg","61426","69a54c3f2bdabd01d706159d0dc33bd35740a86b320ee2ed90bef18f30e618d0","False"
"qa/image-v4-preview/stone_melee_cols.jpg","14133","86609af2e5322a54663cc373ca3c15198e5ec0a41a9d6835aa953cc480a68c3f","False"
"qa/image-v4-preview/stone_melee_cols.png","5607977","928940d2432975caf7c78faf1f190ddbb694735156c1c4eafcf57e656eb0feae","False"
"qa/image-v4-preview/stone_melee_grab_feet.jpg","29716","484a94aac128f736f175d590fe69a52664cea76662a661b43a290d85ef8f75dc","False"
"qa/image-v4-preview/stone_melee_grab.png","5609365","b4fb3a3915a7de7fa530158005e400425514ccd8bf5581cda0c949f01eced3af","False"
"qa/image-v4-preview/stone_melee_sole.jpg","28268","9e92580878a879345ad8921fddcb2422562c4dbbc4e3542491a38ef0b065d65d","False"
"qa/image-v4-preview/stone_melee_sole.png","5609003","98fc2fa3894631befbaa205bd84fcccb7c7f6cc797da4da0900500e53b5ea053","False"
"qa/image-v4-preview/troop-bronze-melee_peel.jpg","8107","10b0f8631360b7a405029d4b0d3f2e395987e2ae6bc9e0f75bfabe35aee7d4e1","False"
"qa/image-v4-preview/troop-stone-melee_peel.jpg","22754","eff9926d2957cd3f33e0ff4854cef19452635844af20cc9a1fa9fe4dd2e49259","False"
"qa/image-v4-preview/troop-stone-ranged_peel.jpg","20704","342427e65487249fb8a4ab34966fb78c67b2f4afc29f4997f51cf2080f9ea2d3","False"
"qa/image-v4-preview/verify/after.jpg","114523","c86843761c60646e15b7e44420c88e62b460a4cb4b8527b2b41ee3276b1d3dae","False"
"qa/image-v4-preview/verify/feet_after.jpg","31877","e128b66a01e5fc0dc4fb4f7cb753cf30db3794b8bf7cb504f69668bece750bbd","False"
"qa/image-v4-preview/verify/feet/hero-mount-horse.jpg","11380","de1982c67a62a906b49fdd36ad530a6fbcea4de8b57c672ca30ff91759c37148","False"
"qa/image-v4-preview/verify/feet/hero-mount-motor-transport.jpg","6690","e05d787dc243a0596223f175c909886cbcffdb443f250ca7436833318fc4a5ae","False"
"qa/image-v4-preview/verify/feet/troop-bronze-melee.jpg","7823","1424fcf905fd586af2a924fe6e7edd7cd2e89928ec61ec7c3ada5558188feb7f","False"
"qa/image-v4-preview/verify/feet/troop-future-melee.jpg","13488","c9682df84c467effe3a3561ddf76cf78916634a9dfc2b27c0963bae01a75ad30","False"
"qa/image-v4-preview/verify/feet/troop-gunpowder-melee.jpg","8380","3febfd3a46090800cc9bf385419eaa5a857240f7322701abf9cef7dc5147e141","False"
"qa/image-v4-preview/verify/feet/troop-gunpowder-ranged.jpg","5711","979817b534d2df08e9c87234a7753bad582beff3e45010125cc2ac5ad07833a3","False"
"qa/image-v4-preview/verify/feet/troop-iron-heavy.jpg","10320","548506b4e2cf829c521e493cd6c4bc7ede7c1ff126e612718f3915d9b11c9432","False"
"qa/image-v4-preview/verify/feet/troop-iron-ranged.jpg","9582","768214da6fe80ba6d9f9c6b437a7adcb6a5d6df4e17100da574ebaa4a0ee6ec8","False"
"qa/image-v4-preview/verify/fixed.jpg","74226","79cf98b4ff187026adfd088de8651dfc9f22ab0085531cc78bdf0ebc5c8cb70b","False"
"qa/image-v4-preview/verify/full/troop-bronze-ranged.jpg","14006","bba639590b35e6dbe9d239aed89f0bd6ac4f2dd0ec9e0c21bb3ab4534f217829","False"
"qa/image-v4-preview/verify/full/troop-future-melee.jpg","13482","ad8196d1bbe601c4d252e52afbf8fb09de55dc290fab170e59b17ef615834668","False"
"qa/image-v4-preview/verify/full/troop-future-ranged.jpg","14429","6e5c49efd5220f08b9c13a78719084e2c4fb0318483be07cabbb0fad8cdef3a1","False"
"qa/image-v4-preview/verify/full/troop-industrial-ranged.jpg","7972","5baa4d8e6e5a7f277871a115972a37b05e3e6393bf6dbb491e3f517dc607eb9b","False"
"qa/image-v4-preview/verify/full/troop-modern-melee.jpg","14472","bfc618f0304e41de5d2b2635812ade163a9967ec36a02aa6d835c2356aa0c9bf","False"
"qa/image-v4-preview/verify/full/troop-modern-ranged.jpg","10519","8e64e01aa2508347f923cc7a9ab5840ccbf89ab71d43571b963438ee622de234","False"
"qa/image-v4-preview/verify/full/troop-stone-melee.jpg","14462","3d65b411083520be101605e56d05aaa637c2f9b5faee2a7b23a6cbd3c60d8497","False"
"qa/image-v4-preview/verify/full/troop-stone-ranged.jpg","15109","235f36aaf7cfc24118ef45390ec392594b5bbfd50f8938f238f0fbe9935ab8cd","False"
"qa/image-v4-preview/verify/full2/troop-bronze-ranged.jpg","11448","10d839a9ba08d28de07262493ac6baeb0cb964c6b23c21ff3bd007a38711f1f8","False"
"qa/image-v4-preview/verify/full2/troop-future-melee.jpg","10451","7bd3e1a4f5296f30240c7efd8b4e35716705148a44c9373feb89b4c8040f7e35","False"
"qa/image-v4-preview/verify/full2/troop-future-ranged.jpg","9233","41e7e56257326e74395ba42b3ea231a773dceaf921ad06b4fa84d286b4b2c9ff","False"
"qa/image-v4-preview/verify/full2/troop-gunpowder-melee.jpg","12537","447b922c0565a6cb4031e4b794744422430ac73e915bfc2a02373bba72f23d99","False"
"qa/image-v4-preview/verify/full2/troop-industrial-ranged.jpg","7919","595b2794d2260ac7f92f12106879ebb3257ef5c19adfa9143f6484fa4339f723","False"
"qa/image-v4-preview/verify/full2/troop-modern-melee.jpg","13552","54f776f4ac981e426bfd24c8d24883ec63a4fa2f51a02faa77a9ce4f135415f7","False"
"qa/image-v4-preview/verify/full2/troop-modern-ranged.jpg","5928","fc3901026a3621c1d52103672bca29edc97c1ef2501aa367bcc2d155c5f816c1","False"
"qa/image-v4-preview/verify/full2/troop-stone-melee.jpg","12221","78256b0506c2b33fcd07817ad940b13f6e9120786a5203a4bb02a3a6216a22fb","False"
"qa/image-v4-preview/verify/full2/troop-stone-ranged.jpg","13857","0bbd0bba31a8fae304305c9f21dac27bc17a64707b8455b203cf81e7c500918b","False"
"qa/image-v4-preview/verify/grab.jpg","47491","d4f1ff7332f36a00f1246725edf3ac96eb5ceb15c042eead8f04a3b260884124","False"
"qa/image-v4-preview/verify/grid_0.jpg","119398","86617b9179c51e9e9cdbb73e5c7de4df55afb92ead7b635c811ca4fd647597c5","False"
"qa/image-v4-preview/verify/grid_1.jpg","121461","a5b65363312da9f69c5a5ded6b50563bb4452b837343da649e18d161c71ecb65","False"
"qa/image-v4-preview/verify/grid_2.jpg","132711","9779758cf5f6b6c98e0f1c9ab816f4955b977f4987e7063223f65651ead13f0b","False"
"qa/image-v4-preview/verify/hero-mount-motor-transport_try.jpg","9134","512926fe159950261d3a24f22d41b293c51d78e68cac58869a45f2fccbb6525a","False"
"qa/image-v4-preview/verify/horse_noline.jpg","10090","40cd5dc1b86f18ac320f6e6937bff433bb6aaeb25754c563944fd5748073fe00","False"
"qa/image-v4-preview/verify/horse_noline.png","5577307","e53ae17be1685815a0ab2776f7a7ccb805722ae17ea770105801d5a7c2facfc9","False"
"qa/image-v4-preview/verify/left.jpg","7639","bd18604a8dad552e7a32eebdef3120f06b403036b334d97a805c3de65da5aabc","False"
"qa/image-v4-preview/verify/mid.jpg","8464","4255446002cacefdab2c2c1814a2dcef9c6d8e75d11a2eb5cf2a11b4768f5bed","False"
"qa/image-v4-preview/verify/modern_ranged_grid.jpg","43397","a04145647d0450d54c9a5bae71b51284f49c500636e319bd9e7a69ef2621d416","False"
"qa/image-v4-preview/verify/right.jpg","9381","7ca3f3a3a296c6abe3eca642ce976051f5eba7ab460280647e36431337d1e243","False"
"qa/image-v4-preview/verify/sr_feet.jpg","59590","7c26954dba5f14bb1b64a768bfaa75534e7226af8532cc9b3a4d6e91fc37f13a","False"
"qa/image-v4-preview/verify/troop-bronze-melee_try.jpg","9465","ca358214a4f2a0def78a095a0c40b17d507453dc1b7686e31c293c66ed20f149","False"
"qa/image-v4-preview/verify/troop-future-melee_try.jpg","6115","7b0f8f929d3ff8c86ae223c818562d6c88bdfd72f8befe2add2b74d91960dcfd","False"
"qa/image-v4-preview/verify/troop-gunpowder-melee_try.jpg","7865","53334f44d05e0e152549b7c9bc4da38dd743bb46d3881fbc081adc4b4138e10e","False"
"qa/image-v4-preview/verify/troop-iron-ranged_try.jpg","7252","bad5833c35404f3af27c4a69a2a784bd7794874ad4e206818b271a11e587077e","False"
"qa/image-v4-preview/verify/troop-stone-ranged_try.jpg","10301","0595e8b101e804049d6f8969495c582d1284de73972d56d579e2c8429109b05e","False"
"qa/image-v4-preview/verify/try_all.jpg","99083","ff361ab438810b68b97c77e88daab92770717ca5a7b35a9b2888e2a75d6885a3","False"
"qa/image-v4-preview/verify/v4_full_white.jpg","132137","b6f36ad8660af61d02a3843246aa586f1a341a28e0fb65917ee10b061ddc72bf","False"
"qa/image-v4-repair-20261004/actors-mounts-v4.json","79406","fb8ca2faef249693f455f5c3d2247878911e47770f064dda3fc4b194cf7df208","False"
"qa/image-v4-repair-20261004/actors/hero-mount-future-transport_consumer50.png","8763","28d0bef5984edc53c0c90ba2b1ed899e512cfb13f90fb0ad614173eedc3d7360","False"
"qa/image-v4-repair-20261004/actors/hero-mount-future-transport_consumer64.png","13647","4cc94f3ca89670d1bcfb2112a837c98ef1c5abe64ba554af9ed0b9257969f8a7","False"
"qa/image-v4-repair-20261004/actors/hero-mount-future-transport_detail_white_black_green.png","289188","f875abb9cf9505f53f01fb421345d9aa48781686da9d8e0d80933e3fe4fa13d8","False"
"qa/image-v4-repair-20261004/actors/hero-mount-horse_consumer50.png","10273","1dbf6555f530ecda64c44eb79c11241fe696957c41b1980640445e8f9dbad212","False"
"qa/image-v4-repair-20261004/actors/hero-mount-horse_consumer64.png","15115","1eb7137bf86c1656042d3979cf0b8f6af18886c359517e89c866634567c8adc2","False"
"qa/image-v4-repair-20261004/actors/hero-mount-horse_detail_white_black_green.png","146705","121be8d953a9899e6de873fc27a9500a0321a858dddc4983bc0665af895b6793","False"
"qa/image-v4-repair-20261004/actors/hero-mount-motor-transport_consumer50.png","9018","31c1649baf69c83f21a375ba9812f78cd3ba35143e4588527e1496c35e4c7b1e","False"
"qa/image-v4-repair-20261004/actors/hero-mount-motor-transport_consumer64.png","13573","cf5a46b5646351ae9e09e0cb28493d0b9240ac5e3f2a34c37ae559e03b322adb","False"
"qa/image-v4-repair-20261004/actors/hero-mount-motor-transport_detail_white_black_green.png","303338","dd0fabbe505c6c728e8b5003f8242c908aa13621ec63e24d1a357f280719fddf","False"
"qa/image-v4-repair-20261004/actors/troop-bronze-heavy_consumer50.png","10048","bb0c481ca46bab10c21f527a6e160bcc6aa37eb06c126247d2cfa5e3f5b913ad","False"
"qa/image-v4-repair-20261004/actors/troop-bronze-heavy_consumer64.png","14975","5105b2a8aff76bd0719f4a697577550fc8571b2db8ffaa19cadbcfc9ed1f94f2","False"
"qa/image-v4-repair-20261004/actors/troop-bronze-heavy_detail_white_black_green.png","459389","179ea42d925b217bd57d7197e03ac207205688f73375d59a83edc88defd0a281","False"
"qa/image-v4-repair-20261004/actors/troop-bronze-melee_consumer50.png","8241","9b111c6065e339148867eaec858df68ebbd53f3aa26987a07bd0a63f48d79e5b","False"
"qa/image-v4-repair-20261004/actors/troop-bronze-melee_consumer64.png","11716","06f946180a29beff0e11beb092ffc0d3408866f9c6156fba7c79a63cc33dc74c","False"
"qa/image-v4-repair-20261004/actors/troop-bronze-melee_detail_white_black_green.png","153470","c1f65f01bd8bc842d5c308ef878661b058b71be272fb8e6bd918a0d675eedcde","False"
"qa/image-v4-repair-20261004/actors/troop-bronze-ranged_consumer50.png","9239","77b085cc46bdbc18dcd5ec308ca592659b559b6d43dcecac7094600f9bcb3ef3","False"
"qa/image-v4-repair-20261004/actors/troop-bronze-ranged_consumer64.png","13057","5c08c6c134ef58cbd71eb8a4aa50e234d9263544e4d3b9efddcb6fe5be668c13","False"
"qa/image-v4-repair-20261004/actors/troop-bronze-ranged_detail_white_black_green.png","269374","97d6e8597734d4bec04fabc3fd03ee4a181c4466a75c5bcce708b92acf3d4dc3","False"
"qa/image-v4-repair-20261004/actors/troop-future-heavy_consumer50.png","10504","e8384adce71f2b30d5a4f8ad8e624348c4b81c77c7890b15780c637f638b1f96","False"
"qa/image-v4-repair-20261004/actors/troop-future-heavy_consumer64.png","15828","895b3d9dd362fcf7bc02cd24cd48cae07f709f8d04e60280d5a262b4b3b2db06","False"
"qa/image-v4-repair-20261004/actors/troop-future-heavy_detail_white_black_green.png","497029","2a76bd68a4732eeac0e3a49e9dc57088100a9ef397d2c8fce9444f1be5e9ad53","False"
"qa/image-v4-repair-20261004/actors/troop-future-melee_consumer50.png","9671","5f1cde90172fa8b6346a8121b8d96b45032c83a5337dfafd34763d56936be212","False"
"qa/image-v4-repair-20261004/actors/troop-future-melee_consumer64.png","14742","826659e946f9a5245eb26651cf7ca407a245b136c8fca38998def9c1c6c4edf3","False"
"qa/image-v4-repair-20261004/actors/troop-future-melee_detail_white_black_green.png","296634","a0214ccdec61b474b8068bddef5824e4beeb13f44e706d6befb7955ad82ab1dc","False"
"qa/image-v4-repair-20261004/actors/troop-future-ranged_consumer50.png","27337","f33523b8b3529f88dde49be837e024065ba266fb92eda7128c47962bf79a805e","False"
"qa/image-v4-repair-20261004/actors/troop-future-ranged_consumer64.png","40249","a7f43614fbe09c6a2907ee485923f1e1eae2b4abc2550cf477a053d530ede613","False"
"qa/image-v4-repair-20261004/actors/troop-future-ranged_detail_white_black_green.png","363757","2ab46bca74856ed86f1968ff2cc099a88a6e01568997cc68a56e77c268b3d968","False"
"qa/image-v4-repair-20261004/actors/troop-gunpowder-heavy_consumer50.png","7920","d6fd0dce76b790240b627d06b46e1773d036fa6ff054851fdd0e1f3cb2992a06","False"
"qa/image-v4-repair-20261004/actors/troop-gunpowder-heavy_consumer64.png","11624","95c598a6d68414ffc59b7ccde914c22c6d24722f90adee3d2b865102fca3b556","False"
"qa/image-v4-repair-20261004/actors/troop-gunpowder-heavy_detail_white_black_green.png","183894","342b3baef55257704516f33468d0903b2addcc0b667c49906af98fb342fbccb6","False"
"qa/image-v4-repair-20261004/actors/troop-gunpowder-melee_consumer50.png","9440","94f4f31ffb80c4a31c5d44305e3f4200d9953991a4cd4501dbc015c9e990b2a4","False"
"qa/image-v4-repair-20261004/actors/troop-gunpowder-melee_consumer64.png","14081","ac30a7ab06faca00da083f569c631c10bed6648ee114dc8e87fab5c23c5cca66","False"
"qa/image-v4-repair-20261004/actors/troop-gunpowder-melee_detail_white_black_green.png","343918","df9acaa0fb1fc05b5b2f7a809ef04ba61b3fd91c5bb07f7d5078073679672489","False"
"qa/image-v4-repair-20261004/actors/troop-gunpowder-ranged_consumer50.png","9912","f4ee8337e370a2a1132c7ae98ce98d97f2a7d9fe5c294a6277c030dcb36c4788","False"
"qa/image-v4-repair-20261004/actors/troop-gunpowder-ranged_consumer64.png","14730","295c9a6c028b8b0c15e3dc7ceea32b8d5ae19e1353e3cd0d38366d5256f7c2e3","False"
"qa/image-v4-repair-20261004/actors/troop-gunpowder-ranged_detail_white_black_green.png","206287","755212fffc180e02f13ee509f52efd12b3b2f56b953cf0e64c4ae05a3fbd70dc","False"
"qa/image-v4-repair-20261004/actors/troop-industrial-heavy_consumer50.png","8378","570c0d9cd5aaf7cf0d7573fc488b077b92d7b0eda1629cd55ee1287cfc0567ec","False"
"qa/image-v4-repair-20261004/actors/troop-industrial-heavy_consumer64.png","12214","0d5d9dd3fc4e6d39eb9499e698eacf506026000b28bfc17ab0b10440435e4334","False"
"qa/image-v4-repair-20261004/actors/troop-industrial-heavy_detail_white_black_green.png","311817","54f3bfc4a9f2742625974d03837d6c63417dcaabb88de6c880a9b86d8c04c7b4","False"
"qa/image-v4-repair-20261004/actors/troop-industrial-melee_consumer50.png","5486","ac09055ad8c790203b6525d6f37b2c8b7d966814651f6beb26d80ceec8dc8a59","False"
"qa/image-v4-repair-20261004/actors/troop-industrial-melee_consumer64.png","7964","236d44c069f2906f440af342f8ae2581816152bb35ab17aa56497b944e85b819","False"
"qa/image-v4-repair-20261004/actors/troop-industrial-melee_detail_white_black_green.png","244690","739967bc968cecca04bbd1ae625137f2db3c420e68bcfacab01ead7d93a5286b","False"
"qa/image-v4-repair-20261004/actors/troop-industrial-ranged_consumer50.png","3951","48353469ec1152a88caa45f92f433507021da1fc22141f9d95ea54cb1f262ee1","False"
"qa/image-v4-repair-20261004/actors/troop-industrial-ranged_consumer64.png","5641","7d6d69827596f35317fe7e215d8bbed75e9e7d17b88a1bd322ea10f4815a9263","False"
"qa/image-v4-repair-20261004/actors/troop-industrial-ranged_detail_white_black_green.png","163133","b7827fe53f55840b5092df41a638defe8ac4547e14f698553d313aa49dc28122","False"
"qa/image-v4-repair-20261004/actors/troop-iron-heavy_consumer50.png","11756","f1d3b13e954b31a291067c88ef8a0c3327f194e823565240f45f821b1b14bcbc","False"
"qa/image-v4-repair-20261004/actors/troop-iron-heavy_consumer64.png","18452","c44d8a12947fd70d94ae3876c5ceb8c927c4bc95896fdc53e332131793fc9be2","False"
"qa/image-v4-repair-20261004/actors/troop-iron-heavy_detail_white_black_green.png","692420","4f617ebe8c82502f00570ddf9f1b7355ab4c6f86894bb30e666ec4f9145dc954","False"
"qa/image-v4-repair-20261004/actors/troop-iron-melee_consumer50.png","17479","dc0bd1c800d0cdcb27e8440626f3b12dd7b0e059706f36c25819c066472cb039","False"
"qa/image-v4-repair-20261004/actors/troop-iron-melee_consumer64.png","25615","cee5790dafff04df7d9f8addbc33648935c2542c4dbd34c8c677542bcbe31a82","False"
"qa/image-v4-repair-20261004/actors/troop-iron-melee_detail_white_black_green.png","304777","93acf084970853680b190c3de0ffbad5df2e4877c9daf520c5a1273e8774d72b","False"
"qa/image-v4-repair-20261004/actors/troop-iron-ranged_consumer50.png","15355","700bbcb6544aef17b30f7562f03c77eca6c37600635f457d74878696341e85a9","False"
"qa/image-v4-repair-20261004/actors/troop-iron-ranged_consumer64.png","23295","a8af07a28992b627c9fb7f2543a7b3e8b491bbc4485acdec64dd3180a06866d3","False"
"qa/image-v4-repair-20261004/actors/troop-iron-ranged_detail_white_black_green.png","473628","1b8d4242f5bab504a6c1a5b1063e37ae6f31c9a7922d6751ef060b8fa3bc46f4","False"
"qa/image-v4-repair-20261004/actors/troop-medieval-heavy_consumer50.png","9059","1306277659eb51ae6b9cd6ec0cfb016d9adf47f3cecdf6c679330821a82ded46","False"
"qa/image-v4-repair-20261004/actors/troop-medieval-heavy_consumer64.png","13197","3e870ef6464c754bf23f9b4971d3246be3001a7595a4dbdd226a067c7144349e","False"
"qa/image-v4-repair-20261004/actors/troop-medieval-heavy_detail_white_black_green.png","315972","3c1c33e1396d0c637c663afa27ec2ab33460ddfe16365b1b5041b71d0b7291ce","False"
"qa/image-v4-repair-20261004/actors/troop-medieval-melee_consumer50.png","8125","64c46e3b9563b3470168d346acc6b8440eae30a76d38c1c4e88622c7366305e4","False"
"qa/image-v4-repair-20261004/actors/troop-medieval-melee_consumer64.png","12281","63e28ee5077384929406afe369e6bdd0037212b6f742575569d21fee893dc8cc","False"
"qa/image-v4-repair-20261004/actors/troop-medieval-melee_detail_white_black_green.png","377573","83eeef240271f1ce2de8ce7a313d6edda663efe127cbe22e0ce64352cbbe810a","False"
"qa/image-v4-repair-20261004/actors/troop-medieval-ranged_consumer50.png","12590","d0366117ca590c8e228f626ab799d06387c403ab05345cf95cbe3ae12db60f74","False"
"qa/image-v4-repair-20261004/actors/troop-medieval-ranged_consumer64.png","18414","5a34b10b1b2b79eff015194fafffa15a8d8057afb4f270b5fcf979c8c3a7ccb6","False"
"qa/image-v4-repair-20261004/actors/troop-medieval-ranged_detail_white_black_green.png","90288","f46920e47d62b6cfb37d016308f50cd5d81fa8275e4f9d2b81cb55f0a03ebd8c","False"
"qa/image-v4-repair-20261004/actors/troop-modern-heavy_consumer50.png","7749","b65784c4ebf547ea9fd6e9ce9b2dd2ad1075e56fd04e711931a77be5fb926106","False"
"qa/image-v4-repair-20261004/actors/troop-modern-heavy_consumer64.png","11865","156e6dffb106217aa9318e5a24a33af5ac9cf42fa2d3e5693a7e2ecc23ad17e5","False"
"qa/image-v4-repair-20261004/actors/troop-modern-heavy_detail_white_black_green.png","583077","8d207c04b2a27f662a20ad99800757d89244effa365dd0b7d1b3db0670b12993","False"
"qa/image-v4-repair-20261004/actors/troop-modern-melee_consumer50.png","14674","2f68f15e9ae55600a11d2093690b185807b813705144f009a72407b0fa1a7a6b","False"
"qa/image-v4-repair-20261004/actors/troop-modern-melee_consumer64.png","21499","bf5de062edc23e6475aa3c2362eef36b6083732445eaa754528ffdb878b482e3","False"
"qa/image-v4-repair-20261004/actors/troop-modern-melee_detail_white_black_green.png","355948","55532828aa8aa000cc4bd4648983cd8fd5bb0980693af5e88be65a59597b68ce","False"
"qa/image-v4-repair-20261004/actors/troop-modern-ranged_consumer50.png","4324","72ba9cbf9e881e9e641abf2b7780bfb08607a4f92c4cd8c36f36df751a5f2c1f","False"
"qa/image-v4-repair-20261004/actors/troop-modern-ranged_consumer64.png","6308","f01b76e94f24bab3043b462e0d83e67c60a82f41e1ed38cb54c5f7ad1fc4c126","False"
"qa/image-v4-repair-20261004/actors/troop-modern-ranged_detail_white_black_green.png","133586","e2b8a598e7fafdc84f7b0c8de441c6fd82360e66205ba7f014c298ffc55214de","False"
"qa/image-v4-repair-20261004/actors/troop-stone-heavy_consumer50.png","11309","5414ad604def3af60ef1126a1c35f6a8d963682e312a7d1a03507559bc78cef7","False"
"qa/image-v4-repair-20261004/actors/troop-stone-heavy_consumer64.png","16619","4c995fe1ab27914dc76a25e5108dda5aff35b5cdf7221da06d296d64a11f054d","False"
"qa/image-v4-repair-20261004/actors/troop-stone-heavy_detail_white_black_green.png","424042","16ec25d32812acb1ab02fdf8bf84eff3e08d66b44870a429a848eacd192172ac","False"
"qa/image-v4-repair-20261004/actors/troop-stone-melee_consumer50.png","9326","5da9844a8015fd177499163c9a83beacfd4b758a73021629c12fb1596328389e","False"
"qa/image-v4-repair-20261004/actors/troop-stone-melee_consumer64.png","13511","2df26164142dfe3d11c796c61dffbca982dc55533efcd37c6785b02639393781","False"
"qa/image-v4-repair-20261004/actors/troop-stone-melee_detail_white_black_green.png","412669","437d86455c93f708a3387ca788010cf408f91546c27e3b43266464abf2de7f41","False"
"qa/image-v4-repair-20261004/actors/troop-stone-ranged_consumer50.png","15968","43538ec6c58e27d6f44d7b4909f7d4228741d72c56d6cfe615219047496c93ab","False"
"qa/image-v4-repair-20261004/actors/troop-stone-ranged_consumer64.png","23370","f771666b1439f7e9b0d54279d55fc710e2f8025c3ca36b161bf3ab5978254f33","False"
"qa/image-v4-repair-20261004/actors/troop-stone-ranged_detail_white_black_green.png","825962","a4daae1f136c883e8a4b0d1a3df41531911166e1e950a071cb9fc483585b942b","False"
"qa/image-v4-repair-20261004/ancient-knight-card-v4.json","961","097b85cb0475d1c886ea7845c3dab91478a2be794adf2b7a124ff269c27c3c9b","False"
"qa/image-v4-repair-20261004/floor-pixel-counts.json","2167","dad4ae815cc077a6b197d06de09cc921b9ce41ee1156e783a1fd78ca7a5e79d8","False"
"qa/image-v4-repair-20261004/requirement-check-v4.json","2777","e5c10f643a15a87d6450839a634963fe400018be2e494da5c1fece6d122fd91b","False"
"qa/image-v4-repair-20261004/rigs-v4.json","98440","21fc2bb433f5e4521e223894623656e865e21cb81599708d31ae741d22f0a263","False"
"qa/image-v4-repair-20261004/rigs/knight_thigh_greave_-25.png","131754","060bc6fb92c26f7c9536c916637976fc846a40cd57879c5e7c6c427fd36a5870","False"
"qa/image-v4-repair-20261004/rigs/knight_thigh_greave_0.png","136411","43fdfda03e5179547780c5f7879bca2d832161ad702e99b9cb7e93715cec0c0b","False"
"qa/image-v4-repair-20261004/rigs/knight_thigh_greave_25.png","131168","c9bf93c4c71749aae484ad9093fb3fee032f4b1e735efac338c27857ba106f24","False"
"qa/image-v4-repair-20261004/terrain/clearance-v4.json","298270","5d87795bdf196f3d1823dea31447fbcf88b3789410f8f77e74302c5e83509f37","False"
"qa/kingdom-image-progress-20261004/alternates-and-v5.jpg","386120","953fcb590fd63347627b914349378f251f05c99a68750f8b74261c031e3944c2","False"
"qa/kingdom-image-progress-20261004/attempts.json","66225","2d62e162035bf6432a0e4245a2f6b2e3ca132f113cd7a3e970e113978cf46f44","False"
"qa/kingdom-image-progress-20261004/audit.py","9088","5d34caa19d0c9a6568f844d86c19ebdcfaae7a7d4628bce491310ded9b417a81","True"
"qa/kingdom-image-progress-20261004/candidate-keys.json","2770","81531075ffffc0c9f82c548c226118d640d4a3858d7b7742c4b8f9277a454a6c","False"
"qa/kingdom-image-progress-20261004/close_handoff.py","4353","6ddfbb16245802dbf6bc74cf130153ed81a7806a07c1fbb679643aaaf90fd690","True"
"qa/kingdom-image-progress-20261004/documents-read.json","21404","39d96ef586ec2c7a8f43b789e98c0bbe95c62007a69197c660422473e88244be","False"
"qa/kingdom-image-progress-20261004/extra_diagnostics.py","2592","ca3c5622b437c125aade4795348f3163d7e5b219af660120df0e5ec2c1e02b3f","True"
"qa/kingdom-image-progress-20261004/extra-checks.json","1771","cd04cdd556e4f1b7c2ff56bd2147935fcab6936a4c3d4247f2619ecbf3dc9db5","False"
"qa/kingdom-image-progress-20261004/geometry-claims.json","1403","75edd520eeadba16b9fd29a2984bc589821304c527cdf81349e3fa715839a0b6","False"
"qa/kingdom-image-progress-20261004/hall-age-sources.jpg","307312","bae1b25f3084fe83dfeea13ec44d36dc1b6d12e3f5db1db7742fa711c16da4c5","False"
"qa/kingdom-image-progress-20261004/hall-age-sources.json","2471","9f3b0e8cc06ddc2240fa032d705ee313b82bf955c6d957e1f944b553c19dbe5d","False"
"qa/kingdom-image-progress-20261004/hall-native.jpg","439858","08862f08d0e331c14274c98c6b61c3b2eca2eb9f531550177e01c332d93219b7","False"
"qa/kingdom-image-progress-20261004/handoff-checks.json","252","965fee520569ae5d91ad61c71559bc4fb6e19b105cbbc6282088877b5c3a5559","False"
"qa/kingdom-image-progress-20261004/kingdom-eight-packs.jpg","1151669","bc725adb2b2409d91bf874607a815baf389838b2ba6afdf5b4becb476a0f75f5","False"
"qa/kingdom-image-progress-20261004/kingdom-packs.json","51137","03982c5957edf369a3a7b75c6a35fc535d28b49999d2ab832bc93bbf389df379","False"
"qa/kingdom-image-progress-20261004/outputs.json","11577","67814abd445a2779d7131a10738f413944c9bfb8d3b3b2b3414e312ab40e1776","False"
"qa/kingdom-image-progress-20261004/protected-closing.json","38483","17bfa1397a56d743011133ff51ab1070e04136efa73d2129a455a4322a393ba4","False"
"qa/kingdom-image-progress-20261004/protected-start.json","15096","fa58073131ad8e6f9bf0220e2f7a8a1386185e41b5b77e3aeb7f9402bb90706e","False"
"qa/kingdom-image-progress-20261004/snapshot.json","1965","699d22107aaf14b06bb9c3aa5d3c411fc8f948e217e380626eebe0fcd80c2482","False"
"qa/kingdom-image-progress-20261004/stone-active-registration.jpg","542021","36dc7896f37254f4a31ad498869408a591b455f37547cb20d957b884370673e5","False"
"qa/kingdom-run6-verification.json","2463","349ab7ecc2cc2d9807af8af58243070f345d57982681ac641c5bed6db559311b","False"
"qa/later71-independent-audit-20261004/army-1.jpg","321643","79293e69d95053296ca1e980bf625d3759dc8188db66d73ece3e908eb87b0028","False"
"qa/later71-independent-audit-20261004/army-2.jpg","180709","f9b50a976d1f4a4848eb4322d98587a926008f4e223dc100b6de4e00434017be","False"
"qa/later71-independent-audit-20261004/audit.json","192729","e396182798ce3137792e677a2fdf5d119c2ad27db0d82224db00014d771ef29a","False"
"qa/later71-independent-audit-20261004/audit.py","5231","da38bbd42e5d91244b5d66a9ab92f2516612ba1a9957d33bfb252fc9b6778733","True"
"qa/later71-independent-audit-20261004/closing-army-1.jpg","321643","79293e69d95053296ca1e980bf625d3759dc8188db66d73ece3e908eb87b0028","False"
"qa/later71-independent-audit-20261004/closing-army-2.jpg","180709","f9b50a976d1f4a4848eb4322d98587a926008f4e223dc100b6de4e00434017be","False"
"qa/later71-independent-audit-20261004/closing-audit.json","195204","9a288e103c4c6948acfa661888c6e26c9bc4fd4fa0f92e28141e4ebbb64dde47","False"
"qa/later71-independent-audit-20261004/closing-heroes-1.jpg","446750","cb77ff8293fc7a0b4f655f2c26bb7b3e7abfdf26acd12a60d8bf960587bb1c2d","False"
"qa/later71-independent-audit-20261004/closing-heroes-2.jpg","444319","432d1ecee46bb5651e418e51c56ee063bb8cbc326d568b49538ae3c3ef758972","False"
"qa/later71-independent-audit-20261004/closing-mount-rig-rival-1.jpg","468030","b106bce4bc191c8c76cb3307b2ca59ad7eee984de5700589541fdaa3e26a0144","False"
"qa/later71-independent-audit-20261004/closing-mount-rig-rival-2.jpg","34537","69fefb5601441137b25a697c50006e8f2bf4f3c873eef042dda512c05a39753a","False"
"qa/later71-independent-audit-20261004/closing-protected-start.json","25820","27648e5e31006875dd875a342ec5b4478dcd80787abe863cffc914e8f3a7e44e","False"
"qa/later71-independent-audit-20261004/closing-reconciliation.json","239","b9ad95b43f33068c3400121d149a228f77e6753d84a4aaa3e0f351dd4d55d537","False"
"qa/later71-independent-audit-20261004/closing-usage.json","42202","534eca7e33978f2e629a12d4c32482947bf2e3ca52b8c563e7b0feb707387fae","False"
"qa/later71-independent-audit-20261004/controls.json","1864","61b5f3df5f67089f147ba4c7d5f6ca109ffc2ade42620eadf1cd67873c858dbe","False"
"qa/later71-independent-audit-20261004/controls.py","3578","73d319fd62ed929e319ac0d8ae26e60e07b06ec2377d6207fe41e3cb8373539d","True"
"qa/later71-independent-audit-20261004/dead-unknown-mutex.json","93","569216fb3249ab156f25df363f742945fab93da8de2cd34ab307cd437c924b66","False"
"qa/later71-independent-audit-20261004/final-protected.json","44356","282306aa02ca8705901baca852f9a783adcb7cd60c126e22420a0519e56e8e80","False"
"qa/later71-independent-audit-20261004/heroes-1.jpg","446750","cb77ff8293fc7a0b4f655f2c26bb7b3e7abfdf26acd12a60d8bf960587bb1c2d","False"
"qa/later71-independent-audit-20261004/heroes-2.jpg","417636","d70a9f58d191fadbd6b8e7b7ada25cb2913eb1c21a50357d514b120a1857fc33","False"
"qa/later71-independent-audit-20261004/mount-rig-rival-1.jpg","472363","6ee53407e366230f89cd749803171186c89c6b42690925af920bd72c2c85f5f0","False"
"qa/later71-independent-audit-20261004/protected-start.json","25102","c666f11d7cbddc707822050c6990be7f57cd71e18afacbd839f2252136d10608","False"
"qa/later71-independent-audit-20261004/race-mutex.json","178","582fd64b3dfb0e785c9d9d41e70ff164c3229e7794e098f2b186525cb3f5f3ed","False"
"qa/later71-independent-audit-20261004/race-mutex.json.4bfa3dbd.tmp","178","19b8aacbdd528a9b7bd1175db7b0a4450d612ab2479379f32436b5981187c83e","False"
"qa/later71-independent-audit-20261004/unknown-pack/write_ahead_request.json","97","ce020a46b33ffcf15654a7ac6dc0499a4ca18f25e4041bd1a19f39fbdf7d3a89","False"
"qa/later71-independent-audit-20261004/unknown-skip-mutex.json","277","e7bf3b1f4b43ed817ba0675a9d5af866351fad1d5980434e1ebf45d999df0c46","False"
"qa/later71-independent-audit-20261004/usage.json","41047","4a154e684e20b2d17ecfd47c21b2ae546081f56b60e1d0ad5489acc7758867b5","False"
"qa/offline-controls-repair-20261004/accounting-reconciliation-evidence.json","4419","e41c2dc29836af12e2837cfc9e2c6e9513c88fa890af4e561e7ab4bd45531765","False"
"qa/offline-controls-repair-20261004/actors_qa/actors-mounts-composite-black.png","1555523","e9e9bfc7f3d40932444701102a6986e2e42782ca6e8dbac7551de97ca2542ad8","False"
"qa/offline-controls-repair-20261004/actors_qa/actors-mounts-composite-green.png","1585215","280001f643467bc0ffdb71e60d57d23d15abdadbf48c0fa9e7950111d20e8929","False"
"qa/offline-controls-repair-20261004/actors_qa/actors-mounts-composite-white.png","1593477","15661cebe2cc8ae0c9a32b98e4e539f838ce6748e320492c5c3ff8c67118309c","False"
"qa/offline-controls-repair-20261004/calibrated-portrait-landmarks.json","7188","fdf42eb1784d4b34ec917352f318a6a389afc21c6abd912a1c675f085ec05d72","False"
"qa/offline-controls-repair-20261004/cleaned-actors-and-mounts-manifest.json","14793","d680abb4d396b3541f666151319ec00a348c0aa9786317f7053bc2963d499df3","False"
"qa/offline-controls-repair-20261004/cloud-ACTIVE_INDIVIDUAL_GENERATION-mutex.json","206","7a27809146b7740f49f25a086118fe8bf8712d209dfacf0ccb162cdc4f018898","False"
"qa/offline-controls-repair-20261004/cloud-JOB_STATE_PENDING-mutex.json","206","46ac21a3dbc66a8a90a2c9205ce051532fac630bf1da228d8b25ca8e3070be31","False"
"qa/offline-controls-repair-20261004/cloud-JOB_STATE_QUEUED-mutex.json","206","d78aee92a65b60c854b955e1bb0607401ec165291124bb084e455ee9e8f8c9ca","False"
"qa/offline-controls-repair-20261004/cloud-JOB_STATE_RUNNING-mutex.json","206","c6bef7d4f72bddb3416eb855e8b915e3ceb844e62152852622b6e677a1743299","False"
"qa/offline-controls-repair-20261004/cloud-JOB_STATE_UNKNOWN-mutex.json","206","c71b09c4935c16206ced304b5188cf737b883eca82a5334cf8e69511a62e8430","False"
"qa/offline-controls-repair-20261004/cloud-UNKNOWN-mutex.json","206","fb981fa096c5435cb8e5ba7b8c7f4f9a632b7a232296c3a5027d477ad075df9f","False"
"qa/offline-controls-repair-20261004/corrected-portraits-manifest.json","35042","f4886e4c2a20637da92835e3bb5b29e0c2a5301bd227d67534cd9570b1578896","False"
"qa/offline-controls-repair-20261004/dead-unknown-mutex.json","76","f4c0e599d72a7c2a77f1913f28ece5a991b73a3f32199a601ea7a7efc240972c","False"
"qa/offline-controls-repair-20261004/delayed-race-mutex.json","197","8eb0c52bd59a0a4238dbff2ebb5cb88d96ed475e51b73616b50323060680d365","False"
"qa/offline-controls-repair-20261004/delayed-race-mutex.json.excl","50","c55ec68e1bd51c0be420158d9406c3c4d7961244e88a329e8fd232563131016f","False"
"qa/offline-controls-repair-20261004/history-pack/request_body.json","12","ccf50d673254cd845431efc8a04821578425f1109a3ca25231b4c1091f63e383","False"
"qa/offline-controls-repair-20261004/history-pack/write_ahead_request.json","579","9fa8791ae1e6f044ff58577875f3974ee522f2f8d5a2accbc4ec6b4d85d79e92","False"
"qa/offline-controls-repair-20261004/history-pack/write_ahead_subattempt_1_collision_7d2167ab_01dbeb.json","579","9fa8791ae1e6f044ff58577875f3974ee522f2f8d5a2accbc4ec6b4d85d79e92","False"
"qa/offline-controls-repair-20261004/history-pack/write_ahead_subattempt_1.json","579","df4657989e8442c354038f971b33d05896f6e36eb4d4eb16176f6f8d574ae792","False"
"qa/offline-controls-repair-20261004/IMAGE-DELIVERY-SUMMARY-2026-10-04.json","2393","93664d2b4b99a31f9e3c294a7831313fe49fd4cf2e1a840fd65fb8393de16537","False"
"qa/offline-controls-repair-20261004/kingdom-bounded-measurement-report.json","329074","5ec196cb2ef5bb58b9d6a97d7e9cb3bafb11be6437dedb220445cda9e70041aa","False"
"qa/offline-controls-repair-20261004/malformed-pacing.json","14","a47affe283711c1ee97972b1844b8a6c732a529ffb635faae7881b24e52c0b13","False"
"qa/offline-controls-repair-20261004/malformed-wa-pack/write_ahead_request.json","14","62eb7d4ff39a69b09cf8fdaa37579468bf970290cb3ff1fe87554cba9d06cc50","False"
"qa/offline-controls-repair-20261004/portraits_qa/portraits-review-sheet-black.png","4586905","02bae7c380726f33702d778cd50940f7c886ce93a69d63b949867664077f6425","False"
"qa/offline-controls-repair-20261004/portraits_qa/portraits-review-sheet-green.png","4586932","4ad0d59113883f68670c3a09159d3f1fac545012ca7ee5613693dbf09485ff1b","False"
"qa/offline-controls-repair-20261004/portraits_qa/portraits-review-sheet-white.png","4586910","d3ec37ace37915dd6d3422f2ec8127f2a9f71fb2c747f3128b91ac0495a5dce1","False"
"qa/offline-controls-repair-20261004/preflight-bad-pack/write_ahead_request.json","65","552aa5f7822d4455bba8c9518c0e8b66827ccf4233fe66d0a40c59b27f3ee45b","False"
"qa/offline-controls-repair-20261004/preflight-good-pack/write_ahead_request.json","63","529b6a8a08b2d7a5ecd4c1af5104872739767cb0bb6d3e1fe1b5425291ba2488","False"
"qa/offline-controls-repair-20261004/probe1-fresh-mutex.json","197","54ad70efe25d005531d6900a6afa768d36b9a34fb0535a1eb41b790989a9c562","False"
"qa/offline-controls-repair-20261004/probe1-fresh-mutex.json.excl","50","1aad1cf43ccc88d54c53f27d489a94179631f8c905cf2f074a9372619f8a48b9","False"
"qa/offline-controls-repair-20261004/probe1-fresh-mutex.json.restore.23356.tmp","197","5f66ae711e4a1a5fb2ad6c7776c2b93f15268827a4b403d5c8e37e03ababf875","False"
"qa/offline-controls-repair-20261004/repaired-controls-report.json","1959","a02c15e77ce6ac80dd90f96c83a89937d52a2256b18d8c55b1dcced5229884c0","False"
"qa/offline-controls-repair-20261004/reuse-pack/output.png","16913","56891a2aac3412918891d0e9067cfc7cc39e9ead6cf5f5619d2e25a52063052b","False"
"qa/offline-controls-repair-20261004/reuse-pack/response.json","2","44136fa355b3678a1146ad16f7e8649e94fb4fc21fe77e8310c060f61caaff8a","False"
"qa/offline-controls-repair-20261004/reuse-pack/write_ahead_request.json","65","807e102ed275b16799907b394998384d0129effc839e3329a453f8876ae9bea9","False"
"qa/offline-controls-repair-20261004/rigs_qa/rig-slices-composite-black.png","3281691","c6e73794e3ff92935e5bcd1187c23bd4a321d5db89d77292c72c4f3a676aa615","False"
"qa/offline-controls-repair-20261004/rigs_qa/rig-slices-composite-green.png","3364150","e78bd06a7535016180d575b2ac42c7db6ad70a10a74a086bae965b6039a85199","False"
"qa/offline-controls-repair-20261004/rigs_qa/rig-slices-composite-white.png","3394832","bda39aadd7816326752bb0f60760855d3bf287530585d4c3c1c8df3563035077","False"
"qa/offline-controls-repair-20261004/test_repaired_controls.py","9006","dbab8acef5d46ae63e557918f36530f33b6dc629e3c3da2cb683af1cfe826b77","True"
"qa/offline-controls-repair-20261004/test-race-mutex.json","20","aa44aa09b8e90182b4ee5f4178c56af52478a1dc1b4d1f09f12f9e8d9426bea9","False"
"qa/offline-controls-repair-20261004/test-race-mutex.json.owner_excl","7","c23b04376dfd3a1a9f5a65d99ad7eee9c263f451adfd52f57bbfa04e78b41fdc","False"
"qa/offline-controls-repair-20261004/unknown-release-mutex.json","304","86e73f6e8fc81f6d5ec626b3fa3fd511c6a3fc63d92e96581c988c206c9f2e3a","False"
"qa/offline-controls-repair-20261004/unknown-release-mutex.json.excl","53","667cb852261124fd166f6e15dfec2aaf0538e26b46a1b16d9ffdbf6c2d4fa507","False"
"qa/offline-controls-repair-20261004/unknown-release-pack/write_ahead_request.json","63","b0540f6cfd3184e6fbf3069ea64c90515befac7e27f291bd835b7276337b1307","False"
"qa/planner-layout-audit-20261003/1180x820-fixture.png","1523758","341ead9fc374145177ba84901bbb3dd53acc36d435a240fa43f7484db2d16963","False"
"qa/planner-layout-audit-20261003/1180x820-panel-fixture.png","1347662","a0d9df38fdfaa9b21bf3182cef547a6c642f0bd9ada0ebd86eee928b93bbd271","False"
"qa/planner-layout-audit-20261003/1280x720-fixture.png","1418630","3df22dc460ada74291e58bfa7a2f06035cb6030e387e01d7b07b6fd1f331e7d0","False"
"qa/planner-layout-audit-20261003/1280x720-panel-fixture.png","1301892","e486e06eaf3565f42f6619ee7afba7ec819361c7c848aeb39fbbc81eeeb93c82","False"
"qa/planner-layout-audit-20261003/825x375-fixture.png","318051","ca2f14a8d6466c704f09067fcfda1b1116c0c31e410b4df21ddc0d0bae4381ea","False"
"qa/planner-layout-audit-20261003/825x375-panel-fixture.png","299202","cb85a403d31fec64dca4505fb76b4f1dd9ba59d98f4ca6f62bf548742c82586a","False"
"qa/planner-layout-audit-20261003/933x424-fixture.png","421926","a10d655204bcca2f41a577326c443051b844a94c16df23faa5b79df5118d4fd7","False"
"qa/planner-layout-audit-20261003/933x424-panel-fixture.png","402976","94b9669917741628534d073227254cf7fc9ce39b8704d46d42ce8a564dc2a2b7","False"
"qa/planner-layout-audit-20261003/artifact-checks.json","11408","5d20afedb8b66818db281f932bcb2920b669fa3dfe968f42fc770c725aa1bbbe","True"
"qa/planner-layout-audit-20261003/browser-checks.json","8308","37c04e06341b11030118009563bb49d96c1c826c3ff60d26da88c4aca79b4b52","True"
"qa/planner-layout-audit-20261003/browser.mjs","3357","aaae632f04c183d7b0e6f584f3ced9f5874f9d2f0175df3fdbafb6865a65539f","True"
"qa/planner-layout-audit-20261003/core-probes.json","212","4e9721bc9176b1872514c858b4961f06eedd23956cf93618c3326582447b21d9","True"
"qa/planner-layout-audit-20261003/core-probes.mjs","1451","e638b438570a0915131c84a92c82b41e5a07de9f3def85244726bc727aea484d","True"
"qa/planner-layout-audit-20261003/handoff-writes.json","1601","b7df2ce81ab7d382329046a76de348e8d627b85afb8753440f5d7e4020b00301","True"
"qa/planner-layout-audit-20261003/inspect.py","4655","ae5a1cffb13641c78008c87d37e66cb788214d0326551ac546e85ae4d480b6b2","True"
"qa/planner-layout-audit-20261003/publish_handoff.py","2812","68ebb1892d8e217b2a082c17d957459a25a46859a7b9f0910a4c79daa6d1850a","True"
"qa/planner-layout-audit-20261003/scope-checks.json","5419","f88060920ee1931f10fe7173eafa9dc77adf6041cf5f469122e63e7046629b79","True"
"qa/planner-layout-audit-20261003/scope.py","2361","6546f0ef7461442182d61b2abb1712a819259e71a16884c8a2ab38d43d04e099","True"
"qa/planner-layout-audit-20261003/scoped-test-result.json","242","78cb03c3618904e7e885748346090f1f0d9d018048d8e63e328ba1c12c7ca790","True"
"qa/planner-verifier-v3-20261003/actual-uncropped-ui-boxes.png","24904","6fe6ef33cfb2fbd39a76a450a8f9ab1798a89b6c077e9075aadc452c83b35dd7","False"
"qa/planner-verifier-v3-20261003/adversarial-gate-probes.json","756","a06acf5dae2bc0787be619969db865d3a22ca7fbb530767338d552a58929885e","True"
"qa/planner-verifier-v3-20261003/audit.py","6250","9206c002bf8bf3da3ffd28ea4cc1b5efa3ff977babd4e94f9cb6fbd911d90726","True"
"qa/planner-verifier-v3-20261003/current-originals.json","97473","e1e6f957a35272a52cd322bdd576f37f862f5f42d9600bfe0a540e8f6c33d01b","True"
"qa/planner-verifier-v3-20261003/detail-checks.json","4585","15de4c22d694635d4b74a7a9e654abc35913d10080ac4c21cbbecc590407019a","True"
"qa/planner-verifier-v3-20261003/detail-checks.py","3433","f1bcef8f0724b7eab1a5d92d9ba5c112799e17609d86e87b8f9bca6d705df789","True"
"qa/planner-verifier-v3-20261003/dist-scope.json","1755","58370ad12c2e9b7f30ebc5021ad85a6c4f054c7c1c65712d92d8876051612a35","True"
"qa/planner-verifier-v3-20261003/final-checks.py","3692","4c2e68c37aab69d692b6c126e90832d75f9cf5b4a3ae1e5473009d7862d1a8fd","True"
"qa/planner-verifier-v3-20261003/final-planning-refresh.json","2800","ddb0c1edd1b014505621d20706dba1d41b6739c7102b9a3605bb49a75f741132","True"
"qa/planner-verifier-v3-20261003/final-report-checks.json","25932","c5050a6dba9fd00698f5d84fce8b8c3ec41fc996d9047929dcfce08fe21bc78a","True"
"qa/planner-verifier-v3-20261003/finalize-planning.py","4234","f5df0cc284988d1fc992a30bd5ac243a53984791e5569388a8b2624b481e90f6","True"
"qa/planner-verifier-v3-20261003/formula-source-provenance.json","3439","294cde2cc19e690807b394cd68be8efb9f61f4ed71acc2726a6b0a49d30eaa02","True"
"qa/planner-verifier-v3-20261003/framing-counterfactual.png","3960652","ed4288a01cae3ad878db90d3b91d844e2ba167948210d6096e5ba64207249f4f","False"
"qa/planner-verifier-v3-20261003/framing-proposal.py","1520","b69c274935b50607e9e5d5f3cc4e77bc5baa8ac9070a96236e730dcc75b3706a","True"
"qa/planner-verifier-v3-20261003/frozen-data-source-checks.json","4093","56a3fe9a60890ec6b335ebf8adf35bc0040d57a1cecfd252a817195b955c6990","True"
"qa/planner-verifier-v3-20261003/gate-checks.json","522","05dcb4a9446a6d750514e59ff0ca30b2a09cbf302d692f6d697bf7ba3a330e3c","True"
"qa/planner-verifier-v3-20261003/gate-probes.py","2011","107c4e88bd1b0dd576f5f529d4382722a6777deed4be72d6c046cdbba56c2417","True"
"qa/planner-verifier-v3-20261003/gold-comparison.png","136083","eba581a4eed5817d921cd615c479d2af95ad4531ccd576673e7006942118cc93","False"
"qa/planner-verifier-v3-20261003/hall-comparison.png","646645","dff9643d1831da130654a1f0913646d88f51425dfcaae6f7e4be900c68677279","False"
"qa/planner-verifier-v3-20261003/hall-pink-native-crops.png","95372","b560b08c97f2bca2f017740274a0b27d776fe1bf1824d1548dee97625d3db1e8","False"
"qa/planner-verifier-v3-20261003/hall-v3-native-backgrounds.png","1804590","a1401a6a97abc9a0d67899f71e6a22c4870a3ad162b036fc75f22bfe1c3e2d23","False"
"qa/planner-verifier-v3-20261003/incremental-collection-refresh.json","21491","2f26d52deb7fabec3dda76551d9533126ab36f09c722618c34bcfc8c5882d856","True"
"qa/planner-verifier-v3-20261003/independent-pixel-checks.json","1438","6be4b0e7f917998ffca0f125209841ed3a731ce3ae6b2c03c1b0578cd0362dd6","True"
"qa/planner-verifier-v3-20261003/joined-rows.json","295104","4b9de35fa05eec3a2afe7654b7fa166e27a72c9a6233974d27554c6ea76920cd","True"
"qa/planner-verifier-v3-20261003/planning-updates.json","3276","7d1bee0a7ee175e376d9f5e1fc4d1bc91ec85b171861182d647e2a8d377042a8","True"
"qa/planner-verifier-v3-20261003/prior-preservation-check.json","79366","97fb33c5b4f3cc84d93131092d75a84ed3e0520f79f7dd5b70d995d3e62946cf","True"
"qa/planner-verifier-v3-20261003/protected-input-snapshot.json","93572","e56d1582528c4bba25601c06296ac63e076cca66b40cd9a0f74ea047b9fecfb6","True"
"qa/planner-verifier-v3-20261003/provenance.py","3002","1000c69440e8d51cd68b4f8095b803e0cd1d09d5382b2164069a76e5b62a69dc","True"
"qa/planner-verifier-v3-20261003/reading-inventory.json","17119","900adfd76ca751e4e8b3ca27e1568a9c4160e3c639c81f2b8abfc36584526a59","True"
"qa/planner-verifier-v3-20261003/saved-benchmark-scope.json","2499","522a7c2a42379bcaf2729aa479a50f51b32205aea05d42a8cfbf27d3fb756a32","True"
"qa/planner-verifier-v3-20261003/source-probes.json","858","8b4c94fdc1ed2450a96007b83dec8a07bc43302a9ebb9c4b3c1435030ff9e95c","True"
"qa/planner-verifier-v3-20261003/source-probes.mjs","2918","38ab276726e59f96d916ef1fa1383913793b3bad7123ca76705877689ed3e323","True"
"qa/planner-verifier-v3-20261003/update-planning.py","6390","9e56683dde71828ae69f16ee9dce96a1b93a093c60a101c82e5babd3100bc1d2","True"
"qa/recovery-correction-20261003/correction-summary.json","9443","f004ce8f24b67268c5c1b41e1f4c8f44b43efb8ff09dc21bf7e7b707e9c4341c","True"
"qa/recovery-correction-20261003/edges/farm-stone.png","112109","50ed5e00c97017cfa810737e926d053d2ce5919483d05a9e5ce470264f2dc5cd","False"
"qa/recovery-correction-20261003/edges/lumber-stone.png","62928","bd5e97f5904222dd988eed331980ee2d6035d4dd1761baea73c592e1af1c47e6","False"
"qa/recovery-correction-20261003/edges/mine-stone.png","101097","16a610ce671bb011a2b390c08906a58551ab702b90960db168c902a713cae256","False"
"qa/recovery-correction-20261003/edges/quarry-stone.png","91583","d4afc71dc5fa6a8a4c17583f0ecdb54e7f4e8dd4b1f6d2548e446d4a788ce51d","False"
"qa/recovery-correction-20261003/edges/resource-food.png","101138","88b6dd471ba96b56cced6d8fadba71b7ae95db1ff18280fb9ae1b702c7cc465b","False"
"qa/recovery-correction-20261003/edges/resource-gold.png","52623","13950340d487a0d936e91ecd28281b9ee969c9a7c4c77d4f89261a15a11efd72","False"
"qa/recovery-correction-20261003/edges/resource-stone.png","104264","6e3525e3f82d31b775a2641ec086514a69f03d80ff5066c47a287807d1c2fb20","False"
"qa/recovery-correction-20261003/edges/resource-wood.png","20399","9715abf1a62680b0c6c9a572320ccfb147b18c0c7a93c4dd7179173aa44d91b2","False"
"qa/recovery-correction-20261003/edges/skill-offense.png","31574","0f09275af8e95af36019778fb160ae732fa86b0b8a7eadeaeeb838e0d3a7ef24","False"
"qa/recovery-correction-20261003/edges/townhall-stone.png","62896","3ce38b7f71461551abb548d325ca0a8d692387dc84caeac921baa37153553262","False"
"qa/recovery-correction-20261003/gallery-capture.cjs","3917","13ee6e142aec9337cd1964be70eb8b48bc283e6bcd2f674fd4553c169a8e9c48","True"
"qa/recovery-correction-20261003/gallery-capture.json","3464","ead14d878af7303d5ce01f011e85a9dd0af38f5e918df126f259be181e9d96ea","True"
"qa/recovery-correction-20261003/gallery-sample-kingdom-stone-recovered-1180x820.png","1493908","04645b944576a8520f8f5f509a3376480e2b8dcfceb03a76959ad106c8db52a1","False"
"qa/recovery-correction-20261003/gallery-sample-kingdom-stone-recovered-1280x720.png","1731798","a8732f8936b1af7cf494678cef0f53d1c0bcde718c30dff06c878ef217b67a6f","False"
"qa/recovery-correction-20261003/gallery-sample-kingdom-stone-recovered-825x375.png","523849","053778999e412363cb87f6b39ea207e39f147c24cc9e8914b1158d2b28d10e35","False"
"qa/recovery-correction-20261003/gallery-sample-kingdom-stone-recovered-933x424.png","662740","e878af2983aa30f38b7e8184551952f56aeca3eccdd562b1d15f053f5268d2a7","False"
"qa/recovery-correction-20261003/gallery-sample-ui-resources-offense-1180x820.png","14456","db3ee33ff1676bbe6c8d48a1f0dd25717fafd375939db24622295fc7e6ed7993","False"
"qa/recovery-correction-20261003/gallery-sample-ui-resources-offense-1280x720.png","14081","5d8af67fb48ac9458f5ee9140a966dc13f8f80b4a525d821000b8268d2081f00","False"
"qa/recovery-correction-20261003/gallery-sample-ui-resources-offense-825x375.png","11098","1fa3eddd0865e74b4979bfa5f9b2d23381cf217ed6c9b3374bfd372cec68db80","False"
"qa/recovery-correction-20261003/gallery-sample-ui-resources-offense-933x424.png","11591","d2e41c7b24497ed6387a1512bf875d0354a51c7813badf6af72cc2fb1eef300a","False"
"qa/recovery-correction-20261003/inspection/farm-stone-black-white-green.png","946481","dd586786e21102ed86c7bc893f470b181baaa3c8b58ea5c4dab4031bb2e7aeb5","False"
"qa/recovery-correction-20261003/inspection/lumber-stone-black-white-green.png","1111563","bd35c2e59c32047ab6afc9a9099fcc799c97da1c61eca54db2fc517db52010af","False"
"qa/recovery-correction-20261003/inspection/mine-stone-black-white-green.png","1018982","d46d8ad3aa96d0ca8d0c286ced34e6c60aeb875499df2fe8dcd626a9a202f378","False"
"qa/recovery-correction-20261003/inspection/quarry-stone-black-white-green.png","1147672","cdb332ba33992595391680917467424fc2586adfdb88139999b1ee8fab37b591","False"
"qa/recovery-correction-20261003/inspection/resource-food-black-white-green.png","981262","8372eec4738c9ebad6a409fc740c863aa8099baceb3d00df07a5f8230314d13b","False"
"qa/recovery-correction-20261003/inspection/resource-gold-black-white-green.png","849806","c235a5c0323f134b7d3c36341323acb922e0baa2411405af9ead4210c4fdd346","False"
"qa/recovery-correction-20261003/inspection/resource-stone-black-white-green.png","834605","af8a657fcac0e8aa066363f0dc2871ac705361773c8cfa8cae6fb2faeb906ebd","False"
"qa/recovery-correction-20261003/inspection/resource-wood-black-white-green.png","859740","5bd7e88d7a90dcc33cf5f343d7f6c164c32866c4718dda734e9a32867bf9a643","False"
"qa/recovery-correction-20261003/inspection/skill-offense-black-white-green.png","956310","a1a7712fa74a4120e38995889b3e38d1f63556e7b9e24c7081e83d46cd32184d","False"
"qa/recovery-correction-20261003/inspection/townhall-stone-black-white-green.png","1280377","0a056b1a655c38b0c9e40f7b9799d5ea76e6adc3e7e2bd46f5cecaef8d64d5e8","False"
"qa/recovery-correction-20261003/registration/farm-stone.png","868996","19fee1ee29bcf3af0795832194add67d436cf7f1bf8b9dc5734ec6692320043b","False"
"qa/recovery-correction-20261003/registration/lumber-stone.png","1031294","59d0444c2d28477168eb42c5b57b32f4eb067433b9638d8abfb97d960798cb7d","False"
"qa/recovery-correction-20261003/registration/mine-stone.png","954599","acf9780a30699682ddea30aafcd07f2afc215cd6811ed95a99580f834172d572","False"
"qa/recovery-correction-20261003/registration/quarry-stone.png","1050350","987168912abfc7bee8ee9b512aa3d5afc8aed75d5457d4b0953270310b54353f","False"
"qa/recovery-correction-20261003/registration/townhall-stone.png","928103","9cde38cc7813ff59bfbfb525f96ebc2baf5dac9d8d0a84e868098ee986da64d9","False"
"qa/recovery-correction-20261003/viewports/hall-only-1180x820.png","1496849","bb769ab25ce46fd8d16ed721ed1e3d26b0cd89d61cf793e8eea448c8e58396f9","False"
"qa/recovery-correction-20261003/viewports/hall-only-1280x720.png","1730734","b5c2d368d35083aac900a2d5b66fe3b6472cde709cf574b726c4e3ba8b8651d3","False"
"qa/recovery-correction-20261003/viewports/hall-only-825x375.png","527232","5c56baf68736639534fac1ca20ab2b8f82077d803dedbb2d87281a1638c9b297","False"
"qa/recovery-correction-20261003/viewports/hall-only-933x424.png","666223","a189d0f4d7fe0c7026f9472c2bb6de1e6f38d5518986cd567853a0a385334fa4","False"
"qa/recovery-correction-20261003/viewports/producer-proof-1180x820.png","1509986","675061a1d054ee1336b7e5b2912d596074e196e51b24c38bca65f7526f790b58","False"
"qa/recovery-correction-20261003/viewports/producer-proof-1280x720.png","1745408","e2713d2b21ef1a5c27baf828871c067c81351bff9089a37419a62c0ccc352a61","False"
"qa/recovery-correction-20261003/viewports/producer-proof-825x375.png","531145","d23272e288c7d1d050cd0ed1d163c15f15046ef7fe26b7deeaf2f9e3447a3142","False"
"qa/recovery-correction-20261003/viewports/producer-proof-933x424.png","671176","73707ed121cab5fcee9b44393ff1b1bd273f67d9999f354f7a4ddf6c1db3a71d","False"
"qa/recovery-correction-20261003/viewports/reference-1180x820.png","1442786","c55b702ade74801d6f8c7a6d961cedf2b6253a3161627609ccaf9a73f3242116","False"
"qa/recovery-correction-20261003/viewports/reference-1280x720.png","1654401","6fded40c7fef2f59b95cdbedaaf8daacc4ee634f41107fe6bdf710bf60699876","False"
"qa/recovery-correction-20261003/viewports/reference-825x375.png","529174","bc87a326b96e6afea4d08e147aaefc2c9b39b7c8aa121e5c1529fc168163169a","False"
"qa/recovery-correction-20261003/viewports/reference-933x424.png","663183","ebd58f817d75c625f2b4f45c51b653c2567c8f98fcc03c5c3bffe611deb3fad5","False"
"qa/recovery-executor-20261003/batch14-painting-v2-overlay.png","1930716","da600218c6477f513ba1a1a8fce9c46b3b7a2c5ddaa16f40f7e4c1c6e0762b1b","False"
"qa/recovery-executor-20261003/bound-reviews.json","4442","6671cc78c47b4908269a7fc60cb15848b73190d20496654aeba933032aff90c9","True"
"qa/recovery-executor-20261003/browser-candidate-v2.mjs","7707","9c1861a4010b76f195361a89455da67f92067efe196d72e9ac6dbe9c1160d94f","True"
"qa/recovery-executor-20261003/browser-v2-checks.json","15502","a1d7114e2fe4a9151c9953ad34050363f52b6d6cd5881a41c99c4bfdcd540cb9","True"
"qa/recovery-executor-20261003/browser-v2-game-action.json","3332","883129126287d967f39d1266bcf2469fc4bc38de185913abc3d5f3c2bcec6c7f","True"
"qa/recovery-executor-20261003/browser-v2/1180x820-collected.png","1198599","dbac4ce77e418b8d330342f779eade748d9d246f22cb0536752b6666892f76f1","False"
"qa/recovery-executor-20261003/browser-v2/1180x820-compare.png","531658","1247bf333f7fc2a73fa9b69a85be459590835055b06caa08d9dabaeda1e5914c","False"
"qa/recovery-executor-20261003/browser-v2/1180x820-current.png","1280305","85e853fc47a3dc83ba2319956d7e1d85b96765668be55f8a8810324222169f44","False"
"qa/recovery-executor-20261003/browser-v2/1180x820-proposed.png","1269629","f4be232b3a798bcc23c17ad2ae4f92dfa860374f931b04862fc631abd7c9e15e","False"
"qa/recovery-executor-20261003/browser-v2/1280x720-collected.png","1170098","3966f757280549e333ea59cafa51e296be0970940a25f9399ff46125ec85c924","False"
"qa/recovery-executor-20261003/browser-v2/1280x720-compare.png","619838","06b5f453565030342c11346e207532cca0edc96c60a5a50210830eb835708d0a","False"
"qa/recovery-executor-20261003/browser-v2/1280x720-current.png","1249775","9e5d65e0caaef1da8e678dee5ec32dda46f071b2db2dcfe1de8fb66f79bf3a70","False"
"qa/recovery-executor-20261003/browser-v2/1280x720-proposed.png","1235110","39c2cfc65be68e4eaba8789381bc8dca13f2beb1552464469862f33fd5979811","False"
"qa/recovery-executor-20261003/browser-v2/825x375-collected.png","276467","33f9a22c91efe888ccb93f15c1655da937e55add6e2509618ec94f2155927540","False"
"qa/recovery-executor-20261003/browser-v2/825x375-compare.png","327179","da047d82687c910b2ca68feb8e60f3a743985b27165fd8ffea6226c7687688e2","False"
"qa/recovery-executor-20261003/browser-v2/825x375-current.png","289333","211990d854e0f43e3fadf731321f84981d066163e73a64727543ac9710f96e67","False"
"qa/recovery-executor-20261003/browser-v2/825x375-proposed.png","286552","2b548b713402c4349e628e52516c199c3aeff0b22adcea59cc2d52c06f191911","False"
"qa/recovery-executor-20261003/browser-v2/933x424-collected.png","371894","65ab6d0c76cd86a4251dbbe5805427e2e6403df82a40187341ccce92b184569c","False"
"qa/recovery-executor-20261003/browser-v2/933x424-compare.png","423555","ea1d739928fd212d8c6f11f7a7b101ea08d0cf0c3c094df96df88bfb1bcf10a1","False"
"qa/recovery-executor-20261003/browser-v2/933x424-current.png","390252","5320f60113177a9e4eb2eedb6697fa8924235d55f07c506ac7625d497ece25ed","False"
"qa/recovery-executor-20261003/browser-v2/933x424-proposed.png","388515","883ddd42c5b90d8f7736cfb4d31c5cf591b0ba067bd92c5aedb418c1ac33078a","False"
"qa/recovery-executor-20261003/browser-v2/game-1180x820-kingdom.png","1271909","7ba269f1a28e515900caac04a7d2fe8893997f1097e38130a551104634ae4be9","False"
"qa/recovery-executor-20261003/browser-v2/game-1180x820-tactical.png","87505","9347ebf34b973920bb37f47a1ba9ee9c9c708f35f5043bee38f9c3e425a0bb27","False"
"qa/recovery-executor-20261003/browser-v2/game-1280x720-kingdom.png","1200709","5f447f70ca8c9c8b87561c5921d9ef6c108efa7e43f2ec5beb12b45ae94b8a07","False"
"qa/recovery-executor-20261003/browser-v2/game-1280x720-tactical.png","80523","3bdd16321e12fa45c23826544c9e4fcf92cdf57b688e2418ea9647958cb85bc9","False"
"qa/recovery-executor-20261003/browser-v2/game-825x375-kingdom.png","264807","06b3004d7d416f03e93995ce349dcf0d791499db81600de1ee66a20cddbd026c","False"
"qa/recovery-executor-20261003/browser-v2/game-825x375-tactical.png","31421","dfef46e83ef0b9d4a0532a8a7ac35947e7d6c8030ebf41cfa7e2116e3c434ed9","False"
"qa/recovery-executor-20261003/browser-v2/game-933x424-kingdom.png","365423","ae11ca64ff77d2c8e7eef20f1472c0ef798761a67d56901827fea4e3bde9ea8d","False"
"qa/recovery-executor-20261003/browser-v2/game-933x424-tactical.png","39442","88ad77447f3f76a587846726b19e137621739121c5968ffa7f157e93bc1c6536","False"
"qa/recovery-executor-20261003/collection-discovery-post-candidate.json","3489","78536aba555d19443db906caa1414ec59430630691183ee97f68c4f2197e8bd8","True"
"qa/recovery-executor-20261003/collection-snapshot.json","60103","8a813e8802df5a6141c9ac0179dc2b48b9b667100d8c7046bfa9202f69a54252","True"
"qa/recovery-executor-20261003/delivery-matrix.json","13062","48499296d2a0a71ad3affdbb15ccd2a322715cfbaff1787b456dea9170719e90","True"
"qa/recovery-executor-20261003/dist-closure-before-post-candidate-20261003.json","4452","91475123ea3016e9a4580fb585897807d4d936226eb500f229f9c4657003fe55","True"
"qa/recovery-executor-20261003/dist-closure.json","46318","c09b1d53f7dcb2a7e637656ca9d38a1abb3f4ad30a73671c688dac67ec26c235","True"
"qa/recovery-executor-20261003/guides/kingdom-stone-day1-composition-v4-guide.json","8678","c8f17c448f3f29cf7389aedf6a4d52c03e3b7a2f9a925a252b986f4bb4c23441","True"
"qa/recovery-executor-20261003/guides/kingdom-stone-day1-composition-v4-guide.png","52050","609d3195018ccf448f339f79e45fe90b9e5adfb2859674e40383144d2106f848","False"
"qa/recovery-executor-20261003/guides/kingdom-stone-day1-composition-v5-guide.png","33988","673492a6a1c6780eb77d9b0b24f7eefe30a98dc119c7fbee9e3edef088b8c1ff","False"
"qa/recovery-executor-20261003/hall-foot-debug.jpg","107099","60e049cf0ca239579f7d4af402705213f3fe7726bf71b31fc1888e89743b520a","False"
"qa/recovery-executor-20261003/hall-measure/band-ground.jpg","104045","f93a4e9ef32c63edc59261d9e58e2904fce66b02d2b8da6480de5a06ff744c2d","False"
"qa/recovery-executor-20261003/hall-measure/band-mid.jpg","84001","39e88a1de7d0f1837d625961b7d6a65f2bb582a82bdf4d9fda9eefcfd14d38e6","False"
"qa/recovery-executor-20261003/hall-measure/band-roof.jpg","39314","efc8463b7b4cc811f73495827f0046440b1b2cdc5f9c96f74ca69dfab2e752b0","False"
"qa/recovery-executor-20261003/hall-measure/band-walls.jpg","89059","8a584738f64964a51cb4452b83f29dbadf0013de977d0c4037445fe2b2d97b2b","False"
"qa/recovery-executor-20261003/hall-measure/day1-small.jpg","116209","9f482319aeb50102f1ce199747eb3bd6f68ea79c453da3ad1b203924accfb276","False"
"qa/recovery-executor-20261003/hall-measure/door-marks.jpg","107799","ebb7809c596aef1bd8d3489375dac1257468eb972351999a014d3c550d747256","False"
"qa/recovery-executor-20261003/hall-measure/grid.jpg","293534","a6a5e6563b5e74e2e879966379230c5377b101515ef872fef29bec51164f2c09","False"
"qa/recovery-executor-20261003/hall-measure/plinth-marks.jpg","98581","2d87cbceb0e865b21801c608093d468f0fc2abc176d7ddb39075d33374364715","False"
"qa/recovery-executor-20261003/hall-measure/q-ne.jpg","85717","17749b5433c9e6e32c28a6d26e70f278065cbadd6eae82b4adbb7d79a40f1f17","False"
"qa/recovery-executor-20261003/hall-measure/q-nw.jpg","75061","f26abbd8165b21bba6c71e81b5dcba9fe682ca880cfca696c186c9306fa0541b","False"
"qa/recovery-executor-20261003/hall-measure/q-se.jpg","96865","6f0b3e52cea2b580bd3953d5db7fc6deaa66c59a7e083ef145fb869be92972da","False"
"qa/recovery-executor-20261003/hall-measure/q-sw.jpg","86626","675552f2ce222575af2d832f2bd2e6202917d51cde05ea510d7acb034d60805b","False"
"qa/recovery-executor-20261003/hall-measure/roof-marks.jpg","62438","47f34c5786e506aa50a11f155e4483bbdde5d83008750eea17de97ec7f510e92","False"
"qa/recovery-executor-20261003/hall-measure/terrain-proposed-hall.jpg","121162","bc269031cde4d36d75c18b921c55bddd595cfc798f41bc12196b2951f0f0ceba","False"
"qa/recovery-executor-20261003/hall-measure/terrain-small.jpg","122275","f1067242ca579044932b6b66bdf4906d8c65bcc2f63111882e66728e80419c89","False"
"qa/recovery-executor-20261003/hall-pink-crop.jpg","68709","f3935f9581d77bb7d889d606d828fafbbaa43710de35720bb1eb889b1a1467dd","False"
"qa/recovery-executor-20261003/hall-v2-contact-plate.png","1685721","76be526c56a36f54f315df9a7138f1a1b196054ca7955ae2028fa482fb0b1246","False"
"qa/recovery-executor-20261003/hall-v3-annotated.png","1652171","58a33e505b2e77ef189e363b872debc4bd7e8a11d6cad95a74de9d3cfb64547b","False"
"qa/recovery-executor-20261003/hall-v3-at-proposed-348px.png","204068","8ec200a6a3d70ef0dd40931e53caee1a014845d99cf929b18deeb0381249d087","False"
"qa/recovery-executor-20261003/hall-v3-physical-measurements.json","3523","6f54cb33fd215556714e1dcaee0469fa4f3334d2a49a60757987da645bf88a1d","True"
"qa/recovery-executor-20261003/hud/1180x820-kingdom-closed.png","1518869","66fbb0ab758739c03793fb5d1fba0ed2f453b32da106e2a2924f47f658840654","False"
"qa/recovery-executor-20261003/hud/1280x720-kingdom-closed.png","1347558","9ca415bf6545d409f8e29f650b3dacb864aa06b64c781889a6af3a9d2c323359","False"
"qa/recovery-executor-20261003/hud/825x375-hero-offense.png","18197","368f33d6a80221c041d005d7492048aaeb2019a80ac9fe6b72dc0a59e7cbebd6","False"
"qa/recovery-executor-20261003/hud/825x375-kingdom-closed.png","282293","cd96eb297f92688febb3235db7d0c9a0368f04bb6de57870e38f5f212c150302","False"
"qa/recovery-executor-20261003/hud/825x375-kingdom-open.png","264574","4212d574b645c1e014eb70b9001e8a3e0582428500256dbe4dbe8181c4822ce7","False"
"qa/recovery-executor-20261003/hud/933x424-kingdom-closed.png","383112","f94ed1bc5c1141bafe02f41c1ac4062e64a934b103b81162d3c171ce55aa52a1","False"
"qa/recovery-executor-20261003/hud/hud-capture.json","6642","291d09532ad7480513a62135804d882f6a16b021431917248e1ce7b72bb972d4","True"
"qa/recovery-executor-20261003/kingdom-layout-candidate-v2.json","35975","b6370d3ad298cd540164eae0199e91d4259570c4efdb6635491e8d74029f3790","True"
"qa/recovery-executor-20261003/kingdom-layout-candidate.json","14853","73195f0dc0627b4bb0631b22217e87e39a2545e8335a2ca44e159c6454c70aec","True"
"qa/recovery-executor-20261003/layout-preview/1180x820.png","1523758","341ead9fc374145177ba84901bbb3dd53acc36d435a240fa43f7484db2d16963","False"
"qa/recovery-executor-20261003/layout-preview/1280x720-after-resize-pick.png","1309506","b74d6078ad6329c5a9433b154665dfe68a69577e9f8b0474392a3865dff5a427","False"
"qa/recovery-executor-20261003/layout-preview/1280x720-compare.png","598005","639e4e7cbadb71009ab6fcb8e883ff4c1b4e753d1e77fd6814992f500813b391","False"
"qa/recovery-executor-20261003/layout-preview/825x375.png","316971","ff42cfad3b136a6cb28fb27b32f0c273116031ec88d03ec56e054e4cafe03a6e","False"
"qa/recovery-executor-20261003/layout-preview/933x424.png","422062","5374beb19a05bf25f36e563357b120e24215e23c5c3694aa7286f36b784a3b28","False"
"qa/recovery-executor-20261003/layout-preview/capture.json","249","fe1face2fad8a63a1ee57d978926e77a71e5f05911e1a7e15aa3a87322ef7966","True"
"qa/recovery-executor-20261003/OWNER-HANDOFF.md","1347","44c79a1a27f1b42233580275598dcb883e57c54e8630f2a021a2a392b2bdac2c","True"
"qa/recovery-executor-20261003/per-asset-reviews.json","468937","59c3d1c999576715f9682821cc25345d26ed27c72b4693fefdfdfc72e5405803","True"
"qa/recovery-executor-20261003/stone-frame-after-footprint-scale.png","2196466","48672d709269a7b2c4ac0e54f450283702fb4d99d722497a1a131c935c3ca29f","False"
"qa/recovery-executor-20261003/stone-frame-before-current-scale.png","2180366","1c537c32ea792469fbd420689a063ee1d9a57cf85f9604cc0a774b1b2066fc15","False"
"qa/recovery-executor-20261003/stone-framing-proposal.json","4452","6e8b0f6fcd802175bb40f55aed19997b6099fbf2a7e768e98b913e7a9d41379b","True"
"qa/recovery-executor-20261003/ui-crops.json","2253","5d4c785b55056bb9d98e542ab271679b2cc5fbde56444b429e28c119e76a2c22","True"
"qa/recovery-v3-20261003/gold-ui-and-preserved-passes.jpg","28993","e330168237ff96a3f146775b3e4a4823aac0101e482155485b15091a115ea60e","False"
"qa/recovery-v3-20261003/hall-v3-1180x820.jpg","229407","ce9a5ea444f348d414ccdb0e8e8ab269dda8297d28c69b6d8562e17a6266ea31","False"
"qa/recovery-v3-20261003/hall-v3-1280x720.jpg","258883","caa0cb0f39e1ca8ad7cdcf102996dad786342d248d81ae217f07047e430e0b20","False"
"qa/recovery-v3-20261003/hall-v3-825x375.jpg","88524","322d191ff9d07ccb412bb1962b95acbeec159c13667fca2d2f9517fb6a7044a3","False"
"qa/recovery-v3-20261003/hall-v3-933x424.jpg","109353","a0ec34cd9b66659caaf39d546215c8086e566a16d17d7ace4cb8698dcd84291c","False"
"qa/recovery-v3-20261003/identity-gaps.json","6573","a839012530f6531751956975e4767ba0f1467d3ac8ff3cf0c4801f43644b9e80","True"
"qa/recovery-v3-20261003/proof-v3-1180x820.jpg","232726","22b95931eca62f167419da403f31e51d13d0d1c001a5067ec4c00b01198214e3","False"
"qa/recovery-v3-20261003/proof-v3-1280x720.jpg","262799","4b905a59c991589c0c637b2e3f217fd94f5bbf5df51b99da5142c32b55a12ce3","False"
"qa/recovery-v3-20261003/proof-v3-825x375.jpg","89551","37b3975d24c40b4845e96b605329d65d1eb979ab10f364ee1f5d7a53f823c1bf","False"
"qa/recovery-v3-20261003/proof-v3-933x424.jpg","110618","b549a5172528d75ecc70938594c3c2be555bfbf91110d1a28df933478ee8d43b","False"
"qa/recovery-v3-20261003/report.json","4101","24734bf0a628c82ae48c6a5851e8def8d4581c2d71d3aa12bc98222bdc638828","True"
"qa/recovery-v3-20261003/terrain-v3-1180x820.jpg","227261","4d0322bc3e9f3a28915d8cadb801694c524cace9f364e6f881d3ac293e65872e","False"
"qa/recovery-v3-20261003/terrain-v3-1280x720.jpg","256329","13d7088f077154b2c24523c50b41a582c75c129c2778ef0ea0cd591cc4fda26c","False"
"qa/recovery-v3-20261003/terrain-v3-825x375.jpg","87913","33a2692332491b6c0b8b30e8c54f01389a11cbe8a32b8300123792d4d12fe076","False"
"qa/recovery-v3-20261003/terrain-v3-933x424.jpg","108506","39b0e6f17af70edcfb76540e070778f4c6403a80f46a79ce608d4e9222cfe6d4","False"
"qa/recovery-v3-20261003/townhall-v3-backgrounds.jpg","192926","1c67dbcae724d2358a5fd63ee012faf899bc015204d326e0d59a6d15ec427245","False"
"qa/recovery-verifier-20261003/artifact-checks.json","304","7cae55b2ef9e462eea66badf5984f539e3bbd228de5f3a08a27873e62b0876d7","True"
"qa/recovery-verifier-20261003/audit.json","89420","0f4f58065f9d8028dc9cef652b432e09f60e6fbe702b3809bcde1ea3321b8594","True"
"qa/recovery-verifier-20261003/audit.py","9087","363f7e1ecd7813e8b62d7e6709fd528b56ac9ba6642421231650621261d51157","True"
"qa/recovery-verifier-20261003/composite-1180x820.png","1647828","75c45d9d4538d5513df64928a0e83dd6019c921c5ded38649130d47f1373bed0","False"
"qa/recovery-verifier-20261003/composite-1280x720.png","1916623","def182d8db6f802b72eeec3d5e49a30c43cbc03c8b09b45a5010fc309c1ba366","False"
"qa/recovery-verifier-20261003/composite-825x375.png","562669","acc8e9593aeea0254706a698b94465a833cbe79a4eabce1bddf3fbe225f5fbe0","False"
"qa/recovery-verifier-20261003/composite-933x424.png","714336","abd6536d0db673788f6054de51c7a3bf359efc523d70e79551621b3693ce2036","False"
"qa/recovery-verifier-20261003/edge-farm-stone.png","109824","1c5d62582fbabf2570478b3d7c59c242d47ae831e5b9ac6fe4aa7ecb25b76df5","False"
"qa/recovery-verifier-20261003/edge-lumber-stone.png","63527","a12ead93578530df632764a2a7781b29f93957c89e6e433b9d1ef5ac21314057","False"
"qa/recovery-verifier-20261003/edge-mine-stone.png","101149","ab7e21df01ac0d166a29ec31cea4df977b74e85127554021c2ae5adffa28e7ea","False"
"qa/recovery-verifier-20261003/edge-quarry-stone.png","88625","af90f32a1bb0bd8a388d7544c2569b1d1a65761c095d8080a23e68fa95fa5e75","False"
"qa/recovery-verifier-20261003/edge-resource-food.png","99458","0876ad06fad545fea3a3655c8a7808564113678c8ce776b7b2327edfb2df271c","False"
"qa/recovery-verifier-20261003/edge-resource-gold.png","54738","9082889e4078c22b7f0c16be3e70e4d03d0210e73663b2522275c5f3c4f88a83","False"
"qa/recovery-verifier-20261003/edge-resource-stone.png","104287","b5fafd4975689945f2c5630aed3348cdbfe6d1f7d87e73b4778b724d8452bca4","False"
"qa/recovery-verifier-20261003/edge-resource-wood.png","21399","916baae4a2c4fbed2029e666399d6db128abf76943c02708d9f5c22e720c4292","False"
"qa/recovery-verifier-20261003/edge-skill-offense.png","33611","f85946523a44d88014c2c70aed4ea4c51e87fc7850697a5d0b5bfe05ed229c19","False"
"qa/recovery-verifier-20261003/edge-townhall-stone.png","153402","426882ae2944f8be9fb05b9191610c693e788ae19c20d27464ee81ecf350a1f1","False"
"qa/recovery-verifier-20261003/executor-report.txt","11514","18b3c860e30ba2bf511389c02e7afde3831fd094d6c5fe8eb1499fc14bf19a10","True"
"qa/recovery-verifier-20261003/gallery-focus-kingdom-stone-recovered-1180x820.png","1535255","00e78a636b5892a527e997ac081acdacc0033ec2d1c1b2fda96dcc1f656b3fbd","False"
"qa/recovery-verifier-20261003/gallery-focus-kingdom-stone-recovered-1280x720.png","1600186","ec0941d2705027c7e72d2452b0c0e13649284d5b1fc62c8932c6fe3f7350df65","False"
"qa/recovery-verifier-20261003/gallery-focus-kingdom-stone-recovered-825x375.png","403981","2de7d0107f2b706ad9541ae0cd896038226d1af3b03ab7b2ede4f5568518cb2f","False"
"qa/recovery-verifier-20261003/gallery-focus-kingdom-stone-recovered-933x424.png","539394","72ba4b67abed38c603628147dd8c875e84fc77546fc0273ff0de8dbd76ed1ed0","False"
"qa/recovery-verifier-20261003/gallery-focus-ui-resources-offense-1180x820.png","27284","96f8fd3ad6af342635d366532ae0e042cf09398eacb15731b2cff0cdd9bdcf70","False"
"qa/recovery-verifier-20261003/gallery-focus-ui-resources-offense-1280x720.png","27861","0ab144a064f4af75a5c4ca2cbdea95e91cc05cd7d08bb3b219194b9ff64896f7","False"
"qa/recovery-verifier-20261003/gallery-focus-ui-resources-offense-825x375.png","9871","05e7ef058fb8e530b9d7ff87ef306386c719e79f57ee1797a54893f32fd7cfe2","False"
"qa/recovery-verifier-20261003/gallery-focus-ui-resources-offense-933x424.png","12110","acf075f049bf2783aefcdd47726286cb3921bdd014f894b317f96bcaf73fcaba","False"
"qa/recovery-verifier-20261003/gallery.cjs","3993","ee1fd6f2f3a008fa62b71f995285c6e4b324cac2a31da883f05427faf01d302d","True"
"qa/recovery-verifier-20261003/gallery.json","5631","22d20ca3244b37eb2ba5e6c2683646307b7a21e7f6296135776563c9ece93569","True"
"qa/recovery-verifier-20261003/independent-visual-gates.json","11731","97ef171ae05d8315047a9577eedb9ca6504fde92a9dce426cfce38c4c9822b05","True"
"qa/recovery-verifier-20261003/isolated-feedback-fixture.json","12058","9dda7b8510c32345aa4385363e4518533944383083da726d096bb34071e065d4","True"
"qa/recovery-verifier-20261003/reference-1180x820.png","1548437","ff1b0e42ca6ad41f575e37116557c626025979bfbf6efb8a481d694996c30b81","False"
"qa/recovery-verifier-20261003/reference-1280x720.png","1786167","326c0f206e408f78568c7b32adf00738aed37e2a8f751019e51bdfd93361fd73","False"
"qa/recovery-verifier-20261003/reference-825x375.png","552758","f5f99b8aa3b0e623ef6ead9381e4e5269a8c6dfdf039ef36039bc3d132cfb328","False"
"qa/recovery-verifier-20261003/reference-933x424.png","696243","fbbcbe5dabd2ec05fcc55c86087866ebebfc3ab38bdf4c183fb48fb36eae619c","False"
"qa/section-preview-20261003/checks.json","17376","e654a7ba5675b323724a181945b138c9eca27e8d2b9f2b980af064e38b13791b","True"
"qa/section-preview-20261003/classes-1280.png","231917","a0293c2fa9776e2678dfc16d1e0277e3e3dc6c2c147d417b44d657b5b26c0dda","False"
"qa/section-preview-20261003/classes-large.png","123879","c8a303b41699bb4531a1c4e90d5a4e5055782938fbca76d131143fc20c16fcec","False"
"qa/section-preview-20261003/contract-kingdom-stone-recovered-1180x820.png","929243","8660ccffe628610956cef6490ff7969c58459dfcb896aefa44641baeae7f6bf4","False"
"qa/section-preview-20261003/contract-kingdom-stone-recovered-1280x720.png","876275","71ed4a625164278d915be7300b94208da7cbefc58721d4c4f8a050b956fa7b64","False"
"qa/section-preview-20261003/contract-kingdom-stone-recovered-825x375.png","58492","6785c6cd3affeed61d1cc53667a524c34a4892bce655f417d8455e89d5e3c67a","False"
"qa/section-preview-20261003/contract-kingdom-stone-recovered-933x424.png","174025","eecdacfeb5b26d741343deb85ba0f3033b7e8fa333f1980c6705192e1da8fd1f","False"
"qa/section-preview-20261003/contract-ui-resources-offense-1180x820.png","30435","e7d4bd2d4010048c13b1411cf995ce5d8198a7afd8cb97ce52ffd88edbac20db","False"
"qa/section-preview-20261003/contract-ui-resources-offense-1280x720.png","27801","faf26039769365f23b81e029068bd7734d41fce76074301aa1106dfeae3f40f9","False"
"qa/section-preview-20261003/contract-ui-resources-offense-825x375.png","14656","7fa1c1529ccf6a0ba0e592be7bc5e4fe64d7d0f5090c61a8fa75f66963d6cb7d","False"
"qa/section-preview-20261003/contract-ui-resources-offense-933x424.png","17399","db6a35928ccee02b1db78720119ad2d5d385430098eb4480bf1d3251c23fc85e","False"
"qa/section-preview-20261003/feedback-roundtrip-QA.json","8974","d1a81e444827f0e2058b0a45cfc94e34467926a68e8dd9d51885e78e8347df58","True"
"qa/section-preview-20261003/focus-checks.json","1127","7680c53fc6d2758a02f7b9c4286511f790a5fbd9f00c2c3876b3186e4f674342","True"
"qa/section-preview-20261003/home-1440.png","961884","7798bd17be34e99cab55fcce5cf5b3b45872578e190a7f89b86a03ba503432ab","False"
"qa/section-preview-20261003/home-large.png","1338021","8efcd31cda2e3555c02c3f5b1abef9c151decf9f9e541254f59fb1767a122128","False"
"qa/section-preview-20261003/kingdom-day1-933.png","584751","bbba725b8b8627475dae6a7240c0c6c44b52fd6e0dd9ec3ae903b38fcf8b5fe5","False"
"qa/section-preview-20261003/kingdom-day1-large.png","2102642","6ff8a9dd86af5fa0f4e20ac86aa40d0cd852a65b0383a1fd0e2c0bebb1aabe8a","False"
"qa/section-preview-20261003/kingdom-stone-recovered-1280.png","1164948","d7d1e03b633604e0926d7e946ccf8f3a3b0096e6ba8ba155001de6217ce44df0","False"
"qa/section-preview-20261003/market-1280.png","711936","61e893b61c8e0077506b73e6a3f0d8f09f3f1f7faefdc7ba8cd55d268a05adfc","False"
"qa/section-preview-20261003/settings-375.png","25173","cd0528a55080ed7003604775b9ae015f3d2b4dbd63f560096c8b964680c64cb2","False"
"qa/section-preview-20261003/skills-1280.png","86999","34ba670bb5a6174b9afc1719f01fbe5e23ebcdd37a58d3dcbd76d1adc811ebdd","False"
"qa/section-preview-20261003/tactical-825.png","407560","e46aa3f5156332c30d4959e408613d2337de6785ac5fa5417b136f073857ae62","False"
"qa/section-preview-20261003/tactical-large.png","1871077","e45f79a3bcae945b64063ff2dbf50ac9ae793c832c17f7e07b3a90a52b1c3f13","False"
"qa/section-preview-20261003/ui-resources-offense-1280.png","46600","2404c89290243c4747f7d73a8ec7d8f2b57923a8aaecfdbb8746b9b011363237","False"
"qa/test_kingdom_v3_guide.png","32422","132c25a97b0a12088add088b3d6aad21175cc8cf8724cedec7d33140315f89d9","False"
"qa/test_reconstruct_stone_base.png","2017015","05e40f4462ebb7dadbe85dead60b78e2967d9be53b8b75ef6cb12b4309268049","False"
"qa/test-runner-safeguards-20261004/t1_race_mutex.json","206","03265a4987d6c8b970ec29ea1d1533ba6b8cd4d8f8c24d4812c05ea6ee9edc4c","False"
"qa/test-runner-safeguards-20261004/t1_race_mutex.json.excl","59","dd64fb3cb26da9efc94d92d4645b1038de12735020f78925e9f15770b35429dc","False"
"qa/test-runner-safeguards-20261004/t2_dead_unknown_mutex.json","94","d0f669cc601b8751446ca1f6b425359aa307358a655abfa74134b513ac825d6a","False"
"qa/test-runner-safeguards-20261004/t3_pack/write_ahead_request.json","208","86cac861c1021296f7406fd9533515bfaa31f7b0f2072568da2fdadd4c5ea4e1","False"
"qa/test-runner-safeguards-20261004/t4_mutex.json","313","24eebc4043bfa844e32d72d0712174e50886253e247ed4ee32fa1dd0660b7481","False"
"qa/test-runner-safeguards-20261004/t4_mutex.json.excl","59","125020eda1c5866a18c8d51919ae44052a8a6f80ccb0f77adbbadb4bff195cb3","False"
"qa/test-runner-safeguards-20261004/t4_pack/write_ahead_request.json","101","dff6650d3a784ca51a8f82439b5e525edeb315f2bd39a6f29adcbe2fa3926243","False"
"qa/test-runner-safeguards-20261004/t5_pack/request_body.json","366","5e041c450c87724cd566f50d3c4df574a5f5fa6450468a16242d8146d1adb415","False"
"qa/test-runner-safeguards-20261004/t5_pack/write_ahead_request.json","595","fc022643159cd4daa8bdcdd38f9f8824903bb97643cbb6ace03f2fd265320383","False"
"qa/test-runner-safeguards-20261004/t5_pack/write_ahead_subattempt_1.json","595","fc022643159cd4daa8bdcdd38f9f8824903bb97643cbb6ace03f2fd265320383","False"
"qa/test-runner-safeguards-20261004/t6_corrupt_journal.json","29","09edd51f866034c3ec689d5a4fb8982f15598db5e2550cfc954d0a5f41a3667d","False"
"qa/test-runner-safeguards-20261004/t7_pack/output.png","16918","96793f7ef2e7370318971784ff9252dbc3bd84cb1d4faa0f55b0854b9aab7026","False"
"qa/test-runner-safeguards-20261004/t7_pack/response.json","22837","362d00c6c4edf2443595b21a28687b75075f655b2084f26a1329465094ff2a49","False"
"qa/test-runner-safeguards-20261004/t7_pack/write_ahead_request.json","169","f554cf9e4fcaa85b3aad8702ec9f679fa9feb986aed4cb8bde7d7249ad33bf80","False"
"qa/test-runner-safeguards-20261004/t7_unbound_pacing.json","386","104d0fc52732ddc325893bda141ed5c4576c6281a712a80072b0134f0c65d491","False"
"qa/test-runner-safeguards-20261004/t7_unbound/output.png","16918","01bbfded651d96893e24faee05bcbe16b0734c51407c972a7e4e1b794a191c34","False"
"qa/test-runner-safeguards-20261004/t7_unbound/request_body.json","345","343d14211de807d0405bd8d600d27b95013a41266b2abf750f94b90dd53bb717","False"
"qa/test-runner-safeguards-20261004/t7_unbound/response.json","61","1139582c51aa1d190b6f3f5d33ac08120d34920b87396ad0159c9631ca164a22","False"
"qa/test-runner-safeguards-20261004/t7_unbound/write_ahead_request.json","342","cedc9e4ffada9db708be99bdb629760227b462975cbad9d1cd785f7ba976ea4b","False"
"qa/test-runner-safeguards-20261004/t7_unbound/write_ahead_subattempt_1_no_image.json","342","cedc9e4ffada9db708be99bdb629760227b462975cbad9d1cd785f7ba976ea4b","False"
"qa/test-runner-safeguards-20261004/t7_unbound/write_ahead_subattempt_1.json","598","02d70f73ba3d217e456429ff529f4501d0e054bb932c2bddc547ba504a79153b","False"
"qa/test-runner-safeguards-20261004/t8_pacing.json","350","476d0ee81037d5ca1bfd0591bc4c82c475ad99df82c79fc5ed7837ede6fabcd1","False"
"qa/test-runner-safeguards-20261004/test_results.json","1192","b8c6f933a6e7a43d921563c648230bb41efeaaf99c24e8eb07bc7bb784f2bac9","False"
"qa/test-runner-sandbox-20261004/mock_img.png","16917","36de9855aa4bb60d33f24bca7f523181173ad93e5d69044da4a2e028d907d9f3","False"
"qa/test-runner-sandbox-20261004/t1_submission.mutex.json","224","da75ef28d54b2b17f671b8fcd6e0f555a26cfe8fe124dd54a25493cd21918060","False"
"qa/test-runner-sandbox-20261004/t2_submission.mutex.json","47","7a62732834d8041e735240b458e6836276dd8a1fb4ddb9d0639740b519a9b532","False"
"qa/test-runner-sandbox-20261004/t3_pack/write_ahead_request.json","203","c06a846b4513ef772beb9535e6ac5eb8d73311024f5b7d9574d5d611df55ff8e","False"
"qa/test-runner-sandbox-20261004/t4_pack/request_body.json","359","9b8c98c415c35bf594636de838b8a6df1a4ddce2a46ac39748b97ce79b2577d2","False"
"qa/test-runner-sandbox-20261004/t4_pack/write_ahead_request.json","595","fa8b930ed321902e512d75940c2793aa18c019a9e4cdc8dbb195ac1516e7de1a","False"
"qa/test-runner-sandbox-20261004/t5_pack/output.png","16917","36de9855aa4bb60d33f24bca7f523181173ad93e5d69044da4a2e028d907d9f3","False"
"qa/test-runner-sandbox-20261004/t5_pack/response.json","20","971f27d2e97da8d12c944cd40c41bbe455b101284ce9971007aea4bee21f72c5","False"
"qa/test-runner-sandbox-20261004/t6_submission.mutex.json","231","3d97a308c142258f93b310d0c1ee38cd8dc23d36fc997f5efe928e46fb49acf3","False"
"qa/test-runner-sandbox-20261004/t7_pacing.json","350","338a151d05e406daa64e5b0788ddd0d07d0c91f7550ddd70ee2e642ed8e118a2","False"
"qa/test-runner-sandbox-20261004/t9_pacing.json","350","6767458e88317e6dc8a58d510bf1a622a1ba5401f139a800331173a79c3786a0","False"
"qa/test-runner-sandbox-20261004/t9_pack1/output.png","16917","36de9855aa4bb60d33f24bca7f523181173ad93e5d69044da4a2e028d907d9f3","False"
"qa/test-runner-sandbox-20261004/t9_pack1/request_body.json","342","e8aafaa606ff2dbbe341bae34766f51672662a2ba343772ceab1ab2c9d9ffe96","False"
"qa/test-runner-sandbox-20261004/t9_pack1/response.json","22751","42d9e7422eb6861d4c3ca29cccd95e94ca2680e9bb404b42b773ca63f1b55b99","False"
"qa/test-runner-sandbox-20261004/t9_pack1/write_ahead_request.json","494","8baaa77d35b3b9ccae9d1550c0a15ba088160533dfcbcb80f4638799ec97d6cb","False"
"qa/test-runner-sandbox-20261004/t9_pack2/output.png","16917","36de9855aa4bb60d33f24bca7f523181173ad93e5d69044da4a2e028d907d9f3","False"
"qa/test-runner-sandbox-20261004/t9_pack2/request_body.json","342","fd3720b07d75380b714d4cb0f7119663b629cea6aa15fa71d0e128436928be81","False"
"qa/test-runner-sandbox-20261004/t9_pack2/response.json","22751","42d9e7422eb6861d4c3ca29cccd95e94ca2680e9bb404b42b773ca63f1b55b99","False"
"qa/test-runner-sandbox-20261004/t9_pack2/write_ahead_request.json","494","3e72a77dacb69f801d19ae503449b4039c394abe671e2eb1355cf2af1d3c4c33","False"
"qa/test-runner-sandbox-20261004/test_report.json","956","633e8cf89860999d4fa8304c387f92482735e8215d4a8e8e3f567512cf81536a","False"
"qa/visual-integration-20261004/1180x820-adventure-travel.png","89337","c39afed456f15592d7902dda7cbdb2172b9a9ab068ef5660ddeb070b782337c8","False"
"qa/visual-integration-20261004/1180x820-hero-mage-walk.png","381400","abd44ed7e63011f73e9206024ee72256834bd8276ac04844d6a35d3542d92040","False"
"qa/visual-integration-20261004/1180x820-home.png","381625","6a92f54a0e7982f174485c5d05dff9f4a651d657a1a6988d6cfca0ffbed5c030","False"
"qa/visual-integration-20261004/1180x820-kingdom-day1.png","1592901","a87fc1b39d5b937e1ed617828dc0b0597806ac4429453932c3887cd8f4caf74a","False"
"qa/visual-integration-20261004/1280x720-adventure-travel.png","84137","d9cabce898632f004a5884a32e135f17b05239f2514328c6c3a1bc8b3a433f61","False"
"qa/visual-integration-20261004/1280x720-army.png","25309","12df25c7065e7a6ccaf36eaac9e16530842bcc3ff9c6dafbceeee09a65477a6e","False"
"qa/visual-integration-20261004/1280x720-defense-siege.png","37970","d1ac7352005b8b2107fb3460c7931a7632e54ff975b3bda490a199594ce87d9d","False"
"qa/visual-integration-20261004/1280x720-defense.png","29382","2ff73a8a072cf598565c2204fdac8dfe1ca1c1d2428dd58c3abdd2aa25dbd7c2","False"
"qa/visual-integration-20261004/1280x720-forge.png","11287","9ab93865edb525e7d20cfc55ef11df01bea8243fd80a176ad4a86889e569127f","False"
"qa/visual-integration-20261004/1280x720-help.png","8817","66627e90e2c88ba175fc2ec9384e3175d50ef14a00cdfd999c530a145027b2fe","False"
"qa/visual-integration-20261004/1280x720-hero-mage-walk.png","387430","a61997dd4b5d51e30398fab6d8ded38cca415ac8b186be814ead765dbe4bf158","False"
"qa/visual-integration-20261004/1280x720-hero-walk-frame-0.png","387378","f69670aa114ad2395c45544fe1e9e6014dc66768eeb75dfc6df8edde3f6f3292","False"
"qa/visual-integration-20261004/1280x720-hero-walk-frame-1.png","387608","77f4bda709a416fae68c2ab9df96ae746574d47a7479c56f6c562c5cea494604","False"
"qa/visual-integration-20261004/1280x720-hero-walk-frame-2.png","387429","9545a02177b11844c7231316254c551d2cc2e8486fd2821a30f3e8fea512b141","False"
"qa/visual-integration-20261004/1280x720-hero-walk-frame-3.png","387596","e6ace1c261bae243313aaa1ec0ea481fc8f214a4cd3beafa4323547a9f35ba08","False"
"qa/visual-integration-20261004/1280x720-home.png","387492","14e69072e30201f26118873f7dc92892eb63360b6690ba62ce107939828c4f0b","False"
"qa/visual-integration-20261004/1280x720-kingdom-day1.png","1233347","6c5bf802f3bcbed3d626805bfb4650554cc70d194275d7bddd04cfa4cbc6b7ec","False"
"qa/visual-integration-20261004/1280x720-market.png","8898","fa2b5fe2c41b6a1a1fd788050eed5a1192710b002e86439cce037ccbe2b39574","False"
"qa/visual-integration-20261004/1280x720-settings.png","8919","ef14eb3961374c3a32c7b33393078ad0b9a464dcebf69a881ac553286c3736c2","False"
"qa/visual-integration-20261004/1280x720-story.png","8905","0b4a1476643329fb751f63c20db301fe5828fa394d137acc42223dda33f45be6","False"
"qa/visual-integration-20261004/1280x720-tactical.png","78997","1039298e06dfee1eb69f56a79baa83c9c7c6b06068af9b3d404cf3aa45de3d70","False"
"qa/visual-integration-20261004/1280x720-travel-frame-0.png","84366","defec995294cbcb35612ba10ed1d5c6e8f98b004c8f200dbd9c82e00004b13fb","False"
"qa/visual-integration-20261004/1280x720-travel-frame-1.png","83870","ef9c0fe1ad614a24eec78153d831dcaa8dd6b19973383ab85379bf07e0df6663","False"
"qa/visual-integration-20261004/1280x720-travel-frame-2.png","83657","2022ab292a743f131bcc2d6073c828f046bc41fe9255c6f3a1c8ac84c27e8bdd","False"
"qa/visual-integration-20261004/1280x720-travel-frame-3.png","83657","2022ab292a743f131bcc2d6073c828f046bc41fe9255c6f3a1c8ac84c27e8bdd","False"
"qa/visual-integration-20261004/1280x720-war.png","16442","fde932e3ba3541ccecdeddb605373635f6571aa155b0defea5302b973e8f5fad","False"
"qa/visual-integration-20261004/825x375-adventure-travel.png","52360","d61f3a6a02910384a5abc0c0a1280296fe5e97230c0cbabbbbbc1b28b97ab4df","False"
"qa/visual-integration-20261004/825x375-hero-mage-walk.png","102604","4f24d0c06282f78c52977a2bd75997870d670d426f199f490fd5b408eb92eb7d","False"
"qa/visual-integration-20261004/825x375-home.png","102666","fca29a8095c5bb78d77df6ca7a0c427aeae0d25f5bc2889103189c74d229be5e","False"
"qa/visual-integration-20261004/825x375-kingdom-day1.png","331300","3913566b49f40b0d84ca0632cb1a4d1574e2a1e4dd5401f696fb30421c88c0fc","False"
"qa/visual-integration-20261004/933x424-adventure-travel.png","60730","9f31d9fbccb38bf43d036cee920063daf43434d7bd54a1b5782319948527402a","False"
"qa/visual-integration-20261004/933x424-hero-mage-walk.png","144924","a7a1187263cc48a9a99775858f53ecf3da97492e5bde5f116387078d475da84c","False"
"qa/visual-integration-20261004/933x424-home.png","145223","5f996f33a5543bbad212a9ab059385cb6d1e5a224714e5445fd24179d2f5a81c","False"
"qa/visual-integration-20261004/933x424-kingdom-day1.png","498798","482d9e411cc88030bfee0b2a04fd350cd70e708edc93dec1ade9fa5551efb53d","False"
"qa/visual-integration-20261004/evidence.json","32249","a4fdea307848d825181aaeead7f595c66aec4637cebaf619668d2bf87a68f246","False"
"qa/visual-integration-20261004/REPORT.md","3479","3835fb8598b54ea36984e09f1d15d65397a3c605087cf81854f683b3671d9693","False"
"qa/visual-repair-20261004/after-hero-mage-1280.png","346066","b213bfcc6373e30d09b5b506d527515f4fe06823030176d480573f7b97099792","False"
"qa/visual-repair-20261004/after-kingdom-1180.png","2437642","167c3a087da04f145ae0d5b2e894b6d43f7f07843171c8ebb4846af589a1715a","False"
"qa/visual-repair-20261004/after-kingdom-1280.png","1897797","73b6593892eaae87218b326b3b9d3ede5a14df5222d812688c38a30d9fd50b20","False"
"qa/visual-repair-20261004/after-kingdom-825.png","572483","8d767afa11bb50a6e8f6810a465ab04101504c33c0378edfeab84bf260caba52","False"
"qa/visual-repair-20261004/after-kingdom-933.png","811103","8baac7bc75a7529a2b2dcf2a7e2f2b2a82923675b52344aae04389be7e19991c","False"
"qa/visual-repair-20261004/before-kingdom-1280.png","1879733","4c3db7d0a73eb2d77af1be98d2ce32168f2b5e5e0518e9dfab671e37ae6665bd","False"
"qa/visual-repair-20261004/evidence.json","2043","540b9767c952a38d2b58b265b9e96ed638274ad9d460da7edd93b9ae87596edb","False"
"qa/whole-implementation-audit-20261003/alias-candidates.json","22156","9c27461f8bd6032c077b8b63d3c0d9894f8bd97c541c4f58f00f07311f9fb866","True"
"qa/whole-implementation-audit-20261003/audit.py","4284","c3d077ea31416c8698158356ca005eb7d178e7f6a3ec386c04ac095a75035ad5","True"
"qa/whole-implementation-audit-20261003/browser-checks.json","10201","ae5af5c28bf2bf61b08766b44cec5d42f88a544e1fa993cccbc8381e8e953121","True"
"qa/whole-implementation-audit-20261003/browser.mjs","3815","e267eb1e3e3e87a1f53ea966fb1d5623f90183b4d9bed663c38bf645afcb4c8f","True"
"qa/whole-implementation-audit-20261003/core-probes.json","776","4124ecc51232bd0986c0018c5bca2ecf19d7f16d1b2e89df251d5ad1e75d154d","True"
"qa/whole-implementation-audit-20261003/final-checks.json","1244","12583848e171dc12e7cdd66dd0617fbe3e520da17d9bbffad5dad6b30809c3f4","True"
"qa/whole-implementation-audit-20261003/finalize.py","6017","3b510722ee01a05cf32f5ccf26813069a2cc9fe758160e7bffe3a5babddc57a1","True"
"qa/whole-implementation-audit-20261003/inventory.json","26526","06f22fbf3fe92eeeb8109f4b30b15027e5293dc0842c69b4a504aabe626c0bc0","True"
"qa/whole-implementation-audit-20261003/kingdom-1180x820.png","1271858","b551e7115b230810847dcc6dde7fb662a1150fa22bd534ee6d52b8aa1128cbae","False"
"qa/whole-implementation-audit-20261003/kingdom-1280x720.png","1200775","05c1075c93b8a10dd7926f4cec92806ccda34fdaa41822d7857c28f48598aa07","False"
"qa/whole-implementation-audit-20261003/kingdom-825x375.png","264595","074c5c09969fefaa38ed8a2e912650f509ad56b24349e672693fbc9a605a3b20","False"
"qa/whole-implementation-audit-20261003/kingdom-933x424.png","370207","d10abeb674a3b55d548080d711e13c74223835f5bd23ab6fa8a58fb431899ef0","False"
"qa/whole-implementation-audit-20261003/originals.json","333233","4bc9c4fd92abcd4cbb35b2e3c13d35b96d0f0bcc4aa378e494b3513f8c90c36c","True"
"qa/whole-implementation-audit-20261003/prepare-handoff.py","5986","9b8c9cde23d67262cebb615fa287f2d78e8161c269aef705179775175bf0cda7","True"
"qa/whole-implementation-audit-20261003/probes.mjs","2307","a6fdcac4d6522685252941db9e2aca2b90e348761f391a2fc36d75b2e453826f","True"
"qa/whole-implementation-audit-20261003/runtime-overview.jpg","247128","7c0b2bd9b265b2779a038fca7695c0355e2e0018485f2dbb2a2054234fbfbf1f","False"
"qa/whole-implementation-audit-20261003/source-overview-1.jpg","1164929","6ef5dfcbb2356289aace03d363f73733d74ab0b256eb62f15e86d3b12250627c","False"
"qa/whole-implementation-audit-20261003/source-overview-2.jpg","1380939","51b3cf2c13c5eee53cb8d06b4ec46fd0b8683cecd012a12133421ab6f3e77d41","False"
"qa/whole-implementation-audit-20261003/source-overview-3.jpg","1090264","5c0bd5e83cdc3ac680b97c383a38147c29c65b150db61f39d8e629e6ec9c2588","False"
"qa/whole-implementation-audit-20261003/source-overview-4.jpg","1225664","375dae65f93b787fed244d8fe303f2ca82be8bc66dd656dc863d02b66d7d2284","False"
"qa/whole-implementation-audit-20261003/source-overview-5.jpg","1152244","375437cad2da1927a172b6e24e20c8537d6ab0c27bb93bfd5478bc12562e5218","False"
"qa/whole-implementation-audit-20261003/source-overview-6.jpg","859887","d00c6e98458e670ba4464b4feb737bf371d65826d515effe421b4fdd718f9026","False"
"qa/whole-implementation-audit-20261003/tests.txt","3594","2b2402416b24a0ee0edb4f7c452004b999f051bccc7f3bd43a61931937e1aeed","True"
"qa/whole-implementation-audit-20261003/ui-adventure.png","57901","4d33adf9fc50825776e73354df36a2aca3676173915122caa8fdb7494108a439","False"
"qa/whole-implementation-audit-20261003/ui-army.png","15198","f8373e5ef591fcab7292b26693429f70bf68cdfd07a7d64e84e6101743eea76a","False"
"qa/whole-implementation-audit-20261003/ui-defense.png","34623","d365d8fda7d88121945136f6392a43da3dd8ab567e8339acfd3bf04d61d55fa5","False"
"qa/whole-implementation-audit-20261003/ui-forge.png","15580","c3d6d04d827522b049326b0d68215b2ea240021595fd365c34587e524be59632","False"
"qa/whole-implementation-audit-20261003/ui-hero.png","18185","a224cd45ae0e5cdb86847613a5fa9cd1720b53d60ab1281153fb47ead04b4796","False"
"qa/whole-implementation-audit-20261003/ui-home.png","12593","ed117befde8e9e6e3af5504b67ef9f9a7659422949d21fc16813012b22b30251","False"
"qa/whole-implementation-audit-20261003/ui-kingdom.png","1200775","05c1075c93b8a10dd7926f4cec92806ccda34fdaa41822d7857c28f48598aa07","False"
"qa/whole-implementation-audit-20261003/ui-market.png","16589","fc4cf5b2d2a4d7368c32ac315a897985589ca0207cab0b934193752e02f6a106","False"
"qa/whole-implementation-audit-20261003/ui-settings.png","15674","305ea4de27c720282b882a6b4c3dbd0a8ea301507c6d40d9f6ce82a9e9b091f5","False"
"qa/whole-implementation-audit-20261003/ui-story.png","16078","61610f913863d2bd8c2e323c39a6b7dd6ad394cb297d06abdbc1450ac1621970","False"
"qa/whole-implementation-audit-20261003/ui-tactical.png","74509","0849a860ceb6771b7b7ebf8aa04fd833164ff78038856d1bddf28b728339b84d","False"
"qa/whole-implementation-audit-20261003/ui-war.png","14911","844bb6fc96fc46bfe2d7629c6d696b64af84a3de65d87639222091be026fe087","False"
"qa/whole-implementation-audit-20261003/usage-reconciliation.json","2305","4f3762cebf898472031077aba06084447e407a332ee6ebeee70e26a8b9cdda11","True"
"qa/whole-implementation-audit-20261003/write-prompts.py","28081","b812b0080cc3e951270156ffc4409f23fdf94b863519ad863ca17735e5d8d677","True"
"README.md","3151","cf2e4419ceece0b6e0d8d5ff993aab9881cb3f3ea44e13c7d35d74ff342078e5","True"
"RESUME-HERE.md","33878","eafe618b0f684a99f8381de7da45acc4d346a7cc8d25dc328ca06016198f6b94","True"
"scratch/inspect_inventory.py","2439","0e9e294bf84a2cda0cea4405867f269e73e5bc2c88a57a250b4576f27184e0c2","True"
"scratch/prepare_batch_14_draft.cjs","13754","c766453ec29c0de3685558c658baaa7acb615926d37f7a406dafac7f873893d5","True"
"scratch/verify_all_batches.py","653","d0c88feb00ead55f41aeb09344ddc7c51f30d2acf98d79071eaa1dbca22d836b","True"
"scripts/age-progression-matrix.mjs","1502","59fcb038509a77e711fa80db73566e48e730f3e7562928b351ca0eecf8e07211","True"
"scripts/analyze_actors_poses_and_landmarks.py","1161","d3e62e794cdd0ace82cceb5a670e8d06cac425f225e6b6a7cfa16f395eeeaa44","True"
"scripts/analyze_backgrounds.py","1266","119af1c06ca5955ce6d4e444ae1c96cde9a28c26c1694a60201a4a176ee11c82","True"
"scripts/analyze_complex_actors.py","2184","d23988c836fc06d514276e621a7c6be7f258d0de42323c8fafc3b335fceba8f6","True"
"scripts/analyze_knight_p01.py","1603","1cba1d5b09a3fdf64aeed7293eaac9ad2e892980f33f4c8106280f84042adc34","True"
"scripts/assemble_live_art.py","17842","d7a70c8f5e356a5eeee9b1a38b2c783fd7754d493e0c499207d3405c1c593777","True"
"scripts/audit_all_32_phase.py","1834","2adab5406d6c8686d71e068d06783b26417b9e18e2a2f6aa2b72048fb6de64f4","True"
"scripts/audit_kingdom_run6.py","1933","2b4ef4bd7f82bb04586cb27aa5639e4c93a8b5ee23faa5844bc51c0989a1d455","True"
"scripts/benchmark-render.mjs","2519","877b769492e9122981a163aa4599796e44f4d3a19ce3676a8e31523053eaa7c0","True"
"scripts/benchmark.py","20053","0502881f7cec0fa92c0f707fd12eb38014ae8f87ed108471c4db41a91ead4c62","True"
"scripts/build_delivery_manifest_v3.py","15960","4a20b47d8d41e717b09c72afbcfd773cd6723d3d95c6434c2303b8928f2cb9a1","True"
"scripts/build-apk.mjs","4247","d98e4f930c4a7ca627f19d96c10dfde71778ed562e257151a6870b7e40ccb3bf","True"
"scripts/build-kingdom-layout-candidate-v2.py","21359","46d9b67b05c1f6c0b56927ef71b089b7c60e540a76713322d2747a95c9e6251a","True"
"scripts/build-kingdom-layout-candidate.py","20325","267d5b81231cce63d3b5fc3bd36a7ba1303b6c318fece01ce6dc010ea2cb4429","True"
"scripts/build.mjs","3462","1c2fd85666cf9ad8a376e0fa96bf7c9249130743a47f4e5bf9c4ded95602fbfc","True"
"scripts/capture-followup-20261004.mjs","4030","dcb46f2a99613496a528129dae63eeb7c99b175c98d7adf24921ee258b4ec6cf","True"
"scripts/capture-hud.mjs","7661","eab112b97d44fc5246012e116a8421b092538871cd800dee37eda80f2df76b7d","True"
"scripts/capture-kingdom-layout-candidate.mjs","4606","c831c2b7a6c33c03ba3cd66188c88d42e2b9a884b0eb116f6bbeb6339f06d155","True"
"scripts/capture-manual-20261004.mjs","11278","d307402975774c5866a61782a7de1518fde596ff9b3039791011fbbf939ec559","True"
"scripts/capture-matte-journey-20261004.mjs","22308","0e86d7ad8db199c258d0ae0809fb473af843d6ca70d40985222a6cdc501d321e","True"
"scripts/capture-playable-20261004.mjs","14249","7808e461b5985f2562869dcdb30c03cedef6ee6569914f2d0473b46819a3a818","False"
"scripts/capture-visual-20261004.mjs","10068","0aa698a7e45063276aa70353c084fc1ceaf0bf8d9a3187926ad470f5d2951f5a","True"
"scripts/check_contracts.py","700","2de167ea3b238b134629c29734dba9c178ada40a7482485ef6cb82fe9f570374","True"
"scripts/check_manifest_mapping.py","727","a184f652c69588e3e3207cca48c033dad81a5cd7e7209f20fde72a668a7361d5","True"
"scripts/check_rival_prompts.py","281","9bfc050f2ed0854d14bd5e103492151e33b0ba01e7ebb53c96cda141612a3cfd","True"
"scripts/code_ready_measurements.py","20615","90c4398900e6694da158e614c6b1a118f52691f4b1dd9a7802b2a932efdf842f","True"
"scripts/compare_rivals.py","579","f108d550da4cbca24f187adc39f430a3a47b0ad2cca076a898cb2001dda6936d","True"
"scripts/dev-port.mjs","1064","421761ad6c2c34b37ca9e1a9ac72235426a772c04afe7101dadc5219b3d73174","True"
"scripts/discover-local-collections.py","3150","7bfc320f1b508d23b16c32446c59536db0f9a2070bacd1017cb5b497c2916741","True"
"scripts/execute_later73_generation.py","13504","b11a82ef4a1c06768baa28df409e766865d46c1e9402365523828d90f82f3f0b","True"
"scripts/extract_real_rig_anatomy.py","11073","f7ae11916668d4d2aa1fd8886c588a8b3f5a9771a3956af6443b6d8d28e24cb5","True"
"scripts/finalize_run2_inspection.py","10369","45070c5b1df03ef9f70ca6b489f34ab18b95c31ca393a12949b3f7dc0e3e6f0e","True"
"scripts/generate_corrected_portrait_crops.py","6911","954c5cf4f3284be011e8f65cfd28b97cb85cc7f994cb5da6cb3002f41e94c29e","True"
"scripts/image_v4_actors.py","23246","3b6e080098694836d567f3def7201fb0d22a1d0179c44252ee8b1d6546684d03","True"
"scripts/image_v4_interface.py","6836","b97e52a476a828b9c0ebf13a2c46bcf043de00e7e03a3bcbcd34fb7c0fc86d09","True"
"scripts/image_v4_rigs.py","14549","692946b2406f2bc2f8c7a91200503e07746358b90f5ca4add99d4e65a85ad9f8","True"
"scripts/image_v4_terrain_clearance.py","8387","afbbe3e531d9169a91bc8cb7dc55546d1279dcad7fdb7f2f646106b2c4d6b490","True"
"scripts/image_v6_local_solution.py","39486","b8342bc5cec048e31c98bda06806de033c3254d242ab9f2d2a5adb61d602194b","False"
"scripts/inspect_4k_keys.py","808","21f02f31634a7e3b766df2399389314bc9a50386a5de0b2c95b8f3fde47c4246","True"
"scripts/inspect_4k_manifest.py","409","7781b537831e2df6fab39749a5ef9d4c4ca8b70b825134058ce26f1255a871bb","True"
"scripts/inspect_actors_and_mounts.py","946","06071e703a9ee656f9c826b56110554a9036d618a673e2134d41b6ccce39e5e9","True"
"scripts/inspect_all_73_candidates.py","5437","0acaf4a227da462bf6ba3d554eacbf34b72d6f90ee44bc009675c62dfb0332c7","True"
"scripts/inspect_all_rigs.py","743","e67ae0ad193756e6d0826676537e2bd99a82d2db342c5c1fe0be495a7e73f0a5","True"
"scripts/inspect_components.py","1501","4861ceb7ca55994bb2edcd0d10afd335c2296363743b19c4963a2f35932f1a53","True"
"scripts/inspect_composite_troops.py","743","1bf2a58cb6d1b3b9a60001ab35971127fd1f7c8a156cd9e23d8c884f99f28da2","True"
"scripts/inspect_horse_floor.py","736","066b1bdbd54111ca63c030a2cf83387811f70f7db8cf0979cc1262f8753d28b1","True"
"scripts/inspect_knight_bot_nonmag.py","810","a8d0aa6c515f3eab0185fddcf215d2b5f2fa3399f1478cf97961fa55bd91f8b7","True"
"scripts/inspect_knight_bottom.py","1457","67cc2f69861045168939c3a12acb0229f6cd1187ab47e0e0642c9659225abed9","True"
"scripts/inspect_knight_mid.py","642","ebd9659f8839e15dad2c7695d682c78ce11c379c9be06d5cceab7a2a6ed5637d","True"
"scripts/inspect_knight_p1_p2.py","1454","ca045ac3110f334ca2c4af970ef18e0c42208762a88424198e444ecd5727bf1c","True"
"scripts/inspect_knight_subblocks.py","887","1eae4c07be48dce0dc31a4c8b13634e96f0b7fdf51a7769ba047406601d5ff93","True"
"scripts/inspect_manifest.py","606","0ce2a40f37c9016cc143eed50691e5e395bfc3c139a531528644667577568779","True"
"scripts/inspect_mounts_floors.py","892","eb8e8d660641f63adfff394a35ff67e75d785179c45f686d05b962d65527a340","True"
"scripts/inspect_old_rival_features.py","516","c6f8ed6c72aa5f6a6e7a0d991e6e35c93c37734b4ba7ed3ecf0a9bdf7e430c4d","True"
"scripts/inspect_parts_content.py","1126","95e4f215c246d90cd1bb3342495f6bbd9dd2a419eeda82aab33afcec90c5f37b","True"
"scripts/inspect_rig_parts.py","2149","e129771a65332d4a1ca765d436cab09df462254a1aff96386134f6fe407394cb","True"
"scripts/inspect_rig_sheets_anatomy.py","1786","f0af71ac4f5e1047835103448c5a4e520bdd48b298af8210a13f6a163c598296","True"
"scripts/inspect_rival_details.py","850","7796c2b5ddf2601533a40a164484f1219f8fc59342441f3a63a608c384a75943","True"
"scripts/inspect_warlock_faces.py","821","b2abf90c2f3d274720d5f54db158a25455afc13bc18c0fc5985031d7e2915cf1","True"
"scripts/inspect_warlock_parts.py","380","b38e3361193dc2e0076ff61de19e893df6af7c009407beb1f53568e54cb3eb64","True"
"scripts/inspect_warlock.py","1539","0c9b5f2f22bf074a805a8f804806a0f8c16ae38f83c1a0fecc17fa1e9518d228","True"
"scripts/interactive_4k_continuation_run3.py","36867","fd63ddf43beaf2f5657209a45028f448027ba4c2ed9d569dab09409a45ef6604","True"
"scripts/interactive_4k_continuation_run4.py","42698","e798afb44824084999250ac4d600f94bd11639ba4960c2ccb7025c0f3287ecd9","True"
"scripts/interactive_4k_continuation_run6.py","42771","1e57966af602456ce49ca87a693a3672a92ed9846a1c561643b0015921585fca","True"
"scripts/interactive_4k_continuation_runner.py","45473","f06a70ee2ca821d7d8149fd03ec64b07b9b144ac1c429ff06af4c8e043870fcf","True"
"scripts/interactive_4k_runner.py","31394","a3232e394a92a50c66d705ba50e6cf555b45a13181eafda3d9dbc7ac008cc47e","True"
"scripts/interactive_4k_tactical_retry.py","31724","1f4c7324d8fbcbbdd3409dceee7365919bab537f372e8f1c7bbef03aa8713422","True"
"scripts/interactive_runner_continuity.py","62452","038b3806f27824f38eac16c9b39ffef231a13dd32ef144c17504dd48f64bb091","True"
"scripts/measure_all_mounts.py","1705","fb0718f28c2b9bc68fb7615b008219f7015095f59ab3c0eedc57f57e153ee89e","True"
"scripts/measure_horse_landmarks.py","1122","c3b4721742774db3b2bfd1c869db6e1656266d2a1f8bd32288dc00b2ec1c61bf","True"
"scripts/measure_kingdom_constraints.py","4984","0ebc244dd4067eb32607fffe85c7040191976e83caaf85bd773d8db30b2b59bd","True"
"scripts/measure_parts.py","1912","2c3321013ba3e41ddfc7fb0e33ee001151b09550e2292108bcdc6462167ef1f7","True"
"scripts/prepare_executor_delivery.py","12345","cfc8227e56f73df583b461f8e7787a1fd7357c5d52f28531bb57f175b359a6f6","True"
"scripts/prepare-batch-03.py","10282","ceade99f5c348adba4ec26d9b66658d72e6334ca3ba82ec4d52afb1e5869ca2d","True"
"scripts/prepare-batch-04.py","6536","7b3b2d24bb16fc4d8d733e597c96935c9a8fb073fdce5fb6a566458787cde4f5","True"
"scripts/prepare-batches-05-08.py","21001","ece4f25adf7185b6a33847bd90acabcecb215a0b8a5619276d12392ddfb995fe","True"
"scripts/prepare-batches-10-13.py","42164","f08c8141e4a9ce1f131c61c4b97ca6022b8b9665ca9340ae95eceb6e21103746","True"
"scripts/prepare-batches-14-17.py","41226","c0a8b33403da04c73693e42c03a744fab10f81fa24f4ebef317e5b6ac76eb80d","True"
"scripts/prepare-production.py","16311","56d91ea4ada3a9b341d3c7f1dc2d29fe0826ffaa9885ef568d4364e82443a480","True"
"scripts/print_32_4k.py","256","075708dc7dd5925fab3380408d0482790c62b604141a6b4a4f731828a5b31586","True"
"scripts/print_site_rects.py","409","12d24b22efc89811956fcbd85e3f9ae248deec5a1a0c92efc87dbe2754813d8f","True"
"scripts/process_all_derivatives.py","19972","e61b5d478decd542c1ac7e57ddc474be48ba247577b004a9253f8661a3e9ed32","True"
"scripts/process_cleaned_actors_and_mounts_v3.py","16725","d773524d71e40dddc1ddf4fb6c69b3bd0cf5ec96eee7f65a1faefd8939139fa8","True"
"scripts/process_cleaned_actors_and_mounts.py","14752","8e395403a82f73b1d1ab152020c599822731d81b3155a368e35bc96951a747a5","True"
"scripts/process_code_art_consumers_20261004.py","2980","c5e800c7e61b41bd643ec2c0263a05b8e16ecac8e5931256463a9420ed11fda4","True"
"scripts/process_rig_anatomy_v3.py","57547","688e966fdd3b7807ade67fca6e8efecb48ab01a49cd97539de4f91f961ca0084","True"
"scripts/publish_corrected_delivery_manifest.py","18033","512b2e15f241d3342529e15a700d181eebfe75886c4c2f54f1bee174fd99952f","True"
"scripts/reconcile_accounting_ledger.py","2938","6ecb44185f01676eb970b4869f32b261cfe097236115720a39d10dc4a51c6188","True"
"scripts/reconcile_and_verify_run1.py","895","2c66ef00c123c445806183e77731c8e74361ce88b5fb4382f8b78bc72a4040e0","True"
"scripts/reconcile_unique_attempts_accounting.py","7035","17bb6c60311dd70dba266a263a041283a2795db4d5b0a5f2c398481cc657bb5d","True"
"scripts/reconcile-and-prepare-batch-09.py","29659","a19143d83e6694b42fb6c40e1e6aadf697e89e26c1d935a309b0856ffa055b6a","True"
"scripts/recover_delivery_correction.py","43324","3ab90e2e2edeb663268c373a6e9ed5c7fa8812e544618ad9c8eb233201ffa455","True"
"scripts/recover_first_delivery.py","32102","dc736a3998e66b2b36cd827821e3fd824e5f8d43b55fbc2f9eb30c37a8527a64","True"
"scripts/recover_v3.py","32415","4ab60a535e683bef6f723d50209407888385e87722bad1c4de775e987fca762a","True"
"scripts/redo_bounded_kingdom_measurement.py","9987","b8050029f8668b6a6bbca7c09028cb2f9195fdc9feab86b8208b162feee4f312","True"
"scripts/repair_73_request_packs.py","21329","5c287539f6b7edb341f75cde140e4f703c92004fa39d6b75377709af93436049","True"
"scripts/review_gates.py","28424","037b3af74e7254f2b50ca4d84e7a6b2db77c93c2f7a36a9b11dd4bd6e8e7364e","True"
"scripts/rig_helpers.py","3027","c1de18eb7f4bcde22b43c33f5aa2f2a281a0a12040ac579595087186cdfe1f2b","True"
"scripts/save_all_blocks.py","571","45fd67d9a7dfcb65d02388eaf83371574614021f6e11368a067ca739b4bf4ad1","True"
"scripts/save_knight_crops.py","568","3a906ce5b5ff2c323c682efc94ad619af0ed815237d43e37b5d8b134f7430f65","True"
"scripts/scan_knight_blocks.py","640","788340abf3fff27b6c6db27f13d938c999fdbe893017ca89ff31228247b44b93","True"
"scripts/serve.mjs","1449","5f0e4be19b301d4e90cae90632efecccbea69d88d0baa7f20c770e875bd0dca6","True"
"scripts/storage-cleanup-20261003.ps1","6536","e153abdf697bc0d1e04816cf3801a195c9a855c507c6731c688c1fb85def1f15","True"
"scripts/survey_kingdom_terrain_v3.py","15396","4efcf12d0efdad86483df0ea08080fda588e5fe49a5bb7a6a8e46dab9eb1f0b1","True"
"scripts/task1_measure_and_manifest.py","18368","57ace0f9d023347d25375aae70f5ffdec011db4db600419c80dac45714c72f49","True"
"scripts/task1_prepare_kingdom_recovery.py","16682","4f61409f46373888a0ffd54f99a6e36f1134b55d58238746381b7dfc5985e640","True"
"scripts/task2_prepare_73_packs.py","8522","a6c681a85290e82214bf95a97d3b2093d39e0e9ab26a505941413ee66c3d69fa","True"
"scripts/task4_production_and_cleanup.py","11689","7da76a1d349169810ba80e5c35111ce76f8ddb367bbd4c8637d8b2066cc1e2e3","True"
"scripts/test_bare_base_reconstruct.py","4319","cbc5b6086909c390c2a0773b246b0783ce7be6c7816f9503fb354962a320eea3","True"
"scripts/test_clean_substitutions.py","2747","cbfe7c539f0f7199a99a1628964bb195032487fd5d0bc70d65e197c9991b4bb4","True"
"scripts/test_gcloud_auth.py","1246","9fc6eb089eed61c798e0002aee5ee528c0244d591de9a409b0eae54175aeb979","True"
"scripts/test_grey_extraction.py","2557","a64a9c742c61dc3555023d39e16a5f896b7acc03172592477e7319b2da2711be","True"
"scripts/test_inspect_knight.py","946","f486c0eff5660b7d8f5ebcf4627bd3661e1ed937352ef20bd8ba0ab5dd3232ec","True"
"scripts/test_load_components.py","842","e0c63e734a3de86e72a630c4aae31d797c40a18c0bb402b4c874e1fcb4453b72","True"
"scripts/test_magenta_despill.py","979","565a43a8603d3afe8482ea65f8d7aaf1a02fa9b4678b510624305ffcea08a5cd","True"
"scripts/test_magenta_extraction.py","2351","c77b2683481282424c33a1cc2ae064412f4a1df48c4f65aab14c752de6275a20","True"
"scripts/test_paths.py","910","52d0bf405649f7041269da654c6e3bd639f745298930364bacdd14981d1aea2d","True"
"scripts/test_portrait_centering.py","1378","0080aca0291e0e92de9061742d948e252b3de49780d1aba338c4760754fd4c15","True"
"scripts/test_portrait_crops.py","1025","381b7189677e46ffde4c725650ce05c5eda3ce9aa7c15c6f485a9760ae4c18ff","True"
"scripts/test_portrait_landmarks_calibration.py","1914","c7deb21113cbbe1000fcd5d27047c9bb5bb27d58e570754a33ded17c8cff62d0","True"
"scripts/test_render_guide.py","3695","98cfd5cc089a1bfbf557b9e0aae9bb5b954af348196a0a6e0c1ac9538011bdeb","True"
"scripts/test_rig_framework.py","2110","33688c241d8e02785d2c744ad2fb5e11be5ff3d10f4733efff2f004f90c4558f","True"
"scripts/test_runner_continuity_offline.py","19926","7457996f210b4689a2b08ea7f153aae6ebb547da771056705ffb81805c11d36a","True"
"scripts/thumb_warlock.py","496","02e3eda56dc34da1eebf2a05568525bd23d4ab3202fc0f1f52048a1c83522750","True"
"scripts/update_handoff_banners.py","2695","b43fcff9f1562d77479617d24bcc7cc00448a03e0384b2714c87e715a38b638a","True"
"scripts/verify_all_38_portrait_crops.py","2365","c86bc6f92a0d2f19692025ad204b5ebb6edc76a8cabc8977b475e93e50ccad58","True"
"scripts/verify_existing_24.py","782","5d93ab3a21b849176c6fd0f4da46c13492d17a89e51ea0ae1daf960ccc7d14ad","True"
"scripts/verify_layout_geometry.py","2717","aa1ea18d1b31bc454ebc602fea027fa39445826a490020b2349f3f7fbac40065","True"
"scripts/vertex-production.py","19907","03607ed3cb542d504dabf9a2eae3854f05cab0ce925d686ae7a27d3b5ebf123f","True"
"src/client/actor.js","16316","88de2a71ce9e7f0bed5c4d33fde25c48f6e288fe5150089f94b1a8ec62ad30ef","False"
"src/client/anatomy.js","5676","65d1e198112d8cb419298a5ec68e6844e2361bb5714cb9b7b66d4cc1eb05d776","False"
"src/client/audio.js","2997","bad66265d4f89d33ce35bafa4adce49cd1318d5d970b6302839923b4bf74766b","True"
"src/client/choices.js","744","377fe041cd02add23b9237f701f5eb67a2d398ba712c6e2d77c545b5dda5a611","False"
"src/client/game.css","3440","f83165bb46f23b1ae2018d76bd954987c951c6d77908378b17e5f2074d8023a5","True"
"src/client/main.js","75098","1610e5d4c3a217bc68990b530f84e3d447b6c865e5e928b0dcc7745f61bd48b9","True"
"src/client/motion.js","2041","3a14adb20828f9cec9ddbff78524c4815a013aa5a438043e0534e93173b0ed50","False"
"src/client/portraits.js","620","5ad964df6292887c6442363acf174a42ec844f25fcc82b3d459b69e7dfcded70","False"
"src/client/presentation.js","1704","8215825e74ebe1685309282e28e6966cf9f349d164aa8285ca8b410d2ae97b68","False"
"src/client/projection.js","3436","b9f819d8c6bf507737f977773b4246e279430f5ed55dcc8f669dc8c7181a82da","True"
"src/client/rig.js","2649","c4b2b26e0eb0c21e3bdefb7ccca523c02569fdd674482b6eb5b5b34e140734c3","True"
"src/core/battle.js","27750","c53a041e8ec73bb760867b030de6b1e385dcc559f23b6956fcf82accadb26a6a","True"
"src/core/campaign.js","42844","b6bee31f7df9368eab0968cd4c5a81480c163e02874307a50a1ee091da985199","True"
"src/core/challenge.js","4704","701cb69b664615d34401702004a7050e29d5d8c25d79154a1c938ee5f9551bda","False"
"src/core/defense.js","26187","024c6a44577bec0c3328a7c327b28a97475c7a7b5b1dd8226f08da2ce9429f8d","True"
"src/core/mechanics.js","14637","ef696c896370be92d84bb9d9d8cf3f6a10257f930dbdb49c878b70a478933161","True"
"src/core/navigation.js","2720","350b5b1d93feb5ad3764b6385cd467cbdf038b8f6551054e76dfc26131c8b194","True"
"src/core/rng.js","680","d60f92defd278a5a980000f19162183adc64bb375eed5c31fe7319efb9d780de","True"
"src/core/rules.js","5105","99d74b6623c698b4b380548c464f8758bc7129da738e9889c359df158c4d720d","True"
"src/core/save.js","5510","3afd8cb73cdafc06027cacc8f61f2288bbd8355d9be71a72fe1aa6cc1157b160","True"
"src/data/actor-atlas.json","13568","46a6a9f3122173e193b85f88b5337d9da1a50b2f36a04cff0a95a3438030c57a","False"
"src/data/age-buildings.json","37232","9442702c1c1c10705bb226327c6c0aa3715dca84a95f5d362ecff908dc50dfb0","False"
"src/data/anatomy-binding-v1.json","6632","8fc0b465dbcc9183c943aad7c466217d59f88f4670706b3d9d2eb1701fbaa802","False"
"src/data/building-pad-fit-v1.json","980","f14a58b8b7bfa3fa0d50e1b6af07f0a7dbdd13b193a021899ca3ac8817213d5b","False"
"src/data/implementation-contract.json","23160","43553411b583a6df5fdcf620d2b3efecd82a0cd6f783895165a5910e577b0fcd","True"
"src/data/mount-review-v1.json","775","7c80e5a896075e824d5bfe35ec64b5ac7803e1f6337a8682cb6d773602cb3456","False"
"src/data/plate-catalog.json","41626","4f09eaca2b3c272dc843fba9246359b2161f8cc12e660b3ad9d6042834aed3c6","False"
"src/data/portrait-cards.json","2817","c605b5d08bfe030579ced33a9aaf1c8583b4183fbd2337ff2e45ea89f08a99fb","False"
"src/data/reference-data.json","29462","44f1a5081a3364a0fdbf28c8639172a4bfe69fd5ab6820df10156d5eb275744c","True"
"src/data/reviewed-source-selection.json","10460","6b419d71c11faf0c1c61a0736839a9ac3994e4ca9d224c4795ca996e997f0096","True"
"src/data/static-mounts-v1.json","1399","df03116b2eada965defb46854ddb916fa2701b2412b7fb9ea404748f6298d1f5","False"
"src/data/stone-scene.json","835","32e4306459fe280f418f60ca2e4cb1bb5341f0aff7bc6a4d343dce9438e33922","True"
"START-HERE.md","19765","d49709b4b4cc7289ee6d036d4c36ced36389816194fd712e0822c2afa156845f","True"
"tests/art-consumers-20261004.test.mjs","1338","04f3d1484d31750d319195e7850f87ccfa86ff9d46f0ba315a7b42fe1a6b35a6","False"
"tests/audio-background.test.mjs","2743","a854add9d8c545c7ff52b30a44e72226992f84c38145c3ffa92b21df18ee34be","False"
"tests/code-ready-20261004.test.mjs","8052","4bbb24e1aabf4451d683e83a0ef154afa9121bafb705d733cec026d52ede1487","False"
"tests/connected-journey-20261004.test.mjs","4882","ff4882ebd1e1e9daf7194f794cf8206698313c6c2fd69cee1f80eef8e221528a","False"
"tests/defense-causal-20261004.test.mjs","3746","2e520046b1f4d8d4726697122cf72320aa8ffc6254ee5ce89d020706c37adbf2","False"
"tests/domain.test.mjs","5748","c2e706405260fb2c2ede92678c29719c7fee305346bb667fc8ce36bc24a6b82d","True"
"tests/encounter.test.mjs","8916","1bc36861691cb49cb4214617369b7662ff9c7a54eea1109752750b9e86a4c5b7","True"
"tests/foundation.test.mjs","6813","50f5e2a7a78486bdad5ec7803fa88f2d5f23eaa4d3c93ff37d3624ee692b40cf","True"
"tests/kingdom-layout-candidate-v2.test.mjs","4012","fda93502cb3cf682c985a9d583369d7f6b34e7889897b74bf5454036d622c746","True"
"tests/kingdom-layout-candidate.test.mjs","6246","4459bb3f2ce16b85d0e77c0963d1e6ddf1dd6fb20ed7b18d2b2ea11ec36fa55a","True"
"tests/live-actors-20261004.test.mjs","3161","8caf11625aa0e471304ea00c4ea298c4dc7001de134c7fc6783bd1b6cae0056b","False"
"tests/live-motion-20261004.test.mjs","4778","516ecb2b08746fcd4bc073f50100a45666351f20dd8114d0ee2a547390b7595d","False"
"tests/mechanics.test.mjs","7419","bcd4b93fc28717d1b917823bfae8e61806575775aea6c43cc3aa713d3fc4ee32","True"
"tests/portrait-cards-20261004.test.mjs","857","49f1977361ac43a2116e73ae7b4251eeab9941190d690c1db285ea9dceb71ea7","False"
"tests/repairs-20261003.test.mjs","14934","fda05082410ba7fcdb27ff928bc67fb4cd6e0cc3df435235ca4c76c3139998e7","True"
"tests/save-boundaries-20261004.test.mjs","5975","d220a0952cf24c7e60cc6dd7edbf692c3f220f1fc669d251ced390de2ec24fa6","False"
"tests/scene-placement.test.mjs","2323","141ccdf4f6989b973615ff9d447b3bc6abbf314724b81d21beaa72578e62b45d","True"
"tests/story-support.test.mjs","6997","6e3e0f128432bcc752ece4805d7b41b7ffd1fd18b46f43e77a9683d043d78dee","False"
"tests/systems.test.mjs","6312","97dee23d6abfa797cd5fc502e290e0285331696d0e5bd82af144e2a3b3b04373","True"
"tests/test_runner_safeguards_offline.py","21595","2bd4a387786d9230ea3136b34f8e6c18f19311c8eb3228dd41671c7e7f260d55","False"
"tests/visual-placement-20261004.test.mjs","2228","7f66eada8d11bf798a80f4bbed1549d801c79359ef1a7bc0ae79817feb7c38d4","False"
"tests/war-defense.test.mjs","10372","a3f35e56365958cf8531f054e29b75dfbfba8c5ddb3ad0b0c0da8c223a08e15f","True"
